video,frame,brightness,contrast,center_contrast,sharpness,edge_density,saturation,visibility_score,no_vision_score,brown_deposit_score,light_deposit_score,dark_structure_score,dirt_deposit_score,brown_fraction,yellow_fraction,light_deposit_fraction,dark_structure_fraction,visibility_score_smooth,no_vision_score_smooth,dirt_deposit_score_smooth,brown_deposit_score_smooth,light_deposit_score_smooth,dark_structure_score_smooth,feature_anomaly_score,anomaly_score,pipe_similarity_score,inspection_active_score,handling_score
2,0,0.933562695980072,0.20523369312286377,0.33899691700935364,0.0379924438893795,0.04108072916666667,0.07389179617166519,0.7922235576923077,0.31975160256410257,0.0,0.0,0.0,0.0,0.0,0.020260416666666666,0.014739583333333334,0.0,0.49562016129493713,0.043072886765003204,0.22032180428504944,0.4285714626312256,0.0,0.0402405746281147,0.0,0.1872735321521759,0.9792829155921936,0.4891456961631775,0.5108543038368225
2,10,0.9343489408493042,0.20573411881923676,0.3395942151546478,0.038829587399959564,0.0410546875,0.07318571209907532,0.7921514423076923,0.31983173076923077,0.0,0.0,0.0,0.0,0.0,0.020299479166666665,0.015104166666666667,0.0,0.5432392358779907,0.043072886765003204,0.24518229067325592,0.4761905074119568,0.0,0.0472470223903656,0.0,0.20840495824813843,0.9792829155921936,0.5135359168052673,0.48646408319473267
2,20,0.34172606468200684,0.20547203719615936,0.19581453502178192,0.013475436717271805,0.20529947916666666,0.5859671235084534,0.9999999999999999,0.0,1.0,0.0,0.25662878787878785,0.5384943181818181,0.7061197916666667,0.8214453125,0.0015364583333333333,0.008645833333333333,0.5908582806587219,0.043072886765003204,0.2700131833553314,0.523809552192688,0.0,0.05405618995428085,0.0,0.22951121628284454,1.0,0.537926197052002,0.46207380294799805
2,30,0.3784507215023041,0.22431762516498566,0.20189853012561798,0.019633334130048752,0.20834635416666666,0.6407003402709961,0.9999999999999999,0.0,1.0,0.0,0.045336174242424254,0.5068004261363637,0.6979166666666666,0.8082161458333333,0.0010416666666666667,0.003997395833333334,0.6384773254394531,0.043072886765003204,0.2948271632194519,0.5714285969734192,0.0,0.06075261905789375,0.0,0.2506031095981598,1.0,0.5623164176940918,0.4376835823059082
2,40,0.38033589720726013,0.21368786692619324,0.22060136497020721,0.01250973530113697,0.213359375,0.6711964011192322,0.9999999999999999,0.0,1.0,0.0,0.06072443181818182,0.5091086647727273,0.8112109375,0.8578255208333333,0.0010286458333333332,0.0043359375,0.6860963702201843,0.043072886765003204,0.3197764456272125,0.6190476417541504,0.0,0.06835091859102249,0.0,0.27180999517440796,1.0,0.5867066383361816,0.41329336166381836
2,50,0.4817024767398834,0.31058862805366516,0.22759892046451569,0.011055376380681992,0.13916666666666666,0.6205034852027893,0.9962999131944443,0.007400173611111116,1.0,0.0,0.06131628787878786,0.5091974431818181,0.6063151041666667,0.6759505208333333,0.001640625,0.004348958333333333,0.7337154150009155,0.043072886765003204,0.3446453809738159,0.6666666865348816,0.0,0.07541373372077942,0.0,0.29294857382774353,1.0,0.6110968589782715,0.3889031410217285
2,60,0.445646196603775,0.260227233171463,0.21700185537338257,0.016584454104304314,0.1903515625,0.7081460356712341,0.9999999999999999,0.0,1.0,0.0,0.010416666666666661,0.5015625,0.729765625,0.77484375,0.001015625,0.0032291666666666666,0.7813344597816467,0.043072886765003204,0.3695058822631836,0.7142857313156128,0.0,0.08242018520832062,0.0,0.31407999992370605,1.0,0.6354870796203613,0.36451292037963867
2,70,0.8109575510025024,0.2758026123046875,0.2540566027164459,0.009973735548555851,0.044348958333333334,0.36877650022506714,0.8273482572115385,0.2575470753205128,1.0,0.0,0.0,0.5,0.21337239583333334,0.2680078125,0.0034765625,0.0023307291666666667,0.8289535045623779,0.043072886765003204,0.39443403482437134,0.7619048357009888,0.0,0.08987757563591003,0.0,0.33526894450187683,1.0,0.659877359867096,0.34012264013290405
2,80,0.41011473536491394,0.2378617823123932,0.21779191493988037,0.037701983004808426,0.2923046875,0.6562165021896362,0.9999999999999999,0.0,1.0,0.0,0.12168560606060605,0.518252840909091,0.779921875,0.8136458333333333,0.0033072916666666667,0.0056770833333333335,0.8765725493431091,0.043072886765003204,0.4192902743816376,0.8095238208770752,0.0,0.09685583412647247,0.0,0.35639673471450806,1.0,0.684234619140625,0.315765380859375
2,90,0.41217532753944397,0.24025583267211914,0.22150355577468872,0.039104774594306946,0.30204427083333335,0.6191323399543762,0.9999999999999999,0.0,1.0,0.0,0.14240056818181818,0.5213600852272727,0.7777864583333334,0.8112239583333334,0.0032552083333333335,0.0061328125,0.9241915941238403,0.043072886765003204,0.4441676735877991,0.8571429252624512,0.0,0.10397502034902573,0.0,0.37754252552986145,1.0,0.7085917592048645,0.2914082407951355
2,100,0.41225093603134155,0.24073298275470734,0.22433695197105408,0.03903286159038544,0.30010416666666667,0.6160293817520142,0.9999999999999999,0.0,1.0,0.0,0.14654356060606058,0.5219815340909091,0.7790755208333333,0.8086067708333333,0.0029817708333333332,0.006223958333333333,0.9718106389045715,0.043072886765003204,0.4690535366535187,0.9047619700431824,0.0,0.11115057021379471,0.0,0.39869552850723267,1.0,0.7329211235046387,0.26707887649536133
2,110,0.4149397909641266,0.24246445298194885,0.2251729816198349,0.040103040635585785,0.30149739583333335,0.6006102561950684,0.9999999999999999,0.0,1.0,0.0,0.14713541666666666,0.5220703125,0.7746614583333333,0.8066015625,0.002916666666666667,0.006236979166666667,0.9817047715187073,0.027846619486808777,0.4939267039299011,0.9523810148239136,0.0,0.1182415708899498,0.0,0.41983771324157715,1.0,0.7572431564331055,0.24275684356689453
2,120,0.4159376323223114,0.24290066957473755,0.22569674253463745,0.039887648075819016,0.29994791666666665,0.5993073582649231,0.9999999999999999,0.0,1.0,0.0,0.1429924242424242,0.5214488636363637,0.7730859375,0.805,0.0027473958333333335,0.006145833333333333,0.9916023015975952,0.012616535648703575,0.5187956690788269,1.0,0.0,0.12530438601970673,0.0,0.4409763216972351,1.0,0.7815542221069336,0.2184457778930664
2,130,0.41610804200172424,0.24293075501918793,0.2260735034942627,0.03916590288281441,0.3003515625,0.600074827671051,0.9999999999999999,0.0,1.0,0.0,0.140625,0.52109375,0.7732291666666666,0.8058723958333334,0.0027864583333333335,0.00609375,0.9916023015975952,0.012616535648703575,0.5180262327194214,1.0,0.0,0.12017496675252914,0.0,0.44032230973243713,1.0,0.805854082107544,0.19414591789245605
2,140,0.41647207736968994,0.24319703876972198,0.22646965086460114,0.03964594751596451,0.2995833333333333,0.6011927723884583,0.9999999999999999,0.0,1.0,0.0,0.15956439393939392,0.5239346590909091,0.7702083333333334,0.8042578125,0.0025651041666666665,0.006510416666666667,0.9916023015975952,0.012616535648703575,0.5187364816665649,1.0,0.0,0.12490981072187424,0.0,0.4409260153770447,1.0,0.8301422595977783,0.16985774040222168
2,150,0.4162224531173706,0.243411585688591,0.22718650102615356,0.03992413729429245,0.3003385416666667,0.6123360991477966,0.9999999999999999,0.0,1.0,0.0,0.14831912878787876,0.5222478693181818,0.7676953125,0.8034635416666667,0.0026302083333333334,0.006263020833333333,0.9916023015975952,0.012616535648703575,0.5193874835968018,1.0,0.0,0.12925007939338684,0.0,0.4414793848991394,1.0,0.8544180393218994,0.14558196067810059
2,160,0.4165034890174866,0.2435031533241272,0.2272370159626007,0.039984989911317825,0.3008203125,0.6011796593666077,0.9999999999999999,0.0,1.0,0.0,0.14713541666666666,0.5220703125,0.76875,0.8034505208333333,0.0025390625,0.006236979166666667,0.991778552532196,0.012264146469533443,0.5200047492980957,1.0,0.0,0.13336488604545593,0.0,0.4420040547847748,1.0,0.8786842823028564,0.12131571769714355
2,170,0.41694876551628113,0.24381034076213837,0.2272576242685318,0.03988625481724739,0.2980729166666667,0.604478120803833,0.9999999999999999,0.0,1.0,0.0,0.1566051136363636,0.5234907670454545,0.76953125,0.8011197916666667,0.0025260416666666665,0.0064453125,0.9917784929275513,0.012264146469533443,0.5209897756576538,1.0,0.0,0.13993167877197266,0.0,0.4428413212299347,1.0,0.9029383063316345,0.09706169366836548
2,180,0.4166896343231201,0.24369993805885315,0.22711728513240814,0.039605554193258286,0.298203125,0.598336398601532,0.9999999999999999,0.0,1.0,0.0,0.14654356060606058,0.5219815340909091,0.7679166666666667,0.8016666666666666,0.0027734375,0.006223958333333333,1.0,0.0,0.5220491886138916,1.0,0.0,0.14699450135231018,0.0,0.4437418282032013,1.0,0.9271817803382874,0.07281821966171265
2,190,0.416987806558609,0.24374651908874512,0.22681425511837006,0.039544906467199326,0.2979296875,0.6084126830101013,0.9999999999999999,0.0,1.0,0.0,0.1495028409090909,0.5224254261363637,0.7686848958333333,0.8022786458333333,0.00265625,0.0062890625,1.0,0.0,0.5222013592720032,1.0,0.0,0.14800910651683807,0.0,0.4438711702823639,1.0,0.9514130353927612,0.04858696460723877
2,200,0.4168623387813568,0.24380828440189362,0.2267628163099289,0.03934546187520027,0.29635416666666664,0.6021568179130554,0.9999999999999999,0.0,1.0,0.0,0.150686553030303,0.5226029829545454,0.7680208333333334,0.8028515625,0.0026302083333333334,0.006315104166666667,1.0,0.0,0.5222351551055908,1.0,0.0,0.14823457598686218,0.0,0.44389989972114563,1.0,0.9756336212158203,0.024366378784179688
2,210,0.41688424348831177,0.24378052353858948,0.22652526199817657,0.03921755775809288,0.29694010416666666,0.6021652817726135,0.9999999999999999,0.0,1.0,0.0,0.14891098484848483,0.5223366477272727,0.7674869791666666,0.8019270833333333,0.0026692708333333334,0.006276041666666667,1.0,0.0,0.522188663482666,1.0,0.0,0.14792457222938538,0.0,0.44386038184165955,1.0,0.9798709154129028,0.020129084587097168
2,220,0.4170217514038086,0.24388952553272247,0.22662340104579926,0.03913208469748497,0.2965364583333333,0.6022576093673706,0.9999999999999999,0.0,1.0,0.0,0.14831912878787876,0.5222478693181818,0.7673958333333334,0.8018098958333333,0.0025260416666666665,0.006263020833333333,1.0,0.0,0.5221379399299622,1.0,0.0,0.14758634567260742,0.0,0.44381725788116455,1.0,0.9838082194328308,0.01619178056716919
2,230,0.41691672801971436,0.24374575912952423,0.22662441432476044,0.03890750929713249,0.29486979166666666,0.5937233567237854,0.9999999999999999,0.0,1.0,0.0,0.14891098484848483,0.5223366477272727,0.7673958333333334,0.8020052083333333,0.0024609375,0.006276041666666667,1.0,0.0,0.5221548676490784,1.0,0.0,0.14769908785820007,0.0,0.4438316524028778,1.0,0.9862040281295776,0.013795971870422363
2,240,0.4168480336666107,0.2437988966703415,0.2263789027929306,0.038710817694664,0.29638020833333334,0.5940292477607727,0.9999999999999999,0.0,1.0,0.0,0.1447679924242424,0.5217151988636364,0.7661197916666667,0.8013151041666666,0.0025130208333333333,0.006184895833333333,1.0,0.0,0.5222647786140442,1.0,0.0,0.14843186736106873,0.0,0.44392508268356323,1.0,0.9882989525794983,0.011701047420501709
2,250,0.4169653356075287,0.24372874200344086,0.22647717595100403,0.03852735459804535,0.2952604166666667,0.6012301445007324,0.9999999999999999,0.0,1.0,0.0,0.15187026515151514,0.5227805397727273,0.7682552083333334,0.8017447916666667,0.0025,0.006341145833333333,1.0,0.0,0.5221083760261536,1.0,0.0,0.14738906919956207,0.0,0.4437921345233917,1.0,0.9900927543640137,0.009907245635986328
2,260,0.416765034198761,0.24366512894630432,0.2263157218694687,0.03839466720819473,0.2932421875,0.6003329157829285,0.9999999999999999,0.0,1.0,0.0,0.14772727272727273,0.522159090909091,0.7668489583333333,0.8020833333333334,0.0025390625,0.00625,1.0,0.0,0.5220449566841125,1.0,0.0,0.14696630835533142,0.0,0.4437382221221924,1.0,0.9915751218795776,0.008424878120422363
2,270,0.41674569249153137,0.24359191954135895,0.22640454769134521,0.038196951150894165,0.2930729166666667,0.6025505065917969,0.9999999999999999,0.0,1.0,0.0,0.14831912878787876,0.5222478693181818,0.7661979166666667,0.8018359375,0.002434895833333333,0.006263020833333333,1.0,0.0,0.5219646692276001,1.0,0.0,0.1464308202266693,0.0,0.44366997480392456,1.0,0.9927566647529602,0.007243335247039795
2,280,0.4166780412197113,0.24355651438236237,0.22649207711219788,0.037991948425769806,0.2924609375,0.5964852571487427,0.9999999999999999,0.0,1.0,0.0,0.14831912878787876,0.5222478693181818,0.7651432291666667,0.8014322916666666,0.0023567708333333335,0.006263020833333333,0.9957882761955261,0.0030196139123290777,0.5220322608947754,1.0,0.0,0.14688175916671753,0.0,0.44372743368148804,1.0,0.9945282340049744,0.005471765995025635
2,290,0.4166151285171509,0.24349305033683777,0.22660982608795166,0.03787156194448471,0.29420572916666665,0.598644495010376,0.9999999999999999,0.0,1.0,0.0,0.1429924242424242,0.5214488636363637,0.7661979166666667,0.8015494791666666,0.0022265625,0.006145833333333333,0.9957882761955261,0.0030196139123290777,0.5215968489646912,1.0,0.0,0.14397886395454407,0.0,0.44335734844207764,1.0,0.9951159358024597,0.004884064197540283
2,300,0.4166276752948761,0.24360249936580658,0.22675791382789612,0.03760948032140732,0.29322916666666665,0.5976272821426392,0.9999999999999999,0.0,1.0,0.0,0.14713541666666666,0.5220703125,0.7671354166666666,0.8016796875,0.0022916666666666667,0.006236979166666667,0.9924346208572388,0.006063240114599466,0.5276718139648438,1.0,0.0,0.18447871506214142,0.0,0.44852104783058167,1.0,0.995394229888916,0.004605770111083984
2,310,0.4167853593826294,0.2435804009437561,0.22666804492473602,0.03748062998056412,0.291484375,0.6017022728919983,0.9999999999999999,0.0,1.0,0.0,0.14003314393939392,0.5210049715909091,0.7654557291666667,0.80203125,0.0020833333333333333,0.006080729166666667,0.9917739629745483,0.007384544238448143,0.5295488834381104,1.0,0.0,0.19699224829673767,0.0,0.4501165747642517,1.0,0.9953995943069458,0.004600405693054199
2,320,0.4170483350753784,0.24360370635986328,0.22659993171691895,0.03721069544553757,0.2915625,0.5982785820960999,0.9999999999999999,0.0,1.0,0.0,0.14003314393939392,0.5210049715909091,0.7676822916666667,0.8023177083333334,0.0021354166666666665,0.006080729166666667,0.9907664060592651,0.009399673901498318,0.5328124761581421,1.0,0.0,0.21875,0.0,0.4528906047344208,1.0,0.9952837228775024,0.004716277122497559
2,330,0.4183145761489868,0.2438523769378662,0.2266750931739807,0.03699728846549988,0.29055989583333336,0.6032343506813049,0.9999999999999999,0.0,1.0,0.0,0.14535984848484848,0.5218039772727273,0.7669401041666667,0.8015364583333333,0.0022135416666666666,0.006197916666666667,0.9897530674934387,0.011426377110183239,0.5373148322105408,1.0,0.0,0.24876555800437927,0.0,0.4567176103591919,1.0,0.9950302839279175,0.0049697160720825195
2,340,0.41886118054389954,0.2441239356994629,0.22691024839878082,0.03681769222021103,0.2908072916666667,0.5977937579154968,0.9999999999999999,0.0,1.0,0.0,0.15601325757575757,0.5234019886363637,0.7652604166666667,0.8008854166666667,0.0021484375,0.006432291666666667,0.9886889457702637,0.013554560020565987,0.542028546333313,1.0,0.0,0.28019028902053833,0.0,0.46072426438331604,1.0,0.994728147983551,0.005271852016448975
2,350,0.4175385534763336,0.2436136156320572,0.22677789628505707,0.036703966557979584,0.2902734375,0.6002994775772095,0.9999999999999999,0.0,1.0,0.0,0.13766571969696967,0.5206498579545454,0.7660807291666667,0.8017708333333333,0.0020963541666666665,0.006028645833333333,0.9875526428222656,0.015827005729079247,0.5461461544036865,1.0,0.0,0.3076411485671997,0.0,0.464224249124527,1.0,0.9944159984588623,0.005584001541137695
2,360,0.4169425964355469,0.2434823364019394,0.2269764393568039,0.036296356469392776,0.290234375,0.5965348482131958,0.9999999999999999,0.0,1.0,0.0,0.13944128787878785,0.5209161931818181,0.7687630208333334,0.8025651041666667,0.001875,0.006067708333333333,0.9866903424263,0.01755174994468689,0.5502172708511353,1.0,0.0,0.3347819745540619,0.0,0.46768468618392944,1.0,0.9940261840820312,0.00597381591796875
2,370,0.41698938608169556,0.24372181296348572,0.22765983641147614,0.036313820630311966,0.28845052083333333,0.5961686968803406,0.9999999999999999,0.0,1.0,0.0,0.13589015151515152,0.5203835227272727,0.7690755208333333,0.8029036458333333,0.0017447916666666666,0.005989583333333334,0.9855714440345764,0.019789472222328186,0.553933322429657,1.0,0.0,0.3595553934574127,0.0,0.4708433449268341,1.0,0.9936147928237915,0.006385207176208496
2,380,0.3925972878932953,0.3043961226940155,0.15687935054302216,0.007479711435735226,0.09951822916666667,0.7248982787132263,0.9115537013276273,0.06341189305007779,1.0,0.0,0.16607481060606058,0.5249112215909091,0.5788020833333334,0.5914192708333333,9.114583333333334e-05,0.0066536458333333335,0.9846125841140747,0.021707255393266678,0.5583975911140442,1.0,0.0,0.38931727409362793,0.0,0.4746379554271698,1.0,0.9931893348693848,0.006810665130615234
2,390,0.38387301564216614,0.2406950145959854,0.2542761266231537,0.01549786888062954,0.1872265625,0.6290198564529419,0.9999999999999999,0.0,1.0,0.0,0.08558238636363635,0.5128373579545454,0.730234375,0.696953125,0.032890625,0.0048828125,0.9834952354431152,0.023941878229379654,0.5615428686141968,1.0,0.0,0.4102858901023865,0.0,0.47731146216392517,1.0,0.9926786422729492,0.007321357727050781
2,400,0.24146248400211334,0.1966298222541809,0.1626715362071991,0.008428839035332203,0.1948046875,0.3574565649032593,0.9295720927043273,0.0639161453537421,1.0,0.0,1.0,0.65,0.017578125,0.5373177083333334,0.09631510416666667,0.05364583333333333,0.9825323224067688,0.02586771920323372,0.5649037957191467,1.0,0.0,0.43269187211990356,0.0,0.48016825318336487,1.0,0.9921716451644897,0.007828354835510254
2,410,0.4197864234447479,0.3359091579914093,0.28279492259025574,0.013482068665325642,0.19126302083333332,0.4991642236709595,0.9861263020833333,0.02774739583333334,1.0,0.0,0.4134706439393939,0.5620205965909091,0.13953125,0.5219140625,0.007473958333333333,0.012096354166666667,0.9815130829811096,0.027906205505132675,0.5683872699737549,1.0,0.0,0.4559151530265808,0.0,0.48312920331954956,1.0,0.9916669130325317,0.008333086967468262
2,420,0.376635879278183,0.307288259267807,0.2789094150066376,0.009206462651491165,0.1868359375,0.502411425113678,0.9788411458333333,0.04231770833333334,1.0,0.0,0.6058238636363635,0.5908735795454545,0.18584635416666667,0.5963671875,0.041731770833333334,0.016328125,0.9805638790130615,0.029804561287164688,0.5718876719474792,1.0,0.0,0.4792512059211731,0.0,0.4861045479774475,1.0,0.991172194480896,0.008827805519104004
2,430,0.3712359070777893,0.3111845850944519,0.28446874022483826,0.009561910293996334,0.18940104166666666,0.5213308334350586,0.9787196180555555,0.04256076388888891,1.0,0.0,0.7786458333333333,0.616796875,0.16815104166666667,0.5664453125,0.03596354166666667,0.020130208333333333,0.9794015884399414,0.032129086554050446,0.5767197608947754,1.0,0.0,0.5114650726318359,0.0,0.4902118146419525,1.0,0.990687906742096,0.009312093257904053
2,440,0.3710397779941559,0.31167301535606384,0.2780455946922302,0.010488351806998253,0.1996875,0.5272117853164673,0.9776540798611111,0.04469184027777778,1.0,0.0,0.8088304924242423,0.6213245738636364,0.14712239583333334,0.565546875,0.037760416666666664,0.020794270833333333,0.9784334301948547,0.03406547009944916,0.5815476179122925,1.0,0.0,0.5436508059501648,0.0,0.4943154752254486,1.0,0.9902163743972778,0.009783625602722168
2,450,0.3604815602302551,0.3062286078929901,0.27577948570251465,0.009280386380851269,0.18697916666666667,0.4512413442134857,0.9761393229166666,0.047721354166666674,1.0,0.0,0.7212357954545454,0.6081853693181818,0.195703125,0.5589322916666667,0.028984375,0.0188671875,0.9774655103683472,0.03600144386291504,0.5837036371231079,1.0,0.0,0.5580244660377502,0.0,0.49614810943603516,1.0,0.9897552728652954,0.01024472713470459
2,460,0.38034549355506897,0.3087078332901001,0.2814476490020752,0.01115172728896141,0.20390625,0.513631284236908,0.9818901909722222,0.03621961805555556,1.0,0.0,0.7218276515151514,0.6082741477272727,0.19334635416666668,0.5727604166666667,0.02666666666666667,0.018880208333333332,0.9753378629684448,0.03936677798628807,0.589571475982666,1.0,0.0,0.597143292427063,0.0,0.5011357665061951,1.0,0.9892740249633789,0.010725975036621094
2,470,0.36425039172172546,0.30870115756988525,0.2706694006919861,0.011345121078193188,0.20196614583333333,0.5243409276008606,0.9765039062499999,0.046992187500000004,1.0,0.0,0.66796875,0.6001953125,0.14384114583333332,0.5620182291666667,0.027630208333333333,0.0176953125,0.9743887186050415,0.04126492887735367,0.5923997163772583,1.0,0.0,0.6159981489181519,0.0,0.5035398006439209,1.0,0.9888123273849487,0.01118767261505127
2,480,0.37856414914131165,0.3157607913017273,0.28404322266578674,0.011982224881649017,0.19768229166666668,0.4524473547935486,0.9798632812499999,0.04027343750000001,1.0,0.0,0.7733191287878787,0.6159978693181818,0.17645833333333333,0.5592447916666666,0.030677083333333334,0.020013020833333332,0.9735094308853149,0.04302356764674187,0.594822108745575,1.0,0.0,0.6321473717689514,0.0,0.505598783493042,1.0,0.9883550405502319,0.011644959449768066
2,490,0.36701643466949463,0.3117242753505707,0.28030574321746826,0.010120674967765808,0.1925,0.5485433340072632,0.9765364583333332,0.04692708333333334,1.0,0.0,0.5886600378787878,0.5882990056818181,0.17942708333333332,0.5629036458333333,0.025546875,0.015950520833333332,0.9739534854888916,0.0455717071890831,0.6007786989212036,1.0,0.0,0.6718580722808838,0.0,0.5106619000434875,1.0,0.9879295229911804,0.01207047700881958
2,500,0.3715531527996063,0.31057071685791016,0.27942755818367004,0.009396192617714405,0.18756510416666666,0.5240022540092468,0.9797786458333333,0.04044270833333333,1.0,0.0,0.6135179924242424,0.5920276988636364,0.16,0.5631380208333333,0.037799479166666664,0.016497395833333334,0.9721157550811768,0.04879142343997955,0.6073102951049805,1.0,0.0,0.7154017686843872,0.0,0.5162137746810913,1.0,0.9875290393829346,0.01247096061706543
2,510,0.3741312325000763,0.31184008717536926,0.2851138412952423,0.010853585787117481,0.19098958333333332,0.464626669883728,0.9785959201388887,0.04280815972222224,1.0,0.0,0.6348248106060607,0.5952237215909091,0.20125,0.5741536458333333,0.020520833333333332,0.016966145833333335,0.9745248556137085,0.047637056559324265,0.6073102951049805,1.0,0.0,0.7154017686843872,0.0,0.5162137746810913,1.0,0.987137496471405,0.01286250352859497
2,520,0.37887993454933167,0.3080502152442932,0.2698206603527069,0.011782453395426273,0.203515625,0.47670599818229675,0.9800672743055555,0.03986545138888889,1.0,0.0,0.630089962121212,0.5945134943181818,0.15833333333333333,0.5908463541666666,0.04731770833333333,0.016861979166666666,0.972007155418396,0.05112519487738609,0.6114997863769531,1.0,0.0,0.743331789970398,0.0,0.519774854183197,1.0,0.9867329597473145,0.013267040252685547
2,530,0.34920379519462585,0.3067046105861664,0.2761804461479187,0.009519228711724281,0.18483072916666668,0.49345633387565613,0.9755924479166665,0.04881510416666668,1.0,0.0,0.8165246212121211,0.6224786931818181,0.177890625,0.5305598958333333,0.022408854166666665,0.020963541666666665,0.9675258994102478,0.056339796632528305,0.6097410917282104,1.0,0.0,0.7316073775291443,0.0,0.5182799696922302,1.0,0.9863624572753906,0.013637542724609375
2,540,0.361482173204422,0.29822519421577454,0.25544145703315735,0.009345440194010735,0.19393229166666667,0.4760187268257141,0.97966796875,0.0406640625,1.0,0.0,0.8212594696969697,0.6231889204545454,0.17311197916666668,0.5903645833333333,0.05522135416666667,0.021067708333333334,0.9619735479354858,0.062410060316324234,0.6053148508071899,1.0,0.0,0.7020991444587708,0.0,0.5145176649093628,1.0,0.9859535098075867,0.01404649019241333
2,550,0.37421339750289917,0.3078877627849579,0.27406802773475647,0.009723475202918053,0.1997265625,0.5606318712234497,0.9796723090277777,0.04065538194444446,1.0,0.0,0.45785984848484845,0.5686789772727272,0.1859765625,0.5763411458333333,0.0146484375,0.013072916666666667,0.961057722568512,0.06424166262149811,0.602139949798584,1.0,0.0,0.6809332370758057,0.0,0.5118189454078674,1.0,0.985599160194397,0.014400839805603027
2,560,0.3469744920730591,0.30381283164024353,0.2791667878627777,0.008193405345082283,0.17631510416666665,0.5457503795623779,0.9553192910164352,0.0706720296214751,1.0,0.0,0.9591619318181818,0.6438742897727272,0.2284765625,0.5319791666666667,0.03755208333333333,0.0241015625,0.9524979591369629,0.07468000799417496,0.6013325452804565,1.0,0.0,0.6755501627922058,0.0,0.5111326575279236,1.0,0.9852731823921204,0.014726817607879639
2,570,0.37993428111076355,0.31073111295700073,0.27603498101234436,0.009098035283386707,0.18841145833333334,0.5203790068626404,0.9800694444444443,0.039861111111111125,1.0,0.0,0.5353929924242424,0.5803089488636364,0.1728515625,0.5755598958333333,0.023411458333333333,0.014778645833333333,0.9498097896575928,0.07603355497121811,0.6033194661140442,1.0,0.0,0.6887965202331543,0.0,0.5128215551376343,1.0,0.98503577709198,0.01496422290802002
2,580,0.3860950171947479,0.30846914649009705,0.279974102973938,0.00907179992645979,0.19856770833333334,0.4801396131515503,0.9815342881944443,0.03693142361111112,1.0,0.0,0.47502367424242425,0.5712535511363637,0.18606770833333333,0.5979557291666666,0.029713541666666666,0.013450520833333333,0.9482570290565491,0.07787643373012543,0.6017848253250122,1.0,0.0,0.6785658597946167,0.0,0.5115171074867249,1.0,0.9848322868347168,0.015167713165283203
2,590,0.2927718460559845,0.2792220115661621,0.20856502652168274,0.007216637954115868,0.161953125,0.5706280469894409,0.9208776595413201,0.11692287741516662,1.0,0.0,1.0,0.65,0.510859375,0.507578125,0.00609375,0.035182291666666664,0.947779655456543,0.07883129268884659,0.6034040451049805,1.0,0.0,0.6893601417541504,0.0,0.5128934383392334,1.0,0.9846570491790771,0.015342950820922852
2,600,0.2758473753929138,0.25798431038856506,0.25047755241394043,0.008587113581597805,0.1693359375,0.6448702216148376,0.9614095386729493,0.06761404222770917,1.0,0.0,1.0,0.65,0.5637369791666667,0.5313151041666667,0.0026953125,0.0373046875,0.9481164813041687,0.07815752178430557,0.6048752069473267,1.0,0.0,0.6991680264472961,0.0,0.5141439437866211,1.0,0.984485387802124,0.015514612197875977
2,610,0.32311439514160156,0.2818376123905182,0.25642824172973633,0.010262688621878624,0.179140625,0.5853341817855835,0.9801627604166666,0.03967447916666668,1.0,0.0,1.0,0.65,0.5465364583333333,0.55640625,0.01885416666666667,0.027838541666666668,0.9483181238174438,0.07775428891181946,0.6076357960700989,1.0,0.0,0.7175719141960144,0.0,0.5164904594421387,1.0,0.9843217134475708,0.0156782865524292
2,620,0.2752596139907837,0.26280784606933594,0.25481367111206055,0.007597743067890406,0.17268229166666665,0.5742640495300293,0.9332552086642683,0.10099826351282638,1.0,0.0,1.0,0.65,0.5580729166666667,0.5222005208333333,0.00296875,0.03015625,0.9492368102073669,0.07591690123081207,0.6079655289649963,1.0,0.0,0.7197702527046204,0.0,0.5167707204818726,1.0,0.9841681122779846,0.01583188772201538
2,630,0.3166317045688629,0.281173974275589,0.25105032324790955,0.005603217054158449,0.17959635416666667,0.5451122522354126,0.8847348545695626,0.15182434455478983,1.0,0.0,0.3596117424242424,0.5539417613636364,0.5842838541666666,0.5489973958333333,0.0,0.010911458333333334,0.9501859545707703,0.07401854544878006,0.6069424152374268,1.0,0.0,0.712949812412262,0.0,0.5159010887145996,1.0,0.984014630317688,0.01598536968231201
2,640,0.3743736743927002,0.2722618281841278,0.2125140279531479,0.004437130875885487,0.12302083333333333,0.6194419264793396,0.8621193205013993,0.17003634270674328,1.0,0.0,0.15897253787878787,0.5238458806818181,0.632265625,0.6847786458333334,0.013177083333333334,0.006497395833333333,0.9513481855392456,0.071694016456604,0.6035900115966797,1.0,0.0,0.6906002163887024,0.0,0.5130515098571777,1.0,0.9834761023521423,0.016523897647857666
2,650,0.2895933985710144,0.28889742493629456,0.2034275233745575,0.014035164378583431,0.189140625,0.5086961984634399,0.9584223090277777,0.08315538194444445,1.0,0.0,0.36434659090909083,0.5546519886363637,0.4953385416666667,0.5163932291666666,0.0012760416666666666,0.011015625,0.9522975087165833,0.06979545950889587,0.6016538143157959,1.0,0.0,0.6776921153068542,0.0,0.5114057660102844,1.0,0.9832019805908203,0.016798019409179688
2,660,0.22300602495670319,0.2540701925754547,0.2271522432565689,0.0034565285313874483,0.07518229166666666,0.5006499290466309,0.7963840615141369,0.2669266124863635,1.0,0.0,0.6081912878787878,0.5912286931818181,0.325234375,0.3624348958333333,0.014231770833333334,0.016380208333333333,0.9502818584442139,0.07301856577396393,0.6027529239654541,1.0,0.0,0.685019850730896,0.0,0.5123400092124939,1.0,0.9829224348068237,0.01707756519317627
2,670,0.18476587533950806,0.20027832686901093,0.15504060685634613,0.011788588017225266,0.13529947916666665,0.42259037494659424,0.9254389783765516,0.06464409722222224,1.0,0.0,1.0,0.65,0.37579427083333333,0.407734375,9.114583333333334e-05,0.037057291666666665,0.9522581100463867,0.06995601952075958,0.6030446887016296,1.0,0.0,0.6869645118713379,0.0,0.5125880241394043,1.0,0.9826844930648804,0.01731550693511963
2,680,0.3552708923816681,0.3219321668148041,0.284716933965683,0.007855615578591824,0.13861979166666666,0.6018393039703369,0.9438955276336289,0.08569272033426012,1.0,0.0,0.4531249999999999,0.56796875,0.4319661458333333,0.5026432291666667,0.00014322916666666667,0.01296875,0.952669084072113,0.06913405656814575,0.6063632965087891,1.0,0.0,0.7090886831283569,0.0,0.5154088139533997,1.0,0.982447624206543,0.01755237579345703
2,690,0.23888249695301056,0.2439226359128952,0.23832076787948608,0.00928344577550888,0.146640625,0.45774224400520325,0.9698372395833332,0.06032552083333335,1.0,0.0,1.0,0.65,0.3244140625,0.41713541666666665,0.022630208333333332,0.028333333333333332,0.9525432586669922,0.06938579678535461,0.6101131439208984,1.0,0.0,0.7340875267982483,0.0,0.5185961723327637,1.0,0.9822087287902832,0.017791271209716797
2,700,0.39002248644828796,0.316098153591156,0.29780125617980957,0.018124643713235855,0.22951822916666667,0.49950745701789856,0.983611111111111,0.03277777777777778,1.0,0.0,0.7946259469696969,0.6191938920454545,0.35299479166666664,0.5452994791666667,0.05716145833333333,0.020481770833333333,0.9552652835845947,0.06590943038463593,0.6101131439208984,1.0,0.0,0.7340875267982483,0.0,0.5185961723327637,1.0,0.9819746613502502,0.018025338649749756
2,710,0.3561870753765106,0.30269014835357666,0.29803207516670227,0.02269362471997738,0.2269140625,0.4751012623310089,0.9840125868055555,0.03197482638888889,1.0,0.0,1.0,0.65,0.3744661458333333,0.5255338541666666,0.044596354166666664,0.026848958333333332,0.9514865279197693,0.06422554701566696,0.6101131439208984,1.0,0.0,0.7340875864028931,0.0,0.5185961723327637,1.0,0.9817618131637573,0.018238186836242676
2,720,0.4146672189235687,0.3098798096179962,0.3016762137413025,0.029418572783470154,0.24610677083333332,0.48300114274024963,0.997888454861111,0.004223090277777777,1.0,0.0,0.6809895833333334,0.6021484375,0.2896875,0.5883203125,0.042682291666666664,0.017981770833333334,0.9496435523033142,0.06791147589683533,0.5974132418632507,0.9841968417167664,0.0,0.702099084854126,0.0,0.5078012943267822,1.0,0.9815585613250732,0.018441438674926758
2,730,0.45403146743774414,0.31035658717155457,0.29470616579055786,0.03747059032320976,0.24385416666666668,0.546126127243042,0.9999999999999999,0.0,1.0,0.0,0.4868607954545454,0.5730291193181818,0.3565625,0.6098828125,0.0300390625,0.0137109375,0.9520831108093262,0.06457959115505219,0.5940819382667542,0.9841968417167664,0.0,0.6798903942108154,0.0,0.5049696564674377,1.0,0.9814039468765259,0.01859605312347412
2,740,0.4914376735687256,0.3013594150543213,0.30480149388313293,0.012735090218484402,0.20489583333333333,0.4830578565597534,0.9999999999999999,0.0,1.0,0.0,0.3471827651515151,0.5520774147727272,0.23580729166666667,0.6672395833333333,0.04731770833333333,0.010638020833333333,0.9445725679397583,0.06614561378955841,0.5986561179161072,0.9841967821121216,0.0,0.7103850841522217,0.0,0.5088577270507812,1.0,0.9811322093009949,0.018867790699005127
2,750,0.4675300121307373,0.32724782824516296,0.29794180393218994,0.014646563678979874,0.2037109375,0.4560001492500305,0.9996028645833333,0.0007942708333333326,1.0,0.0,0.5501893939393938,0.5825284090909091,0.294609375,0.5517838541666666,0.0884375,0.015104166666666667,0.9487942457199097,0.059138473123311996,0.5964648723602295,0.9678587317466736,0.0,0.7502367496490479,0.0,0.5069951415061951,1.0,0.9811621904373169,0.018837809562683105
2,760,0.25367727875709534,0.2871832251548767,0.3083032965660095,0.008267452009022236,0.12779947916666667,0.5838214755058289,0.9373428011905693,0.10834072465718114,1.0,0.0,0.6117424242424242,0.5917613636363637,0.2991536458333333,0.3747786458333333,0.0035677083333333333,0.016458333333333332,0.9502562880516052,0.05621436610817909,0.6009967923164368,0.9678587317466736,0.0,0.780449628829956,0.0,0.510847270488739,1.0,0.9812132120132446,0.01878678798675537
2,770,0.3772481679916382,0.31469088792800903,0.27033689618110657,0.020647551864385605,0.20591145833333332,0.47368672490119934,0.9968207465277776,0.006358506944444445,1.0,0.0,1.0,0.65,0.2178125,0.5410416666666666,0.0027604166666666667,0.03515625,0.9586261510848999,0.04471637308597565,0.6022753715515137,0.9648185968399048,0.0,0.7991071939468384,0.0,0.5119341015815735,1.0,0.9813454151153564,0.018654584884643555
2,780,0.33728182315826416,0.29851943254470825,0.26988229155540466,0.023690223693847656,0.188203125,0.4821595251560211,0.9887000868055554,0.022599826388888897,1.0,0.0,1.0,0.65,0.2523046875,0.5325130208333333,0.04290364583333333,0.025364583333333333,0.9614879488945007,0.04301539808511734,0.6002588272094727,0.9648185968399048,0.0,0.7856636047363281,0.0,0.5102199912071228,1.0,0.9815078973770142,0.01849210262298584
2,790,0.26593276858329773,0.2600969672203064,0.21397091448307037,0.016583623364567757,0.17850260416666666,0.46447184681892395,0.9788910590277777,0.04221788194444445,1.0,0.0,1.0,0.65,0.23045572916666668,0.46486979166666664,0.0391796875,0.039088541666666664,0.9633802175521851,0.040493566542863846,0.6039832830429077,0.9648185968399048,0.0,0.8104933500289917,0.0,0.5133858323097229,1.0,0.9816896915435791,0.0183103084564209
2,800,0.2829500436782837,0.2857583165168762,0.2903752028942108,0.020294496789574623,0.174453125,0.521994411945343,0.9780403645833332,0.04391927083333333,1.0,0.0,1.0,0.65,0.31690104166666666,0.42604166666666665,0.016341145833333334,0.029856770833333334,0.9622855186462402,0.04131679609417915,0.6023422479629517,0.9617513418197632,0.004826519638299942,0.7985153198242188,0.0,0.5119909048080444,1.0,0.9818780422210693,0.018121957778930664
2,810,0.2300424426794052,0.20735116302967072,0.11983515322208405,0.01223805919289589,0.17981770833333333,0.36004868149757385,0.8820562649078859,0.03225260416666667,1.0,0.0,1.0,0.65,0.029401041666666666,0.4571875,0.005286458333333333,0.06036458333333333,0.961983859539032,0.04161565750837326,0.5997085571289062,0.9480310678482056,0.013580501079559326,0.8062658309936523,0.0,0.5097522735595703,1.0,0.9820629358291626,0.017937064170837402
2,820,0.6476570963859558,0.40478652715682983,0.2868635654449463,0.018357379361987114,0.12118489583333333,0.27691709995269775,0.9414605034722221,0.11707899305555557,0.6681315104166669,0.0,0.32824337121212116,0.3833022608901516,0.0651171875,0.24868489583333334,0.010807291666666666,0.010221354166666667,0.9618954658508301,0.0417923666536808,0.5980978012084961,0.9480310678482056,0.013580501079559326,0.7955278158187866,0.0,0.5083831548690796,1.0,0.9822568297386169,0.017743170261383057
2,830,0.42642098665237427,0.3498934507369995,0.3058498799800873,0.012750428169965744,0.1801953125,0.5271663665771484,0.9844856770833332,0.031028645833333337,1.0,0.0,0.5336174242424242,0.5800426136363637,0.34197916666666667,0.4729947916666667,0.0101171875,0.014739583333333334,0.9609460830688477,0.043691135942935944,0.5971593260765076,0.9480310082435608,0.013580501079559326,0.7892711162567139,0.0,0.5075854659080505,1.0,0.9824498891830444,0.017550110816955566
2,840,0.2046239823102951,0.16050642728805542,0.10179472714662552,0.007389030419290066,0.183671875,0.24690333008766174,0.7270133450717722,0.18471083718768463,1.0,0.0,1.0,0.65,0.0010416666666666667,0.42604166666666665,0.033893229166666664,0.059244791666666664,0.9452940225601196,0.05936746671795845,0.5957363843917847,0.9378546476364136,0.013580501079559326,0.8137062788009644,0.0,0.5063759684562683,1.0,0.9826441407203674,0.01735585927963257
2,850,0.3295039236545563,0.23575955629348755,0.1576739400625229,0.020325470715761185,0.23046875,0.24652643501758575,0.9507742946677737,0.022886284722222226,0.6569010416666666,0.0,0.9958570075757576,0.47782907196969693,0.0015234375,0.3086848958333333,0.134375,0.024908854166666668,0.9443514943122864,0.061252593994140625,0.5970342755317688,0.9378546476364136,0.013580501079559326,0.8223586082458496,0.0,0.5074791312217712,1.0,0.9829424023628235,0.017057597637176514
2,860,0.36585602164268494,0.27289462089538574,0.20736753940582275,0.02743605338037014,0.2285546875,0.3850753903388977,0.9891254340277778,0.021749131944444444,1.0,0.0,0.9988162878787878,0.6498224431818181,0.0019010416666666668,0.4288151041666667,0.14717447916666668,0.024973958333333334,0.9428873658180237,0.06418083608150482,0.6002472043037415,0.9378546476364136,0.013580501079559326,0.8437782526016235,0.0,0.5102101564407349,1.0,0.9832150936126709,0.0167849063873291
2,870,0.3018883168697357,0.22579360008239746,0.17106805741786957,0.019836854189634323,0.22541666666666665,0.31701359152793884,0.9721500298610101,0.02546875000000001,0.9361572265625001,0.0,1.0,0.61807861328125,0.0022005208333333334,0.3973697916666667,0.09546875,0.032513020833333336,0.9449148774147034,0.06084112823009491,0.603020429611206,0.9378546476364136,0.013580501079559326,0.8622666597366333,0.0,0.512567400932312,1.0,0.9835071563720703,0.016492843627929688
2,880,0.3478737473487854,0.2659060060977936,0.21846485137939453,0.02457745000720024,0.23251302083333333,0.43774011731147766,0.9855381944444443,0.028923611111111122,1.0,0.0,0.717684659090909,0.6076526988636364,0.00296875,0.4715755208333333,0.07111979166666667,0.0187890625,0.9440588355064392,0.06255326420068741,0.5994482040405273,0.9378546476364136,0.013580501079559326,0.8384515047073364,0.0,0.5095309615135193,1.0,0.9837787747383118,0.016221225261688232
2,890,0.309446781873703,0.2516022324562073,0.20597997307777405,0.026996895670890808,0.21548177083333334,0.31470420956611633,0.9836328124999999,0.032734375,1.0,0.0,0.9745501893939393,0.646182528409091,0.0026822916666666666,0.4235546875,0.10255208333333334,0.024440104166666667,0.9429898262023926,0.06469136476516724,0.5994482040405273,0.9378546476364136,0.013580501079559326,0.8384515047073364,0.0,0.5095309615135193,1.0,0.9840534329414368,0.015946567058563232
2,900,0.35805338621139526,0.27568820118904114,0.21914798021316528,0.0077618700452148914,0.1806640625,0.2854368984699249,0.9468491535674185,0.07761331586404463,0.935587565104167,0.10135690789473685,0.7484611742424242,0.6155378764516051,0.0031510416666666666,0.39623697916666667,0.238515625,0.019466145833333334,0.9431113004684448,0.06444831192493439,0.5994482040405273,0.9378546476364136,0.013580501079559326,0.8384515047073364,0.0,0.5095309615135193,1.0,0.9843441247940063,0.015655875205993652
2,910,0.3299238979816437,0.25001099705696106,0.17811091244220734,0.009333521127700806,0.2137109375,0.19466713070869446,0.9772761728722826,0.03905381944444444,0.7118733723958335,0.1838336074561403,0.9573863636363636,0.5638864033530204,0.0040885416666666665,0.3237109375,0.2698567708333333,0.0240625,0.9433131217956543,0.06404466927051544,0.5994482040405273,0.9378545880317688,0.013580501079559326,0.8384515047073364,0.0,0.5095309615135193,1.0,0.9846166372299194,0.015383362770080566
2,920,0.4280552268028259,0.36045488715171814,0.3003980219364166,0.02171012945473194,0.18360677083333332,0.3132704794406891,0.9821571180555555,0.0356857638888889,1.0,0.0,0.7745028409090908,0.6161754261363637,0.07654947916666667,0.45421875,0.033294270833333334,0.0200390625,0.9479352831840515,0.06449729204177856,0.5994482040405273,0.9378545880317688,0.013580501079559326,0.8384515047073364,0.0,0.5095309615135193,1.0,0.9849024415016174,0.015097558498382568
2,930,0.3714390695095062,0.3245078921318054,0.2956925332546234,0.02164527028799057,0.20579427083333332,0.5302510857582092,0.9779513888888888,0.04409722222222223,1.0,0.0,0.5495975378787878,0.5824396306818181,0.35184895833333335,0.5097265625,0.011744791666666667,0.015091145833333333,0.9501906633377075,0.059986501932144165,0.6097849011421204,0.953657865524292,0.013580501079559326,0.8546853065490723,0.0,0.5183171629905701,1.0,0.9850282073020935,0.014971792697906494
2,940,0.11723902076482773,0.16839012503623962,0.12286362051963806,0.00522870197892189,0.10510416666666667,0.4865713119506836,0.6713069227591938,0.32920293839077963,0.7862955729166667,0.0,1.0,0.5431477864583334,0.18388020833333332,0.167734375,0.009114583333333334,0.048190104166666664,0.9502131938934326,0.05994144827127457,0.6113406419754028,0.953657865524292,0.013580501079559326,0.8650568723678589,0.0,0.5196395516395569,1.0,0.9851220846176147,0.014877915382385254
2,950,0.47750356793403625,0.383937805891037,0.3144981861114502,0.03176901116967201,0.19670572916666668,0.4440014064311981,0.9802061631944443,0.03958767361111111,1.0,0.0,0.5288825757575757,0.5793323863636364,0.1347265625,0.3936588541666667,0.0026171875,0.014635416666666666,0.9627526998519897,0.0520654171705246,0.6090788841247559,0.953657865524292,0.013580501079559326,0.8499786257743835,0.0,0.5177170634269714,1.0,0.9852697849273682,0.014730215072631836
2,960,0.2797837555408478,0.2905054986476898,0.24735185503959656,0.023407215252518654,0.1901171875,0.5251963138580322,0.9688563368055555,0.06228732638888889,1.0,0.0,1.0,0.65,0.19536458333333334,0.43591145833333333,0.0049479166666666664,0.033776041666666666,0.9645516276359558,0.052065830677747726,0.6172775030136108,0.96999591588974,0.013580501079559326,0.8501759171485901,0.0,0.5246859192848206,1.0,0.9853731393814087,0.014626860618591309
2,970,0.22412051260471344,0.19869817793369293,0.20744460821151733,0.014289891347289085,0.16947916666666665,0.30456507205963135,0.9799202273951636,0.03820681211021216,1.0,0.0,1.0,0.65,0.008854166666666666,0.45372395833333334,0.008802083333333334,0.04864583333333333,0.964875340461731,0.05141830071806908,0.617285966873169,0.96999591588974,0.013580501079559326,0.8502322435379028,0.0,0.5246930718421936,1.0,0.985459566116333,0.014540433883666992
2,980,0.48915770649909973,0.39871031045913696,0.32725998759269714,0.028212890028953552,0.16173177083333334,0.43264973163604736,0.9788433159722222,0.04231336805555555,1.0,0.0,0.49988162878787873,0.5749822443181818,0.1580078125,0.3400390625,0.0016276041666666667,0.013997395833333334,0.9661329388618469,0.05020550265908241,0.618806004524231,0.9730361104011536,0.013580501079559326,0.8502322435379028,0.0,0.5259851217269897,1.0,0.9854596257209778,0.014540374279022217
2,990,0.2215697169303894,0.24716408550739288,0.20403648912906647,0.01723511330783367,0.17130208333333333,0.4801657497882843,0.9662499999999999,0.06749999999999999,1.0,0.0,1.0,0.65,0.155,0.3866796875,0.003893229166666667,0.05153645833333333,0.9664431810379028,0.048828188329935074,0.620822548866272,0.9730360507965088,0.013580501079559326,0.8636758327484131,0.0,0.5276991724967957,1.0,0.9854286909103394,0.014571309089660645
2,1000,0.35941392183303833,0.3335469663143158,0.3120099604129791,0.02314407378435135,0.18497395833333333,0.39527466893196106,0.981443142361111,0.037113715277777785,1.0,0.0,1.0,0.65,0.06725260416666666,0.4671484375,0.023098958333333332,0.030768229166666668,0.9660447239875793,0.04726940765976906,0.6199872493743896,0.9730360507965088,0.016194459050893784,0.8520078063011169,0.0,0.5269891619682312,1.0,0.9853740334510803,0.014625966548919678
2,1010,0.28338995575904846,0.2657325863838196,0.2343805879354477,0.017425699159502983,0.18936197916666667,0.37664568424224854,0.9822786458333332,0.03544270833333334,1.0,0.0,1.0,0.65,0.05971354166666667,0.5176041666666666,0.0108984375,0.044908854166666665,0.9655296802520752,0.045864928513765335,0.622018575668335,0.9761033058166504,0.020539630204439163,0.8451873660087585,0.0,0.5287157893180847,1.0,0.9853178262710571,0.014682173728942871
2,1020,0.38838276267051697,0.3594200611114502,0.3188301622867584,0.025835249572992325,0.18063802083333333,0.4858551621437073,0.9791210937499999,0.041757812500000005,1.0,0.0,1.0,0.65,0.14994791666666665,0.41106770833333334,0.002109375,0.028802083333333332,0.9666118025779724,0.044005222618579865,0.6229909062385559,0.9898236393928528,0.011785649694502354,0.8263607025146484,0.0,0.5295422673225403,1.0,0.9852824211120605,0.014717578887939453
2,1030,0.37597182393074036,0.3028607666492462,0.24060358107089996,0.028563620522618294,0.23337239583333333,0.5366442203521729,0.9888237847222221,0.022352430555555566,1.0,0.0,0.6691524621212122,0.6003728693181818,0.30243489583333333,0.5732421875,0.0010677083333333333,0.017721354166666668,0.9674614667892456,0.042305901646614075,0.6223059892654419,0.9898236393928528,0.011785649694502354,0.8217949271202087,0.0,0.528960108757019,1.0,0.9846979379653931,0.015302062034606934
2,1040,0.3784523010253906,0.3003664016723633,0.2537453770637512,0.027965355664491653,0.244765625,0.5507075190544128,0.984958767361111,0.030082465277777776,1.0,0.0,0.7514204545454545,0.6127130681818181,0.38131510416666664,0.593359375,0.00453125,0.01953125,0.9685114026069641,0.04020603746175766,0.6255231499671936,0.9898236393928528,0.011785649694502354,0.8432427048683167,0.0,0.5316947102546692,1.0,0.9846431016921997,0.015356898307800293
2,1050,0.4091299772262573,0.31203019618988037,0.281161904335022,0.02308991365134716,0.237578125,0.49133896827697754,0.9903428819444444,0.01931423611111112,1.0,0.0,0.6833570075757575,0.6025035511363637,0.34553385416666665,0.5669791666666667,0.058671875,0.018033854166666665,0.9826311469078064,0.02759435400366783,0.6238092184066772,1.0,0.011785649694502354,0.7978952527046204,0.0,0.5302378535270691,1.0,0.9849671721458435,0.015032827854156494
2,1060,0.286807656288147,0.21649335324764252,0.18903587758541107,0.019851846620440483,0.23154947916666666,0.28021422028541565,0.988552517361111,0.022894965277777783,1.0,0.0,1.0,0.65,0.009453125,0.57984375,0.13272135416666667,0.04453125,0.9812448024749756,0.030366964638233185,0.6271743774414062,1.0,0.011785649694502354,0.8203294277191162,0.0,0.5330982208251953,1.0,0.9850473403930664,0.014952659606933594
2,1070,0.32632842659950256,0.2497691810131073,0.2026030421257019,0.023865919560194016,0.21580729166666668,0.32870301604270935,0.9959244791666666,0.008151041666666664,1.0,0.0,1.0,0.65,0.014361979166666667,0.5538411458333333,0.0524609375,0.030247395833333333,0.9811701774597168,0.030516188591718674,0.6271743774414062,1.0,0.011785649694502354,0.8203294277191162,0.0,0.5330982208251953,1.0,0.9851610064506531,0.014838993549346924
2,1080,0.34520378708839417,0.24637357890605927,0.1791485697031021,0.012583984062075615,0.2248828125,0.2949391305446625,0.9985591179590959,0.0,1.0,0.0,1.0,0.65,0.008580729166666667,0.5215885416666667,0.06791666666666667,0.035494791666666664,0.9811175465583801,0.030714424327015877,0.6252804398536682,1.0,0.011785649694502354,0.8077031970024109,0.0,0.5314884185791016,1.0,0.9852597713470459,0.014740228652954102
2,1090,0.3265499770641327,0.21339118480682373,0.1753038913011551,0.014699137769639492,0.21161458333333333,0.30428773164749146,0.9920527391250317,0.0,1.0,0.0,1.0,0.65,0.0028776041666666668,0.41953125,0.094375,0.027473958333333333,0.9817930459976196,0.02936335653066635,0.6274406909942627,1.0,0.011785649694502354,0.8221049904823303,0.0,0.5333245992660522,1.0,0.9853656888008118,0.014634311199188232
2,1100,0.4119715988636017,0.20654068887233734,0.16538390517234802,0.012983458116650581,0.2388671875,0.28126877546310425,0.9752650702916658,0.0,1.0,0.05489309210526313,0.7295217803030303,0.6286408492822966,0.00022135416666666666,0.65625,0.220859375,0.019049479166666668,0.9831361770629883,0.026677139103412628,0.6232427954673767,1.0,0.011785649694502354,0.7941186428070068,0.0,0.5297563672065735,1.0,0.9854766726493835,0.014523327350616455
2,1110,0.4180949330329895,0.18477478623390198,0.16542428731918335,0.008670156821608543,0.2273046875,0.2619122862815857,0.9360335306496154,0.04811922887839922,1.0,0.19260553728070176,0.6052320075757576,0.6581967391846093,3.90625e-05,0.6971484375,0.27319010416666667,0.016315104166666667,0.9837655425071716,0.025418460369110107,0.6190786361694336,1.0,0.011785649694502354,0.7663577795028687,0.0,0.5262168645858765,1.0,0.9855798482894897,0.014420151710510254
2,1120,0.43867945671081543,0.2276773601770401,0.24378623068332672,0.013123955577611923,0.2215234375,0.30057114362716675,0.9999999999999999,0.0,1.0,0.0,0.562026515151515,0.5843039772727272,0.0015625,0.7525260416666667,0.1711328125,0.015364583333333333,0.9831470251083374,0.026200303807854652,0.6153372526168823,1.0,0.011785649694502354,0.74141526222229,0.0,0.5230366587638855,1.0,0.9856669902801514,0.014333009719848633
2,1130,0.44527140259742737,0.2750832438468933,0.22596707940101624,0.016810458153486252,0.21391927083333334,0.2894141674041748,0.9999999999999999,0.0,1.0,0.0,0.6786221590909091,0.6017933238636364,0.023450520833333332,0.6463671875,0.09984375,0.0179296875,0.9627014994621277,0.049019284546375275,0.6153372526168823,1.0,0.011785649694502354,0.74141526222229,0.0,0.5230366587638855,1.0,0.9857175946235657,0.014282405376434326
2,1140,0.3214559555053711,0.2098993957042694,0.20131489634513855,0.022860130295157433,0.22544270833333332,0.29810774326324463,0.9999999999999999,0.0,1.0,0.0,1.0,0.65,0.008502604166666667,0.6219921875,0.056015625,0.04328125,0.9617899656295776,0.05031707137823105,0.617700457572937,1.0,0.011785649694502354,0.7571699619293213,0.0,0.5250453948974609,1.0,0.985926628112793,0.014073371887207031
2,1150,0.6695452928543091,0.3210296928882599,0.2896597981452942,0.02204539254307747,0.19729166666666667,0.511745810508728,0.9678211805555554,0.06435763888888889,1.0,0.0,0.04770359848484847,0.5071555397727273,0.20811197916666666,0.47220052083333336,0.0025911458333333333,0.0040494791666666665,0.9621609449386597,0.0495750866830349,0.6194676160812378,1.0,0.011785649694502354,0.7689507007598877,0.0,0.5265474915504456,1.0,0.9862906336784363,0.01370936632156372
2,1160,0.2369571179151535,0.28432196378707886,0.22484464943408966,0.011984916403889656,0.16473958333333333,0.6422201991081238,0.9510937499999998,0.09781250000000002,1.0,0.0,1.0,0.65,0.3230078125,0.33610677083333335,0.0006770833333333334,0.040677083333333336,0.9620260000228882,0.049844805151224136,0.6217293739318848,1.0,0.011785649694502354,0.784028947353363,0.0,0.528469979763031,1.0,0.9863988161087036,0.013601183891296387
2,1170,0.28516122698783875,0.29889360070228577,0.2870364785194397,0.012713534757494926,0.1814453125,0.5013055205345154,0.9672894965277777,0.06542100694444446,1.0,0.0,1.0,0.65,0.24498697916666667,0.39993489583333336,0.0027994791666666667,0.04384114583333333,0.9619506597518921,0.04999547451734543,0.6191335916519165,1.0,0.011785649694502354,0.7667242288589478,0.0,0.5262635946273804,1.0,0.9864919781684875,0.013508021831512451
2,1180,0.5046746730804443,0.3797723054885864,0.32210573554039,0.01914273574948311,0.15024739583333332,0.4443603456020355,0.9788151041666666,0.04236979166666667,1.0,0.0,0.7348484848484848,0.6102272727272727,0.18532552083333334,0.42337239583333336,0.0033333333333333335,0.019166666666666665,0.9612771272659302,0.051342613995075226,0.6191335916519165,1.0,0.011785649694502354,0.7667242288589478,0.0,0.5262635946273804,1.0,0.986580491065979,0.013419508934020996
2,1190,0.39585617184638977,0.30500802397727966,0.29668939113616943,0.022683920338749886,0.2181640625,0.565331220626831,0.9930295138888888,0.01394097222222223,1.0,0.0,0.8023200757575758,0.6203480113636364,0.3609114583333333,0.5718229166666666,0.04126302083333333,0.020651041666666668,0.9604586362838745,0.053116753697395325,0.6188207864761353,1.0,0.011785649694502354,0.7646386027336121,0.0,0.5259976983070374,1.0,0.9866605401039124,0.013339459896087646
2,1200,0.4300915598869324,0.29984909296035767,0.2558802366256714,0.027891041710972786,0.2596614583333333,0.6516382694244385,0.9944552951388888,0.011089409722222221,1.0,0.0,0.41228693181818177,0.5618430397727272,0.5245572916666666,0.6321484375,0.0105078125,0.0120703125,0.9600754976272583,0.05463998764753342,0.6188207864761353,1.0,0.011785649694502354,0.7646386027336121,0.0,0.5259976983070374,1.0,0.9867286682128906,0.013271331787109375
2,1210,0.4615130126476288,0.3185844123363495,0.28831884264945984,0.04967969283461571,0.2659765625,0.5783802270889282,0.9946592881944444,0.010681423611111112,1.0,0.0,0.4170217803030302,0.5625532670454545,0.29997395833333335,0.6032942708333333,0.0035807291666666665,0.012174479166666667,0.9595025181770325,0.05740955471992493,0.6198378801345825,1.0,0.009171692654490471,0.7775185108184814,0.0,0.5268622040748596,1.0,0.9867985844612122,0.013201415538787842
2,1220,0.3852629065513611,0.31754523515701294,0.2705478370189667,0.008587455376982689,0.1896875,0.6661545038223267,0.9692898025430314,0.0518614341367066,1.0,0.0,0.4762073863636364,0.5714311079545454,0.4947916666666667,0.545,0.0004166666666666667,0.0134765625,0.9620109796524048,0.05619330704212189,0.6194475889205933,1.0,0.0,0.7963169813156128,0.0,0.5265304446220398,1.0,0.9868664741516113,0.013133525848388672
2,1230,0.0820290595293045,0.13987956941127777,0.13521504402160645,0.003054859349504113,0.096015625,0.44922298192977905,0.5497649189374357,0.5209564062633469,1.0,0.0,1.0,0.65,0.2447265625,0.19966145833333335,0.00015625,0.025286458333333334,0.9614238739013672,0.05736745893955231,0.6214429140090942,1.0,0.0,0.809619665145874,0.0,0.5282264947891235,1.0,0.9868918657302856,0.013108134269714355
2,1240,0.2914002537727356,0.28993839025497437,0.18312044441699982,0.008523772470653057,0.15076822916666666,0.36590927839279175,0.9696797610690115,0.04960593754784039,1.0,0.0,1.0,0.65,0.059140625,0.4339453125,0.005559895833333333,0.0398046875,0.9577096700668335,0.05809290334582329,0.6237385272979736,1.0,0.0,0.8249233961105347,0.0,0.5301777720451355,1.0,0.9868795275688171,0.013120472431182861
2,1250,0.36325907707214355,0.2777596116065979,0.2402154952287674,0.027602268382906914,0.23848958333333334,0.34014594554901123,0.9927495659722221,0.01450086805555556,1.0,0.0,0.9988162878787878,0.6498224431818181,0.0057552083333333335,0.5482161458333333,0.12572916666666667,0.024973958333333334,0.9559905529022217,0.06153102219104767,0.6167768836021423,0.9961383938789368,0.0,0.7913848161697388,0.0,0.5242603421211243,1.0,0.9868583679199219,0.013141632080078125
2,1260,0.30954039096832275,0.2442208081483841,0.2071860134601593,0.02771042473614216,0.24171875,0.4399077296257019,0.9875108506944443,0.024978298611111116,1.0,0.0,1.0,0.65,0.036145833333333335,0.62265625,0.03240885416666667,0.0303515625,0.9568841457366943,0.05974385887384415,0.6197953224182129,0.9961383938789368,0.0,0.8115079402923584,0.0,0.526826024055481,1.0,0.9867228269577026,0.013277173042297363
2,1270,0.3891027867794037,0.3245382606983185,0.3058531582355499,0.03665103390812874,0.22037760416666666,0.5311949849128723,0.986970486111111,0.026059027777777785,1.0,0.0,0.6366003787878788,0.5954900568181818,0.04282552083333333,0.5494661458333333,0.010338541666666666,0.017005208333333334,0.9584881663322449,0.05653577670454979,0.6138218641281128,0.996138334274292,0.0,0.7716845273971558,0.0,0.5217486023902893,1.0,0.9865902662277222,0.013409733772277832
2,1280,0.343155175447464,0.31455111503601074,0.26780399680137634,0.02919124625623226,0.19817708333333334,0.4885820150375366,0.9817795138888888,0.03644097222222223,1.0,0.0,1.0,0.65,0.26794270833333333,0.5025,0.0014713541666666666,0.025455729166666666,0.9589844942092896,0.055543091148138046,0.6138218641281128,0.9961383938789368,0.0,0.771684467792511,0.0,0.5217486023902893,1.0,0.9864402413368225,0.01355975866317749
2,1290,0.3284536600112915,0.2963683307170868,0.24480512738227844,0.03219218552112579,0.21290364583333332,0.4980580508708954,0.9813715277777777,0.037256944444444454,1.0,0.0,0.9562026515151515,0.6434303977272727,0.332734375,0.5116276041666666,0.0166796875,0.024036458333333333,0.9587855339050293,0.05594095587730408,0.6157158017158508,0.996138334274292,0.0,0.7843106985092163,0.0,0.5233584642410278,1.0,0.9862836599349976,0.013716340065002441
2,1300,0.31850674748420715,0.2760378420352936,0.2366006225347519,0.0334196500480175,0.2261328125,0.5160408616065979,0.9840060763888888,0.03198784722222223,1.0,0.0,1.0,0.65,0.1980859375,0.6026171875,0.0015494791666666667,0.02734375,0.95818030834198,0.05715147778391838,0.6171277761459351,0.9961383938789368,0.0,0.7937240600585938,0.0,0.5245586037635803,1.0,0.9861217737197876,0.013878226280212402
2,1310,0.21465881168842316,0.19050301611423492,0.17966695129871368,0.019529905170202255,0.2013671875,0.4243687093257904,0.963233209960481,0.058160862492190504,1.0,0.0,1.0,0.65,0.07372395833333334,0.4898828125,0.015442708333333333,0.06231770833333333,0.9575890302658081,0.0583341009914875,0.6213257312774658,0.996138334274292,0.0,0.8217104077339172,0.0,0.5281268954277039,1.0,0.9859473705291748,0.014052629470825195
2,1320,0.3090684115886688,0.23388737440109253,0.1829466074705124,0.019252702593803406,0.21549479166666666,0.37927311658859253,0.9887109374999999,0.022578125000000004,1.0,0.0,1.0,0.65,0.005859375,0.5023828125,0.08486979166666667,0.025833333333333333,0.9557864665985107,0.05952085554599762,0.6254898309707642,0.9961383938789368,0.0,0.8494712710380554,0.0,0.5316663980484009,1.0,0.9857702851295471,0.01422971487045288
2,1330,0.3397364318370819,0.26914146542549133,0.19826440513134003,0.016566988080739975,0.21412760416666668,0.4257512390613556,0.9876714409722221,0.02465711805555556,1.0,0.0,0.8413825757575757,0.6262073863636364,0.031966145833333334,0.5109895833333333,0.0796484375,0.021510416666666667,0.9538743495941162,0.058591440320014954,0.6279756426811218,0.996138334274292,0.0,0.866043210029602,0.0,0.5337793231010437,1.0,0.9856078028678894,0.014392197132110596
2,1340,0.3214614689350128,0.22495406866073608,0.13841001689434052,0.014544066973030567,0.245703125,0.2962374985218048,0.9219997641673455,0.015234375000000007,1.0,0.0,1.0,0.65,0.0020442708333333333,0.5077734375,0.15354166666666666,0.02890625,0.974582314491272,0.03524769842624664,0.6278911232948303,0.9961383938789368,0.0,0.865479588508606,0.0,0.5337074995040894,1.0,0.9856410622596741,0.014358937740325928
2,1350,0.5860884785652161,0.38850754499435425,0.30075210332870483,0.018424635753035545,0.1468359375,0.42451930046081543,0.9638997395833333,0.07220052083333332,0.9189046223958335,0.0,0.2956912878787878,0.5038060043797349,0.035169270833333335,0.35888020833333334,0.010872395833333333,0.009505208333333333,0.9738500118255615,0.03431449830532074,0.6263988018035889,0.996138334274292,0.0,0.8555307388305664,0.0,0.5324389934539795,1.0,0.9856278300285339,0.014372169971466064
2,1360,0.3810759484767914,0.310867041349411,0.2629632353782654,0.03732653707265854,0.21911458333333333,0.4881405234336853,0.9865863715277777,0.026827256944444447,1.0,0.0,0.47028882575757563,0.5705433238636364,0.25864583333333335,0.5892447916666667,0.007265625,0.013346354166666666,0.9735972881317139,0.0348198302090168,0.6260267496109009,0.9961383938789368,0.0,0.8530506491661072,0.0,0.5321227312088013,1.0,0.9855629801750183,0.01443701982498169
2,1370,0.41808462142944336,0.31615033745765686,0.23583385348320007,0.03321720287203789,0.24360677083333335,0.697854220867157,0.9847786458333332,0.030442708333333342,1.0,0.0,0.16370738636363633,0.5245561079545454,0.47595052083333333,0.5894270833333334,0.000625,0.0066015625,0.9732330441474915,0.0355483740568161,0.6220316886901855,0.996138334274292,0.0,0.826417088508606,0.0,0.5287269353866577,1.0,0.9853989481925964,0.014601051807403564
2,1380,0.26657599210739136,0.26014646887779236,0.2178112268447876,0.02206052839756012,0.20518229166666666,0.43456971645355225,0.977712673611111,0.04457465277777779,1.0,0.0,1.0,0.65,0.19395833333333334,0.5154296875,0.0035416666666666665,0.0431640625,0.9731258153915405,0.03576270490884781,0.6238411068916321,0.9961383938789368,0.0,0.8384796977043152,0.0,0.5302649736404419,1.0,0.9851337671279907,0.014866232872009277
2,1390,0.25267624855041504,0.2596098780632019,0.2188989669084549,0.026244841516017914,0.176875,0.4197584390640259,0.9746375868055555,0.0507248263888889,1.0,0.0,1.0,0.65,0.2104296875,0.4767578125,0.0112109375,0.0370703125,0.9733222126960754,0.03537001460790634,0.6229110956192017,0.996138334274292,0.0,0.8322793245315552,0.0,0.5294744372367859,1.0,0.9848539233207703,0.015146076679229736
2,1400,0.2885824143886566,0.25021758675575256,0.21502713859081268,0.0327007994055748,0.221640625,0.37965163588523865,0.9803190104166666,0.03936197916666667,1.0,0.0,1.0,0.65,0.045611979166666664,0.565390625,0.03345052083333333,0.029114583333333333,0.9723021388053894,0.035541970282793045,0.6232239007949829,0.9961383938789368,0.0,0.8343648910522461,0.0,0.5297403335571289,1.0,0.9845578074455261,0.015442192554473877
2,1410,0.29590529203414917,0.23695769906044006,0.19548316299915314,0.021015791222453117,0.2220703125,0.3596394956111908,0.9820377604166666,0.03592447916666666,1.0,0.0,1.0,0.65,0.014049479166666667,0.5809114583333334,0.071328125,0.025794270833333334,0.9725720286369324,0.03492110222578049,0.6232239007949829,0.996138334274292,0.0,0.8343648910522461,0.0,0.5297403335571289,1.0,0.9842338562011719,0.015766143798828125
2,1420,0.2884126901626587,0.2244453877210617,0.16499587893486023,0.014692124910652637,0.21565104166666665,0.29846227169036865,0.9568067611995926,0.035603298611111125,1.0,0.0,1.0,0.65,0.0013802083333333333,0.5037630208333334,0.07731770833333333,0.0258203125,0.9715175628662109,0.03300223499536514,0.6232239007949829,0.9961383938789368,0.0,0.8343648910522461,0.0,0.5297403335571289,1.0,0.9838849306106567,0.01611506938934326
2,1430,0.30460891127586365,0.22849427163600922,0.1476811170578003,0.010965947061777115,0.22053385416666665,0.30953577160835266,0.9291346307901235,0.032343750000000004,1.0,0.0,0.82421875,0.6236328125,0.000390625,0.4515625,0.12609375,0.0211328125,0.9663262367248535,0.03287529572844505,0.6214905977249146,0.996138334274292,0.0,0.8228095769882202,0.0,0.5282670259475708,1.0,0.9835120439529419,0.016487956047058105
2,1440,0.31560420989990234,0.2457967847585678,0.19355320930480957,0.021853743121027946,0.24712239583333334,0.3065185546875,0.9846310763888888,0.030737847222222225,1.0,0.0,0.9881628787878787,0.6482244318181818,0.0008203125,0.5356770833333333,0.08282552083333333,0.024739583333333332,0.9614610075950623,0.032370373606681824,0.6205943822860718,0.9961383938789368,0.0,0.8168346881866455,0.0,0.5275052189826965,1.0,0.9836456775665283,0.01635432243347168
2,1450,0.30326253175735474,0.23186606168746948,0.16186265647411346,0.015148282051086426,0.22333333333333333,0.29484257102012634,0.9543016937553374,0.030008680555555556,1.0,0.0,0.7910748106060607,0.6186612215909091,0.0004947916666666667,0.4571484375,0.11579427083333334,0.020403645833333334,0.9618887901306152,0.032309405505657196,0.6181212663650513,0.996138334274292,0.0,0.8003472089767456,0.0,0.5254030823707581,1.0,0.9832862019538879,0.01671379804611206
2,1460,0.32145676016807556,0.24265128374099731,0.18987241387367249,0.020941022783517838,0.24848958333333335,0.32255277037620544,0.9874435763888888,0.02511284722222223,1.0,0.0,0.9467329545454545,0.6420099431818181,0.003919270833333334,0.5033723958333334,0.11734375,0.023828125,0.9611849784851074,0.02956056222319603,0.6229902505874634,1.0,0.0,0.8199348449707031,0.0,0.5295417308807373,1.0,0.9829627275466919,0.017037272453308105
2,1470,0.486017107963562,0.382011353969574,0.31133759021759033,0.020748505368828773,0.16975260416666665,0.3541010022163391,0.9798611111111111,0.04027777777777777,1.0,0.0,0.4406960227272727,0.566104403409091,0.0634765625,0.41506510416666664,0.00890625,0.0126953125,0.9590364098548889,0.029200734570622444,0.6251970529556274,1.0,0.0,0.8346467018127441,0.0,0.5314174890518188,1.0,0.9826350808143616,0.017364919185638428
2,1480,0.3156728148460388,0.2732904851436615,0.2133486419916153,0.02445392869412899,0.20821614583333334,0.44388702511787415,0.9847200520833332,0.030559895833333336,1.0,0.0,0.8899147727272727,0.633487215909091,0.14963541666666666,0.5748958333333334,0.005533854166666667,0.022578125,0.9557393789291382,0.028445525094866753,0.6278054118156433,1.0,0.0,0.8520359992980957,0.0,0.533634603023529,1.0,0.9821689128875732,0.017831087112426758
2,1490,0.3364945948123932,0.279998779296875,0.20992432534694672,0.02327641472220421,0.20938802083333333,0.44351014494895935,0.9859027777777777,0.028194444444444453,1.0,0.0,0.8697916666666666,0.63046875,0.19403645833333333,0.5726822916666666,0.017994791666666666,0.022135416666666668,0.9539716243743896,0.027061183005571365,0.6257212162017822,1.0,0.0,0.8381414413452148,0.0,0.5318630337715149,1.0,0.9818353056907654,0.01816469430923462
2,1500,0.24849632382392883,0.23797966539859772,0.1684085726737976,0.015073621645569801,0.18408854166666666,0.399038702249527,0.9599497105932642,0.04086805555555556,1.0,0.0,1.0,0.65,0.14428385416666667,0.49377604166666667,0.0018619791666666667,0.0435546875,0.9536334872245789,0.02533147856593132,0.624909520149231,1.0,0.0,0.8327301740646362,0.0,0.5311731100082397,1.0,0.9814901947975159,0.01850980520248413
2,1510,0.3167567551136017,0.23202180862426758,0.17949679493904114,0.016996700316667557,0.2394921875,0.31631046533584595,0.9896735958156423,0.018949652777777784,1.0,0.0,1.0,0.65,0.002018229166666667,0.5658203125,0.12315104166666667,0.032591145833333335,0.9535249471664429,0.024147823452949524,0.623801052570343,1.0,0.0033433192875236273,0.8175392746925354,0.0,0.5302308797836304,1.0,0.9811575412750244,0.018842458724975586
2,1520,0.2943758964538574,0.2174883335828781,0.1504673808813095,0.02144756354391575,0.25134114583333333,0.3124895691871643,0.9410894298247803,0.017864583333333333,1.0,0.0,1.0,0.65,0.0017447916666666666,0.5027473958333334,0.08493489583333333,0.032903645833333335,0.9539069533348083,0.023383934050798416,0.623801052570343,1.0,0.0033433192875236273,0.8175392150878906,0.0,0.5302308797836304,1.0,0.9808270931243896,0.01917290687561035
2,1530,0.3091466724872589,0.19755585491657257,0.11587550491094589,0.015521078370511532,0.26631510416666665,0.2944434583187103,0.8796922918619253,0.019912446041901927,1.0,0.0,0.7573390151515151,0.6136008522727272,0.0007421875,0.5521223958333333,0.10802083333333333,0.019661458333333333,0.9552584886550903,0.023099130019545555,0.6236023306846619,1.0,0.0033433192875236273,0.8162145614624023,0.0,0.5300620198249817,1.0,0.9804816842079163,0.01951831579208374
2,1540,0.3201037645339966,0.2080642729997635,0.11649439483880997,0.014303159900009632,0.25686197916666664,0.2964420020580292,0.8855020661588408,0.014053819444444449,1.0,0.0,0.7159090909090908,0.6073863636363637,0.0031380208333333334,0.5169401041666667,0.1175390625,0.01875,0.9578239917755127,0.023177048191428185,0.6224059462547302,1.0,0.0033433192875236273,0.8082386255264282,0.0,0.529045045375824,1.0,0.9801375865936279,0.01986241340637207
2,1550,0.3382957875728607,0.22379909455776215,0.14333990216255188,0.014966285787522793,0.25373697916666665,0.31265488266944885,0.9309828379011561,0.013953993055555558,1.0,0.0,0.6537642045454546,0.5980646306818181,0.0036458333333333334,0.5000260416666666,0.13010416666666666,0.0173828125,0.9518450498580933,0.030882475897669792,0.6213533282279968,1.0,0.0033433192875236273,0.8012208938598633,0.0,0.5281503200531006,1.0,0.9795804619789124,0.020419538021087646
2,1560,0.3451712727546692,0.22151635587215424,0.15421099960803986,0.011851970106363297,0.2458203125,0.27277815341949463,0.9491196630653153,0.01447482638888889,1.0,0.0,0.70703125,0.6060546875,0.0013151041666666667,0.49778645833333335,0.17584635416666666,0.0185546875,0.947269082069397,0.03895144164562225,0.6204613447189331,1.0,0.0033433192875236273,0.7952741980552673,0.0,0.5273921489715576,1.0,0.9790010452270508,0.02099895477294922
2,1570,0.350853830575943,0.23770774900913239,0.15110567212104797,0.012516633607447147,0.249765625,0.2829675078392029,0.9414664899997223,0.01927083333333334,1.0,0.0,0.7792376893939393,0.6168856534090909,0.0019010416666666668,0.4944791666666667,0.19661458333333334,0.020143229166666665,0.9365830421447754,0.053483106195926666,0.6180601119995117,1.0,0.0033433192875236273,0.7792658805847168,0.0,0.5253511071205139,1.0,0.9783794283866882,0.021620571613311768
2,1580,0.3481925427913666,0.2096046656370163,0.13440166413784027,0.009980835020542145,0.24005208333333333,0.2740814685821533,0.9155419187973708,0.014583333333333337,1.0,0.0,0.5288825757575757,0.5793323863636364,0.00026041666666666666,0.5085286458333333,0.18748697916666668,0.014635416666666666,0.9254627227783203,0.06750386208295822,0.6210066080093384,1.0,0.0033433192875236273,0.7989099025726318,0.0,0.527855634689331,1.0,0.9777684211730957,0.022231578826904297
2,1590,0.3444901406764984,0.22237829864025116,0.14947481453418732,0.01737857609987259,0.24678385416666668,0.27087897062301636,0.940590257715975,0.015503472222222224,1.0,0.0,0.7082149621212122,0.6062322443181818,0.001015625,0.5277213541666667,0.18278645833333335,0.018580729166666667,0.9232247471809387,0.07092535495758057,0.6197003126144409,1.0,0.0033433192875236273,0.7902010679244995,0.0,0.5267452597618103,1.0,0.9771928787231445,0.02280712127685547
2,1600,0.333692729473114,0.21925346553325653,0.16507133841514587,0.01668930985033512,0.24526041666666668,0.28036296367645264,0.9675355903307596,0.01440104166666667,1.0,0.0,0.8863636363636362,0.6329545454545454,0.0012630208333333332,0.5050651041666666,0.1570703125,0.0225,0.9205477833747864,0.0747457817196846,0.6164958477020264,1.0,0.0033433192875236273,0.7688379287719727,0.0,0.5240215063095093,1.0,0.9765586853027344,0.023441314697265625
2,1610,0.37547212839126587,0.252973735332489,0.17130973935127258,0.021877450868487358,0.24317708333333332,0.30764439702033997,0.9780408008893331,0.014505208333333337,1.0,0.07020970394736842,0.6809895833333334,0.626721833881579,0.0006380208333333333,0.5368359375,0.2266796875,0.017981770833333334,0.9176280498504639,0.08135578036308289,0.6136887669563293,1.0,0.0033433192875236273,0.7501239776611328,0.0,0.5216354727745056,1.0,0.9758743643760681,0.024125635623931885
2,1620,0.2973552942276001,0.22687461972236633,0.18638360500335693,0.018747737631201744,0.2327734375,0.29222583770751953,0.9900585937499999,0.019882812500000006,1.0,0.0,1.0,0.65,0.010065104166666667,0.5952864583333334,0.103125,0.031588541666666664,0.9138292670249939,0.08627757430076599,0.6106026768684387,1.0,0.0033433192875236273,0.7295500040054321,0.0,0.5190122723579407,1.0,0.9751511216163635,0.024848878383636475
2,1630,0.3307609558105469,0.256519615650177,0.22809690237045288,0.013637675903737545,0.22098958333333332,0.27667000889778137,0.9851888020833333,0.02962239583333334,1.0,0.0,0.972182765151515,0.6458274147727272,0.004466145833333333,0.5300390625,0.18759114583333333,0.024388020833333333,0.9141083359718323,0.08928365260362625,0.6097275018692017,1.0,0.0033433192875236273,0.7237160205841064,0.0,0.5182684063911438,1.0,0.9744277000427246,0.02557229995727539
2,1640,0.46518492698669434,0.3824349641799927,0.3065938353538513,0.010823717340826988,0.15962239583333335,0.2660134434700012,0.9830099826388888,0.03398003472222223,1.0,0.0,0.6567234848484849,0.5985085227272727,0.015052083333333334,0.40684895833333334,0.0900390625,0.017447916666666667,0.9115045070648193,0.10071757435798645,0.61146080493927,1.0,0.0033433192875236273,0.7352712750434875,0.0,0.5197417140007019,1.0,0.973717212677002,0.026282787322998047
2,1650,0.33376914262771606,0.3541600704193115,0.34518909454345703,0.00514600845053792,0.111171875,0.487314909696579,0.8590741850550825,0.19255182569498214,1.0,0.0,0.8407907196969696,0.6261186079545454,0.2735546875,0.3181380208333333,0.0010807291666666667,0.021497395833333332,0.9161684513092041,0.10162509977817535,0.613490104675293,1.0,0.0033433192875236273,0.7487994432449341,0.0,0.5214666128158569,1.0,0.9730552434921265,0.026944756507873535
2,1660,0.2944142520427704,0.3109077215194702,0.303753525018692,0.005369096528738737,0.13592447916666667,0.4981197118759155,0.85820617634692,0.19945695711839892,1.0,0.0,0.6661931818181818,0.5999289772727272,0.3776953125,0.40826822916666666,0.002734375,0.01765625,0.9190412163734436,0.10178817808628082,0.6126995086669922,1.0,0.0033433192875236273,0.7435290813446045,0.0,0.5207945704460144,1.0,0.9723402857780457,0.027659714221954346
2,1670,0.18794327974319458,0.26566794514656067,0.25349557399749756,0.003194625023752451,0.0762890625,0.5055652856826782,0.7630364351927124,0.330277728194956,1.0,0.0,0.6105587121212122,0.5915838068181818,0.2961067708333333,0.29084635416666665,0.0034505208333333332,0.016432291666666668,0.9204793572425842,0.10306835174560547,0.6109915971755981,1.0,0.0033433192875236273,0.7321428656578064,0.0,0.5193428993225098,1.0,0.9715303182601929,0.02846968173980713
2,1680,0.18933212757110596,0.2441425621509552,0.23708796501159668,0.002536592772230506,0.07071614583333333,0.42280447483062744,0.7463359378136994,0.33471368548025615,1.0,0.0,0.8532196969696969,0.6279829545454545,0.2398046875,0.2832421875,0.0104296875,0.021770833333333333,0.921688437461853,0.10465458780527115,0.6115326881408691,1.0,0.0033433192875236273,0.7357503771781921,0.0,0.5198028087615967,1.0,0.9706730842590332,0.029326915740966797
2,1690,0.3188891112804413,0.3210325539112091,0.3249155879020691,0.00804425124078989,0.14889322916666667,0.47609812021255493,0.937721675396531,0.10241125112767947,1.0,0.0,0.70703125,0.6060546875,0.3619140625,0.4273177083333333,0.0181640625,0.0185546875,0.9245611429214478,0.10625821352005005,0.6124627590179443,1.0,0.0033433192875236273,0.7419507503509521,0.0,0.5205933451652527,1.0,0.9697333574295044,0.030266642570495605
2,1700,0.3517807126045227,0.32883787155151367,0.2732790410518646,0.007610163651406765,0.1448046875,0.5295988321304321,0.929686534109558,0.10842340663055257,1.0,0.0,0.42116477272727265,0.5631747159090909,0.3992838541666667,0.4769791666666667,0.012369791666666666,0.012265625,0.9228330850601196,0.10754977911710739,0.610560417175293,1.0,0.0033433192875236273,0.7292681932449341,0.0,0.5189763903617859,1.0,0.9687622785568237,0.03123772144317627
2,1710,0.2136882245540619,0.3038133978843689,0.31292128562927246,0.008005063980817795,0.10977864583333333,0.5628411769866943,0.8986342855795288,0.1796780332745252,1.0,0.0,0.6070075757575757,0.5910511363636364,0.237109375,0.2759765625,0.00390625,0.016354166666666666,0.923892617225647,0.10783685743808746,0.6090553998947144,1.0,0.0033433192875236273,0.719234824180603,0.0,0.5176970958709717,1.0,0.9677579402923584,0.0322420597076416
2,1720,0.3793085217475891,0.3246612548828125,0.2928425967693329,0.006501477677375078,0.1525390625,0.46923258900642395,0.9099000680210387,0.12230727355563786,1.0,0.0,0.5679450757575758,0.5851917613636364,0.34673177083333334,0.5281119791666666,0.041002604166666665,0.015494791666666667,0.9238196611404419,0.10938344150781631,0.6096227169036865,1.0,0.0,0.7308182716369629,0.0,0.5181792974472046,1.0,0.9666339159011841,0.03336608409881592
2,1730,0.37096840143203735,0.34335237741470337,0.3286001980304718,0.007916401140391827,0.1510546875,0.32059651613235474,0.9469499708905936,0.08099227976447684,1.0,0.0,0.8774857954545454,0.6316228693181818,0.25631510416666664,0.4375911458333333,0.09376302083333334,0.0223046875,0.9211934804916382,0.11463579535484314,0.6096227169036865,1.0,0.0,0.7308182716369629,0.0,0.5181792974472046,1.0,0.9654453992843628,0.03455460071563721
2,1740,0.16741392016410828,0.2387334257364273,0.24320530891418457,0.005117996130138636,0.11255208333333333,0.4141412377357483,0.8250131731900339,0.260024783464608,1.0,0.0,1.0,0.65,0.2723046875,0.29498697916666666,0.004309895833333333,0.0334375,0.9204517602920532,0.1161191314458847,0.6098214387893677,1.0,0.0,0.7321428656578064,0.0,0.518348217010498,1.0,0.9641813039779663,0.03581869602203369
2,1750,0.271342009305954,0.23661048710346222,0.22683411836624146,0.025236407294869423,0.24868489583333334,0.43819621205329895,0.9834440104166666,0.033111979166666666,1.0,0.0,1.0,0.65,0.110703125,0.55171875,0.025052083333333332,0.04733072916666667,0.9177338480949402,0.12155502289533615,0.611068606376648,1.0,0.0,0.7404570579528809,0.0,0.5194083452224731,1.0,0.9628987312316895,0.03710126876831055
2,1760,0.38747110962867737,0.3037773668766022,0.20394128561019897,0.018801307305693626,0.22723958333333333,0.5500447750091553,0.9913107638888888,0.01737847222222223,1.0,0.0,0.5430871212121211,0.5814630681818181,0.35213541666666665,0.6017578125,0.0027473958333333335,0.014947916666666667,0.9154901504516602,0.12596186995506287,0.6112080812454224,1.0,0.0,0.7413870692253113,0.0,0.5195268988609314,1.0,0.9616986513137817,0.03830134868621826
2,1770,0.34405457973480225,0.30378425121307373,0.2547946572303772,0.011985506862401962,0.17895833333333333,0.5797656774520874,0.9793207465277777,0.04135850694444444,1.0,0.0,0.4679214015151515,0.5701882102272727,0.45369791666666665,0.5353776041666667,0.0003125,0.013294270833333333,0.910820484161377,0.13278187811374664,0.6104809045791626,1.0,0.0,0.7365394830703735,0.0,0.5189087986946106,1.0,0.9606079459190369,0.039392054080963135
2,1780,0.3544875681400299,0.3211965262889862,0.3088472783565521,0.008408513851463795,0.14122395833333334,0.3498326241970062,0.966856553873961,0.052581725395751504,1.0,0.0,0.854995265151515,0.6282492897727272,0.10352864583333334,0.43861979166666665,0.12688802083333334,0.021809895833333332,0.9116937518119812,0.13220565021038055,0.6101342439651489,1.0,0.0,0.7342284917831421,0.0,0.5186141133308411,1.0,0.959564745426178,0.04043525457382202
2,1790,0.48358622193336487,0.39078959822654724,0.34110182523727417,0.009402453899383545,0.12415364583333334,0.26688724756240845,0.9758702256944444,0.04825954861111112,1.0,0.0,0.6590909090909092,0.5988636363636364,0.11165364583333333,0.3548307291666667,0.05333333333333334,0.0175,0.9159283638000488,0.12870684266090393,0.6096047163009644,0.9993974566459656,0.0,0.7327065467834473,0.0,0.5181640386581421,1.0,0.9585747718811035,0.041425228118896484
2,1800,0.29656726121902466,0.2351379245519638,0.14264848828315735,0.008035347796976566,0.12140625,0.4380573630332947,0.9043007637215562,0.04262627397429167,1.0,0.0,0.44187973484848486,0.5662819602272727,0.16125,0.6981380208333333,0.00328125,0.012721354166666667,0.9099814891815186,0.1370599865913391,0.6101965308189392,0.9993974566459656,0.0,0.7366522550582886,0.0,0.5186670422554016,1.0,0.9577382206916809,0.04226177930831909
2,1810,0.2241523265838623,0.24462810158729553,0.19020316004753113,0.011418219655752182,0.10434895833333334,0.4482075572013855,0.98978515625,0.02042968750000001,1.0,0.0,0.6756628787878788,0.6013494318181818,0.19326822916666667,0.25635416666666666,0.0,0.017864583333333333,0.9041832685470581,0.1458221971988678,0.6131727695465088,0.9993974566459656,0.0,0.7564935088157654,0.0,0.5211968421936035,1.0,0.9569864273071289,0.043013572692871094
2,1820,0.21276898682117462,0.2534928023815155,0.21990060806274414,0.012787044048309326,0.11333333333333333,0.4156917333602905,0.9765082465277777,0.04698350694444445,1.0,0.0,0.9242424242424242,0.6386363636363637,0.2032421875,0.23846354166666667,0.0067578125,0.023333333333333334,0.9002655744552612,0.1506742537021637,0.614548921585083,0.99653559923172,0.0,0.7752074003219604,0.0,0.5223665833473206,1.0,0.9563449621200562,0.04365503787994385
2,1830,0.19662413001060486,0.26745784282684326,0.24949204921722412,0.01580566167831421,0.1274609375,0.5513550639152527,0.9349088541666666,0.13018229166666667,1.0,0.0,1.0,0.65,0.24296875,0.28576822916666667,0.005260416666666667,0.025598958333333335,0.9006998538970947,0.15256235003471375,0.616442859172821,0.99653559923172,0.0,0.7878336906433105,0.0,0.5239764451980591,1.0,0.9558203220367432,0.044179677963256836
2,1840,0.34765344858169556,0.3428662121295929,0.3377059996128082,0.026957495138049126,0.2062109375,0.4584627151489258,0.9696137152777777,0.06077256944444446,1.0,0.0,1.0,0.65,0.237890625,0.3810677083333333,0.04408854166666667,0.04736979166666667,0.8992824554443359,0.15659290552139282,0.612701416015625,0.9965355396270752,0.0,0.7628911733627319,0.0,0.5207962393760681,1.0,0.955324649810791,0.044675350189208984
2,1850,0.21996742486953735,0.30518388748168945,0.29248538613319397,0.009253006428480148,0.12608072916666666,0.48896926641464233,0.9259331597222221,0.14813368055555554,1.0,0.0,0.8313210227272727,0.624698153409091,0.18033854166666666,0.2899088541666667,0.00390625,0.0212890625,0.901701807975769,0.15437012910842896,0.6083978414535522,0.99653559923172,0.0,0.7342002391815186,0.0,0.5171381831169128,1.0,0.9547960162162781,0.045203983783721924
2,1860,0.17113670706748962,0.2687832713127136,0.2654212415218353,0.005072972271591425,0.10317708333333334,0.47442692518234253,0.8119562576761655,0.2850953787455189,1.0,0.0,0.8603219696969696,0.6290482954545454,0.21408854166666666,0.26157552083333335,0.0006901041666666667,0.021927083333333333,0.8967220783233643,0.1625148206949234,0.6040815114974976,0.9965355396270752,0.0,0.7054247856140137,0.0,0.5134692788124084,1.0,0.9542161822319031,0.045783817768096924
2,1870,0.18542149662971497,0.2846372723579407,0.30068162083625793,0.0030857701785862446,0.08337239583333333,0.4547598659992218,0.7601428156822597,0.34267733618808877,1.0,0.0,0.5643939393939393,0.5846590909090909,0.22674479166666667,0.275703125,0.00046875,0.015416666666666667,0.8870428800582886,0.17629075050354004,0.6014223694801331,0.99653559923172,0.0,0.6876972913742065,0.0,0.5112090110778809,1.0,0.9536271095275879,0.04637289047241211
2,1880,0.1917843222618103,0.28460103273391724,0.3070528209209442,0.004011841490864754,0.07858072916666667,0.4821978211402893,0.7813751831937761,0.31817676134011463,1.0,0.0,0.562026515151515,0.5843039772727272,0.2444140625,0.28815104166666666,0.0007421875,0.015364583333333333,0.8810415267944336,0.18569578230381012,0.601477324962616,0.9965355396270752,0.0,0.6880636811256409,0.0,0.5112557411193848,1.0,0.9523614645004272,0.047638535499572754
2,1890,0.17731338739395142,0.2867361903190613,0.2589726150035858,0.006055203732103109,0.0972265625,0.4609600305557251,0.8352641041946361,0.26123870735458005,0.9873453776041667,0.0,0.8212594696969697,0.6168616092566288,0.19114583333333332,0.2248046875,0.0006510416666666666,0.021067708333333334,0.8703790903091431,0.20032787322998047,0.5949293971061707,0.989687979221344,0.0,0.6672359704971313,0.0,0.5056899785995483,1.0,0.9519593715667725,0.04804062843322754
2,1900,0.19000446796417236,0.2805379033088684,0.285334974527359,0.004835301078855991,0.10584635416666667,0.4274459779262543,0.812836657925269,0.277827562805881,1.0,0.0,0.7898910984848485,0.6184836647727273,0.23529947916666666,0.29118489583333335,0.0005338541666666666,0.020377604166666667,0.8660935163497925,0.20551519095897675,0.5950925946235657,0.9892364740371704,0.0,0.6698288917541504,0.0,0.5058287382125854,1.0,0.9514691829681396,0.04853081703186035
2,1910,0.17385680973529816,0.2827153503894806,0.23626960813999176,0.0050413948483765125,0.1001953125,0.3772226572036743,0.8079232946278523,0.29242963284082446,1.0,0.0,0.8378314393939393,0.625674715909091,0.183359375,0.23860677083333334,0.0004557291666666667,0.021432291666666665,0.8638654947280884,0.21267595887184143,0.5954518914222717,0.98923659324646,0.0,0.6722245216369629,0.0,0.5061340928077698,1.0,0.951000988483429,0.048999011516571045
2,1920,0.17180299758911133,0.2846907377243042,0.2541877329349518,0.005301169119775295,0.09545572916666667,0.38188257813453674,0.8163620322785241,0.28157131748652553,0.9399007161458335,0.0,1.0,0.6199503580729168,0.18634114583333333,0.21442708333333332,0.0004427083333333333,0.025338541666666665,0.8514073491096497,0.22968807816505432,0.593828558921814,0.9892365336418152,0.0,0.6614019870758057,0.0,0.5047543048858643,1.0,0.9505658745765686,0.049434125423431396
2,1930,0.17179074883460999,0.2650848925113678,0.2648831605911255,0.011627444066107273,0.12419270833333333,0.4493308365345001,0.919021267361111,0.16195746527777777,1.0,0.0,0.8330965909090908,0.6249644886363637,0.2649739583333333,0.2677994791666667,0.0008723958333333333,0.021328125,0.8448765277862549,0.23810097575187683,0.5901167392730713,0.9892365336418152,0.0,0.6366567611694336,0.0,0.5015992522239685,1.0,0.950172483921051,0.049827516078948975
2,1940,0.1755836009979248,0.2652871906757355,0.23134441673755646,0.009431430138647556,0.11247395833333333,0.48535358905792236,0.9171831597222222,0.16563368055555555,1.0,0.0,0.35369318181818177,0.5530539772727273,0.277265625,0.28735677083333333,0.0017447916666666666,0.01078125,0.83754563331604,0.24710965156555176,0.5880790948867798,0.9892365336418152,0.0,0.6230722665786743,0.0,0.4998672306537628,1.0,0.9498002529144287,0.05019974708557129
2,1950,0.16703207790851593,0.25870561599731445,0.21014246344566345,0.007488969247788191,0.11591145833333333,0.40451738238334656,0.8758208276337482,0.21334665657149826,1.0,0.0,0.39749053030303033,0.5596235795454545,0.274921875,0.2832942708333333,0.0010677083333333333,0.011744791666666667,0.8372777700424194,0.24764537811279297,0.5854791402816772,0.98923659324646,0.0,0.6057393550872803,0.0,0.49765726923942566,1.0,0.9491748809814453,0.05082511901855469
2,1960,0.1985192447900772,0.2764695882797241,0.20617353916168213,0.007355125620961189,0.10787760416666667,0.6608890891075134,0.8788683559214521,0.204150345228148,1.0,0.0,0.39571496212121204,0.5593572443181818,0.26251302083333333,0.2523046875,2.604166666666667e-05,0.011705729166666666,0.8396965265274048,0.24256056547164917,0.586683988571167,0.9892365336418152,0.0,0.6137716770172119,0.0,0.4986813962459564,1.0,0.9487558603286743,0.051244139671325684
2,1970,0.2197069525718689,0.3053630590438843,0.3113524615764618,0.003940553870052099,0.08184895833333333,0.6515223979949951,0.7880478248672514,0.30667328140085065,1.0,0.0,0.17080965909090906,0.5256214488636364,0.2605859375,0.2857942708333333,0.0006770833333333334,0.0067578125,0.8458699584007263,0.2326313853263855,0.5858765840530396,0.9892365336418152,0.0,0.6083885431289673,0.0,0.4979951083660126,1.0,0.9484156370162964,0.05158436298370361
2,1980,0.1692223846912384,0.24401670694351196,0.18583093583583832,0.0066457404755055904,0.10140625,0.6275630593299866,0.8532931027811799,0.23886387862618455,1.0,0.0,0.4756155303030302,0.5713423295454545,0.2297265625,0.24592447916666665,0.0010807291666666667,0.013463541666666667,0.8386485576629639,0.2363682985305786,0.5861175656318665,0.9892364740371704,0.0,0.6099950671195984,0.0,0.4981999397277832,1.0,0.9480826258659363,0.05191737413406372
2,1990,0.2128758579492569,0.31603798270225525,0.3429369032382965,0.0033234702423214912,0.07076822916666667,0.5670989751815796,0.7429452479803575,0.35985579702115533,0.8562011718750003,0.0,0.41761363636363635,0.4907426313920456,0.1484375,0.225546875,0.0021354166666666665,0.0121875,0.8463383913040161,0.22520634531974792,0.5827139019966125,0.9863862991333008,0.0,0.5968050956726074,0.0,0.4953068196773529,1.0,0.9478104114532471,0.05218958854675293
2,2000,0.23955769836902618,0.29755574464797974,0.19318296015262604,0.005933213047683239,0.0965234375,0.475617378950119,0.8858735618653498,0.15719317859366816,0.990519205729167,0.0,0.7135416666666667,0.6022908528645835,0.161796875,0.25516927083333335,0.0003385416666666667,0.018697916666666668,0.846763014793396,0.22276091575622559,0.5758537650108337,0.9796413779258728,0.0,0.5735536217689514,0.0,0.48947572708129883,1.0,0.947472870349884,0.05252712965011597
2,2010,0.4066811800003052,0.3882347345352173,0.32667210698127747,0.0050305756740272045,0.08787760416666666,0.40792596340179443,0.8575114963187516,0.19300254127288335,1.0,0.0,0.4921875,0.573828125,0.150234375,0.34013020833333335,0.016328125,0.013828125,0.8519872426986694,0.21155643463134766,0.5725013017654419,0.9796414375305176,0.0,0.5512039661407471,0.0,0.48662611842155457,1.0,0.9472312927246094,0.052768707275390625
2,2020,0.1816234290599823,0.2794795632362366,0.3066306412220001,0.0023246901109814644,0.07540364583333334,0.5293298363685608,0.7281649338327736,0.37768421526870144,1.0,0.0,0.44839015151515144,0.5672585227272727,0.2191796875,0.250390625,0.0020703125,0.012864583333333334,0.859910249710083,0.2000783085823059,0.5736596584320068,0.9796413779258728,0.0,0.5589263439178467,0.0,0.48761072754859924,1.0,0.9470403790473938,0.0529596209526062
2,2030,0.24976666271686554,0.2746807038784027,0.2907771170139313,0.004786698613315821,0.1337890625,0.584926426410675,0.8393603803098282,0.22365396334741744,1.0,0.0,0.40459280303030304,0.5606889204545454,0.42029947916666666,0.42217447916666667,0.0,0.011901041666666667,0.8682546615600586,0.18744385242462158,0.5709776282310486,0.9825032353401184,0.0028277074452489614,0.5249086618423462,0.0,0.4853309988975525,1.0,0.9468762874603271,0.05312371253967285
2,2040,0.15211258828639984,0.24231462180614471,0.2575176954269409,0.0038766134530305862,0.09006510416666667,0.4769267737865448,0.7809612565142353,0.3193648718588236,1.0,0.0,0.7147253787878787,0.6072088068181818,0.22071614583333332,0.2510546875,0.0006380208333333333,0.018723958333333332,0.8703783750534058,0.18319638073444366,0.5726295113563538,0.9825032353401184,0.0041412124410271645,0.5328564643859863,0.0,0.48673510551452637,1.0,0.9466539025306702,0.053346097469329834
2,2050,0.3106207847595215,0.31924861669540405,0.31035616993904114,0.00913213286548853,0.13609375,0.4493847191333771,0.9639887152777777,0.07202256944444445,1.0,0.0,0.6360085227272726,0.5954012784090909,0.30639322916666667,0.41109375,0.02609375,0.0169921875,0.8584679961204529,0.18486303091049194,0.5735807418823242,0.9825032353401184,0.0041412124410271645,0.5391978025436401,0.0,0.48754364252090454,1.0,0.9463958740234375,0.0536041259765625
2,2060,0.2716057598590851,0.26073113083839417,0.24716708064079285,0.008775699883699417,0.15834635416666668,0.46741342544555664,0.9767252475572472,0.0413523070687847,1.0,0.0,1.0,0.65,0.28578125,0.48256510416666665,0.0026041666666666665,0.028541666666666667,0.8540776968002319,0.1841140240430832,0.5756226778030396,0.9825032353401184,0.0041412124410271645,0.5528104901313782,0.0,0.48927929997444153,1.0,0.9461759328842163,0.05382406711578369
2,2070,0.2684696614742279,0.24552291631698608,0.19825871288776398,0.007264238782227039,0.13424479166666667,0.3959597051143646,0.9415991993741131,0.0765827437667908,1.0,0.0,0.747277462121212,0.6120916193181818,0.22444010416666665,0.5102864583333333,0.007786458333333334,0.019440104166666666,0.8533496856689453,0.17909348011016846,0.5761063098907471,0.9748380184173584,0.0041412124410271645,0.5815860033035278,0.0,0.489690363407135,1.0,0.9460705518722534,0.05392944812774658
2,2080,0.20036280155181885,0.17692279815673828,0.1489809900522232,0.002419251250103116,0.05165364583333333,0.2666226029396057,0.6084937977950732,0.42115277861741407,1.0,0.0,0.5981297348484849,0.5897194602272727,0.0787109375,0.40563802083333333,0.021002604166666668,0.016158854166666667,0.8576319217681885,0.1698232740163803,0.5638929605484009,0.9385656714439392,0.0041412124410271645,0.6210712194442749,0.0,0.4793090224266052,1.0,0.9460865259170532,0.05391347408294678
2,2090,0.35158848762512207,0.29509425163269043,0.2681828737258911,0.0076837362721562386,0.11520833333333333,0.29132938385009766,0.9428626906350861,0.08377582503588703,0.9401448567708336,0.0,0.2850378787878788,0.5128281102035986,0.008528645833333333,0.39231770833333335,0.11764322916666667,0.009270833333333334,0.8593549132347107,0.16468468308448792,0.5551709532737732,0.9136304259300232,0.0041412124410271645,0.6460419297218323,0.0,0.47189533710479736,1.0,0.9460690021514893,0.05393099784851074
2,2100,0.26663529872894287,0.22896236181259155,0.1856383979320526,0.0046085272915661335,0.10229166666666667,0.3065623939037323,0.8441808685609885,0.209884626950897,0.8457031250000001,0.0,0.3329782196969697,0.4727982954545455,0.0050390625,0.3655859375,0.151953125,0.010325520833333334,0.8629133701324463,0.15311381220817566,0.5487658977508545,0.9023593068122864,0.0041412124410271645,0.6409124732017517,0.0,0.4664510190486908,1.0,0.9462890625,0.0537109375
2,2110,0.356841504573822,0.24279022216796875,0.15214526653289795,0.008218904957175255,0.15286458333333333,0.2110312581062317,0.9225452027926352,0.04253349131240752,1.0,0.0,0.3205492424242424,0.5480823863636364,0.006354166666666667,0.4214583333333333,0.18153645833333334,0.010052083333333333,0.8632764220237732,0.15061551332473755,0.5481672883033752,0.90281081199646,0.0041412124410271645,0.6354166865348816,0.0,0.4659422039985657,1.0,0.9465655088424683,0.05343449115753174
2,2120,0.2946602702140808,0.26092368364334106,0.20753619074821472,0.021223455667495728,0.17940104166666668,0.2679596543312073,0.9743055555555554,0.05138888888888889,1.0,0.0,1.0,0.65,0.0687890625,0.44555989583333333,0.14010416666666667,0.037265625,0.8677873015403748,0.14597351849079132,0.5482273101806641,0.8956763744354248,0.0041412124410271645,0.6595982313156128,0.0,0.4659932255744934,1.0,0.9468550682067871,0.05314493179321289
2,2130,0.4201046824455261,0.28923356533050537,0.20544657111167908,0.008975725620985031,0.12647135416666666,0.23075063526630402,0.9915948299227693,0.016247885030944167,1.0,0.05938185307017542,0.2856297348484848,0.5636281088018341,0.00040364583333333333,0.44342447916666666,0.22256510416666667,0.009283854166666666,0.8692395687103271,0.1342102289199829,0.5469252467155457,0.8956763744354248,0.0041412124410271645,0.650917649269104,0.0,0.46488648653030396,1.0,0.9472082853317261,0.052791714668273926
2,2140,0.29230421781539917,0.25139182806015015,0.21185123920440674,0.009502525441348553,0.11743489583333333,0.320520281791687,0.9636197916666666,0.07276041666666667,1.0,0.02758360745614032,1.0,0.6596542626096491,0.052395833333333336,0.38330729166666666,0.21048177083333333,0.0344921875,0.8659073114395142,0.12905466556549072,0.5465574860572815,0.8956763744354248,0.0041412124410271645,0.6484656929969788,0.0,0.4645738899707794,1.0,0.947626531124115,0.05237346887588501
2,2150,0.4121679663658142,0.24221207201480865,0.08532768487930298,0.0043757203966379166,0.06470052083333333,0.2536083161830902,0.6670645939110342,0.20063323948388675,1.0,0.0,0.4868607954545454,0.5730291193181818,0.008450520833333334,0.619609375,0.18358072916666668,0.0137109375,0.868909478187561,0.12105734646320343,0.5485951900482178,0.8956763744354248,0.0041412124410271645,0.662050187587738,0.0,0.4663059115409851,1.0,0.9480993151664734,0.05190068483352661
2,2160,0.22568613290786743,0.172050341963768,0.14921335875988007,0.005158653948456049,0.0965234375,0.27246272563934326,0.783625040175764,0.19761769425689285,1.0,0.0,0.6833570075757575,0.6025035511363637,0.017239583333333332,0.5571354166666667,0.047513020833333336,0.018033854166666665,0.8668928146362305,0.1220891922712326,0.5482189059257507,0.8956763744354248,0.0041412124410271645,0.6595418453216553,0.0,0.46598607301712036,1.0,0.9485446810722351,0.05145531892776489
2,2170,0.23144546151161194,0.2016386240720749,0.14673542976379395,0.006344273686408997,0.11111979166666666,0.20791326463222504,0.8635790500731326,0.0987190017693734,0.8390299479166666,0.0,1.0,0.5695149739583333,0.025338541666666665,0.34315104166666666,0.07022135416666667,0.02859375,0.8604174852371216,0.12777845561504364,0.5441054701805115,0.8956763744354248,0.0041412124410271645,0.6321191787719727,0.0,0.46248966455459595,1.0,0.9489370584487915,0.051062941551208496
2,2180,0.2207503765821457,0.21738779544830322,0.16026823222637177,0.006183307152241468,0.11190104166666667,0.1918046474456787,0.877975903531043,0.11199891388830212,0.23828125,0.0,1.0,0.269140625,0.006223958333333333,0.17002604166666666,0.11740885416666667,0.037057291666666665,0.8566564321517944,0.13388466835021973,0.5353021621704102,0.874459445476532,0.0041412124410271645,0.6441535949707031,0.0,0.45500683784484863,1.0,0.9492193460464478,0.050780653953552246
2,2190,0.21194761991500854,0.21983054280281067,0.1734486222267151,0.006068688351660967,0.1175390625,0.2269076555967331,0.8894760056418574,0.13095345896020089,0.47635904947916674,0.0,1.0,0.3881795247395834,0.015286458333333334,0.2371484375,0.07522135416666667,0.0452734375,0.8624109029769897,0.12061012536287308,0.5335773229598999,0.8744593858718872,0.0041412124410271645,0.6326546669006348,0.0,0.45354074239730835,1.0,0.9496336579322815,0.050366342067718506
2,2200,0.34638601541519165,0.2261788547039032,0.13038386404514313,0.00555353844538331,0.10739583333333333,0.2580941319465637,0.8176719223906721,0.1168675821190725,0.6195068359375,0.0,0.30989583333333326,0.35623779296874997,0.0035026041666666665,0.29473958333333333,0.04481770833333333,0.009817708333333333,0.8569719791412354,0.11970102041959763,0.5361100435256958,0.8773096799850464,0.0041412124410271645,0.640038788318634,0.0,0.4556935429573059,1.0,0.9501104354858398,0.049889564514160156
2,2210,0.28867799043655396,0.24004599452018738,0.16858185827732086,0.005994974635541439,0.09604166666666666,0.2867072522640228,0.8934983696181413,0.10472860613186669,1.0,0.0,0.5981297348484849,0.5897194602272727,0.015690104166666666,0.48571614583333333,0.09713541666666667,0.016158854166666667,0.8616337180137634,0.1152230054140091,0.5421397686004639,0.8798402547836304,0.0041412124410271645,0.671801745891571,0.0,0.4608188271522522,1.0,0.9504843950271606,0.049515604972839355
2,2220,0.24078606069087982,0.2693844437599182,0.26596611738204956,0.014271360822021961,0.1733984375,0.41684362292289734,0.9522395833333333,0.09552083333333336,0.8501790364583336,0.0,1.0,0.5750895182291668,0.04934895833333333,0.3227083333333333,0.0745703125,0.05520833333333333,0.861896276473999,0.11840054392814636,0.5404497385025024,0.8676583766937256,0.0041412124410271645,0.7011408805847168,0.0,0.4593822956085205,1.0,0.9508004188537598,0.049199581146240234
2,2230,0.369565486907959,0.20066365599632263,0.10296923667192459,0.005059732589870691,0.09653645833333334,0.291227251291275,0.758663168378735,0.13065527757846807,1.0,0.0,0.2660984848484848,0.5399147727272727,0.0036848958333333334,0.5591536458333334,0.13783854166666668,0.008854166666666666,0.8610924482345581,0.12000809609889984,0.5404497385025024,0.8676583766937256,0.0041412124410271645,0.7011408805847168,0.0,0.4593822956085205,1.0,0.9507607221603394,0.049239277839660645
2,2240,0.3157730996608734,0.18485601246356964,0.09965012222528458,0.006791239604353905,0.11270833333333333,0.2936824560165405,0.7693825674717417,0.11538685675034031,1.0,0.0,0.35310132575757575,0.5529651988636364,0.0017057291666666666,0.5604166666666667,0.08881510416666667,0.010768229166666667,0.8527154922485352,0.12379864603281021,0.5405000448226929,0.8676583766937256,0.0013135051121935248,0.7080740928649902,0.0,0.45942506194114685,1.0,0.950927734375,0.049072265625
2,2250,0.22600993514060974,0.18695122003555298,0.16198433935642242,0.005546689964830875,0.12651041666666665,0.2623549997806549,0.844006805050608,0.15142141744676163,1.0,0.0,1.0,0.65,0.012486979166666667,0.4151302083333333,0.054388020833333335,0.030390625,0.8447774648666382,0.12612393498420715,0.5355759859085083,0.8676583766937256,0.0,0.6783121228218079,0.0,0.45523959398269653,1.0,0.9510928988456726,0.04890710115432739
2,2260,0.31377679109573364,0.24617242813110352,0.21888232231140137,0.0062796990387141705,0.10263020833333333,0.29756617546081543,0.9216387115061525,0.09369121325058423,1.0,0.0,0.5833333333333334,0.5875,0.0423828125,0.6660416666666666,0.048216145833333335,0.015833333333333335,0.8524278402328491,0.12133146077394485,0.5366793870925903,0.8676583766937256,0.0,0.6856681108474731,0.0,0.4561775028705597,1.0,0.9514316916465759,0.04856830835342407
2,2270,0.3080359697341919,0.212238147854805,0.16719727218151093,0.004064695909619331,0.08046875,0.3396330177783966,0.840743126155673,0.16082683117691737,1.0,0.0,0.424124053030303,0.5636186079545454,0.3568619791666667,0.6987890625,0.08709635416666667,0.012330729166666667,0.8602964282035828,0.11468122154474258,0.5353054404258728,0.8676583766937256,0.0,0.6765084266662598,0.0,0.4550096392631531,1.0,0.9515917897224426,0.04840821027755737
2,2280,0.2278917133808136,0.2713048756122589,0.2487146556377411,0.005980956368148327,0.0913671875,0.3678634464740753,0.8626167198026244,0.20481311038843175,0.554443359375,0.0,1.0,0.4272216796875,0.0234375,0.253984375,0.1045703125,0.02997395833333333,0.8644970655441284,0.11336228996515274,0.534277081489563,0.8687046766281128,0.0,0.6661649942398071,0.0,0.454135537147522,1.0,0.9520065784454346,0.04799342155456543
2,2290,0.3432101011276245,0.2355564832687378,0.09220493584871292,0.005561575293540955,0.071015625,0.26529738306999207,0.7293369137218204,0.14238744675206075,1.0,0.0,0.3566524621212121,0.5534978693181818,0.016549479166666665,0.5063020833333334,0.032916666666666664,0.010846354166666667,0.8679568767547607,0.11273056268692017,0.5519530773162842,0.9040566682815552,0.0,0.6661649942398071,0.0,0.46916013956069946,1.0,0.9531030654907227,0.046896934509277344
2,2300,0.3008793592453003,0.21832047402858734,0.1098623275756836,0.007246351335197687,0.09627604166666667,0.25631940364837646,0.828646557888908,0.06468451637269924,1.0,0.0,0.4401041666666666,0.566015625,0.030208333333333334,0.457890625,0.06822916666666666,0.012682291666666666,0.8707617521286011,0.11107008159160614,0.563985288143158,0.9289919137954712,0.0,0.6632620692253113,0.0,0.4793875217437744,1.0,0.9532239437103271,0.04677605628967285
2,2310,0.2433416247367859,0.2931827902793884,0.27673912048339844,0.00973653607070446,0.12196614583333333,0.4481411874294281,0.9420768229166666,0.11584635416666667,0.8988444010416667,0.0,1.0,0.5994222005208334,0.06684895833333333,0.32078125,0.06563802083333334,0.026184895833333333,0.8745763301849365,0.113375723361969,0.5727490186691284,0.9391295909881592,0.0,0.6878945827484131,0.0,0.48683667182922363,1.0,0.9535404443740845,0.04645955562591553
2,2320,0.3441556394100189,0.31686174869537354,0.31246182322502136,0.007505935151129961,0.08658854166666667,0.24750827252864838,0.9280598645729989,0.10926169508750118,0.7441813151041667,0.0,0.9366714015151514,0.5125913677793561,0.023177083333333334,0.3149609375,0.12455729166666667,0.023606770833333332,0.873110294342041,0.11709097772836685,0.5721148252487183,0.9391295909881592,0.0,0.6836670637130737,0.0,0.486297607421875,1.0,0.9538660645484924,0.04613393545150757
2,2330,0.22564081847667694,0.23413096368312836,0.22623294591903687,0.02814793586730957,0.19671875,0.378799706697464,0.9574262152777777,0.08514756944444446,1.0,0.0,1.0,0.65,0.07483072916666667,0.38126302083333335,0.082578125,0.05873697916666667,0.867213249206543,0.12438730150461197,0.5734437108039856,0.9424468278884888,0.0,0.6814687252044678,0.0,0.4874271750450134,1.0,0.9541791677474976,0.04582083225250244
2,2340,0.31177374720573425,0.2361202836036682,0.11828803271055222,0.006241226103156805,0.10264322916666667,0.29756632447242737,0.8156782523169259,0.09584941165849849,1.0,0.0,0.4312263257575757,0.5646839488636364,0.019322916666666665,0.5994401041666667,0.02515625,0.012486979166666667,0.8703787326812744,0.13035421073436737,0.5777642726898193,0.942446768283844,0.0,0.7102723717689514,0.0,0.49109965562820435,1.0,0.9544990062713623,0.045500993728637695
2,2350,0.28711241483688354,0.19158333539962769,0.119742251932621,0.0060655600391328335,0.09151041666666666,0.36227619647979736,0.7969206085025934,0.12159136389864253,1.0,0.0,0.375,0.55625,0.2576953125,0.761640625,0.047552083333333335,0.01125,0.8716118335723877,0.1384430080652237,0.5792142748832703,0.942446768283844,0.0,0.7199393510818481,0.0,0.4923321604728699,1.0,0.9548782110214233,0.04512178897857666
2,2360,0.26232728362083435,0.19448186457157135,0.12696005403995514,0.006550026126205921,0.09729166666666667,0.32940423488616943,0.827721946169734,0.09999140010273397,1.0,0.0,0.6413352272727272,0.5962002840909091,0.07106770833333333,0.6932682291666666,0.0431640625,0.017109375,0.8692315220832825,0.14492471516132355,0.5756969451904297,0.942446768283844,0.0,0.6964905858039856,0.0,0.48934242129325867,1.0,0.955559253692627,0.04444074630737305
2,2370,0.3077423572540283,0.23522700369358063,0.17720863223075867,0.00749558350071311,0.12880208333333334,0.36677154898643494,0.948865575885413,0.05796271085224257,1.0,0.0,0.49100378787878785,0.5736505681818181,0.3271614583333333,0.6691927083333333,0.07885416666666667,0.013802083333333333,0.8665188550949097,0.1487625688314438,0.5742135047912598,0.9412977695465088,0.0,0.6904311180114746,0.0,0.4880814850330353,1.0,0.9561464190483093,0.043853580951690674
2,2380,0.3330545425415039,0.34350937604904175,0.3027587831020355,0.008706239052116871,0.07244791666666667,0.32984885573387146,0.9517910846768691,0.07102143094703098,0.8610026041666667,0.0,0.7827888257575757,0.5479196259469697,0.07765625,0.2978645833333333,0.023697916666666666,0.020221354166666667,0.8694459199905396,0.14543014764785767,0.5779929757118225,0.9412977695465088,0.0,0.7156272530555725,0.0,0.4912940561771393,1.0,0.9567001461982727,0.043299853801727295
2,2390,0.2591328024864197,0.2856271266937256,0.26878759264945984,0.012241071090102196,0.14139322916666666,0.43370163440704346,0.9506336805555554,0.09873263888888892,0.9806722005208336,0.0,1.0,0.6403361002604168,0.08440104166666666,0.3294140625,0.09661458333333334,0.03484375,0.8699588775634766,0.1447826325893402,0.5884323716163635,0.9625147581100464,0.0,0.714499831199646,0.0,0.5001675486564636,1.0,0.9572931528091431,0.042706847190856934
2,2400,0.2942793071269989,0.3102606236934662,0.24844951927661896,0.008690989576280117,0.131015625,0.42908939719200134,0.9483783132423392,0.09608337589254384,1.0,0.0,0.9390388257575757,0.6408558238636364,0.0761328125,0.3752213541666667,0.04826822916666667,0.023658854166666667,0.8742260932922363,0.14981511235237122,0.5892313718795776,0.9625147581100464,0.0,0.7198265790939331,0.0,0.5008466839790344,1.0,0.9578193426132202,0.042180657386779785
2,2410,0.3075680434703827,0.3755461275577545,0.331643670797348,0.007310046348720789,0.08604166666666667,0.5064237713813782,0.8977782696709643,0.16528599800648,0.8323974609375001,0.0,0.8271780303030303,0.5402754350142046,0.13524739583333334,0.23111979166666666,0.0010546875,0.021197916666666667,0.8797744512557983,0.15195748209953308,0.59315025806427,0.9625147581100464,0.0,0.745952844619751,0.0,0.5041777491569519,1.0,0.9584131240844727,0.041586875915527344
2,2420,0.2460985630750656,0.2675827741622925,0.2146541178226471,0.00503689656034112,0.1000390625,0.4817271828651428,0.8627114630179595,0.18274906743539945,1.0,0.0,0.5093513257575758,0.5764026988636364,0.20061197916666668,0.33791666666666664,0.0002734375,0.014205729166666667,0.879885733127594,0.15173488855361938,0.595558762550354,0.9673316478729248,0.0,0.745952844619751,0.0,0.5062249898910522,1.0,0.9589607119560242,0.04103928804397583
2,2430,0.29509466886520386,0.35537639260292053,0.30321401357650757,0.0065115829929709435,0.06505208333333333,0.45779815316200256,0.8284015214473338,0.2487436424646653,0.9198404947916667,0.0,0.9538352272727272,0.6029955314867425,0.11473958333333334,0.279609375,0.014231770833333334,0.023984375,0.8796685934066772,0.1473415195941925,0.5970543622970581,0.9795134663581848,0.0,0.7153172492980957,0.0,0.5074962377548218,1.0,0.959523618221283,0.04047638177871704
2,2440,0.24031643569469452,0.27988293766975403,0.2560674548149109,0.00495334854349494,0.08955729166666666,0.49957528710365295,0.8251378996086719,0.2559603255709537,1.0,0.0,0.8709753787878787,0.6306463068181818,0.17328125,0.3570833333333333,0.0010546875,0.02216145833333333,0.8796365857124329,0.14740559458732605,0.5970543622970581,0.9795135259628296,0.0,0.7153172492980957,0.0,0.5074962377548218,1.0,0.9600695371627808,0.03993046283721924
2,2450,0.2451362907886505,0.2710411548614502,0.2730455994606018,0.0043068211525678635,0.07372395833333334,0.5669283866882324,0.7952776864755022,0.28525152117197206,1.0,0.0,0.5561079545454545,0.5834161931818181,0.22208333333333333,0.37647135416666666,0.024557291666666668,0.015234375,0.8878449201583862,0.14397910237312317,0.5987589359283447,0.9747973084449768,0.0,0.7424017190933228,0.0,0.508945107460022,1.0,0.9606520533561707,0.039347946643829346
2,2460,0.23407481610774994,0.2566051483154297,0.25230348110198975,0.0036301985383033752,0.0848828125,0.5771111845970154,0.7940202635445893,0.28753724392029,1.0,0.0,0.5075757575757575,0.5761363636363637,0.2840234375,0.39197916666666666,0.0034375,0.014166666666666666,0.8957526683807373,0.13915753364562988,0.5971017479896545,0.9747973680496216,0.0,0.731353759765625,0.0,0.5075364708900452,1.0,0.961241602897644,0.03875839710235596
2,2470,0.32443466782569885,0.33504119515419006,0.3442738652229309,0.0062891715206205845,0.0663671875,0.3577636480331421,0.8646721314462412,0.17428616539957048,0.9758707682291667,0.0,0.45608428030303017,0.5563480261600379,0.10033854166666667,0.3119401041666667,0.026640625,0.013033854166666666,0.9020407199859619,0.13559788465499878,0.5951570272445679,0.9747973084449768,0.0,0.7183892726898193,0.0,0.505883514881134,1.0,0.9617528915405273,0.038247108459472656
2,2480,0.2284192591905594,0.22436967492103577,0.16083547472953796,0.00727956835180521,0.10471354166666667,0.4080651104450226,0.9022127555856202,0.09084628161840483,1.0,0.0,0.9532433712121212,0.6429865056818181,0.22040364583333333,0.3932421875,0.03509114583333333,0.023971354166666667,0.9035826921463013,0.13462388515472412,0.5953219532966614,0.9747973680496216,0.0,0.7194883823394775,0.0,0.506023645401001,1.0,0.9621813297271729,0.03781867027282715
2,2490,0.24917937815189362,0.27676960825920105,0.24209022521972656,0.006323757115751505,0.1096484375,0.43807703256607056,0.8733871637254469,0.19121516669456792,1.0,0.0,0.9763257575757575,0.6464488636363637,0.08485677083333333,0.3516796875,0.051419270833333336,0.024479166666666666,0.9048447608947754,0.13330891728401184,0.5994853973388672,0.9814162850379944,0.0,0.725181519985199,0.0,0.509562611579895,1.0,0.9625481367111206,0.037451863288879395
2,2500,0.29633891582489014,0.29027611017227173,0.2635388672351837,0.005439678207039833,0.0671875,0.39765626192092896,0.8189484889831722,0.24806929943880018,1.0,0.0,0.4685132575757575,0.5702769886363637,0.0608203125,0.38299479166666667,0.13733072916666667,0.013307291666666667,0.9042749404907227,0.1344485580921173,0.5957645177841187,0.9823366403579712,0.0,0.6973079442977905,0.0,0.5063998699188232,1.0,0.9629992246627808,0.03700077533721924
2,2510,0.2083902209997177,0.22338451445102692,0.2188223898410797,0.009089453145861626,0.1362890625,0.4058224558830261,0.9451627604166666,0.10967447916666667,1.0,0.0,0.9887547348484849,0.6483132102272727,0.10263020833333333,0.39319010416666667,0.10036458333333333,0.024752604166666668,0.9060588479042053,0.131221741437912,0.5933040976524353,0.9823366403579712,0.0,0.6809050440788269,0.0,0.5043085217475891,1.0,0.9633127450942993,0.036687254905700684
2,2520,0.2322879582643509,0.2709643244743347,0.2244216799736023,0.010084478184580803,0.12861979166666668,0.4278985559940338,0.9444140624999999,0.11117187500000002,1.0,0.0,1.0,0.65,0.11061197916666667,0.3811979166666667,0.044518229166666666,0.028216145833333334,0.9080690741539001,0.1290658861398697,0.5967450141906738,0.9903177618980408,0.0,0.6772412061691284,0.0,0.5072332620620728,1.0,0.9635796546936035,0.036420345306396484
2,2530,0.3088908791542053,0.23197104036808014,0.1398189663887024,0.010936141014099121,0.13360677083333333,0.2755660116672516,0.9235008937069493,0.017000868055555556,1.0,0.0,0.2933238636363636,0.5439985795454545,0.0283203125,0.4418359375,0.06337239583333333,0.009453125,0.9114271402359009,0.12672246992588043,0.6002496480941772,0.990317702293396,0.0,0.7006053924560547,0.0,0.510212242603302,1.0,0.9638628959655762,0.03613710403442383
2,2540,0.23518238961696625,0.2612237334251404,0.2525959312915802,0.010842087678611279,0.1557421875,0.3999682664871216,0.9567534722222222,0.08649305555555559,1.0,0.0,1.0,0.65,0.10859375,0.398203125,0.07032552083333334,0.033776041666666666,0.916259765625,0.1205965131521225,0.5995032787322998,0.9941348433494568,0.0,0.6829061508178711,0.0,0.5095778107643127,1.0,0.9642072916030884,0.03579270839691162
2,2550,0.26555177569389343,0.2467890977859497,0.22335630655288696,0.013860499486327171,0.16466145833333334,0.3006080090999603,0.9880533854166665,0.02389322916666667,0.9009602864583335,0.0,1.0,0.6004801432291668,0.035234375,0.3530729166666667,0.07076822916666667,0.030520833333333334,0.9219486713409424,0.11368364095687866,0.5955167412757874,0.9941348433494568,0.0,0.6563289761543274,0.0,0.506189227104187,1.0,0.9645564556121826,0.03544354438781738
2,2560,0.3582848906517029,0.258235365152359,0.16413593292236328,0.013778668828308582,0.15739583333333335,0.4179295003414154,0.9629838464198968,0.020338541666666675,1.0,0.0,0.1429924242424242,0.5214488636363637,0.20375,0.7302473958333333,0.021236979166666666,0.006145833333333333,0.9261125326156616,0.1074664294719696,0.5954321622848511,0.9941348433494568,0.0,0.6557652950286865,0.0,0.5061173439025879,1.0,0.9649200439453125,0.0350799560546875
2,2570,0.2785465121269226,0.23122908174991608,0.16368468105793,0.013403654098510742,0.1384765625,0.42978501319885254,0.9597701026129927,0.025238715277777782,1.0,0.0,0.3690814393939394,0.555362215909091,0.246328125,0.6538671875,0.022317708333333332,0.011119791666666667,0.934964656829834,0.09568699449300766,0.5989495515823364,0.9941348433494568,0.0,0.6792140007019043,0.0,0.5091071128845215,1.0,0.965364396572113,0.03463560342788696
2,2580,0.2672707438468933,0.2533986568450928,0.22317330539226532,0.017234206199645996,0.15127604166666667,0.4118550717830658,0.9812456597222221,0.03750868055555556,1.0,0.0,0.5140861742424242,0.5771129261363637,0.197734375,0.45651041666666664,0.044609375,0.014309895833333334,0.9372764825820923,0.09290778636932373,0.5996677279472351,0.9952839016914368,0.0,0.6801722645759583,0.0,0.509717583656311,1.0,0.9658380746841431,0.034161925315856934
2,2590,0.27793970704078674,0.2697335183620453,0.2342761904001236,0.018899425864219666,0.17578125,0.4754634201526642,0.9782964409722221,0.043407118055555555,1.0,0.0,0.9023437499999999,0.6353515624999999,0.21079427083333332,0.45141927083333333,0.0333203125,0.0228515625,0.9378650784492493,0.09377554059028625,0.5970044136047363,0.995283842086792,0.0,0.6624165773391724,0.0,0.5074537396430969,1.0,0.9663708806037903,0.03362911939620972
2,2600,0.24081633985042572,0.2837551534175873,0.26334893703460693,0.01561651099473238,0.13848958333333333,0.5588273406028748,0.9386675347222222,0.12266493055555555,1.0,0.0,0.4146543560606061,0.562198153409091,0.1359375,0.37514322916666665,0.011354166666666667,0.012122395833333334,0.9372451901435852,0.09193366765975952,0.593085527420044,0.9952839016914368,0.0,0.6362903714179993,0.0,0.5041227340698242,1.0,0.9668588638305664,0.033141136169433594
2,2610,0.3564556837081909,0.3223303258419037,0.25348788499832153,0.013432154431939125,0.15028645833333334,0.40284278988838196,0.9858398437499999,0.0283203125,1.0,0.0,0.5945785984848484,0.5891867897727272,0.06638020833333333,0.5160416666666666,0.03216145833333333,0.016080729166666665,0.9404427409172058,0.08493354171514511,0.5943960547447205,0.995283842086792,0.0,0.6450272798538208,0.0,0.5052366852760315,1.0,0.9673722982406616,0.03262770175933838
2,2620,0.24066121876239777,0.2882276475429535,0.2544545531272888,0.014300106093287468,0.13114583333333332,0.5214040875434875,0.9399934895833333,0.12001302083333332,1.0,0.0,0.7502367424242423,0.6125355113636364,0.205234375,0.3791796875,0.0221484375,0.019505208333333333,0.9392461180686951,0.08475106954574585,0.5919567346572876,0.9952839016914368,0.0,0.628765344619751,0.0,0.50316321849823,1.0,0.9678961038589478,0.032103896141052246
2,2630,0.20458421111106873,0.2645447254180908,0.2736176550388336,0.011979744769632816,0.1378125,0.5256008505821228,0.9332313368055555,0.1335373263888889,1.0,0.0,1.0,0.65,0.15510416666666665,0.33954427083333333,0.0213671875,0.025182291666666665,0.9400825500488281,0.08307820558547974,0.5912423133850098,0.995283842086792,0.0,0.6240022778511047,0.0,0.5025559663772583,1.0,0.9684454202651978,0.031554579734802246
2,2640,0.2408931404352188,0.2935335040092468,0.21834154427051544,0.008131211623549461,0.09962239583333334,0.43373188376426697,0.9298854880030886,0.12009856161265195,1.0,0.0,0.5821496212121212,0.5873224431818181,0.19865885416666668,0.26600260416666666,0.0013151041666666667,0.015807291666666667,0.9387540817260742,0.09033748507499695,0.594824492931366,0.994390606880188,0.0,0.6508612632751465,0.0,0.5056008100509644,1.0,0.9692686796188354,0.03073132038116455
2,2650,0.24221517145633698,0.2692538797855377,0.24597685039043427,0.010320653207600117,0.11733072916666666,0.6199255585670471,0.9446050347222221,0.11078993055555558,1.0,0.0,0.3128551136363636,0.5469282670454545,0.3621484375,0.3808463541666667,0.00010416666666666667,0.0098828125,0.9362776279449463,0.09385886788368225,0.594824492931366,0.994390606880188,0.0,0.6508612632751465,0.0,0.5056008100509644,1.0,0.9698261022567749,0.030173897743225098
2,2660,0.2529817223548889,0.2777038514614105,0.19222392141819,0.005552927032113075,0.08643229166666666,0.5048118233680725,0.8827193774367736,0.15469004221199972,1.0,0.0,0.5442708333333333,0.581640625,0.34513020833333335,0.3281640625,0.00018229166666666667,0.014973958333333334,0.9315553903579712,0.10133545100688934,0.5965005159378052,0.9977427124977112,0.0,0.6508613228797913,0.0,0.5070254802703857,1.0,0.9703871011734009,0.02961289882659912
2,2670,0.33142077922821045,0.27317845821380615,0.2160060554742813,0.017507828772068024,0.23037760416666667,0.3580668866634369,0.9799153645833333,0.04016927083333334,1.0,0.0,1.0,0.65,0.27194010416666664,0.5702213541666666,0.07552083333333333,0.032278645833333335,0.9303009510040283,0.10640117526054382,0.5985762476921082,0.9977427124977112,0.0,0.6646994352340698,0.0,0.5087898373603821,1.0,0.9709042310714722,0.029095768928527832
2,2680,0.28646519780158997,0.31764930486679077,0.20580659806728363,0.006512441672384739,0.08712239583333334,0.4936865270137787,0.9132193975958236,0.1159226581928772,1.0,0.0,0.4762073863636364,0.5714311079545454,0.22143229166666667,0.28283854166666667,0.00036458333333333335,0.0134765625,0.9291938543319702,0.11124492436647415,0.6023472547531128,0.9977427124977112,0.0,0.689839243888855,0.0,0.5119951963424683,1.0,0.9716582298278809,0.02834177017211914
2,2690,0.22646187245845795,0.21044310927391052,0.1973641812801361,0.006333495955914259,0.11763020833333333,0.44351375102996826,0.9145729288476996,0.10906929250261405,1.0,0.0,0.5803740530303031,0.5870561079545454,0.420859375,0.48337239583333336,0.012708333333333334,0.015768229166666668,0.9256761074066162,0.1159415915608406,0.6056362390518188,0.9977427124977112,0.0,0.7117661237716675,0.0,0.5147908329963684,1.0,0.9721828699111938,0.027817130088806152
2,2700,0.24439361691474915,0.22866137325763702,0.1709374040365219,0.004854556638747454,0.10604166666666667,0.41138482093811035,0.8603690002020081,0.15253564194198144,1.0,0.0,0.4276751893939394,0.564151278409091,0.3725,0.5676822916666666,0.019635416666666666,0.012408854166666667,0.9245774745941162,0.1167600229382515,0.6022246479988098,0.9977427124977112,0.0,0.6890219449996948,0.0,0.5118909478187561,1.0,0.9727347493171692,0.02726525068283081
2,2710,0.24747617542743683,0.23373892903327942,0.15960080921649933,0.006509993690997362,0.119140625,0.4121991693973541,0.8860972903444136,0.10106673621620507,1.0,0.0,0.6519886363636364,0.5977982954545454,0.3325911458333333,0.5059895833333333,0.002434895833333333,0.01734375,0.9244920015335083,0.1168631985783577,0.6058053970336914,0.9977427124977112,0.0,0.7128934860229492,0.0,0.5149345993995667,1.0,0.9735366106033325,0.02646338939666748
2,2720,0.25727513432502747,0.2732623219490051,0.18383103609085083,0.0066656856797635555,0.12045572916666666,0.44150400161743164,0.9200348152395913,0.10584259868607045,1.0,0.0,0.6472537878787878,0.5970880681818181,0.280390625,0.35434895833333335,0.0026432291666666666,0.017239583333333332,0.9217590689659119,0.12190381437540054,0.6074879169464111,0.9977426528930664,0.0,0.72411048412323,0.0,0.5163647532463074,1.0,0.9741078615188599,0.025892138481140137
2,2730,0.25964534282684326,0.27987241744995117,0.2542213201522827,0.010088491253554821,0.13606770833333334,0.47546499967575073,0.9619791666666666,0.07604166666666667,1.0,0.0,0.8999763257575757,0.6349964488636364,0.13755208333333332,0.3718489583333333,0.007161458333333333,0.022799479166666668,0.9216113686561584,0.1221991553902626,0.6069848537445068,0.9977427124977112,0.0,0.7207566499710083,0.0,0.5159371495246887,1.0,0.9746739268302917,0.025326073169708252
2,2740,0.24187692999839783,0.2854151427745819,0.2435019463300705,0.007301729638129473,0.12743489583333334,0.4843156933784485,0.8956020134111972,0.16944580625621525,0.9812418619791667,0.0,0.8573626893939393,0.6192253343986742,0.07139322916666667,0.34260416666666665,0.015611979166666666,0.021861979166666667,0.9222769141197205,0.12086813896894455,0.6057376861572266,0.9977427124977112,0.0,0.7124425172805786,0.0,0.5148770213127136,1.0,0.9752468466758728,0.024753153324127197
2,2750,0.2428019940853119,0.2833051085472107,0.24891990423202515,0.007702681235969067,0.12798177083333334,0.4717335104942322,0.9047490083464601,0.16044215828685093,1.0,0.0,1.0,0.65,0.07203125,0.37084635416666667,0.013828125,0.02875,0.9233652353286743,0.11965002119541168,0.6087223291397095,0.9977427124977112,0.0,0.7323402166366577,0.0,0.5174139738082886,1.0,0.9758029580116272,0.024197041988372803
2,2760,0.2298160344362259,0.27505502104759216,0.24264667928218842,0.007216400932520628,0.13559895833333332,0.550751805305481,0.8888856233420169,0.18090145784998085,0.9713541666666667,0.0,1.0,0.6356770833333334,0.06291666666666666,0.34791666666666665,0.023190104166666666,0.039348958333333336,0.9235667586326599,0.11924700438976288,0.6136305332183838,0.9977427124977112,0.0,0.7650613784790039,0.0,0.5215859413146973,1.0,0.9763321280479431,0.023667871952056885
2,2770,0.2690407931804657,0.314871221780777,0.3012181520462036,0.012842178344726562,0.12454427083333333,0.5676104426383972,0.9366406249999999,0.12671875,1.0,0.0,0.43359375,0.5650390625,0.13102864583333335,0.39110677083333334,0.0005338541666666666,0.0125390625,0.9290016889572144,0.11218049377202988,0.6118084192276001,0.9977427124977112,0.0,0.7529141902923584,0.0,0.5200371742248535,1.0,0.9768407940864563,0.0231592059135437
2,2780,0.21257901191711426,0.2590121328830719,0.2649153172969818,0.012200070545077324,0.12118489583333333,0.6256988048553467,0.936521267361111,0.1269574652777778,1.0,0.0,0.8970170454545454,0.6345525568181818,0.25569010416666665,0.3749609375,0.010143229166666667,0.022734375,0.9289200305938721,0.11056777834892273,0.6069045066833496,0.9977427124977112,0.0,0.7202211618423462,0.0,0.5158688426017761,1.0,0.9772579669952393,0.022742033004760742
2,2790,0.23472808301448822,0.26631757616996765,0.24264170229434967,0.006880194414407015,0.0889453125,0.37271612882614136,0.9073719588824647,0.13613863573962354,1.0,0.0,0.9745501893939393,0.646182528409091,0.11608072916666666,0.3094661458333333,0.0077734375,0.024440104166666667,0.9289090633392334,0.10601139813661575,0.6055939793586731,0.9977427124977112,0.0,0.7114843130111694,0.0,0.5147548913955688,1.0,0.9776372909545898,0.022362709045410156
2,2800,0.25395750999450684,0.24869076907634735,0.1863110363483429,0.007750369142740965,0.0955859375,0.5288670659065247,0.955225488602671,0.06059416146792451,1.0,0.0,0.4247159090909091,0.5637073863636364,0.4147135416666667,0.4024348958333333,0.010533854166666667,0.01234375,0.9326549768447876,0.10146163403987885,0.6064479351043701,0.9977426528930664,0.0,0.7171773910522461,0.0,0.5154807567596436,1.0,0.9780375957489014,0.021962404251098633
2,2810,0.23483775556087494,0.2749949097633362,0.26780980825424194,0.008938610553741455,0.11358072916666667,0.5569933652877808,0.9368729313537681,0.12483169890354644,1.0,0.0,0.9159564393939393,0.637393465909091,0.26884114583333335,0.3948046875,0.006588541666666667,0.023151041666666667,0.9375687837600708,0.0976686030626297,0.6105359792709351,0.9977427124977112,0.0,0.7444308996200562,0.0,0.5189555883407593,1.0,0.9784342646598816,0.021565735340118408
2,2820,0.23095102608203888,0.2635689377784729,0.25586843490600586,0.008614557795226574,0.11634114583333334,0.5016734004020691,0.9284479301768105,0.1341731617308971,1.0,0.0,0.8301373106060606,0.6245205965909091,0.24305989583333334,0.37009114583333336,0.007330729166666667,0.021263020833333333,0.9424702525138855,0.09390087425708771,0.610032856464386,0.9977426528930664,0.0,0.7410770654678345,0.0,0.5185279250144958,1.0,0.9788097143173218,0.021190285682678223
2,2830,0.24982386827468872,0.30673283338546753,0.2636541724205017,0.011001437902450562,0.120234375,0.4687885046005249,0.9368923611111111,0.1262152777777778,1.0,0.0,0.6798058712121212,0.6019708806818181,0.1524609375,0.3753385416666667,0.01375,0.017955729166666667,0.9454691410064697,0.09047863632440567,0.6125525236129761,0.9977427124977112,0.0,0.7578744888305664,0.0,0.5206696391105652,1.0,0.9791969060897827,0.020803093910217285
2,2840,0.21955014765262604,0.22493621706962585,0.21008574962615967,0.01068959105759859,0.12368489583333334,0.49151813983917236,0.9472070312499999,0.1055859375,1.0,0.0,0.8254024621212122,0.6238103693181818,0.16143229166666667,0.4417578125,0.006640625,0.021158854166666668,0.9449641108512878,0.09148868918418884,0.6132669448852539,0.9977426528930664,0.0,0.7626375555992126,0.0,0.5212768912315369,1.0,0.9795799255371094,0.020420074462890625
2,2850,0.28572478890419006,0.31070762872695923,0.22486110031604767,0.01310508232563734,0.15885416666666666,0.37658196687698364,0.9527408854166666,0.09451822916666669,1.0,0.0,1.0,0.65,0.13317708333333333,0.403046875,0.023203125,0.054986979166666665,0.9474525451660156,0.08838573098182678,0.6147324442863464,0.9986359477043152,0.0,0.7694298028945923,0.0,0.5225225687026978,1.0,0.9800106883049011,0.019989311695098877
2,2860,0.2277461290359497,0.26292967796325684,0.24138228595256805,0.02874686010181904,0.2075,0.4035966694355011,0.9488368055555555,0.1023263888888889,1.0,0.0,1.0,0.65,0.1500390625,0.39044270833333333,0.023528645833333334,0.05944010416666667,0.9500340223312378,0.08465415239334106,0.6147324442863464,0.9986359477043152,0.0,0.7694298028945923,0.0,0.5225225687026978,1.0,0.9804872274398804,0.01951277256011963
2,2870,0.4155026972293854,0.338075190782547,0.28895246982574463,0.010340931825339794,0.10752604166666667,0.41228336095809937,0.996853298611111,0.006293402777777782,1.0,0.0,0.28918087121212116,0.5433771306818181,0.3478776041666667,0.5883333333333334,0.000546875,0.009361979166666666,0.955325186252594,0.07603979855775833,0.6105189919471741,1.0,0.0,0.7367931604385376,0.0,0.5189411640167236,1.0,0.981025218963623,0.018974781036376953
2,2880,0.3044479787349701,0.20349590480327606,0.16898047924041748,0.012034487910568714,0.14404947916666666,0.49640092253685,0.9782005385863475,0.006302083333333339,1.0,0.0,0.31344696969696967,0.5470170454545454,0.277734375,0.7848307291666666,0.022265625,0.009895833333333333,0.9583423137664795,0.07000557333230972,0.6130385994911194,1.0,0.0,0.7535905838012695,0.0,0.5210828185081482,1.0,0.9815725088119507,0.018427491188049316
2,2890,0.31997010111808777,0.19715768098831177,0.13779540359973907,0.00871188472956419,0.11743489583333333,0.4270596206188202,0.9129877977813126,0.02023875800998718,1.0,0.0,0.2927320075757575,0.5439098011363637,0.2760546875,0.8018098958333333,0.002942708333333333,0.009440104166666666,0.9613651037216187,0.06395997852087021,0.6107515096664429,1.0,0.0,0.7383432388305664,0.0,0.5191388130187988,1.0,0.9821121692657471,0.01788783073425293
2,2900,0.26391515135765076,0.23142515122890472,0.20924854278564453,0.011961754411458969,0.14369791666666668,0.4342089295387268,0.9932378472222221,0.01352430555555556,1.0,0.0,0.6999289772727272,0.6049893465909091,0.11467447916666666,0.43890625,0.0178125,0.0183984375,0.9650185108184814,0.0574771910905838,0.6063252687454224,1.0,0.0,0.7088350057601929,0.0,0.5153765082359314,1.0,0.982658326625824,0.017341673374176025
2,2910,0.25930866599082947,0.26514825224876404,0.2657780349254608,0.013889373280107975,0.17522135416666668,0.46308597922325134,0.9635590277777777,0.07288194444444444,1.0,0.0,1.0,0.65,0.12865885416666667,0.3968098958333333,0.01983072916666667,0.04514322916666667,0.966863751411438,0.05516549572348595,0.6104344129562378,1.0,0.0,0.7362295389175415,0.0,0.5188692808151245,1.0,0.9831860661506653,0.016813933849334717
2,2920,0.2967301607131958,0.2970009446144104,0.23820185661315918,0.010290726087987423,0.1262890625,0.49096760153770447,0.9890277777777777,0.021944444444444447,1.0,0.0,0.581557765151515,0.5872336647727272,0.128984375,0.36477864583333336,0.0026302083333333334,0.015794270833333332,0.9682369828224182,0.05248667299747467,0.6071369051933289,1.0,0.0,0.7142462730407715,0.0,0.5160663723945618,1.0,0.9837146997451782,0.016285300254821777
2,2930,0.37498539686203003,0.3180980682373047,0.2805168926715851,0.040000736713409424,0.23787760416666667,0.4454036355018616,0.9830121527777776,0.033975694444444454,1.0,0.0,1.0,0.65,0.18380208333333334,0.48412760416666667,0.0809765625,0.0401953125,0.9694665670394897,0.05045283958315849,0.6083502769470215,1.0,0.0,0.7223349809646606,0.0,0.5170977711677551,1.0,0.9842860698699951,0.015713930130004883
2,2940,0.2717384397983551,0.30609819293022156,0.26562047004699707,0.012891526333987713,0.168359375,0.5802891850471497,0.9513736979166666,0.09725260416666667,1.0,0.0,1.0,0.65,0.18049479166666665,0.3771744791666667,0.005703125,0.043684895833333334,0.9724717140197754,0.04444258660078049,0.609039306640625,1.0,0.0,0.7269289493560791,0.0,0.5176834464073181,1.0,0.9848518371582031,0.015148162841796875
2,2950,0.2879602909088135,0.317256897687912,0.3240017890930176,0.016529297456145287,0.163203125,0.6695445775985718,0.9478580729166666,0.10428385416666669,1.0,0.0,1.0,0.65,0.3018359375,0.33076822916666665,0.006145833333333333,0.032890625,0.974985659122467,0.03941468521952629,0.6041691899299622,1.0,0.0,0.6944613456726074,0.0,0.5135438442230225,1.0,0.9853736758232117,0.01462632417678833
2,2960,0.27537283301353455,0.2779315710067749,0.265149861574173,0.01912354864180088,0.17291666666666666,0.5025972723960876,0.9589605034722222,0.08207899305555556,1.0,0.0,1.0,0.65,0.2394921875,0.43432291666666667,0.051328125,0.037096354166666665,0.9772360920906067,0.034913815557956696,0.5986903309822083,1.0,0.0,0.657935380935669,0.0,0.5088868141174316,1.0,0.985844075679779,0.014155924320220947
2,2970,0.395180344581604,0.34188568592071533,0.24095866084098816,0.01290453877300024,0.1303515625,0.5461292266845703,0.9999999999999999,0.0,1.0,0.0,0.31463068181818177,0.5471946022727273,0.23528645833333334,0.37298177083333334,0.0005208333333333333,0.009921875,0.9790558815002441,0.031274184584617615,0.5974220633506775,1.0,0.0,0.6494803428649902,0.0,0.5078087449073792,1.0,0.986261248588562,0.013738751411437988
2,2980,0.22741983830928802,0.21896924078464508,0.190370574593544,0.012232515960931778,0.112421875,0.47569721937179565,0.9999999999999999,0.0,1.0,0.0,0.786339962121212,0.6179509943181818,0.2709505208333333,0.33171875,0.0020833333333333333,0.020299479166666665,0.9780267477035522,0.032314177602529526,0.5993540287017822,1.0,0.0,0.6623602509498596,0.0,0.5094509124755859,1.0,0.9866217970848083,0.01337820291519165
2,2990,0.29053664207458496,0.2600228786468506,0.19128717482089996,0.011810372583568096,0.11505208333333333,0.4608430862426758,0.9999999999999999,0.0,1.0,0.0,0.5768229166666666,0.5865234375,0.2658203125,0.45203125,0.0009244791666666667,0.015690104166666666,0.9759259223937988,0.03402616083621979,0.5987495183944702,1.0,0.0,0.658329963684082,0.0,0.5089371204376221,1.0,0.9869809150695801,0.013019084930419922
2,3000,0.30766794085502625,0.23735517263412476,0.17060072720050812,0.011209364980459213,0.11407552083333333,0.49732595682144165,0.9840935383393213,0.0,1.0,0.0,0.35487689393939387,0.5532315340909091,0.34260416666666665,0.7498046875,0.0025130208333333333,0.010807291666666666,0.9794968366622925,0.033713020384311676,0.5991172790527344,1.0,0.0,0.6607819199562073,0.0,0.5092496871948242,1.0,0.9873467087745667,0.01265329122543335
2,3010,0.4567462205886841,0.34540826082229614,0.30292463302612305,0.01317797414958477,0.16981770833333334,0.4984692931175232,0.9939756944444443,0.012048611111111118,1.0,0.0,1.0,0.65,0.48921875,0.446171875,0.0287890625,0.027135416666666665,0.9792265892028809,0.03425348922610283,0.6012606620788574,1.0,0.0,0.6750710010528564,0.0,0.5110715627670288,1.0,0.9876540899276733,0.01234591007232666
2,3020,0.2918911576271057,0.26714903116226196,0.23593251407146454,0.01122681051492691,0.1251171875,0.6357558965682983,0.9657118055555555,0.06857638888888888,1.0,0.0,0.45430871212121204,0.5681463068181818,0.29608072916666667,0.45055989583333333,0.0006770833333333334,0.012994791666666667,0.9803615808486938,0.030782919377088547,0.5999289751052856,1.0,0.0,0.6661931872367859,0.0,0.5099396705627441,1.0,0.9878955483436584,0.012104451656341553
2,3030,0.22796478867530823,0.24457763135433197,0.22343619167804718,0.01231582835316658,0.14776041666666667,0.5691612958908081,0.9542686631944444,0.09146267361111113,1.0,0.0,1.0,0.65,0.3031640625,0.43506510416666666,0.02640625,0.028059895833333334,0.980803906917572,0.02989812195301056,0.6029178500175476,1.0,0.0,0.686119019985199,0.0,0.5124801993370056,1.0,0.9880694150924683,0.011930584907531738
2,3040,0.31547659635543823,0.29773515462875366,0.253960520029068,0.009933020919561386,0.10397135416666667,0.4033640921115875,0.9999999999999999,0.0,1.0,0.0,0.776278409090909,0.6164417613636364,0.24514322916666667,0.40881510416666667,0.0020963541666666665,0.020078125,0.9812621474266052,0.028981704264879227,0.6029178500175476,1.0,0.0,0.686119019985199,0.0,0.5124801993370056,1.0,0.9881762862205505,0.011823713779449463
2,3050,0.38158345222473145,0.2947956323623657,0.22534941136837006,0.01513560302555561,0.12791666666666668,0.5573284029960632,0.9999999999999999,0.0,1.0,0.0,0.14358428030303028,0.5215376420454545,0.34828125,0.5653125,0.0007291666666666667,0.006158854166666667,0.9832549095153809,0.02499629557132721,0.6026176810264587,1.0,0.0,0.6841179728507996,0.0,0.5122250318527222,1.0,0.988258957862854,0.011741042137145996
2,3060,0.3072773218154907,0.28032752871513367,0.23501677811145782,0.012954295612871647,0.14619791666666668,0.6607912182807922,0.9999999999999999,0.0,1.0,0.0,0.23295454545454544,0.5349431818181818,0.4771875,0.36981770833333333,0.0011588541666666668,0.008125,0.9852774143218994,0.020951155573129654,0.6019116640090942,1.0,0.0,0.6794113516807556,0.0,0.5116249322891235,1.0,0.9883109927177429,0.01168900728225708
2,3070,0.3233877718448639,0.3049548864364624,0.24835307896137238,0.014710305258631706,0.1696875,0.641920804977417,0.9870529513888888,0.02589409722222223,1.0,0.0,0.8224431818181819,0.6233664772727273,0.44876302083333336,0.3853125,0.0041796875,0.02109375,0.9865802526473999,0.01834554225206375,0.6001657247543335,1.0,0.0,0.6677714586257935,0.0,0.5101408958435059,1.0,0.9883143901824951,0.011685609817504883
2,3080,0.23119379580020905,0.20177853107452393,0.21877354383468628,0.008077229373157024,0.09390625,0.4612845778465271,0.9752427392798225,0.028133250818383387,1.0,0.0,0.5596590909090908,0.5839488636363637,0.2636588541666667,0.41087239583333335,0.02,0.0153125,0.9856107234954834,0.020284613594412804,0.6042283773422241,1.0,0.0,0.6948559284210205,0.0,0.5135941505432129,1.0,0.9882371425628662,0.011762857437133789
2,3090,0.33783936500549316,0.23232683539390564,0.16302061080932617,0.00761408032849431,0.11608072916666666,0.4381605088710785,0.9340824383630034,0.04225364852151492,1.0,0.0,0.228811553030303,0.5343217329545454,0.5187369791666666,0.8078645833333333,0.001640625,0.008033854166666667,0.9832262992858887,0.025053339079022408,0.6052260398864746,1.0,0.0,0.7015072703361511,0.0,0.5144421458244324,1.0,0.9881072044372559,0.01189279556274414
2,3100,0.33966124057769775,0.2799444794654846,0.2313249558210373,0.008551857434213161,0.11032552083333333,0.45562562346458435,0.9879766628691337,0.01366288310325725,1.0,0.0,0.3442234848484848,0.5516335227272727,0.3860546875,0.628046875,0.00125,0.010572916666666666,0.9808180332183838,0.029870014637708664,0.608248770236969,1.0,0.0,0.7216585874557495,0.0,0.5170114636421204,1.0,0.9879341721534729,0.0120658278465271
2,3110,0.28610360622406006,0.272611141204834,0.2472502887248993,0.01070258766412735,0.14787760416666668,0.5184304714202881,0.9875629340277777,0.024874131944444447,1.0,0.0,1.0,0.65,0.26884114583333335,0.43408854166666666,0.011875,0.028190104166666667,0.9775114059448242,0.03272659331560135,0.607585072517395,1.0,0.0,0.7172337174415588,0.0,0.5164473056793213,1.0,0.9876793622970581,0.012320637702941895
2,3120,0.3135535717010498,0.24735122919082642,0.17254988849163055,0.010481273755431175,0.14180989583333334,0.4273441433906555,0.9873921189858362,0.0,1.0,0.0,0.8135653409090908,0.6220348011363637,0.07884114583333333,0.6622005208333334,0.007890625,0.0208984375,0.9775086045265198,0.03264680132269859,0.602820634841919,1.0,0.0,0.6854708194732666,0.0,0.5123975276947021,1.0,0.9874117970466614,0.012588202953338623
2,3130,0.2980986535549164,0.26570582389831543,0.20090092718601227,0.011440692469477654,0.14,0.46720582246780396,0.998318142361111,0.0033637152777777814,1.0,0.0,1.0,0.65,0.15658854166666666,0.49330729166666665,0.006067708333333333,0.025911458333333335,0.9786587953567505,0.02991408109664917,0.6014763116836548,1.0,0.0,0.676508367061615,0.0,0.5112549066543579,1.0,0.987070620059967,0.012929379940032959
2,3140,0.2971523702144623,0.29002103209495544,0.2442881315946579,0.010029525496065617,0.13118489583333334,0.47659972310066223,0.992634548611111,0.014730902777777777,1.0,0.0,1.0,0.65,0.20876302083333334,0.4163671875,0.003671875,0.02802083333333333,0.9780038595199585,0.031224019825458527,0.5969569683074951,1.0,0.0,0.6463800668716431,0.0,0.5074134469032288,1.0,0.986706018447876,0.013293981552124023
2,3150,0.3233718276023865,0.31733691692352295,0.26522359251976013,0.011399290524423122,0.13037760416666666,0.4725998342037201,0.993220486111111,0.013559027777777781,1.0,0.0,0.9579782196969696,0.6436967329545454,0.21891927083333335,0.3829427083333333,0.003880208333333333,0.024075520833333332,0.9746707081794739,0.037890270352363586,0.5941499471664429,1.0,0.0,0.6276662349700928,0.0,0.5050274729728699,1.0,0.9863176345825195,0.013682365417480469
2,3160,0.316113144159317,0.3203076720237732,0.26415425539016724,0.011652582325041294,0.12397135416666667,0.4527267515659332,0.9903320312499999,0.019335937500000004,1.0,0.0,0.9011600378787878,0.6351740056818181,0.2919921875,0.35434895833333335,0.0011588541666666668,0.022825520833333335,0.9708534479141235,0.04552482068538666,0.5968851447105408,1.0,0.0,0.6459009647369385,0.0,0.5073524117469788,1.0,0.9859018325805664,0.014098167419433594
2,3170,0.30748438835144043,0.3154391348361969,0.27423688769340515,0.011271096765995026,0.1243359375,0.421923965215683,0.9863194444444443,0.027361111111111114,1.0,0.0,0.7555634469696969,0.6133345170454545,0.2248046875,0.34274739583333336,0.0011197916666666667,0.019622395833333334,0.9660437107086182,0.05440952628850937,0.6000938415527344,1.0,0.0,0.6672923564910889,0.0,0.5100798010826111,1.0,0.9854349493980408,0.014565050601959229
2,3180,0.2891559302806854,0.3050079643726349,0.268159955739975,0.011618026532232761,0.13265625,0.41800805926322937,0.9796397569444444,0.04072048611111112,1.0,0.0,0.883404356060606,0.6325106534090909,0.154453125,0.3496484375,0.0014322916666666666,0.022434895833333333,0.9654496908187866,0.05541936308145523,0.597278356552124,1.0,0.0,0.6485220789909363,0.0,0.5076866149902344,1.0,0.9849652051925659,0.015034794807434082
2,3190,0.28752797842025757,0.3117700219154358,0.2793574333190918,0.013403480872511864,0.1491015625,0.5408163666725159,0.9499283854166666,0.10014322916666668,1.0,0.0,0.9260179924242424,0.6389026988636364,0.210546875,0.3819921875,0.006236979166666667,0.023372395833333334,0.9658461809158325,0.05564466491341591,0.596906304359436,1.0,0.0,0.6460419297218323,0.0,0.5073703527450562,1.0,0.984489917755127,0.015510082244873047
2,3200,0.24632501602172852,0.2966897189617157,0.3152713477611542,0.011021248064935207,0.13884114583333335,0.46981993317604065,0.9494249131944443,0.10115017361111112,1.0,0.0,1.0,0.65,0.126015625,0.33795572916666666,0.021145833333333332,0.03763020833333333,0.9684038758277893,0.054794955998659134,0.5992060899734497,1.0,0.0,0.6613737940788269,0.0,0.5093252062797546,1.0,0.9840133190155029,0.01598668098449707
2,3210,0.4275670349597931,0.298828125,0.1589345633983612,0.007299454882740974,0.0856640625,0.29983755946159363,0.9146552378469167,0.05998824883242286,1.0,0.0,0.2619554924242424,0.5392933238636364,0.019296875,0.4694921875,0.04334635416666666,0.008763020833333333,0.966292142868042,0.05951285362243652,0.6024190187454224,1.0,0.0,0.682793378829956,0.0,0.5120561718940735,1.0,0.9835074543952942,0.01649254560470581
2,3220,0.35315001010894775,0.3198755383491516,0.20661364495754242,0.00963000301271677,0.07927083333333333,0.36665621399879456,0.9939160990918803,0.010372930021367535,1.0,0.0,0.3329782196969697,0.5499467329545454,0.20759114583333332,0.6024739583333333,0.0011458333333333333,0.010325520833333334,0.9638546705245972,0.06438781321048737,0.6010788679122925,1.0,0.0,0.6738591194152832,0.0,0.510917067527771,1.0,0.9830196499824524,0.016980350017547607
2,3230,0.2826140820980072,0.28105050325393677,0.17731784284114838,0.012063516303896904,0.09720052083333333,0.5169896483421326,0.9898663467525418,0.011189236111111112,1.0,0.0,0.2660984848484848,0.5399147727272727,0.6259375,0.5242708333333334,0.0006510416666666666,0.008854166666666666,0.961520791053772,0.07025627791881561,0.6012564301490784,1.0,0.0,0.6750428676605225,0.0,0.5110679864883423,1.0,0.9825204014778137,0.01747959852218628
2,3240,0.22468678653240204,0.2809874415397644,0.2061673402786255,0.010704755783081055,0.1081640625,0.6524725556373596,0.9405143229166666,0.1189713541666667,1.0,0.0,0.3673058712121211,0.5550958806818181,0.26299479166666667,0.24479166666666666,0.0,0.011080729166666666,0.9566156268119812,0.07453590631484985,0.5972402095794678,1.0,0.0,0.6482684016227722,0.0,0.5076541900634766,1.0,0.9819971919059753,0.018002808094024658
2,3250,0.17438904941082,0.2420092523097992,0.19233690202236176,0.009302531369030476,0.08854166666666667,0.6708177924156189,0.9300043402777777,0.13999131944444443,1.0,0.0,0.38328598484848486,0.5574928977272727,0.26837239583333333,0.19463541666666667,0.0,0.011432291666666667,0.952847957611084,0.07729531824588776,0.5937440991401672,1.0,0.0,0.6249605417251587,0.0,0.5046824812889099,1.0,0.9814435243606567,0.01855647563934326
2,3260,0.2019527703523636,0.28888988494873047,0.21869707107543945,0.010413436219096184,0.10502604166666667,0.5742948651313782,0.9198372395833332,0.16032552083333335,1.0,0.0,0.5265151515151515,0.5789772727272727,0.22143229166666667,0.22174479166666666,0.00028645833333333333,0.014583333333333334,0.9521259069442749,0.07873939722776413,0.589030385017395,1.0,0.0,0.5935357809066772,0.0,0.5006758570671082,1.0,0.9808356165885925,0.01916438341140747
2,3270,0.13636183738708496,0.22195735573768616,0.207243412733078,0.008334070444107056,0.09333333333333334,0.4404822885990143,0.8989955764475877,0.1865787720292564,1.0,0.0,0.6821732954545455,0.6023259943181818,0.25203125,0.23377604166666666,0.00015625,0.0180078125,0.9499584436416626,0.08307430148124695,0.5897363424301147,1.0,0.0,0.5982425212860107,0.0,0.501275897026062,1.0,0.9801509380340576,0.019849061965942383
2,3280,0.2600374221801758,0.2902340590953827,0.2491786777973175,0.008838561363518238,0.10415364583333334,0.5388989448547363,0.9745793097868036,0.04710072909327864,1.0,0.0,0.4282670454545454,0.5642400568181818,0.37505208333333334,0.32088541666666665,0.0003515625,0.012421875,0.9474729299545288,0.08804536610841751,0.590729832649231,1.0,0.0,0.6048656702041626,0.0,0.5021203756332397,1.0,0.9793829321861267,0.02061706781387329
2,3290,0.23188893496990204,0.24534213542938232,0.21970388293266296,0.01021500863134861,0.09571614583333334,0.39802032709121704,0.9835677083333333,0.032864583333333336,1.0,0.0,0.5075757575757575,0.5761363636363637,0.1587109375,0.307578125,0.001875,0.014166666666666666,0.944942831993103,0.08980697393417358,0.58823561668396,1.0,0.0,0.5882372856140137,0.0,0.5000002980232239,1.0,0.9785904884338379,0.02140951156616211
2,3300,0.2648184299468994,0.27279791235923767,0.23823949694633484,0.010938024148344994,0.11282552083333333,0.4129786789417267,0.9877951388888888,0.02440972222222223,1.0,0.0,0.55078125,0.5826171875,0.12971354166666665,0.33774739583333335,0.002916666666666667,0.0151171875,0.9433337450027466,0.08981256932020187,0.58487468957901,1.0,0.0,0.5658313035964966,0.0,0.4971435070037842,1.0,0.9777579307556152,0.022242069244384766
2,3310,0.2581891417503357,0.319571316242218,0.2993224859237671,0.010820056311786175,0.10604166666666667,0.4568655788898468,0.943630642361111,0.11273871527777779,1.0,0.0,0.7940340909090909,0.6191051136363637,0.16255208333333335,0.27265625,0.007890625,0.02046875,0.9387369155883789,0.0962594747543335,0.5807443857192993,1.0,0.0,0.5382958650588989,0.0,0.4936327338218689,1.0,0.9768831133842468,0.023116886615753174
2,3320,0.2426426261663437,0.31034567952156067,0.2883041799068451,0.010913855396211147,0.11932291666666667,0.5372029542922974,0.9363758680555555,0.12724826388888888,1.0,0.0,0.8123816287878788,0.6218572443181818,0.18928385416666665,0.30639322916666667,0.005390625,0.020872395833333335,0.9402897357940674,0.09842542558908463,0.5860161185264587,1.0,0.0,0.5734409093856812,0.0,0.4981137216091156,1.0,0.9760324358940125,0.02396756410598755
2,3330,0.2393663227558136,0.30247923731803894,0.27561402320861816,0.012115865014493465,0.12095052083333334,0.49987146258354187,0.9383810763888888,0.1232378472222222,1.0,0.0,0.8384232954545454,0.6257634943181818,0.18671875,0.3202734375,0.0028515625,0.0214453125,0.9344433546066284,0.10788485407829285,0.5907806158065796,1.0,0.0,0.6052038669586182,0.0,0.5021635293960571,1.0,0.9751180410385132,0.024881958961486816
2,3340,0.2601458728313446,0.26807719469070435,0.16264313459396362,0.006522841285914183,0.08567708333333333,0.46104827523231506,0.8953101506096939,0.09323580513811774,1.0,0.0,0.43773674242424243,0.5656605113636364,0.3930859375,0.3983072916666667,0.0005078125,0.012630208333333334,0.9333592653274536,0.10966485738754272,0.5902647972106934,1.0,0.0,0.6017653942108154,0.0,0.5017250776290894,1.0,0.9741544723510742,0.02584552764892578
2,3350,0.21346445381641388,0.24901841580867767,0.15752056241035461,0.008007683791220188,0.07950520833333333,0.5004087090492249,0.9135131758551797,0.07267875662581771,1.0,0.0,0.5105350378787878,0.5765802556818181,0.29311197916666665,0.2902604166666667,3.90625e-05,0.014231770833333334,0.9341926574707031,0.10799817740917206,0.5890810489654541,1.0,0.0,0.5938739776611328,0.0,0.500718891620636,1.0,0.9732089042663574,0.026791095733642578
2,3360,0.2855755686759949,0.31325167417526245,0.2534051239490509,0.010564279742538929,0.10368489583333333,0.5635533928871155,0.9780577256944444,0.04388454861111113,1.0,0.0,0.2980587121212121,0.5447088068181818,0.4250130208333333,0.3057421875,0.0007552083333333333,0.009557291666666667,0.9342032670974731,0.10793669521808624,0.5882736444473267,1.0,0.0,0.5884909629821777,0.0,0.5000326037406921,1.0,0.9722963571548462,0.02770364284515381
2,3370,0.20482327044010162,0.24840009212493896,0.2713342010974884,0.009146023541688919,0.12352864583333334,0.524978518486023,0.9448155381944443,0.11036892361111111,1.0,0.0,1.0,0.65,0.1244921875,0.31154947916666664,0.013111979166666666,0.026171875,0.9312552213668823,0.11137557029724121,0.5916556715965271,1.0,0.0,0.6110378503799438,0.0,0.5029073357582092,1.0,0.9714198112487793,0.028580188751220703
2,3380,0.24424196779727936,0.31604883074760437,0.2709541916847229,0.01052631251513958,0.12712239583333335,0.5478134155273438,0.9341232638888888,0.13175347222222222,1.0,0.0,0.8946496212121211,0.6341974431818181,0.16115885416666667,0.30432291666666667,0.0016666666666666668,0.022682291666666667,0.9329702258110046,0.10868030786514282,0.5903197526931763,1.0,0.0,0.6021318435668945,0.0,0.5017718076705933,1.0,0.9706277847290039,0.029372215270996094
2,3390,0.28687775135040283,0.30316585302352905,0.17273341119289398,0.007071805186569691,0.09283854166666666,0.4382205605506897,0.9265066642003716,0.07771437862761782,1.0,0.0,0.5342092803030303,0.5801313920454545,0.28977864583333335,0.36151041666666667,0.0008463541666666667,0.014752604166666667,0.93105149269104,0.10970531404018402,0.5914654731750488,1.0,0.0,0.6097695827484131,0.0,0.5027456879615784,1.0,0.9698686599731445,0.03013134002685547
2,3400,0.22403937578201294,0.25736626982688904,0.17373837530612946,0.007002950645983219,0.08645833333333333,0.49822524189949036,0.9161365314515737,0.10026065103709698,1.0,0.0,0.4554924242424242,0.5683238636363637,0.3013151041666667,0.29973958333333334,0.0,0.013020833333333334,0.9286685585975647,0.1113215982913971,0.5924124121665955,1.0,0.0,0.6160827279090881,0.0,0.5035505890846252,1.0,0.9691099524497986,0.030890047550201416
2,3410,0.18443496525287628,0.28371480107307434,0.22771188616752625,0.006510713137686253,0.08494791666666666,0.48323771357536316,0.8528930743579779,0.23653525325482294,1.0,0.0,0.42175662878787884,0.5632634943181818,0.22279947916666668,0.23513020833333334,1.3020833333333334e-05,0.012278645833333334,0.9280675053596497,0.112523652613163,0.5956211686134338,1.0,0.0,0.6374740600585938,0.0,0.5062779784202576,1.0,0.9683452248573303,0.03165477514266968
2,3420,0.22191187739372253,0.2573576271533966,0.25187310576438904,0.013416202738881111,0.19299479166666667,0.4170156717300415,0.947263454861111,0.10547309027777779,1.0,0.0,1.0,0.65,0.24309895833333334,0.3849609375,0.018671875,0.0560546875,0.929435133934021,0.1097884476184845,0.5950589179992676,1.0,0.0,0.633725643157959,0.0,0.5058000683784485,1.0,0.9675860404968262,0.03241395950317383
2,3430,0.13282246887683868,0.18689259886741638,0.18636102974414825,0.007747005671262741,0.11149739583333333,0.4398021996021271,0.8711426690810419,0.20902076471708012,1.0,0.0,1.0,0.65,0.27588541666666666,0.2686458333333333,0.002942708333333333,0.0369921875,0.9298003315925598,0.10905803740024567,0.5954689383506775,1.0,0.0,0.636459469795227,0.0,0.506148636341095,1.0,0.9668643474578857,0.03313565254211426
2,3440,0.3056793510913849,0.3251372277736664,0.20299340784549713,0.008263393305242062,0.07993489583333334,0.4658547043800354,0.9671013637319478,0.048569300027798294,1.0,0.0,0.19389204545454544,0.5290838068181818,0.5612630208333333,0.4637369791666667,0.0003515625,0.007265625,0.927731990814209,0.11172911524772644,0.594750165939331,0.9967700839042664,0.0,0.6424344182014465,0.0,0.5055376291275024,1.0,0.9650183916091919,0.034981608390808105
2,3450,0.20814980566501617,0.26494550704956055,0.19724604487419128,0.009810982272028923,0.09876302083333334,0.6175591945648193,0.9580143229166665,0.08397135416666668,1.0,0.0,0.20158617424242423,0.5302379261363637,0.35109375,0.22416666666666665,9.114583333333334e-05,0.007434895833333333,0.9260655641555786,0.11800507456064224,0.5956186652183533,0.9904747009277344,0.0,0.669208824634552,0.0,0.5062758922576904,1.0,0.9644317030906677,0.035568296909332275
2,3460,0.17458225786685944,0.23465058207511902,0.19969722628593445,0.008963490836322308,0.09813802083333334,0.6318383812904358,0.9302270830747719,0.13869988981402176,1.0,0.0,0.27024147727272724,0.5405362215909091,0.2914453125,0.23220052083333334,0.0,0.0089453125,0.9235714673995972,0.12504489719867706,0.5968788266181946,0.9860026836395264,0.0,0.6925166845321655,0.0,0.5073469877243042,1.0,0.963921308517456,0.036078691482543945
2,3470,0.1421976089477539,0.2169867306947708,0.19106808304786682,0.006773088593035936,0.0950390625,0.5893025398254395,0.8579293776485252,0.23254207795622145,1.0,0.0,1.0,0.65,0.229140625,0.19841145833333335,1.3020833333333334e-05,0.025013020833333333,0.9175522923469543,0.13234448432922363,0.6008618474006653,0.9839410781860352,0.0,0.7259424924850464,0.0,0.5107325911521912,1.0,0.963481605052948,0.036518394947052
2,3480,0.19762112200260162,0.24844405055046082,0.22419480979442596,0.010153522714972496,0.109453125,0.5474196076393127,0.9350108506944443,0.1299782986111111,1.0,0.0,0.4951467803030303,0.5742720170454545,0.22579427083333334,0.298046875,0.02140625,0.013893229166666667,0.9090451598167419,0.13938507437705994,0.6008619070053101,0.9839410185813904,0.0,0.7259424924850464,0.0,0.5107326507568359,1.0,0.9631104469299316,0.03688955307006836
2,3490,0.23809966444969177,0.24379846453666687,0.16979184746742249,0.007780621759593487,0.10046875,0.418306440114975,0.9342848125938541,0.06862581864383,1.0,0.0,0.5886600378787878,0.5882990056818181,0.446328125,0.5023046875,0.0038151041666666667,0.015950520833333332,0.9044656753540039,0.14232558012008667,0.601216197013855,0.9831446409225464,0.0,0.7309591770172119,0.0,0.5110337734222412,1.0,0.9628397226333618,0.037160277366638184
2,3500,0.26014408469200134,0.2753457725048065,0.168228417634964,0.007865061983466148,0.101640625,0.39142316579818726,0.9335268735163084,0.06680662990787486,1.0,0.0,0.640151515151515,0.5960227272727272,0.46141927083333334,0.47010416666666666,0.0015234375,0.017083333333333332,0.896312952041626,0.14913983643054962,0.6045432686805725,0.9831446409225464,0.0,0.7531396746635437,0.0,0.5138617753982544,1.0,0.962628960609436,0.037371039390563965
2,3510,0.24333733320236206,0.27881771326065063,0.20004017651081085,0.009711087681353092,0.1160546875,0.40784090757369995,0.975173611111111,0.04965277777777778,1.0,0.0,1.0,0.65,0.31057291666666664,0.32240885416666665,0.003463541666666667,0.025872395833333332,0.8879514336585999,0.15636438131332397,0.6039808988571167,0.9742412567138672,0.0,0.7790685892105103,0.0,0.5133838057518005,1.0,0.9624916315078735,0.037508368492126465
2,3520,0.2478705644607544,0.28007927536964417,0.2168392390012741,0.012602832168340683,0.11813802083333333,0.4446663558483124,0.9723502604166666,0.05529947916666668,1.0,0.0,0.7153172348484849,0.6072975852272727,0.293515625,0.343515625,0.0012369791666666666,0.018736979166666667,0.8873808979988098,0.15617263317108154,0.601682186126709,0.9613831639289856,0.0,0.8066040277481079,0.0,0.5114298462867737,1.0,0.9624695777893066,0.03753042221069336
2,3530,0.2667366564273834,0.31635618209838867,0.23288407921791077,0.014937680214643478,0.11811197916666667,0.4629817605018616,0.9440451388888889,0.11190972222222223,1.0,0.0,0.8697916666666666,0.63046875,0.1708203125,0.3236588541666667,0.00140625,0.022135416666666668,0.8791589736938477,0.16169339418411255,0.5971200466156006,0.9522589445114136,0.0,0.8066040277481079,0.0,0.5075520277023315,1.0,0.9624812006950378,0.03751879930496216
2,3540,0.24701619148254395,0.3296283781528473,0.28457170724868774,0.00767167191952467,0.11026041666666667,0.46815359592437744,0.8949456969093339,0.17933027260934273,0.932169596354167,0.0,0.9638967803030302,0.610669315222538,0.13565104166666667,0.26264322916666666,0.0083203125,0.024205729166666665,0.874488890171051,0.16454869508743286,0.591040849685669,0.9522589445114136,0.0,0.7660759687423706,0.0,0.5023847222328186,1.0,0.9625848531723022,0.037415146827697754
2,3550,0.1722731590270996,0.2513278126716614,0.22036370635032654,0.006654864177107811,0.10635416666666667,0.44159814715385437,0.8603152287692881,0.2250310294919705,0.8677978515625002,0.0,1.0,0.5838989257812501,0.0958984375,0.281796875,0.01265625,0.030286458333333332,0.8756580948829651,0.16303075850009918,0.5926980376243591,0.9522589445114136,0.0,0.7771239280700684,0.0,0.5037933588027954,1.0,0.9627849459648132,0.03721505403518677
2,3560,0.17782960832118988,0.2394954115152359,0.21634645760059357,0.006530792452394962,0.1014453125,0.43656620383262634,0.8611357807349869,0.2205150929147877,0.9060872395833334,0.0,1.0,0.6030436197916667,0.08631510416666667,0.3036328125,0.008385416666666666,0.028177083333333332,0.8753324747085571,0.1636820137500763,0.5960378050804138,0.9522589445114136,0.0,0.7993890047073364,0.0,0.5066321492195129,1.0,0.9629479050636292,0.03705209493637085
2,3570,0.1742546558380127,0.20377077162265778,0.171908438205719,0.005887228529900312,0.10981770833333333,0.47629207372665405,0.851656054049864,0.19717587476591192,0.9567057291666669,0.0,1.0,0.6283528645833334,0.08705729166666666,0.31908854166666667,0.026236979166666667,0.029609375,0.8748027682304382,0.16478165984153748,0.5936428308486938,0.9476803541183472,0.0,0.7986844778060913,0.0,0.5045964121818542,1.0,0.963100016117096,0.03689998388290405
2,3580,0.16688098013401031,0.18369311094284058,0.15288332104682922,0.004977380391210318,0.10514322916666667,0.49619558453559875,0.7661658327519887,0.2582214324298469,1.0,0.0,1.0,0.65,0.09709635416666666,0.32569010416666666,0.013619791666666667,0.027734375,0.8778238296508789,0.15857484936714172,0.5919898152351379,0.9476802945137024,0.0,0.7876646518707275,0.0,0.503191351890564,1.0,0.9632968902587891,0.03670310974121094
2,3590,0.17797626554965973,0.21305742859840393,0.16245244443416595,0.005927371326833963,0.11532552083333333,0.49520954489707947,0.837954563254136,0.19350409233907293,0.9832763671875003,0.0,1.0,0.6416381835937501,0.09716145833333334,0.3174869791666667,0.023997395833333334,0.031276041666666664,0.8802597522735596,0.1537029892206192,0.5955959558486938,0.9476802945137024,0.0,0.8117052316665649,0.0,0.5062565803527832,1.0,0.9634891748428345,0.03651082515716553
2,3600,0.18142765760421753,0.20129980146884918,0.1374588906764984,0.0037413735408335924,0.07888020833333333,0.44320642948150635,0.7552991563734308,0.22081376106745615,1.0,0.0,1.0,0.65,0.14895833333333333,0.3034765625,0.011432291666666667,0.026966145833333333,0.8811390995979309,0.15493492782115936,0.598534107208252,0.9476802945137024,0.0,0.8312928676605225,0.0,0.5087540149688721,1.0,0.9636566638946533,0.03634333610534668
2,3610,0.20166918635368347,0.2635610103607178,0.1350986808538437,0.004038542043417692,0.09677083333333333,0.4203464388847351,0.7405449627964061,0.2519757676464796,0.8130289713541666,0.0,1.0,0.5565144856770833,0.09010416666666667,0.2700651041666667,0.0028776041666666668,0.037265625,0.882897138595581,0.15456841886043549,0.6011044383049011,0.9476802945137024,0.0,0.84842848777771,0.0,0.5109387636184692,1.0,0.9638084173202515,0.036191582679748535
2,3620,0.2177285999059677,0.2953411042690277,0.19452063739299774,0.0053027416579425335,0.09765625,0.40042784810066223,0.8409116007991356,0.23250861730527506,0.7299804687500001,0.0,1.0,0.514990234375,0.06243489583333333,0.2711588541666667,0.016666666666666666,0.03567708333333333,0.8805341124534607,0.15641099214553833,0.5960863828659058,0.9476802945137024,0.0,0.8149745464324951,0.0,0.5066734552383423,1.0,0.9639236927032471,0.03607630729675293
2,3630,0.1335572451353073,0.1870158165693283,0.12670724093914032,0.007725470699369907,0.13805989583333333,0.4004557430744171,0.7746036255655062,0.2214092050389788,0.8083902994791667,0.0,1.0,0.5541951497395834,0.0696484375,0.28903645833333336,0.019596354166666666,0.048216145833333335,0.8815221786499023,0.1544349193572998,0.594818115234375,0.9476802945137024,0.0,0.8065194487571716,0.0,0.5055953860282898,1.0,0.9640020728111267,0.03599792718887329
2,3640,0.47728201746940613,0.346162885427475,0.21341747045516968,0.005836284253746271,0.03467447916666667,0.3230803310871124,0.7730708764633406,0.2689821254981463,1.0,0.0,0.14891098484848483,0.5223366477272727,0.53375,0.5357682291666667,0.0018489583333333333,0.006276041666666667,0.8829728960990906,0.15065951645374298,0.5914698839187622,0.9476802945137024,0.0,0.7841980457305908,0.0,0.5027494430541992,1.0,0.964047908782959,0.035952091217041016
2,3650,0.28704795241355896,0.3217955231666565,0.2816088795661926,0.009813684038817883,0.0801171875,0.46879327297210693,0.9916536458333333,0.016692708333333334,1.0,0.0,0.4258996212121211,0.5638849431818181,0.5792057291666667,0.34955729166666666,0.0009244791666666667,0.012369791666666666,0.8876627683639526,0.14270731806755066,0.5895041227340698,0.9509103298187256,0.0,0.7603265047073364,0.0,0.5010785460472107,1.0,0.9640639424324036,0.035936057567596436
2,3660,0.2043011635541916,0.27498891949653625,0.2169608175754547,0.011542423628270626,0.0891796875,0.6032686829566956,0.9511762152777776,0.09764756944444447,1.0,0.0,0.6691524621212122,0.6003728693181818,0.29364583333333333,0.2023046875,0.0002734375,0.017721354166666668,0.8921095132827759,0.1347191333770752,0.5894684791564941,0.9572056531906128,0.0,0.7391042113304138,0.0,0.50104820728302,1.0,0.9640806913375854,0.03591930866241455
2,3670,0.22841086983680725,0.3315470814704895,0.34556812047958374,0.010243811644613743,0.100390625,0.6530821323394775,0.9191037326388888,0.16179253472222221,0.9038492838541666,0.0,0.2554450757575757,0.4902414032907197,0.1875390625,0.20169270833333333,0.00024739583333333335,0.008619791666666666,0.8984390497207642,0.12478450685739517,0.5894088745117188,0.9616776704788208,0.0,0.723800539970398,0.0,0.5009975433349609,1.0,0.964097261428833,0.03590273857116699
2,3680,0.187317356467247,0.20438075065612793,0.26072511076927185,0.006623762659728527,0.08947916666666667,0.5133073925971985,0.9213709887874321,0.10219886454079694,1.0,0.0,0.7685842803030303,0.6152876420454545,0.5667708333333333,0.30061197916666665,0.0008333333333333334,0.019908854166666667,0.9035632014274597,0.11927497386932373,0.5902241468429565,0.9637393355369568,0.0,0.7223631143569946,0.0,0.5016905665397644,1.0,0.9641118049621582,0.0358881950378418
2,3690,0.3011477291584015,0.27976641058921814,0.2648051381111145,0.02574186772108078,0.21690104166666666,0.4149899184703827,0.9861653645833333,0.02766927083333334,1.0,0.0,1.0,0.65,0.292578125,0.5112239583333333,0.082265625,0.0334375,0.9124512672424316,0.11147256195545197,0.5891207456588745,0.9637393951416016,0.0,0.7150071859359741,0.0,0.5007526278495789,1.0,0.964210033416748,0.03578996658325195
2,3700,0.3121090531349182,0.36246639490127563,0.3796677887439728,0.01289854384958744,0.15533854166666666,0.5088713765144348,0.9527517361111111,0.09449652777777778,1.0,0.0,1.0,0.65,0.15309895833333334,0.29083333333333333,0.010208333333333333,0.04611979166666667,0.9174908399581909,0.10761170834302902,0.5875446796417236,0.9645357131958008,0.0,0.7018454670906067,0.0,0.49941298365592957,1.0,0.9643535614013672,0.03564643859863281
2,3710,0.3548892140388489,0.3466894328594208,0.3168972134590149,0.02682522125542164,0.19430989583333333,0.40662699937820435,0.9704448784722222,0.05911024305555556,1.0,0.0,1.0,0.65,0.166640625,0.390078125,0.07298177083333333,0.03795572916666667,0.9261367917060852,0.1031097024679184,0.5849277973175049,0.9645357131958008,0.0,0.6843998432159424,0.0,0.49718862771987915,1.0,0.9645527005195618,0.03544729948043823
2,3720,0.37096333503723145,0.3092569410800934,0.28944817185401917,0.0063866726122796535,0.08305989583333333,0.358182430267334,0.9255504008782347,0.08834649047927885,1.0,0.0,0.297466856060606,0.5446200284090909,0.5443229166666667,0.6383723958333334,0.001171875,0.009544270833333333,0.9354700446128845,0.09715437889099121,0.5871262550354004,0.97343909740448,0.0,0.6693779230117798,0.0,0.4990573227405548,1.0,0.9648042917251587,0.03519570827484131
2,3730,0.23472559452056885,0.24345630407333374,0.22562983632087708,0.010212952271103859,0.091953125,0.4618705213069916,0.9930989583333333,0.013802083333333338,1.0,0.0,0.5377604166666666,0.5806640625,0.43041666666666667,0.40334635416666664,0.001171875,0.014830729166666667,0.9398345947265625,0.09250470995903015,0.591124415397644,0.9862971305847168,0.0,0.6531723737716675,0.0,0.5024557709693909,1.0,0.9650399684906006,0.034960031509399414
2,3740,0.2601775527000427,0.2374935746192932,0.19656844437122345,0.008208032697439194,0.08946614583333333,0.42699533700942993,0.9745116453716749,0.03262624736804624,1.0,0.0,0.40104166666666663,0.56015625,0.5731380208333333,0.66734375,0.0018359375,0.011822916666666667,0.9447693824768066,0.09121102094650269,0.5930823683738708,0.9954214692115784,0.0,0.6358112096786499,0.0,0.5041200518608093,1.0,0.9652696847915649,0.03473031520843506
2,3750,0.25822722911834717,0.27436721324920654,0.24454747140407562,0.009049513377249241,0.07967447916666667,0.44698527455329895,0.9934323250534187,0.012334067841880335,1.0,0.0,0.4625946969696969,0.5693892045454545,0.5296354166666667,0.3995442708333333,0.0007682291666666666,0.013177083333333334,0.9545177817344666,0.08051791787147522,0.5964643955230713,0.9954214096069336,0.0,0.658358097076416,0.0,0.5069947242736816,1.0,0.9652139544487,0.03478604555130005
2,3760,0.2655264139175415,0.2823381721973419,0.2490418702363968,0.007475439924746752,0.0920703125,0.46537837386131287,0.9536978631571622,0.05727910121029549,1.0,0.0,0.5543323863636362,0.5831498579545454,0.56796875,0.4086458333333333,0.0013541666666666667,0.0151953125,0.9518193006515503,0.0852511078119278,0.5964094400405884,0.9954214692115784,0.0,0.6579917669296265,0.0,0.5069480538368225,1.0,0.9653841257095337,0.03461587429046631
2,3770,0.2659798860549927,0.28137657046318054,0.27489110827445984,0.009780543856322765,0.09977864583333333,0.4445075988769531,0.9940559895833332,0.011888020833333339,1.0,0.0,0.6786221590909091,0.6017933238636364,0.5337109375,0.36334635416666666,0.001171875,0.0179296875,0.9507638812065125,0.08697675168514252,0.5967984199523926,0.9954214096069336,0.0,0.6605846881866455,0.0,0.5072786808013916,1.0,0.9655721187591553,0.03442788124084473
2,3780,0.24461601674556732,0.29469233751296997,0.24468742311000824,0.010716267861425877,0.10309895833333334,0.49370208382606506,0.9592621527777777,0.08147569444444445,1.0,0.0,0.9698153409090909,0.6454723011363637,0.29595052083333334,0.3056770833333333,0.004518229166666667,0.0243359375,0.9520405530929565,0.08262644708156586,0.6020681262016296,1.0,0.0,0.6804541349411011,0.0,0.5117579102516174,1.0,0.9656903743743896,0.03430962562561035
2,3790,0.24650031328201294,0.3105055093765259,0.24831172823905945,0.009334377013146877,0.09611979166666666,0.5353317260742188,0.9528146701388888,0.09437065972222222,1.0,0.0,0.8455255681818182,0.6268288352272727,0.27423177083333333,0.2862890625,0.0023307291666666667,0.0216015625,0.95330810546875,0.08066713064908981,0.5999839305877686,1.0,0.0,0.6665595769882202,0.0,0.5099863409996033,1.0,0.9655094146728516,0.03449058532714844
2,3800,0.20136786997318268,0.26303011178970337,0.2450663149356842,0.01071651466190815,0.091171875,0.558752179145813,0.943786892361111,0.1124262152777778,1.0,0.0,0.7236032196969697,0.6085404829545454,0.26352864583333335,0.26953125,0.0002734375,0.018919270833333335,0.9493522644042969,0.0867798924446106,0.5962087512016296,1.0,0.0,0.6413916349411011,0.0,0.5067774653434753,1.0,0.9650378227233887,0.03496217727661133
2,3810,0.19258733093738556,0.2590166926383972,0.2619085907936096,0.010489731095731258,0.09213541666666666,0.598287045955658,0.9368641493055555,0.12627170138888888,1.0,0.0,0.6336410984848485,0.5950461647727273,0.2828125,0.24587239583333334,7.8125e-05,0.016940104166666668,0.9455851912498474,0.09138394147157669,0.5920361280441284,1.0,0.0,0.6135743856430054,0.0,0.5032307505607605,1.0,0.9643257856369019,0.035674214363098145
2,3820,0.2065552920103073,0.2804233133792877,0.24626284837722778,0.01165007147938013,0.09513020833333333,0.5925210118293762,0.9365429687499999,0.1269140625,1.0,0.0,0.6845407196969696,0.6026811079545454,0.2777734375,0.22958333333333333,0.0004166666666666667,0.018059895833333332,0.9410563707351685,0.09774268418550491,0.5890049934387207,1.0,0.0,0.5933667421340942,0.0,0.5006542801856995,1.0,0.9633743762969971,0.03662562370300293
2,3830,0.1860540807247162,0.26919007301330566,0.2556942105293274,0.011377587914466858,0.092734375,0.6140608191490173,0.9325672743055555,0.1348654513888889,1.0,0.0,0.6596827651515151,0.5989524147727273,0.27608072916666665,0.23600260416666666,0.0003125,0.017513020833333334,0.939064085483551,0.10172954946756363,0.5894784927368164,1.0,0.0,0.5965232849121094,0.0,0.5010567307472229,1.0,0.9622194766998291,0.0377805233001709
2,3840,0.2009296417236328,0.29175108671188354,0.2626383304595947,0.006872801575809717,0.08595052083333334,0.5971449017524719,0.87823481234896,0.1942416313269395,1.0,0.0,0.6354166666666666,0.5953125,0.2643098958333333,0.22744791666666667,0.000625,0.016979166666666667,0.9362353086471558,0.10635824501514435,0.5905015468597412,1.0,0.0,0.6033437252044678,0.0,0.5019263029098511,1.0,0.9604810476303101,0.03951895236968994
2,3850,0.24774810671806335,0.2754852771759033,0.22501714527606964,0.010124498046934605,0.09604166666666666,0.508336067199707,0.9777864583333332,0.04442708333333334,1.0,0.0,0.6223958333333334,0.593359375,0.2858984375,0.33360677083333334,0.00203125,0.016692708333333334,0.9308483004570007,0.11295207589864731,0.5900914669036865,1.0,0.0,0.6006098985671997,0.0,0.5015777349472046,1.0,0.9599850177764893,0.04001498222351074
2,3860,0.2531532943248749,0.30137866735458374,0.24314627051353455,0.008398369885981083,0.0916796875,0.6336633563041687,0.9349850063413624,0.11608977735830031,1.0,0.0,0.4182054924242424,0.5627308238636364,0.2845963541666667,0.26294270833333333,0.000703125,0.012200520833333334,0.927991509437561,0.11596646904945374,0.5898631811141968,1.0,0.0,0.5990880131721497,0.0,0.5013837218284607,1.0,0.9580358266830444,0.041964173316955566
2,3870,0.19264435768127441,0.25381138920783997,0.2652270495891571,0.0086508858948946,0.10205729166666666,0.5287070870399475,0.9290124302593672,0.13388591021662805,1.0,0.0,0.7236032196969697,0.6085404829545454,0.2615885416666667,0.3331119791666667,0.0014322916666666666,0.018919270833333335,0.9247045516967773,0.12107661366462708,0.5877959132194519,1.0,0.0,0.5853061676025391,0.0,0.4996265470981598,1.0,0.9557779431343079,0.04422205686569214
2,3880,0.3304751217365265,0.3356075882911682,0.27845433354377747,0.007371455896645784,0.0878125,0.5167385935783386,0.9459145581857542,0.07043632513613801,1.0,0.0,0.6727035984848484,0.6009055397727272,0.29408854166666665,0.32841145833333335,0.0009765625,0.017799479166666667,0.9187502861022949,0.12935635447502136,0.5885103940963745,1.0,0.0,0.5900692939758301,0.0,0.5002338290214539,1.0,0.9532737731933594,0.046726226806640625
2,3890,0.300559937953949,0.2922412157058716,0.23060841858386993,0.007145651150494814,0.09889322916666667,0.5868942737579346,0.9479900626250642,0.061053255066215006,1.0,0.0,0.4767992424242424,0.5715198863636364,0.434921875,0.3772265625,0.0005598958333333334,0.013489583333333333,0.919924795627594,0.12634626030921936,0.5829004049301147,1.0,0.0,0.5526695251464844,0.0,0.49546536803245544,1.0,0.9479303956031799,0.05206960439682007
2,3900,0.25846073031425476,0.3167727291584015,0.2649378776550293,0.007369540631771088,0.0929296875,0.6042616963386536,0.9030919056694682,0.15603725208014974,1.0,0.0,0.4714725378787878,0.5707208806818181,0.2948046875,0.2847135416666667,6.510416666666667e-05,0.013372395833333333,0.9207869172096252,0.1242399737238884,0.5840038061141968,1.0,0.0,0.5600255131721497,0.0,0.4964032471179962,1.0,0.9422943592071533,0.05770564079284668
2,3910,0.27569183707237244,0.3330279290676117,0.2601662576198578,0.00634436309337616,0.09759114583333334,0.6184248924255371,0.873642697999794,0.19118155372498158,1.0,0.0,0.41583806818181807,0.5623757102272727,0.286875,0.2793359375,0.00014322916666666667,0.0121484375,0.9197633266448975,0.12613387405872345,0.5847098231315613,1.0,0.0,0.5647321939468384,0.0,0.49700337648391724,1.0,0.9364112615585327,0.06358873844146729
2,3920,0.21235375106334686,0.26014605164527893,0.25937849283218384,0.006554075516760349,0.10934895833333333,0.597385823726654,0.8753411774821882,0.19264378505811944,1.0,0.0,0.5756392045454545,0.5863458806818181,0.33677083333333335,0.3316927083333333,0.00022135416666666666,0.0156640625,0.9180799722671509,0.1285225749015808,0.5832471251487732,1.0,0.0,0.5549806356430054,0.0,0.49576008319854736,1.0,0.9303705096244812,0.0696294903755188
2,3930,0.2930016815662384,0.3006342351436615,0.2528630495071411,0.006388659123331308,0.1142578125,0.7451267242431641,0.8837113364050947,0.1720706483401701,1.0,0.0,0.3637547348484848,0.5545632102272727,0.3497135416666667,0.3697916666666667,0.00018229166666666667,0.011002604166666667,0.9159936904907227,0.1311011016368866,0.581822395324707,1.0,0.0,0.5454827547073364,0.0,0.494549036026001,1.0,0.9242952466011047,0.07570475339889526
2,3940,0.27972549200057983,0.29851800203323364,0.289370596408844,0.008067467249929905,0.1116015625,0.6582613587379456,0.933693936295545,0.11100466124874948,1.0,0.0,0.6809895833333334,0.6021484375,0.33022135416666665,0.4185026041666667,0.0002734375,0.017981770833333334,0.9077187180519104,0.13891281187534332,0.5787193775177002,1.0,0.0,0.5247959494590759,0.0,0.49191147089004517,1.0,0.9181565642356873,0.08184343576431274
2,3950,0.42342790961265564,0.38454338908195496,0.33353710174560547,0.005992298945784569,0.0651953125,0.5754112005233765,0.8613852422628672,0.1710965735989174,1.0,0.0,0.34363162878787873,0.5515447443181818,0.35208333333333336,0.22942708333333334,0.0005078125,0.010559895833333333,0.9034700989723206,0.14311501383781433,0.5767536163330078,1.0,0.0,0.5116905570030212,0.0,0.49024057388305664,1.0,0.9118860363960266,0.08811396360397339
2,3960,0.3304274380207062,0.3200560510158539,0.24219052493572235,0.006519128102809191,0.086171875,0.5621199607849121,0.9334400222704905,0.07563633832898808,1.0,0.0,0.43063446969696967,0.5645951704545454,0.4375911458333333,0.37365885416666667,0.0010807291666666667,0.012473958333333333,0.8982502222061157,0.14973381161689758,0.5753627419471741,1.0,0.0,0.5024181604385376,0.0,0.48905834555625916,1.0,0.9055037498474121,0.09449625015258789
2,3970,0.25442370772361755,0.28615012764930725,0.202985942363739,0.006148646119982004,0.095390625,0.7292259931564331,0.8846699666167257,0.16459211101003374,1.0,0.0,0.26491477272727265,0.5397372159090909,0.3474348958333333,0.2681640625,5.208333333333334e-05,0.008828125,0.8994266390800476,0.14683890342712402,0.5748342871665955,1.0,0.0,0.49889522790908813,0.0,0.4886091649532318,1.0,0.8991948366165161,0.10080516338348389
2,3980,0.33006173372268677,0.3819945752620697,0.3402579128742218,0.005711219273507595,0.08505208333333333,0.5493091940879822,0.8690170236997973,0.18576249674265463,1.0,0.0,0.7786458333333333,0.616796875,0.26787760416666667,0.2352734375,0.00048177083333333335,0.020130208333333333,0.8885588645935059,0.15070196986198425,0.5727416276931763,1.0,0.0,0.48494428396224976,0.0,0.48683038353919983,1.0,0.8945056200027466,0.10549437999725342
2,3990,0.37213483452796936,0.2787116467952728,0.1959591805934906,0.008400942198932171,0.13975260416666666,0.49089840054512024,0.9839277175323266,0.018263957349628906,1.0,0.0,0.18442234848484845,0.5276633522727273,0.6970572916666666,0.7201171875,0.001640625,0.007057291666666667,0.8554517030715942,0.17680612206459045,0.5692158937454224,1.0,0.0,0.46143919229507446,0.0,0.48383352160453796,1.0,0.8899988532066345,0.11000114679336548
2,4000,0.2756352722644806,0.28973159193992615,0.2393724024295807,0.008653784170746803,0.13815104166666667,0.6366439461708069,0.9709196159631256,0.05013869398129664,1.0,0.0,1.0,0.65,0.44256510416666667,0.33674479166666665,0.0013932291666666667,0.026731770833333335,0.8226051330566406,0.20292824506759644,0.5669287443161011,1.0,0.0,0.44619181752204895,0.0,0.4818894565105438,1.0,0.8845911026000977,0.11540889739990234
2,4010,0.2094651758670807,0.283974289894104,0.23542456328868866,0.008861138485372066,0.12921875,0.6682608127593994,0.9222922423074078,0.15219799248526894,1.0,0.0,0.8224431818181819,0.6233664772727273,0.2908854166666667,0.307109375,0.0008854166666666666,0.02109375,0.7920939326286316,0.22429147362709045,0.5646754503250122,1.0,0.0,0.43116992712020874,0.0,0.4799741506576538,1.0,0.8799552917480469,0.12004470825195312
2,4020,0.21708190441131592,0.30128562450408936,0.2525104880332947,0.008113591931760311,0.12106770833333333,0.6419745683670044,0.9015134590092875,0.176434358449042,1.0,0.0,0.4288589015151514,0.5643288352272727,0.2700651041666667,0.3004557291666667,0.00010416666666666667,0.012434895833333333,0.7627500295639038,0.2442820519208908,0.5628660917282104,1.0,0.0,0.4191073775291443,0.0,0.4784362018108368,1.0,0.8769269585609436,0.1230730414390564
2,4030,0.23806089162826538,0.3047647476196289,0.2341901808977127,0.007555314805358648,0.1219140625,0.6593965291976929,0.8927310387311669,0.18106350949109812,1.0,0.0,0.48508522727272724,0.5727627840909091,0.30583333333333335,0.3327864583333333,0.00018229166666666667,0.013671875,0.7339416742324829,0.26343077421188354,0.5600167512893677,1.0,0.0,0.4001116156578064,0.0,0.47601425647735596,1.0,0.8744503259658813,0.12554967403411865
2,4040,0.29768168926239014,0.2638358175754547,0.19884024560451508,0.002873057033866644,0.063125,0.596428394317627,0.7587923480057613,0.2989110907957063,1.0,0.0,0.22526041666666663,0.5337890625,0.5831119791666667,0.5959244791666667,0.00018229166666666667,0.007955729166666667,0.7046600580215454,0.28365346789360046,0.5586808323860168,1.0,0.0,0.3912055790424347,0.0,0.47487872838974,1.0,0.8723010420799255,0.12769895792007446
2,4050,0.2659200429916382,0.28546443581581116,0.2657491862773895,0.0029800913762301207,0.10052083333333334,0.47052663564682007,0.7890132599076645,0.2824877925607348,1.0,0.0,0.3602035984848485,0.5540305397727273,0.469140625,0.4813151041666667,0.0,0.010924479166666667,0.6723681688308716,0.3075712323188782,0.5549901723861694,1.0,0.0,0.36660128831863403,0.0,0.471741646528244,1.0,0.8699367642402649,0.1300632357597351
2,4060,0.29304811358451843,0.2809329926967621,0.2668984532356262,0.005536999553442001,0.159140625,0.48009851574897766,0.8681687909493925,0.18342216385170051,1.0,0.0,0.4276751893939394,0.564151278409091,0.5176432291666667,0.5250911458333334,3.90625e-05,0.012408854166666667,0.6427387595176697,0.32957327365875244,0.5536543130874634,1.0,0.0,0.35769525170326233,0.0,0.4706061780452728,1.0,0.8682761788368225,0.1317238211631775
2,4070,0.5765926241874695,0.3228905498981476,0.19785380363464355,0.007907048799097538,0.13139322916666665,0.5109666585922241,0.9596895058057333,0.055296509343232235,1.0,0.0,0.3442234848484848,0.5516335227272727,0.0548828125,0.5811328125,0.004375,0.010572916666666666,0.610150933265686,0.3555580973625183,0.551608145236969,1.0,0.0,0.3440544009208679,0.0,0.4688669443130493,1.0,0.8669348359107971,0.13306516408920288
2,4080,0.3967078626155853,0.19604374468326569,0.11482170224189758,0.003077627392485738,0.07201822916666667,0.4970831274986267,0.7007894656981218,0.21501007363662647,1.0,0.0,0.43063446969696967,0.5645951704545454,0.09903645833333333,0.8207552083333334,0.00020833333333333335,0.012473958333333333,0.5992599725723267,0.368058979511261,0.5529947876930237,1.0,0.0,0.3532986044883728,0.0,0.4700455963611603,1.0,0.8658583164215088,0.1341416835784912
2,4090,0.3434358239173889,0.10472936183214188,0.02154446206986904,0.0030813359189778566,0.0147265625,0.5178449749946594,0.2506652971002751,0.6186236710605644,1.0,0.0,0.17909564393939392,0.5268643465909091,0.0094921875,0.9134244791666667,0.0007161458333333333,0.0069401041666666665,0.5845239162445068,0.37674760818481445,0.5518364310264587,1.0,0.0,0.34557628631591797,0.0,0.4690609872341156,1.0,0.864959180355072,0.13504081964492798
2,4100,0.36614730954170227,0.10662177205085754,0.01817026175558567,0.003221557941287756,0.014622395833333333,0.5143636465072632,0.25821217179480127,0.6096175838579856,1.0,0.0,0.1566051136363636,0.5234907670454545,0.0024088541666666668,0.9202213541666666,0.0006770833333333334,0.0064453125,0.5541118383407593,0.39995837211608887,0.5519336462020874,1.0,0.0,0.34622451663017273,0.0,0.4691435992717743,1.0,0.8642160892486572,0.13578391075134277
2,4110,0.37280312180519104,0.10769078880548477,0.020368056371808052,0.0032963284756988287,0.014466145833333333,0.4847155809402466,0.2623562440321576,0.6046654525076652,1.0,0.0,0.15601325757575757,0.5234019886363637,0.00265625,0.921171875,0.0013020833333333333,0.006432291666666667,0.526267409324646,0.41925251483917236,0.5463279485702515,1.0,0.0,0.30885303020477295,0.0,0.4643787741661072,1.0,0.8636265993118286,0.1363734006881714
2,4120,0.3586373031139374,0.10466165840625763,0.019964687526226044,0.0033085846807807684,0.015286458333333334,0.47320547699928284,0.2574200774788661,0.6109832034602394,1.0,0.0,0.16252367424242423,0.5243785511363637,0.0012890625,0.9210677083333333,0.0016536458333333334,0.006575520833333333,0.515592098236084,0.42404744029045105,0.5465520024299622,1.0,0.0,0.310346782207489,0.0,0.46456921100616455,1.0,0.8630924224853516,0.13690757751464844
2,4130,0.3699536919593811,0.11119472235441208,0.01921485923230648,0.003333664033561945,0.014661458333333334,0.4458654820919037,0.2703657968287788,0.5947673394322031,1.0,0.0,0.1767282196969697,0.5265092329545454,0.00018229166666666667,0.9159505208333333,0.001796875,0.006888020833333334,0.5101364850997925,0.42410486936569214,0.5503948926925659,1.0,0.0,0.33596569299697876,0.0,0.4678356647491455,1.0,0.8624131679534912,0.1375868320465088
2,4140,0.3639433681964874,0.1103234738111496,0.021868649870157242,0.003340170718729496,0.014544270833333333,0.4246729910373688,0.26879786934431005,0.5967470862425681,1.0,0.0,0.1767282196969697,0.5265092329545454,0.00024739583333333335,0.9161979166666666,0.0020052083333333332,0.006888020833333334,0.5078244209289551,0.4225379228591919,0.5538952946662903,1.0,0.0,0.35930174589157104,0.0,0.47081100940704346,1.0,0.8621807098388672,0.1378192901611328
2,4150,0.35600459575653076,0.10376173257827759,0.022299515083432198,0.0033360421657562256,0.014739583333333334,0.4219697117805481,0.2555636208231856,0.613277309842226,1.0,0.0,0.1642992424242424,0.5246448863636364,0.00020833333333333335,0.921015625,0.0024609375,0.006614583333333333,0.5044695734977722,0.42045533657073975,0.5540179014205933,1.0,0.0,0.3601190447807312,0.0,0.4709152281284332,1.0,0.862011194229126,0.13798880577087402
2,4160,0.35844185948371887,0.09834451228380203,0.01499747484922409,0.0031287784222513437,0.014713541666666666,0.4130648076534271,0.23916844565239623,0.6331393771486857,1.0,0.0,0.1566051136363636,0.5234907670454545,6.510416666666667e-05,0.9281510416666666,0.0037109375,0.0064453125,0.5094959735870361,0.4133347272872925,0.5585878491401672,1.0,0.0,0.3905855417251587,0.0,0.4747996926307678,1.0,0.8622318506240845,0.13776814937591553
2,4170,0.3642246425151825,0.10072295367717743,0.017074450850486755,0.0033214844297617674,0.014908854166666667,0.3987509608268738,0.24909548961625597,0.6213180905094415,1.0,0.0,0.14417613636363635,0.5216264204545454,0.0001171875,0.9272526041666667,0.0051171875,0.006171875,0.5100048780441284,0.41158413887023926,0.5626758337020874,1.0,0.0,0.4178391098976135,0.0,0.47827446460723877,1.0,0.8622075319290161,0.1377924680709839
2,4180,0.26166000962257385,0.24216100573539734,0.23311370611190796,0.002519079716876149,0.03498697916666667,0.3581317365169525,0.6559602259939985,0.427110600863949,1.0,0.0,0.4590435606060606,0.5688565340909091,0.03569010416666667,0.5358203125,0.046510416666666665,0.013098958333333334,0.5038962364196777,0.41603392362594604,0.5646078586578369,1.0,0.0,0.4307190179824829,0.0,0.47991669178009033,1.0,0.8621610403060913,0.1378389596939087
2,4190,0.3799916207790375,0.16966617107391357,0.10891110450029373,0.0029629580676555634,0.04479166666666667,0.37550246715545654,0.5595586397589707,0.36822406212246517,1.0,0.0,0.6164772727272727,0.592471590909091,0.024427083333333332,0.8527734375,0.04109375,0.0165625,0.5118764042854309,0.41296687722206116,0.5675501823425293,1.0,0.0,0.4503348469734192,0.0,0.48241767287254333,1.0,0.861966073513031,0.138033926486969
2,4200,0.36451223492622375,0.13122372329235077,0.031971801072359085,0.0037509792018681765,0.023541666666666666,0.3583483397960663,0.3452739054715963,0.5056897623813347,1.0,0.0,0.19803503787878785,0.5297052556818181,0.0002734375,0.899609375,0.0184375,0.007356770833333333,0.5430768132209778,0.3887052536010742,0.5677193403244019,1.0,0.0,0.45146217942237854,0.0,0.4825614392757416,1.0,0.8618019819259644,0.13819801807403564
2,4210,0.3604885935783386,0.15030233561992645,0.0377209335565567,0.0031830735970288515,0.0300390625,0.34449300169944763,0.3861874267511335,0.45531543965239996,1.0,0.0,0.21519886363636362,0.5322798295454545,0.0022526041666666666,0.8963541666666667,0.0640234375,0.007734375,0.5783560276031494,0.3597308099269867,0.569000244140625,1.0,0.0,0.46000179648399353,0.0,0.48365020751953125,1.0,0.8613763451576233,0.1386236548423767
2,4220,0.36587920784950256,0.18566328287124634,0.13204215466976166,0.003607497550547123,0.062890625,0.34707844257354736,0.698110432505999,0.2528915860744343,1.0,0.0,0.8538115530303031,0.6280717329545454,0.04149739583333333,0.8277994791666666,0.052434895833333335,0.02178385416666667,0.605402946472168,0.3383888602256775,0.5703953504562378,1.0,0.0,0.4693024158477783,0.0,0.48483607172966003,1.0,0.8611741065979004,0.1388258934020996
2,4230,0.36962464451789856,0.19895336031913757,0.14659562706947327,0.003930729813873768,0.07334635416666667,0.3495142161846161,0.7869459527303198,0.17764027592113907,1.0,0.0,0.9668560606060604,0.6450284090909091,0.04740885416666667,0.8138411458333333,0.07493489583333333,0.024270833333333332,0.6309874057769775,0.3182981014251709,0.5699937343597412,1.0,0.0,0.4666249752044678,0.0,0.484494686126709,1.0,0.8609766960144043,0.1390233039855957
2,4240,0.36033570766448975,0.19933080673217773,0.16489800810813904,0.0042268321849405766,0.0796875,0.34616532921791077,0.8441784118849777,0.1481579306268083,1.0,0.0,0.9751420454545453,0.6462713068181818,0.0546484375,0.8076822916666667,0.07045572916666666,0.024453125,0.6630852222442627,0.29298341274261475,0.5697189569473267,1.0,0.0,0.46479302644729614,0.0,0.4842611253261566,1.0,0.8607927560806274,0.13920724391937256
2,4250,0.38904809951782227,0.1918070912361145,0.12831929326057434,0.003407212905585766,0.059140625,0.33893367648124695,0.6883397163763838,0.2551767658763766,1.0,0.0,0.2424242424242424,0.5363636363636364,0.0128125,0.8666276041666666,0.08729166666666667,0.008333333333333333,0.6899920701980591,0.27131325006484985,0.5710252523422241,1.0,0.0,0.4735017716884613,0.0,0.485371470451355,1.0,0.8609147071838379,0.1390852928161621
2,4260,0.3403650224208832,0.2745019197463989,0.1904412806034088,0.0056374771520495415,0.14161458333333332,0.4129122495651245,0.894566788344283,0.13295430854185,1.0,0.0,1.0,0.65,0.12981770833333334,0.53921875,0.03596354166666667,0.0281640625,0.7128050923347473,0.24867036938667297,0.5744326710700989,1.0,0.0,0.4962177872657776,0.0,0.48826777935028076,1.0,0.8607213497161865,0.13927865028381348
2,4270,0.3434157073497772,0.26030635833740234,0.18785561621189117,0.004873013589531183,0.13063802083333334,0.40810278058052063,0.87885713754772,0.14666043002784335,1.0,0.0,1.0,0.65,0.14040364583333334,0.5766927083333333,0.0524609375,0.025403645833333332,0.7490351796150208,0.2185208648443222,0.576770544052124,1.0,0.0,0.5118032693862915,0.0,0.4902549684047699,1.0,0.8605650663375854,0.13943493366241455
2,4280,0.39659249782562256,0.2169518619775772,0.1577235907316208,0.004121267702430487,0.10423177083333333,0.3471142053604126,0.8314086434984577,0.14874183834053392,1.0,0.0,0.6147017045454546,0.5922052556818181,0.111015625,0.7445572916666666,0.10657552083333334,0.0165234375,0.7783199548721313,0.19649091362953186,0.5776793956756592,1.0,0.0,0.5178627967834473,0.0,0.49102750420570374,1.0,0.8603805303573608,0.13961946964263916
2,4290,0.3434406518936157,0.24249230325222015,0.18019060790538788,0.0041381255723536015,0.14739583333333334,0.36659419536590576,0.8683724006031183,0.15060201083610292,1.0,0.0,0.8425662878787878,0.6263849431818181,0.0847265625,0.6323697916666666,0.05290364583333333,0.021536458333333335,0.7914720177650452,0.1798236072063446,0.5771594047546387,1.0,0.0,0.5143961906433105,0.0,0.4905855059623718,1.0,0.8394181132316589,0.16058188676834106
2,4300,0.40059784054756165,0.2558979094028473,0.18819977343082428,0.005585134029388428,0.12015625,0.6922636032104492,0.9058729641353536,0.10912912850780539,1.0,0.0,0.20276988636363633,0.5304154829545454,0.7122526041666667,0.7006380208333334,0.0,0.0074609375,0.8124454021453857,0.16228914260864258,0.5794338583946228,1.0,0.0,0.5295590162277222,0.0,0.4925187826156616,1.0,0.8212502002716064,0.17874979972839355
2,4310,0.3626616299152374,0.19953803718090057,0.1900472491979599,0.0273173525929451,0.2840494791666667,0.6406883001327515,0.9990760743618011,0.0011549070477485878,1.0,0.0,0.3359375,0.550390625,0.84140625,0.8066276041666667,0.000390625,0.010390625,0.8340309858322144,0.14906030893325806,0.5789011716842651,1.0,0.0,0.526007890701294,0.0,0.49206599593162537,1.0,0.8033017516136169,0.19669824838638306
2,4320,0.2749606966972351,0.16669286787509918,0.15718336403369904,0.006598495412617922,0.1430078125,0.5066651701927185,0.8303423563108602,0.15648443358609587,1.0,0.0,0.3513257575757575,0.5526988636363637,0.601015625,0.7611848958333334,0.007513020833333333,0.010729166666666666,0.8625493049621582,0.12818637490272522,0.5833104848861694,1.0,0.0,0.5554033517837524,0.0,0.49581393599510193,1.0,0.785560131072998,0.21443986892700195
2,4330,0.3903764486312866,0.1504530906677246,0.15114721655845642,0.006861098576337099,0.14071614583333333,0.41922301054000854,0.7946932338257836,0.18907768258870375,1.0,0.0,0.10629734848484848,0.5159446022727273,0.23239583333333333,0.956171875,0.009075520833333333,0.005338541666666667,0.8703770041465759,0.1235848143696785,0.5791844129562378,1.0,0.0,0.5278961658477783,0.0,0.49230676889419556,1.0,0.7679125070571899,0.23208749294281006
2,4340,0.42077022790908813,0.23531490564346313,0.20016366243362427,0.0069283912889659405,0.13641927083333333,0.507067084312439,0.944420254094208,0.06315880216567255,1.0,0.0,0.13825757575757575,0.5207386363636364,0.6270703125,0.8558984375,0.0010546875,0.0060416666666666665,0.8743051290512085,0.1222158670425415,0.5772862434387207,1.0,0.0,0.5152417421340942,0.0,0.4906933307647705,1.0,0.7502279281616211,0.2497720718383789
2,4350,0.3448966145515442,0.17985799908638,0.15310460329055786,0.006004758179187775,0.11303385416666667,0.49854812026023865,0.8338405650216688,0.14167335047954466,1.0,0.0,0.3596117424242424,0.5539417613636364,0.6064583333333333,0.8868098958333334,0.0012239583333333334,0.010911458333333334,0.8741778135299683,0.12373726814985275,0.5727289915084839,1.0,0.0,0.48485976457595825,0.0,0.48681965470314026,1.0,0.7325688600540161,0.2674311399459839
2,4360,0.29794996976852417,0.22112290561199188,0.09483889490365982,0.004480923525989056,0.10658854166666666,0.41630762815475464,0.7346376916036484,0.13777672176862632,1.0,0.0,0.6413352272727272,0.5962002840909091,0.5181901041666667,0.7065494791666667,0.0030208333333333333,0.017109375,0.8830545544624329,0.11836354434490204,0.5750244855880737,1.0,0.0,0.5001634359359741,0.0,0.48877081274986267,1.0,0.7150083780288696,0.28499162197113037
2,4370,0.45674076676368713,0.2199302762746811,0.24701739847660065,0.02932041510939598,0.29421875,0.32083943486213684,0.9999999999999999,0.0,1.0,0.0,0.48390151515151514,0.5725852272727273,0.5671744791666666,0.5725260416666667,0.09170572916666667,0.013645833333333333,0.8819622993469238,0.11898152530193329,0.5727712512016296,1.0,0.0,0.4851415753364563,0.0,0.48685556650161743,1.0,0.6974741220474243,0.3025258779525757
2,4380,0.42253825068473816,0.18139375746250153,0.1911012828350067,0.005320715717971325,0.1295703125,0.2969682812690735,0.8640750097974045,0.15868890762510826,1.0,0.0,0.2714251893939394,0.540713778409091,0.5489583333333333,0.6285026041666667,0.1053515625,0.008971354166666667,0.8809593915939331,0.11973606050014496,0.5684337615966797,1.0,0.0,0.45622518658638,0.0,0.48316872119903564,1.0,0.6798945069313049,0.32010549306869507
2,4390,0.4124636650085449,0.21215303242206573,0.1989409476518631,0.006471202243119478,0.17045572916666665,0.282085657119751,0.9321542065227176,0.07709749258782078,1.0,0.0,0.38624526515151514,0.5579367897727273,0.48510416666666667,0.5650130208333334,0.0830859375,0.011497395833333333,0.8413684964179993,0.11265311390161514,0.5402334928512573,0.9523810148239136,0.0,0.4269537031650543,0.0,0.4591984748840332,1.0,0.6607058644294739,0.3392941355705261
2,4400,0.3969343602657318,0.224470317363739,0.22453713417053223,0.030759522691369057,0.27295572916666666,0.27585235238075256,0.9999999999999999,0.0,1.0,0.0,0.9348958333333333,0.640234375,0.43169270833333334,0.43459635416666664,0.15389322916666667,0.023567708333333333,0.8000174760818481,0.1054815873503685,0.5104056596755981,0.9047619700431824,0.0,0.38683149218559265,0.0,0.43384483456611633,1.0,0.6413163542747498,0.35868364572525024
2,4410,0.454291433095932,0.22219370305538177,0.19611680507659912,0.0029866648837924004,0.06552083333333333,0.33514803647994995,0.7985704649873008,0.22788466974053811,1.0,0.0,0.12346117424242424,0.5185191761363637,0.4730989583333333,0.7725390625,0.045950520833333335,0.0057161458333333335,0.7568806409835815,0.10028496384620667,0.4851478040218353,0.8571429252624512,0.0,0.37717580795288086,0.0,0.41237565875053406,1.0,0.6228153705596924,0.3771846294403076
2,4420,0.39613211154937744,0.2103680968284607,0.21083655953407288,0.008443622849881649,0.1714453125,0.2503136694431305,0.9850728081675565,0.016962717991413134,1.0,0.0,0.8325047348484849,0.6248757102272727,0.4775,0.5655729166666666,0.10188802083333333,0.021315104166666668,0.7093056440353394,0.10022996366024017,0.45893871784210205,0.8095238208770752,0.0,0.36117875576019287,0.0,0.3900979161262512,1.0,0.603581428527832,0.39641857147216797
2,4430,0.41383376717567444,0.21242094039916992,0.19430701434612274,0.0038747135549783707,0.08606770833333334,0.28492748737335205,0.8624923148896636,0.15625873307992771,1.0,0.0,0.27616003787878785,0.5414240056818181,0.3935677083333333,0.6021354166666667,0.06264322916666666,0.009075520833333333,0.6697654724121094,0.09277832508087158,0.43261972069740295,0.761904776096344,0.0,0.344448983669281,0.0,0.36772677302360535,1.0,0.5827741622924805,0.41722583770751953
2,4440,0.3779734671115875,0.19769109785556793,0.21966266632080078,0.004305662587285042,0.13477864583333332,0.24152982234954834,0.8694365578090272,0.14889229843165816,1.0,0.0,0.7011126893939393,0.6051669034090909,0.44298177083333334,0.5456119791666667,0.09177083333333333,0.018424479166666667,0.6319229602813721,0.0837746262550354,0.4080509543418884,0.7142857313156128,0.0,0.3393871784210205,0.0,0.34684333205223083,1.0,0.5614583492279053,0.4385416507720947
2,4450,0.37848150730133057,0.21498063206672668,0.24227331578731537,0.0030924808233976364,0.08135416666666667,0.2788364291191101,0.8415055830667658,0.18010729196958425,1.0,0.0,0.33712121212121204,0.5505681818181818,0.45049479166666667,0.6129427083333333,0.045638020833333334,0.010416666666666666,0.5869505405426025,0.08076706528663635,0.38325387239456177,0.6666666865348816,0.0,0.33280348777770996,0.0,0.32576578855514526,1.0,0.5398370623588562,0.4601629376411438
2,4460,0.3770890235900879,0.20679374039173126,0.23608943819999695,0.0043316190131008625,0.10877604166666667,0.25381776690483093,0.8747507540100231,0.1423286886249737,1.0,0.0,0.5638020833333334,0.5845703125,0.4316536458333333,0.5926041666666667,0.08752604166666667,0.015403645833333333,0.5472438335418701,0.07402071356773376,0.3568756878376007,0.6190476417541504,0.0,0.315679132938385,0.0,0.30334433913230896,1.0,0.5184593796730042,0.48154062032699585
2,4470,0.39051446318626404,0.19975250959396362,0.23565740883350372,0.004233724437654018,0.1195703125,0.2709983289241791,0.8716293333688886,0.14593200535490747,1.0,0.0,0.6845407196969696,0.6026811079545454,0.45231770833333335,0.597265625,0.0740625,0.018059895833333332,0.5122610926628113,0.06745991855859756,0.3284851908683777,0.5714285969734192,0.0,0.2851393520832062,0.0,0.27921241521835327,1.0,0.4964268207550049,0.5035731792449951
2,4480,0.39257797598838806,0.19599589705467224,0.2179679274559021,0.003998156171292067,0.11123697916666667,0.2607741951942444,0.857795984070839,0.16250549604343936,1.0,0.0,0.3927556818181817,0.5589133522727272,0.5123177083333333,0.6178125,0.07311197916666666,0.011640625,0.4646420478820801,0.06745991855859756,0.30121922492980957,0.523809552192688,0.0,0.2620964050292969,0.0,0.25603634119033813,1.0,0.4740998148918152,0.5259001851081848
