video,frame,brightness,contrast,center_contrast,sharpness,edge_density,saturation,visibility_score,no_vision_score,brown_deposit_score,light_deposit_score,dark_structure_score,dirt_deposit_score,brown_fraction,yellow_fraction,light_deposit_fraction,dark_structure_fraction,visibility_score_smooth,no_vision_score_smooth,dirt_deposit_score_smooth,brown_deposit_score_smooth,light_deposit_score_smooth,dark_structure_score_smooth,feature_anomaly_score,anomaly_score,pipe_similarity_score,inspection_active_score,handling_score
1,0,0.9315771460533142,0.20632238686084747,0.33899691700935364,0.04210706800222397,0.0450390625,0.0738920047879219,0.8031850961538461,0.30757211538461543,0.0,0.0,0.0,0.0,0.0,0.020260416666666666,0.020703125,0.0,0.503531813621521,0.03236251324415207,0.2113334685564041,0.283871591091156,0.04328040033578873,0.3616635203361511,0.6319174766540527,0.6319174766540527,0.519101083278656,0.47543925046920776,0.5245607495307922
1,10,0.9324654340744019,0.20675857365131378,0.33955347537994385,0.043081119656562805,0.04506510416666667,0.07317487895488739,0.8032572115384615,0.3074919871794872,0.0,0.0,0.0,0.0,0.0,0.020299479166666665,0.020963541666666665,0.0,0.5499604940414429,0.034743256866931915,0.2422858476638794,0.3314906358718872,0.04328040033578873,0.4092825651168823,0.6318036317825317,0.6318036317825317,0.5192959308624268,0.4997183084487915,0.5002816915512085
1,20,0.3840705454349518,0.26139578223228455,0.2532352805137634,0.08705921471118927,0.3090104166666667,0.30692535638809204,0.9999999999999999,0.0,0.49194335937499994,0.09289336622807014,1.0,0.42848435786732453,0.17338541666666665,0.08403645833333333,0.23529947916666666,0.029518229166666667,0.595557689666748,0.03878694772720337,0.27323824167251587,0.3791096806526184,0.04328040033578873,0.4569016098976135,0.0,0.23225250840187073,1.0,0.5240067839622498,0.47599321603775024
1,30,0.39929965138435364,0.2700372338294983,0.24580548703670502,0.08324377238750458,0.3025,0.33099544048309326,0.9999999999999999,0.0,0.5710856119791666,0.0520833333333333,1.0,0.4537719726562499,0.176953125,0.10579427083333333,0.21979166666666666,0.025989583333333333,0.6412287950515747,0.042682863771915436,0.30419063568115234,0.426728755235672,0.04328040033578873,0.5045206546783447,0.0,0.2585620582103729,1.0,0.5483132600784302,0.4516867399215698
1,40,0.41661325097084045,0.2655317485332489,0.2453344166278839,0.10469432920217514,0.32375,0.25488463044166565,0.9999999999999999,0.0,0.0,0.33706825657894735,1.0,0.26797388980263154,0.056302083333333336,0.008502604166666667,0.3280859375,0.0284375,0.6880543828010559,0.044269755482673645,0.33514299988746643,0.4743478000164032,0.04328040033578873,0.5521396994590759,0.16856171190738678,0.28487154841423035,0.90376877784729,0.572641134262085,0.42735886573791504
1,50,0.410391628742218,0.27051499485969543,0.24735186994075775,0.11511628329753876,0.3266015625,0.2763964533805847,0.9999999999999999,0.0,0.0,0.302391721491228,1.0,0.2558371025219298,0.071171875,0.017369791666666665,0.31490885416666664,0.030546875,0.7351317405700684,0.04535316675901413,0.3660953640937805,0.521966814994812,0.04328040033578873,0.5997587442398071,0.1303458958864212,0.31118106842041016,0.9300695657730103,0.5969775915145874,0.4030224084854126
1,60,0.4614991247653961,0.27405810356140137,0.2511332631111145,0.11088912934064865,0.33265625,0.3130694627761841,0.9999999999999999,0.0,0.8982747395833336,0.12445175438596488,0.8070549242424242,0.6137537224631181,0.28359375,0.10385416666666666,0.24729166666666666,0.020755208333333334,0.7827507853507996,0.04535317420959473,0.397047758102417,0.569585919380188,0.04328040033578873,0.6473778486251831,0.09630762040615082,0.33749061822891235,0.8961390852928162,0.6213201284408569,0.37867987155914307
1,70,0.4154834449291229,0.22342847287654877,0.19362662732601166,0.044646766036748886,0.31178385416666665,0.4058477282524109,0.9999999999999999,0.0,1.0,0.0,0.5768229166666666,0.5865234375,0.39264322916666666,0.6517708333333333,0.09921875,0.015690104166666666,0.8303698301315308,0.04535317048430443,0.42800015211105347,0.6172049045562744,0.04328040033578873,0.6949968338012695,0.0,0.36380013823509216,1.0,0.6456626653671265,0.35433733463287354
1,80,0.4128696024417877,0.23544816672801971,0.18592840433120728,0.043415315449237823,0.314453125,0.36115553975105286,0.9999999999999999,0.0,1.0,0.0,1.0,0.65,0.3409765625,0.6871223958333333,0.06990885416666667,0.027018229166666668,0.8779889345169067,0.04535317420959473,0.45895251631736755,0.6648240089416504,0.04328040033578873,0.7426158785820007,0.0,0.390109658241272,1.0,0.6700015068054199,0.3299984931945801
1,90,0.5838309526443481,0.32120442390441895,0.2898024618625641,0.02046838216483593,0.20634114583333332,0.24170997738838196,0.9714800347222221,0.057039930555555556,1.0,0.0,0.32173295454545453,0.5482599431818181,0.3997265625,0.38592447916666667,0.08014322916666666,0.010078125,0.9256079196929932,0.04535317048430443,0.4897949993610382,0.7124430537223816,0.04328040033578873,0.7895021438598633,0.006877221167087555,0.41632574796676636,1.0,0.6943404078483582,0.30565959215164185
1,100,0.4155057966709137,0.30914026498794556,0.28159040212631226,0.030528126284480095,0.23459635416666666,0.3507309854030609,0.9962456597222221,0.007508680555555556,1.0,0.0,0.8893229166666665,0.6333984374999999,0.23966145833333333,0.39450520833333336,0.06520833333333333,0.022565104166666666,0.9732269644737244,0.04535317420959473,0.5207473635673523,0.7600620985031128,0.04328040033578873,0.8371212482452393,0.0,0.44263526797294617,1.0,0.7186216115951538,0.2813783884048462
1,110,0.4906960129737854,0.39344844222068787,0.33672407269477844,0.01543866191059351,0.16194010416666665,0.28100401163101196,0.9750021701388888,0.049995659722222224,1.0,0.0,1.0,0.65,0.39688802083333335,0.189453125,0.04145833333333333,0.0251953125,0.9823155403137207,0.03127400949597359,0.5516997575759888,0.807681143283844,0.04328040033578873,0.8847403526306152,0.0,0.46894481778144836,1.0,0.7429572343826294,0.2570427656173706
1,120,0.2746586203575134,0.302644282579422,0.2671900987625122,0.010246645659208298,0.181171875,0.4366869628429413,0.9575412326388888,0.08491753472222224,1.0,0.0,1.0,0.65,0.41196614583333335,0.2143359375,0.04834635416666667,0.03638020833333333,0.9911419749259949,0.017716187983751297,0.5826520919799805,0.8553001880645752,0.04328040033578873,0.9323593378067017,0.0,0.4952542781829834,1.0,0.7672959566116333,0.2327040433883667
1,130,0.21716570854187012,0.23872517049312592,0.23148605227470398,0.014755657874047756,0.163203125,0.48458990454673767,0.9590928819444443,0.08181423611111112,1.0,0.0,1.0,0.65,0.44178385416666666,0.2365234375,0.023606770833333332,0.036171875,0.9904947876930237,0.01901041716337204,0.5932004451751709,0.8794933557510376,0.038856908679008484,0.9323593378067017,0.0,0.5042203664779663,1.0,0.7916406393051147,0.20835936069488525
1,140,0.30773207545280457,0.2876860499382019,0.22666867077350616,0.014455932192504406,0.1937109375,0.4330652952194214,0.983337673611111,0.03332465277777778,1.0,0.0,1.0,0.65,0.5125390625,0.2784375,0.047109375,0.03997395833333333,0.9900907278060913,0.019818535074591637,0.6016104221343994,0.8999179005622864,0.036376748234033585,0.9261307716369629,0.0,0.5113688707351685,1.0,0.8159924149513245,0.18400758504867554
1,150,0.30093124508857727,0.2514082193374634,0.2254738211631775,0.014604327268898487,0.20104166666666667,0.3977304697036743,0.9886241319444443,0.022751736111111115,1.0,0.0,1.0,0.65,0.5587239583333333,0.33921875,0.07638020833333334,0.028138020833333333,0.9899353981018066,0.02012917585670948,0.6195695996284485,0.9475369453430176,0.020325880497694016,0.9245806932449341,0.0,0.526634156703949,1.0,0.8403486013412476,0.15965139865875244
1,160,0.3288440704345703,0.2483993023633957,0.23600411415100098,0.018800780177116394,0.2283984375,0.36383914947509766,0.9999999999999999,0.0,1.0,0.0,1.0,0.65,0.6671354166666666,0.3711848958333333,0.11098958333333334,0.0315234375,0.989237368106842,0.021525297313928604,0.6383392810821533,0.9951559901237488,0.005926274228841066,0.9245806336402893,0.0,0.5425884127616882,1.0,0.8647065162658691,0.13529348373413086
1,170,0.3256148099899292,0.24843373894691467,0.2372899204492569,0.01763881929218769,0.2169921875,0.3583916425704956,0.9999999999999999,0.0,1.0,0.0,1.0,0.65,0.6618880208333333,0.36571614583333334,0.11201822916666666,0.032135416666666666,0.9890413880348206,0.021917369216680527,0.6400653123855591,1.0,0.0,0.9337685108184814,0.0,0.5440555214881897,1.0,0.8890721797943115,0.11092782020568848
1,180,0.30721136927604675,0.2319823056459427,0.21147370338439941,0.01835535280406475,0.20184895833333333,0.35802897810935974,0.9999999999999999,0.0,1.0,0.0,1.0,0.65,0.6757291666666667,0.335390625,0.0801171875,0.0255078125,0.9889658689498901,0.022068453952670097,0.6430879831314087,1.0,0.0,0.9539197683334351,0.0,0.5466247797012329,1.0,0.9134398698806763,0.08656013011932373
1,190,0.3239668309688568,0.24736885726451874,0.2255353033542633,0.02099684439599514,0.20338541666666668,0.35711008310317993,0.9999999999999999,0.0,1.0,0.0,0.9846117424242424,0.6476917613636364,0.6677473958333333,0.3124609375,0.07005208333333333,0.024661458333333334,0.9887734651565552,0.022453084588050842,0.6430879831314087,1.0,0.0,0.9539198279380798,0.0,0.5466247797012329,1.0,0.9378083944320679,0.06219160556793213
1,200,0.3259895145893097,0.25830695033073425,0.23335380852222443,0.020757125690579414,0.20044270833333333,0.3549867868423462,0.9999999999999999,0.0,1.0,0.0,1.0,0.65,0.64859375,0.31192708333333335,0.058307291666666664,0.0266796875,0.9893465042114258,0.019736897200345993,0.647932767868042,1.0,0.0,0.9862182140350342,0.0,0.5507428646087646,1.0,0.9621790647506714,0.03782093524932861
1,210,0.2848891317844391,0.24449875950813293,0.2230128049850464,0.021500946953892708,0.19486979166666665,0.39214178919792175,0.9940451388888888,0.011909722222222224,1.0,0.0,1.0,0.65,0.6047395833333333,0.31516927083333335,0.051119791666666664,0.0284765625,0.989525318145752,0.01937934011220932,0.648723304271698,1.0,0.0,0.9914885759353638,0.0,0.5514148473739624,1.0,0.9720050096511841,0.027994990348815918
1,220,0.2908305823802948,0.2655926048755646,0.23523113131523132,0.016159934923052788,0.18380208333333334,0.37134304642677307,0.988611111111111,0.02277777777777778,1.0,0.0,1.0,0.65,0.56265625,0.286953125,0.05095052083333333,0.03303385416666667,0.9901604652404785,0.017136655747890472,0.6487232446670532,1.0,0.0,0.9914885759353638,0.0,0.5514147877693176,1.0,0.981475293636322,0.01852470636367798
1,230,0.2694905698299408,0.24748216569423676,0.21509943902492523,0.01784047856926918,0.17747395833333332,0.373811274766922,0.9864105902777777,0.027178819444444446,1.0,0.0,1.0,0.65,0.5868359375,0.2946484375,0.03203125,0.031549479166666665,0.9914977550506592,0.013092964887619019,0.648723304271698,1.0,0.0,0.9914885759353638,0.0,0.5514148473739624,1.0,0.9837276935577393,0.016272306442260742
1,240,0.27470648288726807,0.2358255535364151,0.19793272018432617,0.016478026285767555,0.16444010416666666,0.40347278118133545,0.9915147569444444,0.01697048611111111,1.0,0.0,0.8691998106060606,0.6303799715909091,0.6289713541666667,0.2812630208333333,0.03455729166666666,0.022122395833333332,0.9934456944465637,0.009197048842906952,0.6487232446670532,1.0,0.0,0.9914885759353638,0.0,0.5514147877693176,1.0,0.9860125184059143,0.013987481594085693
1,250,0.31188708543777466,0.2516684830188751,0.23968550562858582,0.018997367471456528,0.18372395833333333,0.39628902077674866,0.9967382812499999,0.006523437499999999,1.0,0.0,0.9674479166666666,0.6451171875,0.6649088541666667,0.29075520833333335,0.0503125,0.024283854166666667,0.994239091873169,0.007610160857439041,0.648723304271698,1.0,0.0,0.9914885759353638,0.0,0.5514148473739624,1.0,0.9891892671585083,0.0108107328414917
1,260,0.25625571608543396,0.22497618198394775,0.20623455941677094,0.022387422621250153,0.23842447916666668,0.4260616600513458,0.9853407118055555,0.029318576388888892,1.0,0.0,1.0,0.65,0.59125,0.24677083333333333,0.10055989583333333,0.05553385416666667,0.9947808980941772,0.006526744458824396,0.6487232446670532,1.0,0.0,0.9914885759353638,0.0,0.5514147877693176,1.0,0.9917608499526978,0.008239150047302246
1,270,0.291957288980484,0.23603330552577972,0.2270219773054123,0.015205532312393188,0.22451822916666667,0.4224787652492523,0.9958832465277777,0.008233506944444451,1.0,0.0,1.0,0.65,0.6720963541666667,0.32427083333333334,0.060885416666666664,0.04,0.9947808384895325,0.006526744458824396,0.648723304271698,1.0,0.0,0.9914885759353638,0.0,0.5514148473739624,1.0,0.994455873966217,0.005544126033782959
1,280,0.29460957646369934,0.2391333132982254,0.23277568817138672,0.017258312553167343,0.22313802083333334,0.46062368154525757,0.9984136284722221,0.003172743055555557,1.0,0.0,1.0,0.65,0.7261458333333334,0.3072916666666667,0.043333333333333335,0.0302734375,0.9941889643669128,0.0065267449244856834,0.6487232446670532,1.0,0.0,0.9914885759353638,0.0,0.5514147877693176,1.0,0.9955939650535583,0.00440603494644165
1,290,0.2624540328979492,0.21829496324062347,0.18282859027385712,0.01405783649533987,0.20451822916666668,0.45198389887809753,0.9959613715277778,0.008077256944444444,1.0,0.0,1.0,0.65,0.7256770833333334,0.21296875,0.034375,0.0424609375,0.9941889643669128,0.0065267449244856834,0.648723304271698,1.0,0.0,0.9914885759353638,0.0,0.5514148473739624,1.0,0.9964432716369629,0.0035567283630371094
1,300,0.2821683883666992,0.2108878791332245,0.17025822401046753,0.017642056569457054,0.23716145833333332,0.4333188235759735,0.9835139175561757,0.0,1.0,0.0,1.0,0.65,0.7718489583333333,0.2823307291666667,0.042278645833333336,0.047135416666666666,0.993890106678009,0.0071244630962610245,0.6488332152366638,1.0,0.0,0.9922213554382324,0.0,0.5515082478523254,0.9955379962921143,0.9969954490661621,0.0030045509338378906
1,310,0.28723013401031494,0.2189822793006897,0.22435273230075836,0.02224286086857319,0.217265625,0.42447489500045776,0.9999999999999999,0.0,1.0,0.0,1.0,0.65,0.7355729166666667,0.26717447916666665,0.07561197916666666,0.034166666666666665,0.993890106678009,0.0071244630962610245,0.6488332152366638,1.0,0.0,0.9922213554382324,0.0,0.5515082478523254,1.0,0.9972525835037231,0.0027474164962768555
1,320,0.27730321884155273,0.20348921418190002,0.17396670579910278,0.01706494763493538,0.23204427083333334,0.3697776198387146,0.9883401570360884,0.002899305555555556,1.0,0.0,1.0,0.65,0.7331510416666667,0.22481770833333334,0.0675,0.039140625,0.9941736459732056,0.006557333283126354,0.6488332152366638,1.0,0.0,0.9922213554382324,0.0,0.5515082478523254,1.0,0.9974133372306824,0.002586662769317627
1,330,0.2859615683555603,0.20033606886863708,0.17150522768497467,0.017755256965756416,0.2651953125,0.40646204352378845,0.9856242314668803,0.0,1.0,0.0,1.0,0.65,0.7541276041666667,0.2530859375,0.08290364583333333,0.03546875,0.9947160482406616,0.005472676828503609,0.6488332152366638,1.0,0.0,0.9922213554382324,0.0,0.5515082478523254,1.0,0.9974799156188965,0.0025200843811035156
1,340,0.329223096370697,0.21757115423679352,0.2001744955778122,0.023924682289361954,0.2813541666666667,0.3795504570007324,0.9999999999999999,0.0,1.0,0.0,1.0,0.65,0.7411588541666667,0.32514322916666666,0.12907552083333335,0.0257421875,0.9953631162643433,0.004178447648882866,0.6488332152366638,1.0,0.0,0.9922213554382324,0.0,0.5515082478523254,1.0,0.9975472688674927,0.0024527311325073242
1,350,0.37797167897224426,0.26241597533226013,0.23042705655097961,0.02950306236743927,0.28470052083333336,0.35716354846954346,0.9999999999999999,0.0,1.0,0.0,1.0,0.65,0.6693489583333333,0.331171875,0.13756510416666667,0.028697916666666667,0.9957672357559204,0.0033703292720019817,0.6497675180435181,1.0,0.0,0.9984499216079712,0.0,0.5523024201393127,1.0,0.9976136088371277,0.0023863911628723145
1,360,0.3547940254211426,0.24927978217601776,0.22233527898788452,0.028388982638716698,0.28303385416666665,0.3404843211174011,0.9999999999999999,0.0,1.0,0.0,1.0,0.65,0.6782161458333333,0.3531770833333333,0.1491796875,0.02828125,0.9959225654602051,0.0030596894212067127,0.6500000357627869,1.0,0.0,1.0,0.0,0.5525000691413879,1.0,0.9976752400398254,0.0023247599601745605
1,370,0.29282984137535095,0.20039275288581848,0.18003398180007935,0.018370894715189934,0.277265625,0.37793004512786865,0.9999999999999999,0.0,1.0,0.0,1.0,0.65,0.7671354166666666,0.28759114583333334,0.0774609375,0.050690104166666666,0.9966205358505249,0.001663566567003727,0.6500000357627869,1.0,0.0,1.0,0.0,0.5525000691413879,1.0,0.9977357387542725,0.002264261245727539
1,380,0.2958020567893982,0.22804853320121765,0.1726553589105606,0.019401241093873978,0.2752994791666667,0.37937700748443604,0.9875706073871026,0.0,1.0,0.0,1.0,0.65,0.7379557291666666,0.2494140625,0.09220052083333333,0.06397135416666666,0.9968165755271912,0.0012714947806671262,0.6500000357627869,1.0,0.0,1.0,0.0,0.5525000691413879,1.0,0.9977952241897583,0.0022047758102416992
1,390,0.29298704862594604,0.2113625705242157,0.1842108815908432,0.02227332815527916,0.2834375,0.39599788188934326,0.9999999999999999,0.0,1.0,0.0,1.0,0.65,0.7233723958333333,0.27563802083333333,0.09384114583333333,0.05876302083333333,0.9968920946121216,0.001120411790907383,0.6500000357627869,1.0,0.0,1.0,0.013768114149570465,0.5525000691413879,1.0,0.9978552460670471,0.002144753932952881
1,400,0.2872253954410553,0.2412509173154831,0.2002645581960678,0.024914296343922615,0.2660677083333333,0.41815927624702454,0.9937239583333333,0.012552083333333337,1.0,0.0,1.0,0.65,0.6145442708333333,0.2223828125,0.12645833333333334,0.0556640625,0.9970844388008118,0.0007357804570347071,0.6500000357627869,1.0,0.0,1.0,0.0,0.5525000691413879,1.0,0.9979028701782227,0.0020971298217773438
1,410,0.3179852068424225,0.2518576979637146,0.21280628442764282,0.028164319694042206,0.29049479166666664,0.38935932517051697,0.9999999999999999,0.0,1.0,0.0,1.0,0.65,0.6332942708333333,0.26229166666666665,0.14100260416666666,0.056236979166666666,0.9978694915771484,0.0007357804570347071,0.6500000357627869,1.0,0.0,1.0,0.0,0.5525000691413879,1.0,0.9979403614997864,0.002059638500213623
1,420,0.3508949875831604,0.2706930935382843,0.2537919878959656,0.03411602973937988,0.27393229166666666,0.3303247094154358,0.9999999999999999,0.0,1.0,0.0,1.0,0.65,0.60625,0.3446354166666667,0.17420572916666666,0.0431640625,0.9978694915771484,0.0007357804570347071,0.6500000357627869,1.0,0.0,1.0,0.018699318170547485,0.5525000691413879,0.9938255548477173,0.9979759454727173,0.002024054527282715
1,430,0.34579601883888245,0.2657579481601715,0.23624928295612335,0.029426930472254753,0.28296875,0.3497481346130371,0.9999999999999999,0.0,1.0,0.0,1.0,0.65,0.6266015625,0.2729947916666667,0.14190104166666667,0.049609375,0.9984247088432312,0.0005977182881906629,0.6500000357627869,1.0,0.0,1.0,0.01280471682548523,0.5525000691413879,0.975625216960907,0.9980021715164185,0.001997828483581543
1,440,0.3315988779067993,0.2574075162410736,0.25366485118865967,0.02173730917274952,0.2611848958333333,0.36880019307136536,0.9999999999999999,0.0,1.0,0.0,1.0,0.65,0.6198567708333333,0.31154947916666664,0.13141927083333332,0.043619791666666664,0.9991092681884766,0.0005977182881906629,0.6500000357627869,1.0,0.0,1.0,0.0,0.5525000691413879,1.0,0.9980061054229736,0.001993894577026367
1,450,0.3637867867946625,0.27904951572418213,0.2502591907978058,0.03206906467676163,0.27977864583333334,0.3463519215583801,0.9999999999999999,0.0,1.0,0.0,1.0,0.65,0.5457291666666667,0.2845703125,0.15897135416666666,0.04627604166666666,0.9991092681884766,0.0005977182881906629,0.6500000357627869,1.0,0.0,1.0,0.0,0.5525000691413879,1.0,0.9979886412620544,0.0020113587379455566
1,460,0.3583276867866516,0.2739375829696655,0.24948355555534363,0.029830532148480415,0.27625,0.34581878781318665,0.9999999999999999,0.0,1.0,0.0,1.0,0.65,0.5570182291666667,0.3147786458333333,0.16026041666666666,0.05326822916666667,0.9991092681884766,0.0005977182881906629,0.6500000357627869,1.0,0.0,1.0,0.0,0.5525000691413879,1.0,0.9979478120803833,0.0020521879196166992
1,470,0.3568347096443176,0.2667522728443146,0.25443142652511597,0.0355759933590889,0.2851432291666667,0.32077932357788086,0.9999999999999999,0.0,1.0,0.0,1.0,0.65,0.5675,0.3246614583333333,0.17016927083333333,0.04736979166666667,0.9991092681884766,0.0005977182881906629,0.6500000357627869,1.0,0.0,1.0,0.0,0.5525000691413879,1.0,0.9978948831558228,0.002105116844177246
1,480,0.35124334692955017,0.2613692581653595,0.24420402944087982,0.03672110289335251,0.28470052083333336,0.3502956032752991,0.9999999999999999,0.0,1.0,0.0,1.0,0.65,0.5577994791666666,0.32981770833333335,0.15774739583333333,0.04669270833333333,0.9991092681884766,0.0005977182881906629,0.6500000357627869,1.0,0.0,1.0,0.0,0.5525000691413879,1.0,0.9978347420692444,0.0021652579307556152
1,490,0.34502333402633667,0.2770748436450958,0.24358932673931122,0.025429101660847664,0.2594401041666667,0.34477782249450684,0.9999999999999999,0.0,1.0,0.0,1.0,0.65,0.5663802083333334,0.3026171875,0.13657552083333332,0.04859375,0.9995269179344177,0.0009461806039325893,0.6500000357627869,1.0,0.0,1.0,0.010202229022979736,0.5525000691413879,1.0,0.9977737665176392,0.00222623348236084
1,500,0.3532123863697052,0.26693087816238403,0.26265233755111694,0.03773808851838112,0.28639322916666665,0.36082813143730164,0.9999999999999999,0.0,1.0,0.0,1.0,0.65,0.5748697916666666,0.36703125,0.191015625,0.044830729166666666,0.9986534118652344,0.0015974289271980524,0.6500000357627869,1.0,0.0,1.0,0.0,0.5525000691413879,1.0,0.9977086186408997,0.002291381359100342
1,510,0.3658289611339569,0.2654787302017212,0.25590023398399353,0.03245627135038376,0.2938671875,0.35055360198020935,0.9999999999999999,0.0,1.0,0.0,1.0,0.65,0.5931510416666667,0.41108072916666666,0.14467447916666668,0.04544270833333333,0.9982281923294067,0.002448123414069414,0.6514819860458374,1.0,0.004234218504279852,1.0,0.0,0.5537596940994263,1.0,0.9977045655250549,0.0022954344749450684
1,520,0.357410728931427,0.26133379340171814,0.24627822637557983,0.028868747875094414,0.28567708333333336,0.34232109785079956,0.9999999999999999,0.0,1.0,0.0,1.0,0.65,0.5967317708333333,0.35552083333333334,0.13165364583333333,0.05229166666666667,0.9976328015327454,0.003638806054368615,0.65268874168396,1.0,0.0076819658279418945,1.0,0.0,0.554785430431366,1.0,0.9976087212562561,0.0023912787437438965
1,530,0.34912827610969543,0.25621262192726135,0.2527781128883362,0.030699945986270905,0.29084635416666665,0.3198182284832001,0.9999999999999999,0.0,1.0,0.0,1.0,0.65,0.5744401041666667,0.3484375,0.16022135416666666,0.05604166666666666,0.9969643354415894,0.004975611809641123,0.65268874168396,1.0,0.0076819658279418945,1.0,0.0,0.554785430431366,1.0,0.9975070953369141,0.0024929046630859375
1,540,0.3619539737701416,0.26521942019462585,0.257783979177475,0.03121531568467617,0.2869791666666667,0.31628289818763733,0.9999999999999999,0.0,1.0,0.0,1.0,0.65,0.586015625,0.3581770833333333,0.12858072916666666,0.05140625,0.9963878393173218,0.006128679029643536,0.6541752219200134,1.0,0.01192923728376627,1.0,0.0,0.5560489296913147,1.0,0.9972226023674011,0.002777397632598877
1,550,0.3709571361541748,0.2656213939189911,0.24483725428581238,0.026190776377916336,0.27046875,0.34393665194511414,0.9999999999999999,0.0,1.0,0.0,1.0,0.65,0.5811979166666666,0.4166536458333333,0.15338541666666666,0.0430078125,0.9958983659744263,0.007107721641659737,0.6571414470672607,1.0,0.020404202863574028,1.0,0.0,0.5585702657699585,1.0,0.9965441226959229,0.0034558773040771484
1,560,0.3447486460208893,0.27584391832351685,0.26290184259414673,0.023996461182832718,0.25046875,0.3426460027694702,0.9999999999999999,0.0,1.0,0.0,1.0,0.65,0.5571614583333333,0.30046875,0.15453125,0.051119791666666664,0.9952988624572754,0.008306671865284443,0.6579546928405762,1.0,0.022727718576788902,1.0,0.0,0.5592615008354187,1.0,0.9954769611358643,0.004523038864135742
1,570,0.35771068930625916,0.28100261092185974,0.2765869200229645,0.03098737634718418,0.2622786458333333,0.35687965154647827,0.9999999999999999,0.0,1.0,0.0,1.0,0.65,0.5273697916666666,0.33872395833333335,0.14282552083333333,0.0490625,0.9944369792938232,0.009739715605974197,0.6567625403404236,1.0,0.022727718576788902,0.9920522570610046,0.0,0.5582481622695923,1.0,0.9940247535705566,0.005975246429443359
1,580,0.3959139883518219,0.2856481969356537,0.26025012135505676,0.02983962930738926,0.26569010416666666,0.33007001876831055,0.9999999999999999,0.0,1.0,0.0,1.0,0.65,0.5813671875,0.3668619791666667,0.14811197916666666,0.049544270833333334,0.9941577315330505,0.010298371315002441,0.6567625403404236,1.0,0.022727718576788902,0.9920522570610046,0.09571336209774017,0.5582481622695923,1.0,0.992184042930603,0.007815957069396973
1,590,0.32146012783050537,0.2507675588130951,0.22888635098934174,0.027998672798275948,0.2672395833333333,0.37333476543426514,0.9963411458333332,0.007317708333333339,1.0,0.0,1.0,0.65,0.6001041666666667,0.3057552083333333,0.1819921875,0.03796875,0.9941263198852539,0.0103612020611763,0.6583433151245117,1.0,0.027244217693805695,0.9920522570610046,0.0,0.5595918297767639,1.0,0.9899547100067139,0.010045289993286133
1,600,0.31430649757385254,0.2502042353153229,0.17320187389850616,0.022844059392809868,0.2387109375,0.362825483083725,0.9816573712662753,0.013676215277777785,1.0,0.0,1.0,0.65,0.6293880208333333,0.4028776041666667,0.1559765625,0.0271484375,0.9924913644790649,0.012219159863889217,0.6575372815132141,1.0,0.03257492929697037,0.974240243434906,0.0,0.5589067339897156,1.0,0.9873350858688354,0.01266491413116455
1,610,0.34273841977119446,0.28650808334350586,0.2509637475013733,0.0403624102473259,0.26243489583333335,0.3615241050720215,0.9847916666666666,0.03041666666666667,1.0,0.08891858552631579,1.0,0.6811215049342105,0.413671875,0.3008203125,0.2337890625,0.0311328125,0.9924913048744202,0.012219159863889217,0.6575372219085693,1.0,0.03257492929697037,0.974240243434906,0.0,0.5589066743850708,1.0,0.9843378067016602,0.015662193298339844
1,620,0.3489800989627838,0.2836610972881317,0.24251477420330048,0.04602636769413948,0.2620703125,0.3622712790966034,0.987497829861111,0.025004340277777783,1.0,0.07240268640350875,1.0,0.675340940241228,0.35131510416666667,0.28110677083333335,0.22751302083333333,0.03376302083333333,0.9924913048744202,0.012219159863889217,0.6606045961380005,1.0,0.04133870080113411,0.9742401838302612,0.0,0.5615139007568359,1.0,0.9809459447860718,0.019054055213928223
1,630,0.2966086268424988,0.2542282044887543,0.21371693909168243,0.030093975365161896,0.255234375,0.2862900197505951,0.9859635416666666,0.02807291666666667,1.0,0.0,1.0,0.65,0.43442708333333335,0.20403645833333334,0.17950520833333333,0.0484375,0.9924913644790649,0.012219159863889217,0.660983681678772,1.0,0.044644489884376526,0.9690544009208679,0.0,0.5618361234664917,1.0,0.9772402048110962,0.02275979518890381
1,640,0.3648233711719513,0.2989199161529541,0.27553796768188477,0.046758122742176056,0.26221354166666666,0.36448991298675537,0.9878927951388888,0.024214409722222233,1.0,0.0891927083333333,1.0,0.6812174479166667,0.3462890625,0.3282291666666667,0.23389322916666666,0.035494791666666664,0.9921038746833801,0.012994002550840378,0.658482551574707,1.0,0.04528900608420372,0.950875997543335,0.0,0.5597102046012878,1.0,0.9705703854560852,0.029429614543914795
1,650,0.3662889897823334,0.2893066108226776,0.26856788992881775,0.06003102660179138,0.2747526041666667,0.2691720724105835,0.9897200520833332,0.020559895833333335,1.0,0.17797423245614036,1.0,0.7122909813596492,0.39912760416666665,0.28625,0.26763020833333334,0.03368489583333333,0.9921038746833801,0.012994002550840378,0.6586938500404358,1.0,0.04589272662997246,0.950875997543335,0.013314001262187958,0.5598897933959961,1.0,0.9580214023590088,0.04197859764099121
1,660,0.3230593502521515,0.2657584547996521,0.22988261282444,0.05916460603475571,0.2857421875,0.3006995618343353,0.9874110243055555,0.025177951388888894,1.0,0.04879385964912277,1.0,0.667077850877193,0.38213541666666667,0.23604166666666668,0.21854166666666666,0.04998697916666667,0.9904937148094177,0.01497098058462143,0.6586938500404358,1.0,0.04589272662997246,0.950875997543335,0.0,0.5598897933959961,1.0,0.9450808763504028,0.05491912364959717
1,670,0.4048004746437073,0.31300604343414307,0.28909146785736084,0.008736683055758476,0.17270833333333332,0.35085541009902954,0.9819024129458236,0.03009392783934183,1.0,0.0,0.8330965909090908,0.6249644886363637,0.4720182291666667,0.4053125,0.18411458333333333,0.021328125,0.9899298548698425,0.016098832711577415,0.659549355506897,1.0,0.04833699017763138,0.950875997543335,0.0,0.5606169700622559,1.0,0.9317671060562134,0.06823289394378662
1,680,0.3942717909812927,0.3040699064731598,0.2780977785587311,0.015421858988702297,0.21466145833333333,0.3782625198364258,0.9941341145833332,0.011731770833333332,1.0,0.0,1.0,0.65,0.49096354166666667,0.3611979166666667,0.183515625,0.026640625,0.9891586303710938,0.017139052972197533,0.659549355506897,1.0,0.04833699017763138,0.950875997543335,0.0,0.5606169700622559,1.0,0.918097972869873,0.08190202713012695
1,690,0.3776068687438965,0.2690282166004181,0.23877456784248352,0.04326227679848671,0.2954557291666667,0.28963929414749146,0.9993402777777777,0.0013194444444444473,1.0,0.09484649122807019,1.0,0.6831962719298246,0.41919270833333333,0.3520703125,0.23604166666666668,0.039114583333333335,0.9887568950653076,0.017942417412996292,0.660537838935852,1.0,0.05116143450140953,0.950875997543335,0.0322626531124115,0.5614571571350098,1.0,0.9043591618537903,0.09564083814620972
1,700,0.43604522943496704,0.2802969217300415,0.279695063829422,0.007720238994807005,0.18282552083333334,0.3184147775173187,0.9656649486411636,0.03901710381685958,1.0,0.11194490131578949,0.6259469696969696,0.6330727609150718,0.5748046875,0.5108854166666666,0.2425390625,0.016770833333333332,0.9883756041526794,0.018705066293478012,0.660537838935852,1.0,0.05116143450140953,0.950875997543335,0.0,0.5614571571350098,1.0,0.8905028104782104,0.10949718952178955
1,710,0.33503398299217224,0.21993862092494965,0.18846841156482697,0.038575321435928345,0.33424479166666665,0.2917816936969757,0.9999999999999999,0.0,1.0,0.0,1.0,0.65,0.5200130208333333,0.2526171875,0.19151041666666666,0.06861979166666667,0.9889258146286011,0.018700312823057175,0.6596670150756836,1.0,0.05116143450140953,0.9450701475143433,0.0,0.560716986656189,1.0,0.8765631318092346,0.12343686819076538
1,720,0.4011370539665222,0.2553061842918396,0.2412620186805725,0.034515026956796646,0.2873828125,0.28346389532089233,0.9999999999999999,0.0,1.0,0.18403919956140355,1.0,0.7144137198464913,0.4871484375,0.24983072916666665,0.26993489583333335,0.03436197916666667,0.984683632850647,0.023376863449811935,0.6566588878631592,1.0,0.04692721366882324,0.9348958730697632,0.0,0.5581600666046143,1.0,0.8625332117080688,0.13746678829193115
1,730,0.4009917974472046,0.2613796889781952,0.2337772399187088,0.010584552772343159,0.19872395833333334,0.2983083724975586,0.9999999999999999,0.0,1.0,0.06942160087719296,0.8910984848484849,0.6579623330342903,0.6053645833333333,0.38528645833333336,0.22638020833333333,0.022604166666666668,0.9841232299804688,0.023122232407331467,0.6554522514343262,1.0,0.043479468673467636,0.9348958730697632,0.0,0.5571344494819641,1.0,0.8483156561851501,0.15168434381484985
1,740,0.5304540395736694,0.3310547173023224,0.2799510061740875,0.011588279157876968,0.18100260416666666,0.3088994026184082,0.9918641493055554,0.016271701388888893,1.0,0.013534813596491191,0.6182528409090909,0.5974751108951356,0.44723958333333336,0.437265625,0.20514322916666666,0.0166015625,0.9618930220603943,0.04005895555019379,0.6509879231452942,1.0,0.043479468673467636,0.9051339626312256,0.0,0.5533397793769836,1.0,0.8337247967720032,0.16627520322799683
1,750,0.4377537965774536,0.2935050129890442,0.27415981888771057,0.013064274564385414,0.22682291666666668,0.3214656710624695,0.9999999999999999,0.0,1.0,0.012678179824561342,1.0,0.6544373629385964,0.4579166666666667,0.46065104166666665,0.20481770833333332,0.027955729166666665,0.9163576364517212,0.08481228351593018,0.6202636957168579,0.9523810148239136,0.03923219442367554,0.8689461350440979,0.0,0.5272241830825806,1.0,0.8192955851554871,0.18070441484451294
1,760,0.4035422205924988,0.28729069232940674,0.24931700527668,0.007873153313994408,0.19451822916666667,0.32848674058914185,0.9661867987697688,0.041516540223747726,1.0,0.0,1.0,0.65,0.5335416666666667,0.4888671875,0.17526041666666667,0.025807291666666666,0.8711165189743042,0.129306361079216,0.5880640149116516,0.9047619700431824,0.030757233500480652,0.8327865600585938,0.0,0.4998544156551361,1.0,0.8048756122589111,0.19512438774108887
1,770,0.3438533544540405,0.26920774579048157,0.24834689497947693,0.009418576955795288,0.2061328125,0.3370417356491089,0.9881575520833332,0.023684895833333344,1.0,0.05132949561403508,1.0,0.6679653234649123,0.47552083333333334,0.39688802083333335,0.21950520833333334,0.03944010416666666,0.8259797096252441,0.173586905002594,0.5580299496650696,0.8571429252624512,0.02843371406197548,0.7967115640640259,0.0,0.4743254780769348,1.0,0.7904665470123291,0.2095334529876709
1,780,0.2899583876132965,0.2310531735420227,0.1768834888935089,0.013958705589175224,0.24180989583333334,0.3026479482650757,0.9838035952535449,0.021844618055555563,1.0,0.0,1.0,0.65,0.5052213541666667,0.23763020833333334,0.15114583333333334,0.052018229166666666,0.7811234593391418,0.21761274337768555,0.5299760103225708,0.8095238208770752,0.02843371406197548,0.7684152126312256,0.0,0.4504796266555786,1.0,0.7770514488220215,0.22294855117797852
1,790,0.3566284477710724,0.26812943816185,0.21914555132389069,0.02927689254283905,0.27890625,0.30561506748199463,0.9915646701388888,0.01687065972222223,1.0,0.05931332236842102,1.0,0.6707596628289474,0.5245833333333333,0.38697916666666665,0.2225390625,0.034583333333333334,0.7356871366500854,0.26251012086868286,0.5007848143577576,0.761904776096344,0.02843371406197548,0.7325374484062195,0.0,0.4256671071052551,1.0,0.7706387639045715,0.22936123609542847
1,800,0.3019450008869171,0.24889934062957764,0.238045334815979,0.01902642846107483,0.238203125,0.37377527356147766,0.9883333333333333,0.023333333333333338,1.0,0.0,1.0,0.65,0.6044140625,0.33803385416666665,0.12454427083333333,0.03885416666666667,0.6899945735931396,0.30791282653808594,0.470088928937912,0.7142857313156128,0.023917214944958687,0.6971669793128967,0.0,0.3995755910873413,1.0,0.7640707492828369,0.23592925071716309
1,810,0.3429904878139496,0.23784592747688293,0.18552955985069275,0.010810368694365025,0.2411328125,0.4047485888004303,0.9932118055555554,0.013576388888888895,1.0,0.0,0.8780776515151514,0.6317116477272727,0.7022395833333334,0.49947916666666664,0.049296875,0.022317708333333332,0.6458667516708374,0.35156452655792236,0.44175875186920166,0.6666666865348816,0.018586505204439163,0.6794676780700684,0.0,0.37549495697021484,1.0,0.7576729655265808,0.2423270344734192
1,820,0.3514774441719055,0.26534101366996765,0.24138331413269043,0.005548879504203796,0.15834635416666668,0.3728178143501282,0.895705403280129,0.12862420634202518,1.0,0.0,0.786339962121212,0.6179509943181818,0.6419401041666667,0.4728776041666667,0.19296875,0.020299479166666665,0.6001313924789429,0.3970431089401245,0.4126436710357666,0.6190476417541504,0.018586505204439163,0.6440972089767456,0.0,0.3970431089401245,1.0,0.7512756586074829,0.2487243413925171
1,830,0.29106929898262024,0.21759338676929474,0.1714671403169632,0.03316318988800049,0.2793880208333333,0.3279583156108856,0.9757312168932367,0.01965711805555556,1.0,0.0,1.0,0.65,0.5588932291666666,0.2296484375,0.11102864583333333,0.038515625,0.5544565320014954,0.44245287775993347,0.3804570436477661,0.5714285969734192,0.009822734631597996,0.6086986064910889,0.0,0.44245287775993347,1.0,0.7413567304611206,0.2586432695388794
1,840,0.2918625473976135,0.15412840247154236,0.08901292085647583,0.004735991824418306,0.038385416666666665,0.36717137694358826,0.5191280844087418,0.3837440801493331,1.0,0.0,0.375,0.55625,0.7354557291666667,0.7645703125,0.002486979166666667,0.01125,0.5087670087814331,0.48787927627563477,0.35097548365592957,0.523809552192688,0.00651694368571043,0.5785984992980957,0.17747364938259125,0.48787927627563477,0.8869096040725708,0.7270343899726868,0.27296561002731323
1,850,0.01054023765027523,0.03967961668968201,0.005575824528932571,0.0019796688575297594,0.012630208333333334,0.5420440435409546,0.03164965227518867,0.9640344860509218,0.0,0.0,0.24005681818181818,0.03600852272727272,0.0,0.0,0.0,0.00828125,0.46345195174217224,0.5325455665588379,0.32435309886932373,0.4761905074119568,0.005872428882867098,0.5613501071929932,0.41112786531448364,0.5325455665588379,0.6437042951583862,0.7206434607505798,0.27935653924942017
1,860,0.011245711706578732,0.03980392962694168,0.007839571684598923,0.002278123749420047,0.012565104166666667,0.5391652584075928,0.039656978642976876,0.9549352515420717,0.0,0.0,0.24064867424242425,0.036097301136363634,0.0,0.0,0.0,0.008294270833333334,0.4177241921424866,0.5780154466629028,0.295035183429718,0.4285714626312256,0.0052687060087919235,0.5260360240936279,0.40405571460723877,0.5780154466629028,0.6437042951583862,0.7062702178955078,0.2937297821044922
1,870,0.011329044587910175,0.03979494795203209,0.007774793077260256,0.002273726975545287,0.0126171875,0.5590828657150269,0.03953901641706869,0.9550692995260583,0.0,0.0,0.2424242424242424,0.03636363636363636,0.0,0.0,0.0,0.008333333333333333,0.37365221977233887,0.6214564442634583,0.2659834921360016,0.380952388048172,0.0052687060087919235,0.491088330745697,0.4529859721660614,0.6214564442634583,0.6437042951583862,0.6919122934341431,0.30808770656585693
1,880,0.011288654059171677,0.03982170671224594,0.007784309331327677,0.0022879287134855986,0.012552083333333333,0.5506138205528259,0.03992003865449168,0.9546363197108048,0.0,0.0,0.23887310606060602,0.0358309659090909,0.0,0.0,0.0,0.008255208333333333,0.3318256735801697,0.6618286371231079,0.23700638115406036,0.3333333432674408,0.002824444090947509,0.4623410403728485,0.43218061327934265,0.6618286371231079,0.6437042951583862,0.6775608062744141,0.32243919372558594
1,890,0.011328840628266335,0.039793960750103,0.007885308004915714,0.0022898707538843155,0.012565104166666667,0.5599155426025391,0.03997214217738408,0.9545771111620636,0.0,0.0,0.24656723484848483,0.03698508522727272,0.0,0.0,0.0,0.008424479166666667,0.324715256690979,0.6727724671363831,0.23670199513435364,0.3333333432674408,0.002824444090947509,0.4603118300437927,0.45503145456314087,0.6727724671363831,0.6437042951583862,0.6631861925125122,0.3368138074874878
1,900,0.011303308419883251,0.039771150797605515,0.00800244603306055,0.002283357549458742,0.012721354166666667,0.5600645542144775,0.03979739766840528,0.9547756844677211,0.0,0.0,0.2572206439393939,0.03858309659090909,0.0,0.0,0.0,0.008658854166666667,0.3108915090560913,0.6875860095024109,0.23571345210075378,0.3333333432674408,0.0,0.4603118300437927,0.4553975760936737,0.6875860095024109,0.6437042951583862,0.6485006809234619,0.3514993190765381
1,910,0.011740810237824917,0.03969328850507736,0.00764777697622776,0.0022529317066073418,0.0126953125,0.6300802230834961,0.03898109456751406,0.9557033016278249,0.0,0.0,0.25426136363636365,0.038139204545454546,0.0,0.0,0.0,0.00859375,0.30086493492126465,0.6991995573043823,0.23494824767112732,0.3333333432674408,0.0,0.4552106261253357,0.6146888136863708,0.6991995573043823,0.6437042951583862,0.6335583329200745,0.36644166707992554
1,920,0.011479678563773632,0.039701756089925766,0.0076628136448562145,0.002274368656799197,0.012643229166666667,0.5896491408348083,0.03955623225558823,0.9550497360731951,0.0,0.0,0.2572206439393939,0.03858309659090909,0.0,0.0,0.0,0.008658854166666667,0.2908318340778351,0.7124050855636597,0.2344663143157959,0.3333333432674408,0.0,0.45199766755104065,0.5280759930610657,0.7124050855636597,0.6437042951583862,0.6183225512504578,0.38167744874954224
1,930,0.011860856786370277,0.0397314615547657,0.007739112246781588,0.00232175225391984,0.012643229166666667,0.6389291882514954,0.04082749949541035,0.9536051142097608,0.0,0.0,0.25662878787878785,0.03849431818181818,0.0,0.0,0.0,0.008645833333333333,0.26745766401290894,0.7335690259933472,0.22065378725528717,0.3035268783569336,0.0,0.45926904678344727,0.6149164438247681,0.7335690259933472,0.6437042951583862,0.602829098701477,0.39717090129852295
1,940,0.011758681386709213,0.03972132131457329,0.0077466885559260845,0.0023102834820747375,0.012630208333333334,0.610528826713562,0.040519800738590524,0.9539547718879653,0.0,0.0,0.2589962121212121,0.03884943181818181,0.0,0.0,0.0,0.008697916666666666,0.22290179133415222,0.778084397315979,0.1918473094701767,0.2559078335762024,0.0,0.42595601081848145,0.5793696641921997,0.778084397315979,0.6437042951583862,0.5871930718421936,0.4128069281578064
1,950,0.01150832325220108,0.039741624146699905,0.0077865105122327805,0.002300184452906251,0.0125,0.5883392691612244,0.04024885117553357,0.9542626691187117,0.0,0.0,0.25603693181818177,0.03840553977272727,0.0,0.0,0.0,0.0086328125,0.24325811862945557,0.7637397050857544,0.1963115930557251,0.2559078335762024,0.0,0.45571789145469666,0.5248581767082214,0.7637397050857544,0.6437042951583862,0.571736752986908,0.42826324701309204
1,960,0.0114606823772192,0.039734695106744766,0.007696149405092001,0.0022803344763815403,0.012526041666666666,0.5806766748428345,0.039716290829748646,0.954867851329831,0.0,0.0,0.258404356060606,0.0387606534090909,0.0,0.0,0.0,0.008684895833333333,0.24360361695289612,0.7633470892906189,0.19645956158638,0.25590780377388,0.0,0.456704318523407,0.5060339570045471,0.7633470892906189,0.6437042951583862,0.5564344525337219,0.4435655474662781
1,970,0.011467882432043552,0.03976908326148987,0.008076535537838936,0.002316094236448407,0.012669270833333333,0.5768191814422607,0.04067569902666459,0.9537776147424266,0.0,0.0,0.2660984848484848,0.03991477272727272,0.0,0.0,0.0,0.008854166666666666,0.24361884593963623,0.7633298635482788,0.19655677676200867,0.25590780377388,0.0,0.45735254883766174,0.4965575039386749,0.7633298635482788,0.6437042951583862,0.5417957901954651,0.4582042098045349
1,980,0.023658601567149162,0.07834929972887039,0.007863488979637623,0.002868836745619774,0.021354166666666667,0.5852571129798889,0.10980012940588857,0.8715011776015489,0.0,0.0,0.3963068181818182,0.05944602272727272,0.032421875,0.010130208333333333,0.0017317708333333334,0.01171875,0.2436632663011551,0.7632793188095093,0.1966836154460907,0.25590780377388,0.0,0.45819807052612305,0.4787237048149109,0.7632793188095093,0.6667296886444092,0.527822732925415,0.47217726707458496
1,990,0.1368274688720703,0.20546260476112366,0.17807213962078094,0.005856411065906286,0.1021875,0.4395095705986023,0.834484949746954,0.2516657788172203,1.0,0.0,0.9573863636363636,0.6436079545454545,0.313984375,0.16397135416666667,0.04993489583333333,0.0240625,0.24366766214370728,0.7632743120193481,0.19680199027061462,0.25590780377388,0.0,0.45898720622062683,0.0,0.7632743120193481,1.0,0.5144610404968262,0.48553895950317383
1,1000,0.1363268494606018,0.1851024478673935,0.13817930221557617,0.0044416519813239574,0.08930989583333333,0.46798765659332275,0.7012662096564964,0.32795401640226285,1.0,0.0,1.0,0.65,0.31123697916666665,0.1511328125,0.034440104166666666,0.026041666666666668,0.24368813633918762,0.7632510662078857,0.19690343737602234,0.25590780377388,0.0,0.45966362953186035,0.0,0.7632510662078857,0.9872216582298279,0.5017681121826172,0.4982318878173828
1,1010,0.17612485587596893,0.22801931202411652,0.15673504769802094,0.004749387968331575,0.09299479166666667,0.42826715111732483,0.7777747976246732,0.267217698289349,1.0,0.0,0.892874053030303,0.6339311079545454,0.3305208333333333,0.17587239583333333,0.07529947916666667,0.022643229166666667,0.2436734288930893,0.7632678151130676,0.19697530567646027,0.25590780377388,0.0,0.46014273166656494,0.0,0.7632678151130676,1.0,0.4896717965602875,0.5103281736373901
1,1020,0.14949220418930054,0.19668427109718323,0.16910313069820404,0.0046645356342196465,0.07928385416666667,0.4257356822490692,0.7825169336774995,0.2908921256488236,1.0,0.0,0.8106060606060606,0.6215909090909091,0.30548177083333333,0.14350260416666666,0.051393229166666665,0.020833333333333332,0.24372407793998718,0.7632102370262146,0.1970556378364563,0.25590780377388,0.0,0.46067821979522705,0.0,0.7632102370262146,1.0,0.47809869050979614,0.5219013094902039
1,1030,0.07256995886564255,0.14156341552734375,0.07535281777381897,0.003923170734196901,0.05653645833333333,0.5146453380584717,0.4048480236081591,0.573068354057126,0.3740641276041667,0.0,0.9390388257575757,0.3278878876657197,0.17071614583333333,0.048984375,0.0159375,0.023658854166666667,0.24378561973571777,0.7631403207778931,0.19704295694828033,0.25590780377388,0.0,0.46059370040893555,0.2518286406993866,0.7631403207778931,0.7978531122207642,0.46698153018951416,0.5330184698104858
1,1040,0.011943629011511803,0.04157368093729019,0.008013512007892132,0.0022930623963475227,0.0141796875,0.5346795916557312,0.040057771609323785,0.9544798049894048,0.0,0.0,0.3004261363636363,0.04506392045454544,0.0032161458333333334,0.0005208333333333333,0.0,0.009609375,0.24382591247558594,0.7630945444107056,0.1969245821237564,0.25590780377388,0.0,0.4598045349121094,0.3892107903957367,0.7630945444107056,0.6448881030082703,0.4562593996524811,0.5437406301498413
1,1050,0.2937003970146179,0.26349306106567383,0.22574733197689056,0.007952448911964893,0.1808984375,0.2917957603931427,0.9466106826143698,0.0825061095606909,1.0,0.0,1.0,0.65,0.5326302083333333,0.31854166666666667,0.10244791666666667,0.028723958333333334,0.2439664900302887,0.7629348039627075,0.19657792150974274,0.25590780377388,0.0,0.45749348402023315,0.0,0.7629348039627075,1.0,0.44914674758911133,0.5508532524108887
1,1060,0.01129907090216875,0.03988461568951607,0.007894965820014477,0.002250103047117591,0.012682291666666666,0.5496018528938293,0.03890520370315489,0.9557895412464148,0.0,0.0,0.2607717803030303,0.03911576704545454,0.0,0.0,0.0,0.008736979166666667,0.24413804709911346,0.7627398371696472,0.1963200569152832,0.25590780377388,0.0,0.4557742476463318,0.4296945631504059,0.7627398371696472,0.6437042951583862,0.45062562823295593,0.5493743419647217
1,1070,0.01123585645109415,0.04001474007964134,0.007974735461175442,0.0022900558542460203,0.012669270833333333,0.5312837958335876,0.03997710828464933,0.954571467858353,0.0,0.0,0.25426136363636365,0.038139204545454546,1.3020833333333334e-05,0.0,0.0,0.00859375,0.24425183236598969,0.7626104950904846,0.1961805373430252,0.25590780377388,0.0,0.454844206571579,0.38467830419540405,0.7626104950904846,0.6437042951583862,0.4577457010746002,0.5422543287277222
1,1080,0.011359019204974174,0.03997495770454407,0.00802474096417427,0.002308496041223407,0.012643229166666667,0.5438634157180786,0.04047184500843287,0.9540092670358717,0.0,0.0,0.2601799242424242,0.03902698863636363,0.0,0.0,0.0,0.008723958333333334,0.2443709522485733,0.7624751329421997,0.19598186016082764,0.25590780377388,0.0,0.4535195827484131,0.4155973196029663,0.7624751329421997,0.6437042951583862,0.46554458141326904,0.534455418586731
1,1090,0.011360703967511654,0.03985505551099777,0.007998237386345863,0.002291361102834344,0.012604166666666666,0.5527671575546265,0.040012127149214115,0.9545316736940748,0.0,0.0,0.2554450757575757,0.038316761363636355,0.0,0.0,0.0,0.008619791666666666,0.24111485481262207,0.7663527131080627,0.19495455920696259,0.25590780377388,0.0,0.4466709494590759,0.43747058510780334,0.7663527131080627,0.6437042951583862,0.4727934002876282,0.5272065997123718
1,1100,0.011414779350161552,0.039830781519412994,0.0080682672560215,0.002305898815393448,0.012486979166666667,0.5617139339447021,0.040402163339824215,0.9540884507501997,0.0,0.0,0.2607717803030303,0.03911576704545454,0.0,0.0,0.0,0.008736979166666667,0.20333147048950195,0.7997671961784363,0.16612693667411804,0.20828877389431,0.0,0.4132170081138611,0.45944949984550476,0.7997671961784363,0.6437042951583862,0.4814782440662384,0.518521785736084
1,1110,0.011484171263873577,0.03979052975773811,0.007741920184344053,0.0022718512918800116,0.012591145833333333,0.5855671167373657,0.039488693196780805,0.955126485003658,0.0,0.0,0.26728219696969696,0.040092329545454546,0.0,0.0,0.0,0.008880208333333334,0.17192989587783813,0.8295056819915771,0.1370202898979187,0.1606697291135788,0.0,0.37790292501449585,0.5180479288101196,0.8295056819915771,0.6437042951583862,0.4891180992126465,0.5108819007873535
1,1120,0.011615349911153316,0.03976252302527428,0.007797824218869209,0.0022925706580281258,0.012708333333333334,0.599964439868927,0.04004457863002289,0.9544947970113375,0.0,0.0,0.26550662878787873,0.03982599431818181,0.0,0.0,0.0,0.008841145833333333,0.13686057925224304,0.8621642589569092,0.10868731141090393,0.1130506694316864,0.0,0.34774643182754517,0.553416907787323,0.8621642589569092,0.6437042951583862,0.4950217008590698,0.5049782991409302
1,1130,0.011847120709717274,0.039785899221897125,0.007821455597877502,0.002322549931704998,0.0126171875,0.6293852925300598,0.04084890060671947,0.9535807947650914,0.0,0.0,0.2554450757575757,0.038316761363636355,1.3020833333333334e-05,0.0,0.0,0.008619791666666666,0.10155085474252701,0.8937119245529175,0.08090811967849731,0.0654316246509552,0.0,0.3212820291519165,0.6150147914886475,0.8937119245529175,0.6437042951583862,0.499465674161911,0.5005342960357666
1,1140,0.012323734350502491,0.03990575298666954,0.007777258288115263,0.0023532691411674023,0.0127734375,0.6777045130729675,0.041673074519125435,0.9526442335009937,0.0,0.0,0.24005681818181818,0.03600852272727272,0.0,0.0,0.0,0.00828125,0.08421026915311813,0.9118399024009705,0.0671486034989357,0.0476190485060215,0.0,0.28892722725868225,0.6143474578857422,0.9118399024009705,0.6437042951583862,0.5022119283676147,0.49778807163238525
1,1150,0.012543811462819576,0.04024362936615944,0.007633142173290253,0.002420325530692935,0.01265625,0.6943219304084778,0.04347214838444461,0.9505998313813129,0.0,0.0,0.21046401515151514,0.03156960227272727,0.0,0.0,0.0,0.0076302083333333335,0.08491656184196472,0.9110498428344727,0.06797298043966293,0.0476190485060215,0.0,0.29442304372787476,0.6148595213890076,0.9110498428344727,0.6437042951583862,0.5099140405654907,0.4900859594345093
1,1160,0.012747958302497864,0.0402083583176136,0.007808106951415539,0.002434456953778863,0.012981770833333333,0.7087380886077881,0.04385128412577438,0.9501689953116199,0.0,0.0,0.21993371212121213,0.03299005681818182,0.0,0.0,0.0,0.007838541666666667,0.05535673350095749,0.9364548921585083,0.04611693322658539,0.004084511660039425,0.0,0.2938311696052551,0.6134369373321533,0.9364548921585083,0.6437042951583862,0.5214020609855652,0.4785979390144348
1,1170,0.012208743020892143,0.039872728288173676,0.007706387899816036,0.00236940267495811,0.012578125,0.6566687226295471,0.0421059254257054,0.9521523574707893,0.0,0.0,0.23887310606060602,0.0358309659090909,0.0,0.0,0.0,0.008255208333333333,0.08969765156507492,0.9030212163925171,0.07520665973424911,0.0517035610973835,0.0,0.3290325105190277,0.6152009963989258,0.9030212163925171,0.6437042951583862,0.5330911874771118,0.4669088125228882
1,1180,0.012225747108459473,0.03990354761481285,0.007792439311742783,0.0024093380197882652,0.0125,0.644425630569458,0.043177361506514446,0.9509348164698699,0.0,0.0,0.23828124999999994,0.03574218749999999,0.0,0.0,0.0,0.0082421875,0.1235843300819397,0.8710184097290039,0.10434289276599884,0.099322609603405,0.0,0.3645438849925995,0.615542471408844,0.8710184097290039,0.6437042951583862,0.5448200106620789,0.45517998933792114
1,1190,0.012004697695374489,0.03976239264011383,0.007710834965109825,0.0023439147043973207,0.012643229166666667,0.6400942206382751,0.041422101825293975,0.9529294297439841,0.0,0.0,0.2524857954545454,0.03787286931818181,0.0,0.0,0.0,0.0085546875,0.15020766854286194,0.8448253870010376,0.13131126761436462,0.142690509557724,0.0,0.39977341890335083,0.6149164438247681,0.8448253870010376,0.6437042951583862,0.5556422472000122,0.4443577527999878
1,1200,0.012063470669090748,0.03976531699299812,0.007818021811544895,0.0023294519633054733,0.012838541666666667,0.6327597498893738,0.04103407706429319,0.9533703669723941,0.0,0.0,0.2548532196969696,0.03822798295454544,0.0,0.0,0.0,0.008606770833333333,0.18406814336776733,0.8160751461982727,0.15894319117069244,0.1873178631067276,0.0,0.4352284073829651,0.6140629053115845,0.8160751461982727,0.6437042951583862,0.5595816373825073,0.4404183626174927
1,1210,0.011947712861001492,0.039741840213537216,0.007942577823996544,0.0023592240177094936,0.01265625,0.6252613067626953,0.04183283949952301,0.9524626823869056,0.0,0.0,0.258404356060606,0.0387606534090909,0.0,0.0,0.0,0.008684895833333333,0.20987999439239502,0.7934274673461914,0.17651322484016418,0.2160489559173584,0.0,0.4565916061401367,0.6148595213890076,0.7934274673461914,0.6437042951583862,0.5637620091438293,0.43623799085617065
1,1220,0.011945159174501896,0.03972088545560837,0.007821768522262573,0.002340077655389905,0.012734375,0.6360122561454773,0.04131915660802185,0.9530464129454297,0.0,0.0,0.2595880681818182,0.03893821022727272,0.0,0.0,0.0,0.0087109375,0.2270902395248413,0.7768640518188477,0.18681670725345612,0.2319549024105072,0.0,0.4722616970539093,0.6145181655883789,0.7768640518188477,0.6437042951583862,0.5679367780685425,0.4320632219314575
1,1230,0.011806271970272064,0.039711449295282364,0.007855516858398914,0.002328658476471901,0.012513020833333333,0.6196728348731995,0.04101278839314857,0.9533945586441492,0.0,0.0,0.2548532196969696,0.03822798295454544,0.0,0.0,0.0,0.008606770833333333,0.23514819145202637,0.7672545909881592,0.18886283040046692,0.2319549024105072,0.0,0.4859025478363037,0.601833164691925,0.7672545909881592,0.6437042951583862,0.5723252296447754,0.4276747703552246
1,1240,0.011714103631675243,0.03972138836979866,0.007889990694820881,0.0023168399930000305,0.012604166666666666,0.6117686629295349,0.04069570712926912,0.9537548782621941,0.0,0.0,0.2595880681818182,0.03893821022727272,0.0,0.0,0.0,0.0087109375,0.23550568521022797,0.7668544054031372,0.18983516097068787,0.2319549024105072,0.0,0.49238479137420654,0.5824155211448669,0.7668544054031372,0.6437042951583862,0.5805085897445679,0.41949141025543213
1,1250,0.01634681597352028,0.053392838686704636,0.008034151047468185,0.0024574899580329657,0.018763020833333335,0.593131422996521,0.05488991585341729,0.93788824393114,0.0,0.0,0.41583806818181807,0.06237571022727271,0.010234375,0.0010807291666666667,0.0007682291666666666,0.0121484375,0.24707956612110138,0.752856433391571,0.1910315603017807,0.2319549024105072,0.0,0.5003607273101807,0.5244579315185547,0.752856433391571,0.6461606621742249,0.5934519171714783,0.40654808282852173
1,1260,0.054228655993938446,0.13122999668121338,0.019629042595624924,0.003959855530411005,0.05061197916666667,0.5567413568496704,0.32585439361548,0.616012628930152,0.08577473958333331,0.0,0.9875710227272727,0.19102302320075756,0.0996875,0.027760416666666666,0.016744791666666668,0.0247265625,0.2782011330127716,0.7210097312927246,0.22048063576221466,0.2795739769935608,0.0,0.5379576683044434,0.3336173892021179,0.7210097312927246,0.7090457081794739,0.5987117290496826,0.4012882709503174
1,1270,0.16172538697719574,0.22859440743923187,0.1379876583814621,0.0053750150837004185,0.1195703125,0.4838498830795288,0.7600644669807596,0.25368189531401164,1.0,0.0,1.0,0.65,0.33091145833333335,0.17540364583333334,0.055611979166666665,0.041419270833333334,0.31723666191101074,0.6823277473449707,0.24986205995082855,0.327193021774292,0.0,0.575103759765625,0.0,0.6823277473449707,1.0,0.6120266914367676,0.3879733085632324
1,1280,0.1437406986951828,0.2036709189414978,0.1470644325017929,0.004562593996524811,0.11024739583333333,0.49205830693244934,0.7515972483314672,0.2825133308986338,1.0,0.0,1.0,0.65,0.33444010416666664,0.16188802083333334,0.0504296875,0.0349609375,0.35348576307296753,0.6476327180862427,0.2791081964969635,0.3748120665550232,0.0,0.6113478541374207,0.0,0.6476327180862427,1.0,0.6253615617752075,0.3746384382247925
1,1290,0.10505606979131699,0.1665666252374649,0.11132021993398666,0.004066369496285915,0.09337239583333333,0.5141807198524475,0.5995619353109942,0.4039555982661845,0.9107259114583337,0.0,1.0,0.6053629557291669,0.27188802083333335,0.11954427083333333,0.015182291666666667,0.0390234375,0.3895690441131592,0.6115482449531555,0.3083585500717163,0.4224311113357544,0.0,0.6476202011108398,0.12272320687770844,0.6115482449531555,0.9154224991798401,0.6387351751327515,0.36126482486724854
1,1300,0.11171819269657135,0.18556423485279083,0.1733068823814392,0.004565447103232145,0.09147135416666667,0.5349039435386658,0.751081922237581,0.35077704352828953,0.9371744791666669,0.0,1.0,0.6185872395833334,0.2489453125,0.15095052083333332,0.0139453125,0.0275,0.4265359938144684,0.575324296951294,0.3375074863433838,0.4700501561164856,0.0,0.6832160949707031,0.010519996285438538,0.575324296951294,0.9868073463439941,0.6521750092506409,0.34782499074935913
1,1310,0.08398947864770889,0.16406619548797607,0.13333477079868317,0.003952856175601482,0.06869791666666666,0.539420485496521,0.5824512119356396,0.47848648841541175,0.6033528645833335,0.0,0.7093986742424243,0.4080862334280304,0.18075520833333333,0.11231770833333334,0.020299479166666665,0.018606770833333335,0.4632457494735718,0.5404630899429321,0.36663949489593506,0.5176692008972168,0.0,0.7186992764472961,0.12279704213142395,0.5404630899429321,0.898996889591217,0.6659425497055054,0.33405745029449463
1,1320,0.0597306489944458,0.1403118520975113,0.09092289209365845,0.003599641378968954,0.04963541666666667,0.5755192041397095,0.40090362049471484,0.6072949368451921,0.33402506510416674,0.0,0.5963541666666667,0.2564656575520834,0.1233203125,0.08356770833333334,0.0043359375,0.016119791666666668,0.4992385506629944,0.505489706993103,0.3957461416721344,0.5652883052825928,0.0,0.7540134191513062,0.3150276839733124,0.505489706993103,0.7960177659988403,0.679999589920044,0.32000041007995605
1,1330,0.036478761583566666,0.1071116030216217,0.008512025699019432,0.0033164506312459707,0.03216145833333333,0.6100801825523376,0.20926177363577136,0.7526954494357887,0.0,0.0,0.551964962121212,0.0827947443181818,0.05799479166666666,0.0397265625,0.00048177083333333335,0.015143229166666666,0.5365836024284363,0.47035762667655945,0.42484429478645325,0.6129072904586792,0.0,0.7892711162567139,0.48346421122550964,0.48346421122550964,0.7213382720947266,0.6943970322608948,0.3056029677391052
1,1340,0.013662428595125675,0.04379697144031525,0.014989304356276989,0.0024128793738782406,0.0168359375,0.6083293557167053,0.04835650806089839,0.9451778098958321,0.0,0.0,0.3915719696969696,0.058735795454545436,0.006067708333333333,0.0008854166666666666,0.0,0.011614583333333333,0.5743497610092163,0.4348078668117523,0.4539763033390045,0.6605263948440552,0.0,0.8247542381286621,0.5667495131492615,0.5667495131492615,0.6457167863845825,0.7091350555419922,0.2908649444580078
1,1350,0.04872232675552368,0.1445501744747162,0.007979814894497395,0.002963310806080699,0.035794270833333336,0.5496460199356079,0.28472452958161626,0.658687594271975,0.0,0.0,0.40755208333333337,0.0611328125,0.057955729166666664,0.031536458333333336,0.037161458333333335,0.011966145833333334,0.6159423589706421,0.39616090059280396,0.48307448625564575,0.7081453800201416,0.0,0.8600119352340698,0.2778259515762329,0.4106133282184601,0.8366059064865112,0.7240371108055115,0.2759628891944885
1,1360,0.1527719646692276,0.23079217970371246,0.11174959689378738,0.004980721510946751,0.1092578125,0.47561538219451904,0.6970252599499922,0.28181849221368305,1.0,0.0,1.0,0.65,0.2879947916666667,0.1604296875,0.034205729166666664,0.035455729166666665,0.6554456949234009,0.3596438765525818,0.5110566020011902,0.7557644844055176,0.0,0.8878291845321655,0.0,0.4343981146812439,1.0,0.7389229536056519,0.26107704639434814
1,1370,0.18032236397266388,0.24490702152252197,0.1401255577802658,0.009832103736698627,0.13380208333333332,0.4338642954826355,0.8635965635939541,0.13784722222222223,1.0,0.0,1.0,0.65,0.3274869791666667,0.1837890625,0.05938802083333333,0.04041666666666666,0.6802390217781067,0.3375888168811798,0.5329126119613647,0.7992990016937256,0.0,0.8884210586547852,0.0,0.45297572016716003,1.0,0.7540203332901001,0.2459796667098999
1,1380,0.17013369500637054,0.23355118930339813,0.1490635871887207,0.006192124914377928,0.12990885416666667,0.46251729130744934,0.8033371421781269,0.22355733662126911,1.0,0.0,1.0,0.65,0.3163671875,0.145859375,0.075703125,0.041002604166666665,0.6859556436538696,0.33388233184814453,0.5329126119613647,0.7992990016937256,0.0,0.8884210586547852,0.0,0.45297572016716003,1.0,0.7688256502151489,0.23117434978485107
1,1390,0.18512649834156036,0.2436092048883438,0.1331685483455658,0.006993991322815418,0.13095052083333333,0.4155523180961609,0.8009265950978522,0.1931596691892318,1.0,0.0,1.0,0.65,0.3019791666666667,0.17881510416666666,0.103203125,0.04186197916666667,0.6953235864639282,0.325015664100647,0.5329126119613647,0.7992990016937256,0.0,0.8884210586547852,0.0,0.45297572016716003,1.0,0.7833184003829956,0.2166815996170044
1,1400,0.1810688078403473,0.24185433983802795,0.1418965756893158,0.007129068486392498,0.13208333333333333,0.42098015546798706,0.817728242427732,0.19222722687150243,1.0,0.0,1.0,0.65,0.2994791666666667,0.1665625,0.1178515625,0.04203125,0.7093132138252258,0.3122563362121582,0.5350382328033447,0.803550124168396,0.0,0.8884210586547852,0.0,0.45478251576423645,1.0,0.7975183725357056,0.20248162746429443
1,1410,0.1881903111934662,0.23924943804740906,0.15538407862186432,0.00591330137103796,0.13484375,0.4455360472202301,0.8119390115212384,0.2212854849615798,1.0,0.0,1.0,0.65,0.34727864583333334,0.199921875,0.09171875,0.039765625,0.7185347676277161,0.3003003001213074,0.5365340709686279,0.8065418004989624,0.0,0.8884210586547852,0.0,0.4560539722442627,1.0,0.8113887310028076,0.18861126899719238
1,1420,0.19577987492084503,0.24892252683639526,0.14520610868930817,0.006028478033840656,0.1259375,0.43030935525894165,0.7976811623830199,0.2180213971728797,1.0,0.0,1.0,0.65,0.36454427083333335,0.235,0.07059895833333334,0.03634114583333333,0.7359111905097961,0.282206654548645,0.5480537414550781,0.8254297971725464,0.0,0.9022592306137085,0.0,0.4658457040786743,1.0,0.8249846696853638,0.17501533031463623
1,1430,0.20120716094970703,0.24918583035469055,0.1617242395877838,0.0059038195759058,0.14287760416666667,0.4196063280105591,0.8255651667355026,0.21527248074812938,1.0,0.0,1.0,0.65,0.35541666666666666,0.21626302083333335,0.0886328125,0.039140625,0.761536717414856,0.25846418738365173,0.5667935013771057,0.8571429252624512,0.0,0.9214804172515869,0.0,0.4817744791507721,1.0,0.8383575677871704,0.1616424322128296
1,1440,0.194375678896904,0.23825064301490784,0.1627763956785202,0.006123568397015333,0.142421875,0.42854422330856323,0.8341029837988013,0.20684973129018291,1.0,0.0,1.0,0.65,0.37459635416666665,0.20998697916666667,0.04861979166666667,0.03759114583333333,0.7947659492492676,0.22947494685649872,0.5938032865524292,0.9047619700431824,0.0,0.9428154230117798,0.0,0.5047327876091003,1.0,0.8516111373901367,0.14838886260986328
1,1450,0.219774067401886,0.24856285750865936,0.1844005584716797,0.007724635768681765,0.155703125,0.4472298324108124,0.914140115728183,0.1421686461106508,1.0,0.0,1.0,0.65,0.36984375,0.2315625,0.12559895833333334,0.040755208333333334,0.837186336517334,0.1893705129623413,0.6219587326049805,0.9523810148239136,0.0,0.971788227558136,0.0,0.5286649465560913,1.0,0.8648008108139038,0.1351991891860962
1,1460,0.22101916372776031,0.25262564420700073,0.17786569893360138,0.0067201536148786545,0.15338541666666666,0.4569006860256195,0.8844597768051091,0.17103094924150447,1.0,0.0,1.0,0.65,0.346171875,0.21095052083333332,0.12515625,0.042018229166666664,0.8671729564666748,0.1644306480884552,0.6500000357627869,1.0,0.0,1.0,0.0,0.5525000691413879,1.0,0.8775222301483154,0.12247776985168457
1,1470,0.21200516819953918,0.2349831759929657,0.14692895114421844,0.0071794637478888035,0.15869791666666666,0.46216756105422974,0.8465137388064529,0.15285658458333595,1.0,0.0,1.0,0.65,0.3457942708333333,0.20813802083333333,0.11404947916666666,0.04180989583333333,0.8766156435012817,0.15816889703273773,0.6500000357627869,1.0,0.0,1.0,0.0,0.5525000691413879,1.0,0.8871818780899048,0.11281812191009521
1,1480,0.23310284316539764,0.25332963466644287,0.18968971073627472,0.006241053808480501,0.15830729166666666,0.4207008481025696,0.880113607005981,0.17584598398941562,1.0,0.0,1.0,0.65,0.3950390625,0.2608333333333333,0.128125,0.03822916666666667,0.8797280192375183,0.15750446915626526,0.6500000357627869,1.0,0.0,1.0,0.0,0.5525000691413879,1.0,0.8912513852119446,0.10874861478805542
1,1490,0.24273781478405,0.26012516021728516,0.19451552629470825,0.008696287870407104,0.16837239583333333,0.43979117274284363,0.9483251500969657,0.09631246753501371,1.0,0.0,1.0,0.65,0.40348958333333335,0.2804036458333333,0.126796875,0.03796875,0.8847218751907349,0.1539756804704666,0.6500000357627869,1.0,0.0,1.0,0.0,0.5525000691413879,1.0,0.8946619629859924,0.10533803701400757
1,1500,0.22243322432041168,0.24808773398399353,0.16626185178756714,0.007670526392757893,0.15912760416666666,0.44180378317832947,0.8933433067275195,0.1360101624836686,1.0,0.0,1.0,0.65,0.40197916666666667,0.2496875,0.11005208333333333,0.03787760416666667,0.8897621631622314,0.15192389488220215,0.6500000357627869,1.0,0.0,1.0,0.0,0.5525000691413879,1.0,0.8989834189414978,0.1010165810585022
1,1510,0.23715291917324066,0.2545868456363678,0.17893359065055847,0.008688381873071194,0.1654296875,0.42340201139450073,0.9447349945336662,0.09970020542804628,1.0,0.0,1.0,0.65,0.36735677083333335,0.2651171875,0.13002604166666668,0.0378125,0.8919385671615601,0.15227746963500977,0.6500000357627869,1.0,0.0,1.0,0.0,0.5525000691413879,1.0,0.9019564390182495,0.09804356098175049
1,1520,0.2431308776140213,0.26004135608673096,0.18812239170074463,0.008707878179848194,0.17114583333333333,0.4449124038219452,0.9473557276741116,0.09851986833118648,1.0,0.0,1.0,0.65,0.37626302083333335,0.282734375,0.10643229166666666,0.0377734375,0.8956693410873413,0.14990249276161194,0.6500000357627869,1.0,0.0,1.0,0.0,0.5525000691413879,1.0,0.9061447381973267,0.09385526180267334
1,1530,0.24526210129261017,0.2628245949745178,0.20220549404621124,0.00842953659594059,0.16731770833333334,0.4426397681236267,0.9390395023368885,0.10870294084191967,1.0,0.0,1.0,0.65,0.3833463541666667,0.26967447916666665,0.1269140625,0.03606770833333333,0.902124285697937,0.1454247534275055,0.6495984196662903,1.0,0.0,0.9973226189613342,0.0,0.5521586537361145,1.0,0.9122030735015869,0.08779692649841309
1,1540,0.2379399687051773,0.25162985920906067,0.18421104550361633,0.007190511096268892,0.1665234375,0.42431217432022095,0.9070755665902764,0.14392168490372617,1.0,0.0,1.0,0.65,0.38046875,0.251328125,0.10774739583333333,0.03787760416666667,0.9077030420303345,0.14062899351119995,0.6495984196662903,1.0,0.0,0.9973226189613342,0.0,0.5521586537361145,1.0,0.9198412895202637,0.08015871047973633
1,1550,0.24621017277240753,0.27684485912323,0.17766214907169342,0.008536799810826778,0.16654947916666665,0.46040579676628113,0.9391848911308971,0.10298480420921069,1.0,0.0,1.0,0.65,0.39731770833333335,0.2498828125,0.0505859375,0.0366015625,0.9102184176445007,0.1393038034439087,0.6483597159385681,1.0,0.0,0.9890648126602173,0.0,0.551105797290802,1.0,0.9293931722640991,0.07060682773590088
1,1560,0.24008794128894806,0.25938087701797485,0.17907091975212097,0.007575036492198706,0.16,0.42999663949012756,0.9144439438972153,0.1349500857730747,1.0,0.0,1.0,0.65,0.32796875,0.24559895833333334,0.14654947916666666,0.0391015625,0.9088348150253296,0.14130771160125732,0.6483597159385681,1.0,0.0,0.9890648126602173,0.0,0.551105797290802,1.0,0.9344146251678467,0.06558537483215332
1,1570,0.217257559299469,0.24095244705677032,0.17420245707035065,0.00729904742911458,0.15520833333333334,0.45333272218704224,0.8953216897929233,0.15032185175463678,1.0,0.0,1.0,0.65,0.3507421875,0.19805989583333333,0.11821614583333333,0.034544270833333335,0.9066612720489502,0.14458882808685303,0.6483597755432129,1.0,0.0,0.9890648126602173,0.0,0.551105797290802,1.0,0.9351227283477783,0.06487727165222168
1,1580,0.22913838922977448,0.2546643018722534,0.1836123764514923,0.008214840665459633,0.15868489583333334,0.4383210241794586,0.928956450950001,0.12389438181186757,1.0,0.0,1.0,0.65,0.3670703125,0.27510416666666665,0.1065234375,0.03200520833333333,0.906272828578949,0.14889293909072876,0.6483597159385681,1.0,0.0,0.9890648126602173,0.0,0.551105797290802,1.0,0.9280821681022644,0.0719178318977356
1,1590,0.19956883788108826,0.231672003865242,0.18913187086582184,0.007526863366365433,0.15825520833333334,0.45244017243385315,0.9082068567466608,0.14945263280051185,1.0,0.0,1.0,0.65,0.3954166666666667,0.2227734375,0.07859375,0.038776041666666664,0.9028763175010681,0.15272386372089386,0.6483597755432129,1.0,0.0,0.9890648126602173,0.0,0.551105797290802,1.0,0.9209510087966919,0.0790489912033081
1,1600,0.22287796437740326,0.24759478867053986,0.20150630176067352,0.007429811172187328,0.15279947916666667,0.44571253657341003,0.9067727222517739,0.15007213143737821,1.0,0.0,1.0,0.65,0.4239322916666667,0.31540364583333336,0.058880208333333336,0.0276171875,0.8961241841316223,0.16146574914455414,0.6481483578681946,1.0,0.0,0.9876555800437927,0.0,0.550926148891449,1.0,0.9214169979095459,0.0785830020904541
1,1610,0.2095252275466919,0.23719047009944916,0.21041731536388397,0.0058286311104893684,0.14837239583333334,0.4250815212726593,0.8634322883471401,0.19965248562193663,1.0,0.0,1.0,0.65,0.4439192708333333,0.2785416666666667,0.040963541666666665,0.030768229166666668,0.8910336494445801,0.16809923946857452,0.6481483578681946,1.0,0.0,0.9876556396484375,0.0,0.550926148891449,1.0,0.9214675426483154,0.07853245735168457
1,1620,0.21529115736484528,0.25629717111587524,0.19185400009155273,0.006927787326276302,0.1453125,0.4547715187072754,0.8902872967449468,0.1714107226067523,1.0,0.0,1.0,0.65,0.4103515625,0.2636328125,0.045247395833333336,0.02997395833333333,0.8831024765968323,0.1758403182029724,0.6481482982635498,1.0,0.0,0.9876555800437927,0.0,0.5509260892868042,1.0,0.9211389422416687,0.0788610577583313
1,1630,0.2141343504190445,0.25345322489738464,0.2159726321697235,0.008588136173784733,0.1548828125,0.46121877431869507,0.9332338490730864,0.12398911563664433,1.0,0.0,0.9437736742424241,0.6415660511363637,0.409609375,0.3038411458333333,0.037786458333333335,0.023763020833333332,0.8742566108703613,0.18462276458740234,0.6481482982635498,1.0,0.0,0.9876556396484375,0.0,0.5509260892868042,1.0,0.9203675985336304,0.07963240146636963
1,1640,0.2202744483947754,0.266255646944046,0.21935507655143738,0.009267152287065983,0.14907552083333334,0.48910048604011536,0.9427191840277777,0.11456163194444446,1.0,0.0,1.0,0.65,0.38319010416666666,0.2850520833333333,0.045598958333333335,0.025833333333333333,0.8685924410820007,0.19227340817451477,0.6481482982635498,1.0,0.0,0.9876556396484375,0.0,0.5509260892868042,1.0,0.9190969467163086,0.0809030532836914
1,1650,0.19601067900657654,0.23809368908405304,0.21441717445850372,0.006966045126318932,0.13716145833333335,0.5072373151779175,0.8869257046932449,0.17902036793065584,1.0,0.0,0.8265861742424241,0.6239879261363637,0.4103645833333333,0.26264322916666666,0.05203125,0.02118489583333333,0.8617656230926514,0.19904717803001404,0.6481483578681946,1.0,0.0,0.9876556396484375,0.0,0.550926148891449,1.0,0.9172490239143372,0.08275097608566284
1,1660,0.19958171248435974,0.25670114159584045,0.18642176687717438,0.007032939698547125,0.13837239583333333,0.4496226906776428,0.8850854544799905,0.18425086454293998,1.0,0.0,1.0,0.65,0.3711067708333333,0.2567447916666667,0.039114583333333335,0.0261328125,0.8574801683425903,0.20513510704040527,0.6481482982635498,1.0,0.0,0.987655520439148,0.0,0.5509260892868042,1.0,0.9147592782974243,0.08524072170257568
1,1670,0.1797691434621811,0.23375612497329712,0.18706054985523224,0.005442275200039148,0.12861979166666668,0.4293214976787567,0.8388153398858741,0.23993423339989048,1.0,0.0,1.0,0.65,0.3611197916666667,0.245390625,0.036640625,0.0256640625,0.852506697177887,0.2123405784368515,0.6477075219154358,0.9991183876991272,0.0,0.9876556396484375,0.0,0.5505514144897461,1.0,0.9118340015411377,0.0881659984588623
1,1680,0.16331996023654938,0.22274614870548248,0.18024995923042297,0.005545436404645443,0.12412760416666667,0.43106451630592346,0.838356082993875,0.2432430677784248,1.0,0.0,1.0,0.65,0.33403645833333334,0.1943359375,0.05516927083333333,0.028880208333333334,0.8119003772735596,0.2504968047142029,0.6185121536254883,0.9514994025230408,0.0,0.9517496824264526,0.0,0.5257353186607361,1.0,0.908800482749939,0.09119951725006104
1,1690,0.1547393798828125,0.21901215612888336,0.16731764376163483,0.00540901767089963,0.11509114583333334,0.44653844833374023,0.8087870045839552,0.25629540468124434,1.0,0.0,1.0,0.65,0.31708333333333333,0.18442708333333332,0.053971354166666666,0.0280859375,0.7697235345840454,0.28987616300582886,0.5893632173538208,0.9038803577423096,0.0,0.9161537885665894,0.0,0.5009587407112122,1.0,0.9048129320144653,0.09518706798553467
1,1700,0.14934292435646057,0.21432988345623016,0.1778971403837204,0.004687154665589333,0.10963541666666667,0.4562320411205292,0.8065294410248883,0.27989196480249323,1.0,0.0,0.9704071969696969,0.6455610795454545,0.32373697916666666,0.17639322916666667,0.0383984375,0.024348958333333334,0.7699300050735474,0.28818172216415405,0.5893632173538208,0.9038803577423096,0.0,0.9161537289619446,0.0,0.5009587407112122,1.0,0.8944437503814697,0.10555624961853027
1,1710,0.143698588013649,0.2150871306657791,0.16207903623580933,0.005066392477601767,0.1053515625,0.46849751472473145,0.7864432612306437,0.2753133433319245,1.0,0.0,1.0,0.65,0.2928645833333333,0.16796875,0.04234375,0.026627604166666666,0.7715593576431274,0.28488948941230774,0.5893632173538208,0.9038803577423096,0.0,0.9161537289619446,0.0,0.5009587407112122,1.0,0.8840495347976685,0.11595046520233154
1,1720,0.13969960808753967,0.20637428760528564,0.15095968544483185,0.00541415810585022,0.10700520833333334,0.47151413559913635,0.7781801540301894,0.2622628160479269,1.0,0.0,1.0,0.65,0.3076302083333333,0.17873697916666667,0.03166666666666667,0.026953125,0.7772847414016724,0.27693790197372437,0.5893632173538208,0.9038802981376648,0.0,0.9161537289619446,0.0,0.5009587407112122,1.0,0.8736387491226196,0.12636125087738037
1,1730,0.13650240004062653,0.20478306710720062,0.15089567005634308,0.004884486086666584,0.10481770833333333,0.4760091006755829,0.7615911423082411,0.28295128377371526,1.0,0.0,1.0,0.65,0.30192708333333335,0.175625,0.0329296875,0.027200520833333332,0.7817662954330444,0.27026110887527466,0.5893632173538208,0.9038802981376648,0.0,0.9161537289619446,0.0,0.5009587407112122,1.0,0.8631759285926819,0.13682407140731812
1,1740,0.14980067312717438,0.22102686762809753,0.19987347722053528,0.005096444860100746,0.10940104166666667,0.4913398325443268,0.8200925204674726,0.2693667302137306,1.0,0.0,1.0,0.65,0.3093359375,0.18559895833333334,0.04356770833333334,0.025950520833333334,0.7841747403144836,0.2658987045288086,0.5897648334503174,0.9038803577423096,0.0,0.9188312292098999,0.0,0.5013000965118408,1.0,0.8526672124862671,0.1473327875137329
1,1750,0.14512158930301666,0.20947174727916718,0.15607106685638428,0.004450603388249874,0.10432291666666667,0.5090382099151611,0.763713091078098,0.28617073426744966,1.0,0.0,1.0,0.65,0.3310677083333333,0.19083333333333333,0.03397135416666667,0.028059895833333334,0.7861672639846802,0.2619137167930603,0.5897648334503174,0.9038802981376648,0.0,0.9188312292098999,0.0,0.5013000965118408,1.0,0.8421012163162231,0.15789878368377686
1,1760,0.16130448877811432,0.2209385186433792,0.23530152440071106,0.005944866221398115,0.11486979166666667,0.4730873703956604,0.8491896802116297,0.2308309544627946,1.0,0.0,1.0,0.65,0.35268229166666665,0.21203125,0.051171875,0.028854166666666667,0.7907453775405884,0.25500163435935974,0.5910034775733948,0.9038802981376648,0.0,0.9270889759063721,0.0,0.5023529529571533,1.0,0.831499457359314,0.16850054264068604
1,1770,0.1296449601650238,0.20500504970550537,0.20866456627845764,0.004954732488840818,0.10013020833333333,0.4998796582221985,0.8100014187385477,0.2862653543375089,0.9814860026041669,0.0,1.0,0.6407430013020834,0.27231770833333335,0.1417578125,0.04278645833333333,0.03264322916666667,0.7951255440711975,0.248090460896492,0.5910035371780396,0.9038803577423096,0.0,0.9270889759063721,0.0,0.5023530125617981,0.9659127593040466,0.8239755034446716,0.17602449655532837
1,1780,0.01227445900440216,0.04011210799217224,0.008706808090209961,0.002387437503784895,0.0126171875,0.5990763306617737,0.042589786686911824,0.9516025151285092,0.0,0.0,0.24597537878787876,0.03689630681818181,0.0,0.0,0.0,0.008411458333333333,0.7972687482833862,0.24267514050006866,0.5910035371780396,0.9038803577423096,0.0,0.9270889759063721,0.5512351393699646,0.5512351393699646,0.6437042951583862,0.819873034954071,0.18012696504592896
1,1790,0.012152880430221558,0.04000500962138176,0.008799409493803978,0.002411747118458152,0.012864583333333334,0.5958020091056824,0.04324199586107238,0.9508613683396905,0.0,0.0,0.2524857954545454,0.03787286931818181,0.0,0.0,0.0,0.0085546875,0.7904425859451294,0.2476809173822403,0.5896868705749512,0.9012470245361328,0.0,0.9270889759063721,0.5431913733482361,0.5431913733482361,0.6437042951583862,0.817279040813446,0.18272095918655396
1,1800,0.2594600319862366,0.22235360741615295,0.20269986987113953,0.0063654216937720776,0.17305989583333334,0.475159615278244,0.9125431883119067,0.11386851628066157,1.0,0.0,1.0,0.65,0.6566276041666667,0.3107552083333333,0.061015625,0.0319921875,0.7540263533592224,0.28071197867393494,0.5605802536010742,0.8536280393600464,0.0,0.8917748928070068,0.0,0.476493239402771,1.0,0.814775288105011,0.185224711894989
1,1810,0.2617824673652649,0.21870671212673187,0.20234543085098267,0.007399354130029678,0.1768359375,0.4651963710784912,0.940988134179658,0.08093559562917646,1.0,0.0,1.0,0.65,0.6547265625,0.31265625,0.08032552083333333,0.030182291666666666,0.7177386283874512,0.3125954866409302,0.5317357182502747,0.8060089945793152,0.0,0.8582082390785217,0.0,0.45197537541389465,1.0,0.812654972076416,0.18734502792358398
1,1820,0.2554420530796051,0.21231848001480103,0.18876563012599945,0.011146396398544312,0.21088541666666666,0.46915608644485474,0.9836653645833333,0.03266927083333334,1.0,0.0,1.0,0.65,0.6335286458333333,0.25157552083333334,0.08709635416666667,0.035169270833333335,0.6824057102203369,0.3446989953517914,0.5026628971099854,0.758389949798584,0.0,0.8231196403503418,0.0,0.427263468503952,1.0,0.8109291791915894,0.18907082080841064
1,1830,0.2616417407989502,0.2153843194246292,0.1909000426530838,0.009972135536372662,0.19662760416666666,0.4606010317802429,0.9844010416666666,0.031197916666666672,1.0,0.0,1.0,0.65,0.6147135416666667,0.2949348958333333,0.0903515625,0.033854166666666664,0.647489607334137,0.3773973882198334,0.47353512048721313,0.710770845413208,0.0,0.7876646518707275,0.0,0.4025048613548279,1.0,0.809622585773468,0.19037741422653198
1,1840,0.2674633860588074,0.23259039223194122,0.20078523457050323,0.010112022049725056,0.19498697916666666,0.4864039719104767,0.9838107638888888,0.032378472222222225,1.0,0.0,1.0,0.65,0.6249739583333334,0.35184895833333335,0.067421875,0.0337890625,0.6133886575698853,0.40908199548721313,0.44444963335990906,0.6631518602371216,0.0,0.7524914741516113,0.0,0.40908199548721313,1.0,0.8087378740310669,0.1912621259689331
1,1850,0.2784510850906372,0.24413153529167175,0.22274625301361084,0.009600262157619,0.19690104166666667,0.46090826392173767,0.9845616319444443,0.030876736111111122,1.0,0.0,1.0,0.65,0.6021614583333333,0.32416666666666666,0.093671875,0.038125,0.5764851570129395,0.4414325952529907,0.4152964949607849,0.6155327558517456,0.0,0.7168673276901245,0.0,0.4414325952529907,1.0,0.8082555532455444,0.19174444675445557
1,1860,0.27359145879745483,0.2317756563425064,0.20654591917991638,0.009422775357961655,0.203359375,0.4645645022392273,0.9830664062499999,0.0338671875,1.0,0.0,1.0,0.65,0.6105989583333333,0.34053385416666665,0.10346354166666667,0.03606770833333333,0.5423004627227783,0.47294434905052185,0.3861517906188965,0.5679137706756592,0.0,0.68129962682724,0.0,0.47294434905052185,1.0,0.8081879615783691,0.19181203842163086
1,1870,0.2828066051006317,0.22944125533103943,0.23151296377182007,0.008708818815648556,0.2040625,0.38828718662261963,0.9770684642443651,0.039116190410443744,1.0,0.0,1.0,0.65,0.6462369791666667,0.36040364583333334,0.12177083333333333,0.03313802083333333,0.5180677771568298,0.4910116493701935,0.3639117479324341,0.5234336256980896,0.0,0.68129962682724,0.0,0.4910116493701935,1.0,0.8085364103317261,0.19146358966827393
1,1880,0.20572738349437714,0.19214734435081482,0.1640748381614685,0.007253761403262615,0.1828125,0.5010233521461487,0.8838231040616878,0.12621263461969898,1.0,0.0,1.0,0.65,0.578359375,0.21907552083333334,0.0696875,0.054635416666666665,0.5127424597740173,0.4922563433647156,0.3643525540828705,0.5243152379989624,0.0,0.6812995672225952,0.0,0.4922563433647156,1.0,0.8091833591461182,0.19081664085388184
1,1890,0.1168242022395134,0.16692200303077698,0.14228372275829315,0.005359649192541838,0.11739583333333334,0.5748074054718018,0.6950069316063128,0.3483644572507116,0.9447021484375,0.0,1.0,0.62235107421875,0.2989192708333333,0.10338541666666666,0.03783854166666667,0.040052083333333335,0.5548258423805237,0.45111486315727234,0.39354798197746277,0.5719343423843384,0.0,0.7172055244445801,0.05335986614227295,0.45111486315727234,0.9087318778038025,0.8102729320526123,0.1897270679473877
1,1900,0.012467014603316784,0.03981711342930794,0.008988027460873127,0.002441707067191601,0.012604166666666666,0.61665940284729,0.0440457993636771,0.9499479552685486,0.0,0.0,0.258404356060606,0.0387606534090909,0.0,0.0,0.0,0.008684895833333333,0.5960505604743958,0.4093893766403198,0.42269688844680786,0.6195533275604248,0.0,0.7528014183044434,0.5944302678108215,0.5944302678108215,0.6437042951583862,0.8117401599884033,0.18825984001159668
1,1910,0.012502451427280903,0.03982362151145935,0.008874377235770226,0.0024581924080848694,0.012708333333333334,0.6077092289924622,0.04448808899739894,0.9494453534120466,0.0,0.0,0.26550662878787873,0.03982599431818181,0.0,0.0,0.0,0.008841145833333333,0.5967916250228882,0.4080684781074524,0.42269688844680786,0.6195533275604248,0.0,0.7528014183044434,0.5724430084228516,0.5724430084228516,0.6437042951583862,0.8132184743881226,0.18678152561187744
1,1920,0.012544780969619751,0.03983236104249954,0.009000391699373722,0.0024568389635533094,0.012643229166666667,0.6228676438331604,0.04445177707094246,0.9494866169648379,0.0,0.0,0.26313920454545453,0.03947088068181818,0.0,0.0,0.0,0.0087890625,0.5958399772644043,0.4066324830055237,0.42269688844680786,0.6195533275604248,0.0,0.7528014183044434,0.6096816062927246,0.6096816062927246,0.6437042951583862,0.8146483302116394,0.1853516697883606
1,1930,0.012770884670317173,0.039788540452718735,0.00889261718839407,0.0024751145392656326,0.012630208333333334,0.6477497220039368,0.044942097394931615,0.9489294347784867,0.0,0.0,0.2554450757575757,0.038316761363636355,0.0,0.0,0.0,0.008619791666666666,0.5925744771957397,0.40796416997909546,0.42269688844680786,0.6195533275604248,0.0,0.7528014779090881,0.6149733662605286,0.6149733662605286,0.6437042951583862,0.8160194158554077,0.18398058414459229
1,1940,0.012788909487426281,0.03986604884266853,0.00900242943316698,0.0024948371574282646,0.012682291666666666,0.6431273818016052,0.04547124080905101,0.9483281354442601,0.0,0.0,0.26136363636363635,0.03920454545454545,0.0,0.0,0.0,0.00875,0.5927231311798096,0.4071536958217621,0.42269688844680786,0.6195533275604248,0.0,0.7528014779090881,0.6147457361221313,0.6147457361221313,0.6437042951583862,0.8173592686653137,0.18264073133468628
1,1950,0.01321165356785059,0.03979259729385376,0.008921285159885883,0.002481685485690832,0.0126171875,0.6948598623275757,0.045118391079510135,0.948729101046011,0.0,0.0,0.25189393939393934,0.0377840909090909,0.0,0.0,0.0,0.008541666666666666,0.5910133123397827,0.40680205821990967,0.42269688844680786,0.6195533275604248,0.0,0.7528014183044434,0.6150302886962891,0.6150302886962891,0.6437042951583862,0.8186332583427429,0.18136674165725708
1,1960,0.013330372050404549,0.03985093533992767,0.00899427104741335,0.0025083227083086967,0.01265625,0.6983115673065186,0.04583304827169675,0.9479169906003446,0.0,0.0,0.2530776515151515,0.03796164772727272,0.0,0.0,0.0,0.008567708333333333,0.5882852077484131,0.4075406789779663,0.42269688844680786,0.6195533275604248,0.0,0.7528014183044434,0.6148595213890076,0.6148595213890076,0.6437042951583862,0.8198584914207458,0.18014150857925415
1,1970,0.05261586606502533,0.09312339127063751,0.049963898956775665,0.004399834666401148,0.07908854166666666,0.5871089696884155,0.3403036741539137,0.6102449521004194,0.06591796874999999,0.0,1.0,0.182958984375,0.09919270833333334,0.021901041666666666,0.0076302083333333335,0.050234375,0.587482213973999,0.4075120687484741,0.42269688844680786,0.6195533275604248,0.0,0.7528014183044434,0.45238351821899414,0.45238351821899414,0.6934842467308044,0.8210229277610779,0.17897707223892212
1,1980,0.14936622977256775,0.15786750614643097,0.13585345447063446,0.005606196820735931,0.15110677083333332,0.4772379994392395,0.6981710023978913,0.31240327431338266,1.0,0.0,1.0,0.65,0.38622395833333334,0.1137890625,0.029205729166666666,0.06786458333333334,0.5841801762580872,0.40914636850357056,0.42269688844680786,0.6195533275604248,0.0,0.7528014183044434,0.12058064341545105,0.40914636850357056,0.9023411870002747,0.8225281238555908,0.17747187614440918
1,1990,0.2568276822566986,0.20978133380413055,0.17614975571632385,0.006986397784203291,0.18739583333333334,0.3961872160434723,0.9263400681768982,0.08763163090166119,1.0,0.0,1.0,0.65,0.5866536458333333,0.28315104166666666,0.0744140625,0.0541015625,0.5845401287078857,0.4081081748008728,0.42269688844680786,0.6195533275604248,0.0,0.7528014183044434,0.0,0.4081081748008728,1.0,0.8315640091896057,0.1684359908103943
1,2000,0.28336381912231445,0.213106170296669,0.16125836968421936,0.0071002040058374405,0.193828125,0.37699365615844727,0.9089603938381324,0.07462633874479348,1.0,0.0,1.0,0.65,0.6097005208333334,0.290546875,0.12708333333333333,0.052760416666666664,0.5904014110565186,0.3980802297592163,0.42401349544525146,0.6221866011619568,0.0,0.7528014183044434,0.0,0.3980802297592163,1.0,0.8406614065170288,0.1593385934829712
1,2010,0.2890349328517914,0.20960326492786407,0.20230033993721008,0.006511623039841652,0.1955859375,0.3779419958591461,0.9281062884503586,0.08612990816878432,1.0,0.0,1.0,0.65,0.5994791666666667,0.28627604166666665,0.12079427083333333,0.048216145833333335,0.6275695562362671,0.3594094216823578,0.4531201124191284,0.669805645942688,0.0,0.7881155014038086,0.0,0.38515210151672363,1.0,0.8421163558959961,0.1578836441040039
1,2020,0.3187457323074341,0.2348189502954483,0.15972602367401123,0.007334423251450062,0.1917578125,0.35675081610679626,0.9210039884609643,0.05077977891920543,1.0,0.0,1.0,0.65,0.6089322916666666,0.29213541666666665,0.10606770833333333,0.04763020833333333,0.6684430241584778,0.31921109557151794,0.4821760356426239,0.7174246907234192,0.0,0.8230913877487183,0.0,0.4098496437072754,1.0,0.8438848257064819,0.15611517429351807
1,2030,0.3086267113685608,0.21060578525066376,0.16135504841804504,0.007011197507381439,0.18897135416666666,0.35858455300331116,0.9150888893595331,0.060634222335931715,1.0,0.0,1.0,0.65,0.627890625,0.3247786458333333,0.11350260416666667,0.04157552083333333,0.7098953723907471,0.2785066068172455,0.5112488269805908,0.7650437355041504,0.0,0.858180046081543,0.0,0.43456152081489563,1.0,0.845964789390564,0.15403521060943604
1,2040,0.31800445914268494,0.21109676361083984,0.18898454308509827,0.008534949272871017,0.2058984375,0.3581480383872986,0.9875230292721492,0.014178375827103101,1.0,0.0,1.0,0.65,0.6573046875,0.34369791666666666,0.12553385416666665,0.043893229166666665,0.7502331137657166,0.23729246854782104,0.5403766632080078,0.8126627802848816,0.0,0.8936350345611572,0.0,0.45932018756866455,1.0,0.8483415842056274,0.15165841579437256
1,2050,0.305544376373291,0.19805337488651276,0.16198283433914185,0.008339840918779373,0.19921875,0.3740081191062927,0.9479045766256541,0.024993364040444572,1.0,0.0,1.0,0.65,0.7046223958333333,0.34713541666666664,0.0823828125,0.044140625,0.7910874485969543,0.19628140330314636,0.5694621205329895,0.8602818250656128,0.0,0.9288082122802734,0.0,0.48404282331466675,1.0,0.851008415222168,0.14899158477783203
1,2060,0.3007727861404419,0.19961582124233246,0.16110099852085114,0.0075099836103618145,0.1813671875,0.37973448634147644,0.9272726674264692,0.046387775846552556,1.0,0.0,1.0,0.65,0.69296875,0.3416796875,0.09678385416666667,0.0378515625,0.8331418633460999,0.15517465770244598,0.598615288734436,0.9079009294509888,0.0,0.9644323587417603,0.0,0.508823037147522,1.0,0.8539634943008423,0.14603650569915771
1,2070,0.292823851108551,0.20790107548236847,0.17709577083587646,0.007942735217511654,0.181328125,0.3680698573589325,0.966203017083989,0.033266668504048476,1.0,0.0,1.0,0.65,0.6309505208333334,0.3243489583333333,0.10912760416666667,0.0369140625,0.8770657777786255,0.11123975366353989,0.6277599930763245,0.9555199146270752,0.0,1.0,0.0,0.5335960388183594,1.0,0.8572094440460205,0.1427905559539795
1,2080,0.29107239842414856,0.20856966078281403,0.16366077959537506,0.006591269746422768,0.181015625,0.35980474948883057,0.9077245414050167,0.07343689797491562,1.0,0.0,1.0,0.65,0.6218489583333333,0.3047265625,0.1250390625,0.04408854166666667,0.907217264175415,0.08386282622814178,0.6500000357627869,1.0,0.0,1.0,0.0,0.5525000691413879,1.0,0.8606070280075073,0.13939297199249268
1,2090,0.2828550338745117,0.19992513954639435,0.16890719532966614,0.005755883175879717,0.18359375,0.36181706190109253,0.8913821396338976,0.10440999214716641,1.0,0.0,1.0,0.65,0.6177083333333333,0.2982682291666667,0.13705729166666666,0.045911458333333335,0.9192545413970947,0.07214884459972382,0.6500000357627869,1.0,0.0,1.0,0.0,0.5525000691413879,1.0,0.8640020489692688,0.1359979510307312
1,2100,0.2643253207206726,0.18984001874923706,0.14108964800834656,0.005586360581219196,0.19143229166666667,0.3537088632583618,0.8180948259972063,0.13777727703960124,1.0,0.0,1.0,0.65,0.6069140625,0.28358072916666666,0.10884114583333333,0.05084635416666667,0.9221112728118896,0.06927778571844101,0.6500000357627869,1.0,0.0,1.0,0.0,0.5525000691413879,1.0,0.8682916760444641,0.1317083239555359
1,2110,0.2537487745285034,0.1964043378829956,0.14294469356536865,0.005453614518046379,0.18036458333333333,0.3727022707462311,0.8245773340534587,0.13786153194421355,1.0,0.0,1.0,0.65,0.5825390625,0.24208333333333334,0.11305989583333333,0.050130208333333336,0.9241819381713867,0.06772740930318832,0.6500000357627869,1.0,0.0,1.0,0.0,0.5525000691413879,1.0,0.8788626194000244,0.12113738059997559
1,2120,0.26903238892555237,0.2103728950023651,0.17346352338790894,0.006111263297498226,0.19493489583333334,0.3596554696559906,0.9028309776359844,0.10528044231882103,1.0,0.0,1.0,0.65,0.5601171875,0.24403645833333334,0.12032552083333334,0.051471354166666664,0.9197822213172913,0.06919042766094208,0.6500000357627869,1.0,0.0,1.0,0.0,0.5525000691413879,1.0,0.8893619179725647,0.1106380820274353
1,2130,0.27921128273010254,0.21300850808620453,0.17553657293319702,0.006397622637450695,0.18528645833333332,0.36873358488082886,0.914950846332155,0.0946923357484544,1.0,0.0,1.0,0.65,0.566953125,0.276640625,0.139609375,0.044583333333333336,0.919663667678833,0.07077084481716156,0.6500000357627869,1.0,0.0,1.0,0.0,0.5525000691413879,1.0,0.8998377323150635,0.10016226768493652
1,2140,0.28825265169143677,0.2084883749485016,0.15761242806911469,0.0065518394112586975,0.19342447916666666,0.3634800612926483,0.8920342811614692,0.08343244511745161,1.0,0.0,1.0,0.65,0.5898307291666667,0.3167317708333333,0.13513020833333333,0.0429296875,0.9216606616973877,0.07065064460039139,0.6500000357627869,1.0,0.0,1.0,0.0,0.5525000691413879,1.0,0.9103294610977173,0.08967053890228271
1,2150,0.30993711948394775,0.2266301065683365,0.1664680540561676,0.006398502271622419,0.20481770833333332,0.34865885972976685,0.9034124442421356,0.08709607318901837,1.0,0.0,1.0,0.65,0.5794140625,0.37615885416666667,0.16180989583333333,0.04010416666666667,0.9164267778396606,0.07418995350599289,0.6500000357627869,1.0,0.0,1.0,0.0,0.5525000691413879,1.0,0.9207433462142944,0.07925665378570557
1,2160,0.2984587550163269,0.22293853759765625,0.18854184448719025,0.006497247144579887,0.20463541666666665,0.3880738914012909,0.9282609582827667,0.0854874684918056,1.0,0.0,1.0,0.65,0.6277864583333334,0.38744791666666667,0.12028645833333333,0.039453125,0.9134283065795898,0.07770787179470062,0.6500000357627869,1.0,0.0,1.0,0.0,0.5525000691413879,1.0,0.9311050176620483,0.06889498233795166
1,2170,0.31808724999427795,0.2316548228263855,0.1722777783870697,0.008477471768856049,0.210703125,0.37989941239356995,0.9682359255533157,0.025284037365499862,1.0,0.0,1.0,0.65,0.6362760416666666,0.39145833333333335,0.12944010416666665,0.03243489583333333,0.9120144844055176,0.08077111095190048,0.6500000357627869,1.0,0.0,1.0,0.0,0.5525000691413879,1.0,0.9414322376251221,0.05856776237487793
1,2180,0.31506529450416565,0.22657664120197296,0.19215118885040283,0.008235958404839039,0.20259114583333335,0.37249261140823364,0.9734835279177682,0.03532954134975829,1.0,0.0,1.0,0.65,0.628828125,0.38352864583333335,0.11841145833333333,0.030143229166666667,0.9082344770431519,0.08414383977651596,0.6500000357627869,1.0,0.0,1.0,0.0,0.5525000691413879,1.0,0.9486276507377625,0.05137234926223755
1,2190,0.2729904055595398,0.20838318765163422,0.19562466442584991,0.0076326546259224415,0.20013020833333334,0.3898516297340393,0.9509540129990032,0.06640958118800144,1.0,0.0,1.0,0.65,0.6207682291666666,0.30954427083333336,0.1057421875,0.032513020833333336,0.9070137739181519,0.08648325502872467,0.6500000357627869,1.0,0.0,1.0,0.0,0.5525000691413879,1.0,0.9523489475250244,0.047651052474975586
1,2200,0.3071858286857605,0.2559814453125,0.25470343232154846,0.009867507964372635,0.20565104166666667,0.3821944296360016,0.9863302951388888,0.027339409722222232,1.0,0.0,1.0,0.65,0.6120442708333333,0.311796875,0.112421875,0.03717447916666667,0.9091010093688965,0.08556470274925232,0.6500000357627869,1.0,0.0,1.0,0.0,0.5525000691413879,1.0,0.9545347690582275,0.04546523094177246
1,2210,0.2754877805709839,0.21924901008605957,0.1686559021472931,0.00836783554404974,0.191875,0.35423544049263,0.9524442167033411,0.04206844547273827,1.0,0.0,1.0,0.65,0.5354296875,0.2364453125,0.14641927083333334,0.038971354166666666,0.9139325618743896,0.08396120369434357,0.6500000357627869,1.0,0.0,1.0,0.0,0.5525000691413879,1.0,0.9565802812576294,0.043419718742370605
1,2220,0.25285181403160095,0.19325807690620422,0.13836832344532013,0.006380319595336914,0.20052083333333334,0.3556136190891266,0.8357133347508011,0.11685332108803884,1.0,0.0,1.0,0.65,0.5853515625,0.279765625,0.10290364583333333,0.047552083333333335,0.9157944917678833,0.0826692208647728,0.6500000357627869,1.0,0.0,1.0,0.0,0.5525000691413879,1.0,0.9581472873687744,0.041852712631225586
1,2230,0.27182286977767944,0.21569769084453583,0.1709538996219635,0.006911797448992729,0.1930078125,0.347810298204422,0.9185143585322002,0.08396853136539781,1.0,0.0,1.0,0.65,0.5555729166666666,0.2879947916666667,0.12364583333333333,0.04243489583333333,0.917694628238678,0.0801098495721817,0.6500000357627869,1.0,0.0,1.0,0.0,0.5525000691413879,1.0,0.9593207240104675,0.04067927598953247
1,2240,0.27707287669181824,0.22359609603881836,0.1840963214635849,0.00779853668063879,0.1995703125,0.35798266530036926,0.9570256008999296,0.05811001397103959,1.0,0.0,1.0,0.65,0.5677083333333334,0.2903125,0.131796875,0.043203125,0.9177480936050415,0.07855713367462158,0.6500000357627869,1.0,0.0,1.0,0.0,0.5525000691413879,1.0,0.9601531028747559,0.03984689712524414
1,2250,0.2689457833766937,0.21646477282047272,0.14846372604370117,0.006862267851829529,0.19404947916666668,0.36430782079696655,0.877612635128096,0.08850375367050893,1.0,0.0,1.0,0.65,0.5554557291666666,0.27727864583333334,0.11106770833333333,0.04139322916666666,0.9182884693145752,0.07794707268476486,0.6500000357627869,1.0,0.0,1.0,0.0,0.5525000691413879,1.0,0.960468053817749,0.03953194618225098
1,2260,0.2723492383956909,0.2230168879032135,0.15697138011455536,0.006699079647660255,0.18205729166666668,0.34229710698127747,0.8849366709438369,0.09886962879762093,1.0,0.0,1.0,0.65,0.4741796875,0.26212239583333335,0.15615885416666667,0.04046875,0.9165798425674438,0.0800827220082283,0.6500000357627869,1.0,0.0,1.0,0.0,0.5525000691413879,1.0,0.9603012800216675,0.03969871997833252
1,2270,0.2583433985710144,0.21269533038139343,0.17058993875980377,0.0063125151209533215,0.1821484375,0.36842578649520874,0.8975818371534353,0.11071589654952611,1.0,0.0,1.0,0.65,0.5579427083333334,0.3002734375,0.0978125,0.044205729166666666,0.9173019528388977,0.07960666716098785,0.6500000357627869,1.0,0.0,1.0,0.0,0.5525000691413879,1.0,0.9598562121391296,0.04014378786087036
1,2280,0.26183798909187317,0.21738307178020477,0.1601346731185913,0.00662523927167058,0.18263020833333332,0.35599538683891296,0.8868223076304416,0.10409395005069372,1.0,0.0,1.0,0.65,0.5237239583333333,0.2653125,0.1099609375,0.04236979166666666,0.9131622314453125,0.08574319630861282,0.6500000357627869,1.0,0.0,1.0,0.0,0.5525000691413879,1.0,0.9589707851409912,0.04102921485900879
1,2290,0.25799378752708435,0.20330074429512024,0.16833694279193878,0.00581582635641098,0.1789453125,0.3654141128063202,0.8820904140410781,0.12256457585467878,1.0,0.0,1.0,0.65,0.526640625,0.2909244791666667,0.11971354166666667,0.04220052083333333,0.9085378646850586,0.08977819979190826,0.6500000357627869,1.0,0.0,1.0,0.0,0.5525000691413879,1.0,0.9576715230941772,0.042328476905822754
1,2300,0.2641267478466034,0.21596862375736237,0.18100161850452423,0.007081577088683844,0.17651041666666667,0.3721221387386322,0.9352141447912468,0.0851204478382297,1.0,0.0,1.0,0.65,0.5468489583333334,0.3147265625,0.1185546875,0.0401171875,0.9034570455551147,0.09293707460165024,0.6500000357627869,1.0,0.0,1.0,0.0,0.5525000691413879,1.0,0.9564296007156372,0.04357039928436279
1,2310,0.2580490708351135,0.20850491523742676,0.19569462537765503,0.00654946081340313,0.17658854166666665,0.36286377906799316,0.919557646145504,0.10410392167808888,1.0,0.0,1.0,0.65,0.5305989583333334,0.3050130208333333,0.10817708333333333,0.03783854166666667,0.8958459496498108,0.09906761348247528,0.6500000357627869,1.0,0.0,1.0,0.0,0.5525000691413879,1.0,0.9550497531890869,0.044950246810913086
1,2320,0.2394261211156845,0.19514882564544678,0.14925581216812134,0.006817053072154522,0.18174479166666666,0.36212974786758423,0.8636778513778428,0.11072980699278315,1.0,0.0,1.0,0.65,0.5419661458333334,0.27522135416666665,0.08329427083333334,0.04552083333333334,0.8881442546844482,0.10480030626058578,0.6500000357627869,1.0,0.0,1.0,0.0,0.5525000691413879,1.0,0.9534697532653809,0.04653024673461914
1,2330,0.2464701384305954,0.20547764003276825,0.1652454286813736,0.008436345495283604,0.18924479166666666,0.3846677541732788,0.9427338083627039,0.05153354689176003,1.0,0.0,1.0,0.65,0.5381770833333334,0.289921875,0.08744791666666667,0.04182291666666667,0.8849518299102783,0.10816194862127304,0.6500000357627869,1.0,0.0,1.0,0.0,0.5525000691413879,1.0,0.952176034450531,0.047823965549468994
1,2340,0.2427622526884079,0.20246285200119019,0.15530017018318176,0.00804327055811882,0.18747395833333333,0.38431817293167114,0.9160736037892352,0.06208524721182456,1.0,0.0,1.0,0.65,0.55234375,0.2755078125,0.10127604166666666,0.043268229166666665,0.8837443590164185,0.10825653374195099,0.6500000357627869,1.0,0.0,1.0,0.0,0.5525000691413879,1.0,0.9509002566337585,0.049099743366241455
1,2350,0.2430596947669983,0.198196142911911,0.15301436185836792,0.00776685168966651,0.19837239583333333,0.3410089910030365,0.9033820034523004,0.0706212527913655,1.0,0.0,1.0,0.65,0.5662630208333334,0.2531640625,0.09048177083333334,0.05029947916666667,0.874445915222168,0.11510876566171646,0.6500000357627869,1.0,0.0,1.0,0.0,0.5525000691413879,1.0,0.9495584964752197,0.05044150352478027
1,2360,0.23033493757247925,0.18535660207271576,0.16233640909194946,0.006788353901356459,0.1650390625,0.3852415382862091,0.8675301337734327,0.13194471564406385,1.0,0.0,1.0,0.65,0.596171875,0.22819010416666666,0.06989583333333334,0.0366015625,0.8668192625045776,0.12217164039611816,0.6500000357627869,1.0,0.0,1.0,0.0,0.5525000691413879,1.0,0.9481552839279175,0.05184471607208252
1,2370,0.2485208660364151,0.20010428130626678,0.18259486556053162,0.007374810520559549,0.1909765625,0.3818569481372833,0.9434264352907575,0.0754903000168159,1.0,0.0,1.0,0.65,0.6019010416666667,0.27346354166666664,0.10048177083333333,0.0428515625,0.8601614236831665,0.12672388553619385,0.6500000357627869,1.0,0.0,1.0,0.0,0.5525000691413879,1.0,0.9468954205513,0.05310457944869995
1,2380,0.218462273478508,0.19499188661575317,0.1777956187725067,0.0060534426011145115,0.16048177083333334,0.4012239873409271,0.8813008654289521,0.15415122549980884,1.0,0.0,1.0,0.65,0.5839192708333333,0.22498697916666666,0.0571484375,0.040299479166666666,0.8516629934310913,0.13308781385421753,0.6500000357627869,1.0,0.0,1.0,0.0,0.5525000691413879,1.0,0.9456450343132019,0.054354965686798096
1,2390,0.2340567708015442,0.2015632838010788,0.16057704389095306,0.00634797103703022,0.17083333333333334,0.40802890062332153,0.8763733506796012,0.12006461099840114,1.0,0.0,1.0,0.65,0.6073046875,0.27772135416666666,0.05587239583333333,0.03868489583333334,0.842544436454773,0.1405760645866394,0.6500000357627869,1.0,0.0,1.0,0.0,0.5525000691413879,1.0,0.9442766308784485,0.055723369121551514
1,2400,0.22587096691131592,0.18359050154685974,0.14684103429317474,0.007191759068518877,0.17725260416666666,0.3993290662765503,0.844255608298352,0.13274592476879277,1.0,0.0,1.0,0.65,0.6120182291666667,0.2864453125,0.06397135416666666,0.037721354166666665,0.8372379541397095,0.14363500475883484,0.6500000357627869,1.0,0.0,1.0,0.0,0.5525000691413879,1.0,0.9429299235343933,0.05707007646560669
1,2410,0.22220949828624725,0.1858213245868683,0.14861634373664856,0.006262384355068207,0.16766927083333333,0.40129852294921875,0.8264985522019608,0.1560807190354924,1.0,0.0,1.0,0.65,0.6173697916666666,0.28192708333333333,0.05190104166666667,0.041640625,0.8268406987190247,0.15051719546318054,0.6500000357627869,1.0,0.0,1.0,0.0,0.5525000691413879,1.0,0.9414114952087402,0.058588504791259766
1,2420,0.2097795158624649,0.17540305852890015,0.1282992660999298,0.007090396247804165,0.1747265625,0.3913545310497284,0.7907077682026046,0.16245503582464166,1.0,0.0,1.0,0.65,0.5649739583333333,0.22424479166666667,0.059921875,0.05100260416666667,0.8147446513175964,0.1593480110168457,0.6500000357627869,1.0,0.0,1.0,0.0,0.5525000691413879,1.0,0.9402625560760498,0.059737443923950195
1,2430,0.2063983976840973,0.17388571798801422,0.12711352109909058,0.006538557354360819,0.17471354166666667,0.38036203384399414,0.7686735080082684,0.18744774368427555,1.0,0.0,1.0,0.65,0.5542057291666667,0.24919270833333335,0.0473828125,0.04833333333333333,0.8117995262145996,0.162535160779953,0.6500000357627869,1.0,0.0,1.0,0.0,0.5525000691413879,1.0,0.9390715956687927,0.060928404331207275
1,2440,0.2149101197719574,0.1886380910873413,0.1492638736963272,0.008712638169527054,0.17545572916666666,0.3947754502296448,0.8931569603024011,0.08595486619850488,1.0,0.0,1.0,0.65,0.5462239583333334,0.2682161458333333,0.063359375,0.0401953125,0.8030781745910645,0.17020878195762634,0.6500000357627869,1.0,0.0,1.0,0.0,0.5525000691413879,1.0,0.9379885196685791,0.0620114803314209
1,2450,0.19755281507968903,0.17117899656295776,0.12957876920700073,0.006385046988725662,0.16111979166666668,0.39571863412857056,0.7617574631259518,0.20200672048782595,1.0,0.0,1.0,0.65,0.5414192708333333,0.20817708333333335,0.05514322916666667,0.04259114583333334,0.797079861164093,0.17626863718032837,0.6500000357627869,1.0,0.0,1.0,0.0,0.5525000691413879,1.0,0.9367631673812866,0.06323683261871338
1,2460,0.18581801652908325,0.16548289358615875,0.11856430023908615,0.006041243672370911,0.15645833333333334,0.3930891752243042,0.7174536521413164,0.2368242724663843,1.0,0.0,1.0,0.65,0.51921875,0.17662760416666667,0.03858072916666667,0.04802083333333333,0.7905282974243164,0.18260419368743896,0.6500000357627869,1.0,0.0,1.0,0.0,0.5525000691413879,1.0,0.9354739785194397,0.0645260214805603
1,2470,0.2029331773519516,0.1728924959897995,0.11618916690349579,0.006468642503023148,0.156328125,0.37740394473075867,0.7451216741245141,0.19446686291436194,1.0,0.0,1.0,0.65,0.551640625,0.22231770833333334,0.05423177083333333,0.04145833333333333,0.7883214950561523,0.18611866235733032,0.6500000357627869,1.0,0.0,1.0,0.0,0.5525000691413879,1.0,0.9343591928482056,0.06564080715179443
1,2480,0.19166851043701172,0.17092448472976685,0.12300391495227814,0.0055090682581067085,0.151171875,0.38743194937705994,0.7191155543682636,0.24435834924279032,1.0,0.0,1.0,0.65,0.4944661458333333,0.18858072916666666,0.04184895833333333,0.04764322916666667,0.7841475009918213,0.19154146313667297,0.6500000357627869,1.0,0.0,1.0,0.0,0.5525000691413879,1.0,0.9330493807792664,0.06695061922073364
1,2490,0.18532802164554596,0.1624879240989685,0.11769966036081314,0.00551038421690464,0.14760416666666668,0.3734963834285736,0.6953325584712242,0.26134713012472727,1.0,0.0,1.0,0.65,0.5138541666666666,0.16942708333333334,0.03559895833333333,0.044231770833333336,0.7775346040725708,0.1950780302286148,0.6500000357627869,1.0,0.0,1.0,0.0,0.5525000691413879,1.0,0.9318313598632812,0.06816864013671875
1,2500,0.2012220174074173,0.1786755919456482,0.1258186548948288,0.0065607246942818165,0.15986979166666668,0.36341971158981323,0.7706540732289637,0.18680243358934723,1.0,0.0,1.0,0.65,0.512734375,0.15921875,0.0534765625,0.04680989583333333,0.7697868347167969,0.20029833912849426,0.6500000357627869,1.0,0.0,1.0,0.0,0.5525000691413879,1.0,0.930607795715332,0.06939220428466797
1,2510,0.19227087497711182,0.1716536432504654,0.11445489525794983,0.00588200893253088,0.14859375,0.3624511957168579,0.7168715736417502,0.22964621320588968,1.0,0.0,1.0,0.65,0.4995703125,0.19552083333333334,0.043958333333333335,0.0426171875,0.7670966386795044,0.20111064612865448,0.6500000357627869,1.0,0.0,1.0,0.0,0.5525000691413879,1.0,0.929446816444397,0.07055318355560303
1,2520,0.18164533376693726,0.15968044102191925,0.11348339915275574,0.004953744355589151,0.14807291666666667,0.4050889015197754,0.6655409359992054,0.2895509750187034,1.0,0.0,1.0,0.65,0.5266145833333333,0.1741015625,0.03272135416666667,0.044661458333333334,0.7642009258270264,0.2026856541633606,0.6500000357627869,1.0,0.0,1.0,0.0,0.5525000691413879,1.0,0.92826908826828,0.07173091173171997
1,2530,0.1971251517534256,0.18063344061374664,0.1385597437620163,0.0068693202920258045,0.16014322916666668,0.36492860317230225,0.8018307122104034,0.17765999982663533,1.0,0.0,1.0,0.65,0.5186588541666667,0.20036458333333335,0.0485546875,0.043580729166666665,0.7617086172103882,0.20442691445350647,0.6500000357627869,1.0,0.0,1.0,0.0,0.5525000691413879,1.0,0.9273449778556824,0.07265502214431763
1,2540,0.20313240587711334,0.18044856190681458,0.13242806494235992,0.0056418743915855885,0.15782552083333334,0.37444090843200684,0.7595850838522769,0.2126797443716143,1.0,0.0,1.0,0.65,0.525234375,0.2044921875,0.05391927083333333,0.041015625,0.7632244229316711,0.20274582505226135,0.6500000357627869,1.0,0.0,1.0,0.0,0.5525000691413879,1.0,0.9264850616455078,0.07351493835449219
1,2550,0.20094624161720276,0.18138496577739716,0.13832758367061615,0.006346931681036949,0.15552083333333333,0.375559538602829,0.7901082977263635,0.18934221757096326,1.0,0.0,1.0,0.65,0.5298958333333333,0.20213541666666668,0.042708333333333334,0.04139322916666666,0.756186842918396,0.20708532631397247,0.6500000357627869,1.0,0.0,1.0,0.0,0.5525000691413879,1.0,0.925504744052887,0.07449525594711304
1,2560,0.19570650160312653,0.17324569821357727,0.13027498126029968,0.006570101715624332,0.15110677083333332,0.38845163583755493,0.7657991453294819,0.20366767201138547,1.0,0.0,1.0,0.65,0.53234375,0.20350260416666666,0.03591145833333333,0.03760416666666667,0.7540826797485352,0.2061222940683365,0.6500000357627869,1.0,0.0,1.0,0.0,0.5525000691413879,1.0,0.9245837926864624,0.0754162073135376
1,2570,0.20316529273986816,0.1836692839860916,0.1650623381137848,0.005684555973857641,0.155859375,0.40333348512649536,0.8211879376536371,0.20574854642122498,1.0,0.0,1.0,0.65,0.5125,0.20171875,0.049401041666666666,0.0401953125,0.7564038038253784,0.20167803764343262,0.6500000357627869,1.0,0.0,1.0,0.0,0.5525000691413879,1.0,0.9236623644828796,0.07633763551712036
1,2580,0.21460770070552826,0.2049265056848526,0.22082670032978058,0.004723662044852972,0.15143229166666666,0.3618207275867462,0.8557724539133995,0.18936921272467228,1.0,0.0,1.0,0.65,0.5178776041666666,0.2193359375,0.0844921875,0.040078125,0.755214512348175,0.20142069458961487,0.6500000357627869,1.0,0.0,1.0,0.0,0.5525000691413879,1.0,0.9229350090026855,0.07706499099731445
1,2590,0.20056678354740143,0.1672389805316925,0.1308041214942932,0.005932764150202274,0.16471354166666666,0.37009093165397644,0.7424299677960732,0.22841930899658017,1.0,0.0,1.0,0.65,0.5665234375,0.219609375,0.03436197916666667,0.04161458333333334,0.7570375800132751,0.19632688164710999,0.6500000357627869,1.0,0.0,1.0,0.0,0.5525000691413879,1.0,0.9224094152450562,0.07759058475494385
1,2600,0.2071288824081421,0.16487069427967072,0.11567501723766327,0.0058684381656348705,0.1603515625,0.4446924924850464,0.7136695982104376,0.22969093963715848,1.0,0.0,1.0,0.65,0.5903255208333333,0.23315104166666667,0.031861979166666665,0.040390625,0.7613920569419861,0.1905234158039093,0.6500000357627869,1.0,0.0,1.0,0.032750219106674194,0.5525000691413879,1.0,0.9216867685317993,0.07831323146820068
1,2610,0.22717183828353882,0.18062400817871094,0.12260311096906662,0.006784237455576658,0.17045572916666665,0.44487935304641724,0.7877621498141865,0.14980447955257925,1.0,0.0,1.0,0.65,0.6193229166666666,0.2758203125,0.04223958333333333,0.040299479166666666,0.7635029554367065,0.18712124228477478,0.6500000357627869,1.0,0.0,1.0,0.0,0.5525000691413879,0.9685982465744019,0.9209902286529541,0.0790097713470459
1,2620,0.23042984306812286,0.18195131421089172,0.13017696142196655,0.005384959280490875,0.15514322916666667,0.3909883499145508,0.7656880974071285,0.18915581499981043,1.0,0.0,1.0,0.65,0.6122395833333333,0.27119791666666665,0.054453125,0.0392578125,0.7655551433563232,0.1840868592262268,0.6500000357627869,1.0,0.0,1.0,0.0,0.5525000691413879,1.0,0.9203521609306335,0.07964783906936646
1,2630,0.23247693479061127,0.1723882555961609,0.11995060741901398,0.005565517116338015,0.16505208333333332,0.3480605483055115,0.7383687404489421,0.19902132307923825,1.0,0.0,1.0,0.65,0.6464192708333333,0.30505208333333333,0.05119791666666667,0.04453125,0.7747687697410583,0.17609721422195435,0.6500000357627869,1.0,0.0,1.0,0.0,0.5525000691413879,1.0,0.9199362397193909,0.08006376028060913
1,2640,0.23945379257202148,0.18237300217151642,0.13416969776153564,0.006182518787682056,0.156796875,0.4127565622329712,0.8005066622469994,0.1521451314643712,1.0,0.0,1.0,0.65,0.6433333333333333,0.31610677083333333,0.07731770833333333,0.041966145833333336,0.777277410030365,0.17314493656158447,0.6500000357627869,1.0,0.0,1.0,0.0,0.5525000691413879,1.0,0.919474720954895,0.08052527904510498
1,2650,0.23693080246448517,0.16965025663375854,0.11425316333770752,0.006232387851923704,0.15307291666666667,0.41601884365081787,0.7453678283770836,0.17708437478649341,1.0,0.0,1.0,0.65,0.6715234375,0.3057942708333333,0.05713541666666667,0.0431640625,0.7767238616943359,0.17088103294372559,0.6500000357627869,1.0,0.0,1.0,0.0,0.5525000691413879,1.0,0.9188363552093506,0.08116364479064941
1,2660,0.23659825325012207,0.16531623899936676,0.1003669872879982,0.006344689521938562,0.15919270833333332,0.4057622253894806,0.7175694190027385,0.18178291385846976,1.0,0.0,1.0,0.65,0.6567057291666667,0.28716145833333334,0.05584635416666667,0.04313802083333333,0.7756891846656799,0.16845262050628662,0.6500000357627869,1.0,0.0,1.0,0.0,0.5525000691413879,1.0,0.9187709093093872,0.08122909069061279
1,2670,0.252979576587677,0.17732886970043182,0.11253111809492111,0.006335051264613867,0.16916666666666666,0.3841705024242401,0.7661967187591343,0.14349483919226463,1.0,0.0,1.0,0.65,0.6689453125,0.3294270833333333,0.06483072916666667,0.039765625,0.7746191024780273,0.1674104928970337,0.6500000357627869,1.0,0.0,1.0,0.0,0.5525000691413879,1.0,0.9188452959060669,0.0811547040939331
1,2680,0.24039319157600403,0.1628168523311615,0.10794813185930252,0.0059357332065701485,0.159453125,0.37827107310295105,0.720146592208059,0.18906292893113644,1.0,0.0,1.0,0.65,0.688203125,0.32467447916666664,0.06072916666666667,0.03959635416666667,0.7744306921958923,0.16398006677627563,0.6500000357627869,1.0,0.0,1.0,0.0,0.5525000691413879,1.0,0.9188423156738281,0.08115768432617188
1,2690,0.2705307900905609,0.167173370718956,0.1042080894112587,0.007185451220721006,0.17045572916666665,0.3505263924598694,0.7574004921044518,0.13738818232696956,1.0,0.0,1.0,0.65,0.731484375,0.372265625,0.06930989583333333,0.03729166666666667,0.772050142288208,0.16107672452926636,0.6500000357627869,1.0,0.0,1.0,0.0,0.5525000691413879,1.0,0.9186050295829773,0.0813949704170227
1,2700,0.27696192264556885,0.16290509700775146,0.1221470758318901,0.007467013783752918,0.1829296875,0.337618350982666,0.7867763469386392,0.13947464212230065,1.0,0.0,1.0,0.65,0.7513151041666667,0.3917317708333333,0.07005208333333333,0.0423828125,0.773340106010437,0.15849977731704712,0.6500000357627869,1.0,0.0,1.0,0.0,0.5525000691413879,1.0,0.9186866283416748,0.0813133716583252
1,2710,0.27824172377586365,0.16398322582244873,0.1264004111289978,0.00816967524588108,0.172734375,0.3560585081577301,0.8149824494956582,0.11535671453286961,1.0,0.0,1.0,0.65,0.7737760416666667,0.40173177083333333,0.06544270833333334,0.03138020833333333,0.7744007110595703,0.15729030966758728,0.6500000357627869,1.0,0.0,1.0,0.0,0.5525000691413879,1.0,0.9184558987617493,0.08154410123825073
1,2720,0.27377039194107056,0.15914370119571686,0.11961472034454346,0.006907902657985687,0.1753515625,0.3528110384941101,0.7599674882450426,0.1659242025599247,1.0,0.0,1.0,0.65,0.7203125,0.40576822916666666,0.055755208333333334,0.03440104166666667,0.7726299166679382,0.1580507755279541,0.6500000357627869,1.0,0.0,1.0,0.0,0.5525000691413879,1.0,0.9185687899589539,0.08143121004104614
1,2730,0.30316585302352905,0.1720036417245865,0.15670879185199738,0.00730170588940382,0.18282552083333334,0.33734747767448425,0.8590274044041003,0.12176815515792952,1.0,0.0,1.0,0.65,0.7603385416666667,0.41875,0.079375,0.0339453125,0.7746742963790894,0.15557777881622314,0.6500000357627869,1.0,0.0,1.0,0.0,0.5525000691413879,1.0,0.9187650680541992,0.08123493194580078
1,2740,0.2899661362171173,0.17466332018375397,0.1511804163455963,0.007283878978341818,0.1799609375,0.3394388258457184,0.854512765947275,0.11566246239604744,1.0,0.0,1.0,0.65,0.7192708333333333,0.4058072916666667,0.07337239583333334,0.03852864583333333,0.7749007344245911,0.1559399664402008,0.6500000357627869,1.0,0.0,1.0,0.0,0.5525000691413879,1.0,0.9188603162765503,0.08113968372344971
1,2750,0.29440611600875854,0.16851037740707397,0.11321746557950974,0.006165636237710714,0.15690104166666666,0.31546536087989807,0.7479602522850316,0.16513758582040305,1.0,0.0,1.0,0.65,0.7067317708333334,0.39036458333333335,0.09634114583333334,0.0353515625,0.7693787813186646,0.16043820977210999,0.6500000357627869,1.0,0.0,1.0,0.0,0.5525000691413879,1.0,0.9189639091491699,0.08103609085083008
1,2760,0.308698832988739,0.16428187489509583,0.1108522042632103,0.0073911589570343494,0.19859375,0.31233569979667664,0.7683803751766961,0.1383453445599937,1.0,0.0,1.0,0.65,0.7193229166666667,0.4317578125,0.0821875,0.03459635416666667,0.7758409976959229,0.15887588262557983,0.6500000357627869,1.0,0.0,1.0,0.0,0.5525000691413879,1.0,0.9191479086875916,0.08085209131240845
1,2770,0.29604804515838623,0.15490899980068207,0.11752774566411972,0.006734976079314947,0.17229166666666668,0.3140028715133667,0.7433267885755475,0.1817831078362538,1.0,0.0,1.0,0.65,0.7368229166666667,0.4066927083333333,0.08295572916666667,0.03369791666666667,0.7848005294799805,0.15550941228866577,0.6500000357627869,1.0,0.0,1.0,0.0,0.5525000691413879,1.0,0.9193888902664185,0.08061110973358154
1,2780,0.2941897213459015,0.16455546021461487,0.13734041154384613,0.007520773448050022,0.17376302083333334,0.3259059488773346,0.8172312047062739,0.13370971994974262,1.0,0.0,1.0,0.65,0.7379427083333333,0.41325520833333335,0.08315104166666666,0.034791666666666665,0.7867629528045654,0.15562927722930908,0.6500000357627869,1.0,0.0,1.0,0.0,0.5525000691413879,1.0,0.9194291234016418,0.08057087659835815
1,2790,0.3142591714859009,0.17451688647270203,0.12898992002010345,0.0068781375885009766,0.162578125,0.31707409024238586,0.8057810062919281,0.1283987109980932,1.0,0.0,1.0,0.65,0.7673958333333334,0.44756510416666667,0.089765625,0.0251953125,0.787039041519165,0.1565830558538437,0.6500000357627869,1.0,0.0,1.0,0.0,0.5525000691413879,1.0,0.9195171594619751,0.0804828405380249
1,2800,0.2902422547340393,0.15617118775844574,0.1292656809091568,0.006876807194203138,0.16361979166666665,0.3239624500274658,0.7695205876316463,0.1743035185854973,1.0,0.0,1.0,0.65,0.7675130208333333,0.4504296875,0.07235677083333333,0.031236979166666668,0.7855846881866455,0.1620461493730545,0.6500000357627869,1.0,0.0,1.0,0.0,0.5525000691413879,1.0,0.919765830039978,0.08023416996002197
1,2810,0.29169419407844543,0.15766902267932892,0.12519456446170807,0.005770355928689241,0.1527734375,0.32503825426101685,0.7359413979378638,0.20429220157334715,1.0,0.0,1.0,0.65,0.7660026041666667,0.4484505208333333,0.07057291666666667,0.029296875,0.7821698188781738,0.1674962043762207,0.6500000357627869,1.0,0.0,1.0,0.0,0.5525000691413879,1.0,0.9200417995452881,0.07995820045471191
1,2820,0.2896948754787445,0.15856881439685822,0.1139189749956131,0.006959958933293819,0.1687890625,0.324606329202652,0.7505753927564643,0.165774337992799,1.0,0.0,1.0,0.65,0.7218229166666666,0.41563802083333334,0.07994791666666666,0.032799479166666666,0.7785160541534424,0.17226213216781616,0.6500000357627869,1.0,0.0,1.0,0.0,0.5525000691413879,1.0,0.9204453229904175,0.07955467700958252
1,2830,0.28694021701812744,0.16538074612617493,0.13417671620845795,0.007337863557040691,0.18688802083333333,0.3236180245876312,0.808620492037924,0.13722302623820012,1.0,0.0,1.0,0.65,0.6825130208333333,0.38309895833333335,0.08427083333333334,0.03864583333333333,0.7755283713340759,0.1761714518070221,0.6500000357627869,1.0,0.0,1.0,0.0,0.5525000691413879,1.0,0.9206520915031433,0.07934790849685669
1,2840,0.2906605899333954,0.1611068695783615,0.1310591995716095,0.005411868914961815,0.168125,0.3166963458061218,0.7431239145742572,0.2066270664516019,1.0,0.0,1.0,0.65,0.68796875,0.3930078125,0.08313802083333334,0.03407552083333333,0.7711169719696045,0.1790590137243271,0.6500000357627869,1.0,0.0,1.0,0.0,0.5525000691413879,1.0,0.9209688901901245,0.07903110980987549
1,2850,0.26009252667427063,0.15177078545093536,0.11613069474697113,0.004866044502705336,0.16350260416666668,0.3315388262271881,0.6845440531728918,0.24660826494871846,1.0,0.0,1.0,0.65,0.6708203125,0.32837239583333333,0.047486979166666665,0.041354166666666664,0.7659555673599243,0.1822933852672577,0.6500000357627869,1.0,0.0,1.0,0.0,0.5525000691413879,1.0,0.921230673789978,0.07876932621002197
1,2860,0.27200186252593994,0.1867380291223526,0.18843547999858856,0.005820192396640778,0.16838541666666668,0.3477049767971039,0.8810764733239564,0.14427562817729261,1.0,0.0,1.0,0.65,0.594453125,0.32076822916666664,0.0956640625,0.036770833333333336,0.7686285972595215,0.18096546828746796,0.6500000357627869,1.0,0.0,1.0,0.0,0.5525000691413879,1.0,0.9216959476470947,0.07830405235290527
1,2870,0.282630056142807,0.2007669359445572,0.2279089391231537,0.005656309425830841,0.17260416666666667,0.3435940444469452,0.9057187458590118,0.111086751075618,1.0,0.0,1.0,0.65,0.621171875,0.38671875,0.11669270833333334,0.036783854166666664,0.7704891562461853,0.1826695203781128,0.6500000357627869,1.0,0.0,1.0,0.0,0.5525000691413879,1.0,0.9222077131271362,0.07779228687286377
1,2880,0.2572123110294342,0.18362493813037872,0.13652746379375458,0.006088120862841606,0.17029947916666666,0.33533981442451477,0.8074085107003371,0.14601220069175494,1.0,0.0,1.0,0.65,0.5749609375,0.33240885416666666,0.08505208333333333,0.03861979166666667,0.7713406682014465,0.18435677886009216,0.6500000357627869,1.0,0.0,1.0,0.0,0.5525000691413879,1.0,0.9226551055908203,0.07734489440917969
1,2890,0.232354074716568,0.1590120643377304,0.11791981756687164,0.006090307142585516,0.169140625,0.35272833704948425,0.725944264888692,0.2090923136364679,1.0,0.0,1.0,0.65,0.584921875,0.254296875,0.0376953125,0.04625,0.7693852186203003,0.18576356768608093,0.6500000357627869,1.0,0.0,1.0,0.0,0.5525000691413879,1.0,0.9233887791633606,0.0766112208366394
1,2900,0.21130520105361938,0.17303647100925446,0.13482362031936646,0.004648752976208925,0.13229166666666667,0.3849387466907501,0.7268576979486643,0.25211306354772994,1.0,0.0,1.0,0.65,0.4953125,0.21671875,0.04611979166666667,0.0416796875,0.7656555771827698,0.1905091106891632,0.6500000357627869,1.0,0.0,1.0,0.0,0.5525000691413879,1.0,0.9241230487823486,0.07587695121765137
1,2910,0.21248361468315125,0.16207201778888702,0.1294899731874466,0.00519796647131443,0.138515625,0.37909919023513794,0.7150646989820078,0.253925716056814,1.0,0.0,1.0,0.65,0.5462239583333334,0.23329427083333334,0.041966145833333336,0.046848958333333336,0.7654675841331482,0.19187411665916443,0.6500000357627869,1.0,0.0,1.0,0.0,0.5525000691413879,1.0,0.9249600172042847,0.07503998279571533
1,2920,0.22823160886764526,0.17948055267333984,0.12439335137605667,0.005156032275408506,0.13830729166666667,0.33764779567718506,0.7382523123843392,0.21544154098373525,1.0,0.0,1.0,0.65,0.4815234375,0.24130208333333333,0.06321614583333333,0.04026041666666667,0.7649726867675781,0.19298383593559265,0.6500000357627869,1.0,0.0,1.0,0.0,0.5525000691413879,1.0,0.9258151054382324,0.07418489456176758
1,2930,0.21006879210472107,0.1692502200603485,0.11514439433813095,0.005034130997955799,0.1419921875,0.35798466205596924,0.6972262488003631,0.2480194651553544,1.0,0.0,1.0,0.65,0.4808203125,0.186796875,0.0459765625,0.0466796875,0.7701624035835266,0.19029147922992706,0.6500000357627869,1.0,0.0,1.0,0.0,0.5525000691413879,1.0,0.926729679107666,0.07327032089233398
1,2940,0.2421792894601822,0.18843123316764832,0.12810802459716797,0.005036958027631044,0.16026041666666666,0.36295124888420105,0.7663894657213036,0.18240695773575932,1.0,0.0,1.0,0.65,0.5482552083333333,0.24701822916666666,0.09106770833333333,0.041588541666666666,0.7720650434494019,0.19126304984092712,0.6500000357627869,1.0,0.0,1.0,0.0,0.5525000691413879,1.0,0.927452802658081,0.07254719734191895
1,2950,0.25218087434768677,0.18436171114444733,0.11822362244129181,0.005045754835009575,0.17002604166666666,0.34613534808158875,0.7461231330834828,0.18358426883574425,1.0,0.0,1.0,0.65,0.6207161458333333,0.2984895833333333,0.08463541666666667,0.03928385416666667,0.7746250033378601,0.1887752115726471,0.6500000357627869,1.0,0.0,1.0,0.0,0.5525000691413879,1.0,0.9281278252601624,0.07187217473983765
1,2960,0.26049697399139404,0.19589191675186157,0.12979185581207275,0.005613588262349367,0.15489583333333334,0.33270880579948425,0.8040927662357473,0.13725144758123936,1.0,0.0,1.0,0.65,0.54875,0.2658984375,0.10774739583333333,0.03600260416666667,0.7782347202301025,0.18675947189331055,0.6500000357627869,1.0,0.0,1.0,0.0,0.5525000691413879,1.0,0.9289456009864807,0.07105439901351929
1,2970,0.24389241635799408,0.18406297266483307,0.14773909747600555,0.00563942501321435,0.14669270833333334,0.3240353465080261,0.8074530052782591,0.17413072003531183,1.0,0.0,1.0,0.65,0.5345052083333334,0.2985026041666667,0.06747395833333333,0.037734375,0.7719137072563171,0.1894279271364212,0.6500000357627869,1.0,0.0,1.0,0.0,0.5525000691413879,1.0,0.929783821105957,0.07021617889404297
1,2980,0.23715457320213318,0.17740143835544586,0.1417030245065689,0.004820183850824833,0.139296875,0.32815414667129517,0.7612084064720408,0.21721541357133284,1.0,0.0,1.0,0.65,0.52640625,0.29951822916666665,0.06830729166666667,0.038098958333333335,0.7653067111968994,0.19300253689289093,0.6500000357627869,1.0,0.0,1.0,0.0,0.5525000691413879,1.0,0.9307185411453247,0.06928145885467529
1,2990,0.2461693286895752,0.19476114213466644,0.12475336343050003,0.005134509410709143,0.140390625,0.34139037132263184,0.7761673483757151,0.16325215500756737,1.0,0.0,1.0,0.65,0.4832421875,0.2869791666666667,0.07973958333333334,0.037421875,0.7661781907081604,0.19273819029331207,0.6500000357627869,1.0,0.0,1.0,0.0,0.5525000691413879,1.0,0.9315181970596313,0.06848180294036865
1,3000,0.20728479325771332,0.17828965187072754,0.122921422123909,0.005060759838670492,0.14154947916666666,0.3644409775733948,0.7274575784003638,0.22805521128512418,1.0,0.0,1.0,0.65,0.466015625,0.21014322916666667,0.06606770833333334,0.045950520833333335,0.7704781889915466,0.18934622406959534,0.6500000357627869,1.0,0.0,1.0,0.0,0.5525000691413879,1.0,0.9321803450584412,0.06781965494155884
1,3010,0.23200343549251556,0.17642521858215332,0.13559570908546448,0.00553737860172987,0.15572916666666667,0.35585567355155945,0.7655733447546622,0.2029682207682995,1.0,0.0,1.0,0.65,0.49481770833333333,0.2689713541666667,0.0661328125,0.0435546875,0.777156412601471,0.18098947405815125,0.6500000357627869,1.0,0.0,1.0,0.0,0.5525000691413879,1.0,0.9331103563308716,0.06688964366912842
1,3020,0.2264966368675232,0.1684167981147766,0.12404483556747437,0.005351237021386623,0.13734375,0.34851405024528503,0.7255486834797544,0.22759661178460455,1.0,0.0,1.0,0.65,0.49890625,0.26733072916666667,0.05140625,0.0402734375,0.7863282561302185,0.17140993475914001,0.6500000357627869,1.0,0.0,1.0,0.0,0.5525000691413879,1.0,0.9340296387672424,0.06597036123275757
1,3030,0.23987996578216553,0.19917428493499756,0.14302854239940643,0.007045944686979055,0.16990885416666668,0.3669072687625885,0.8595578704693458,0.10923463087791431,1.0,0.0,1.0,0.65,0.48161458333333335,0.2542578125,0.10018229166666667,0.03954427083333333,0.7920675277709961,0.1656084656715393,0.6500000357627869,1.0,0.0,1.0,0.0,0.5525000691413879,1.0,0.9347391724586487,0.06526082754135132
1,3040,0.22845497727394104,0.19679874181747437,0.15977726876735687,0.005893797148019075,0.13559895833333332,0.3636080324649811,0.8485763128231825,0.15762632691914719,1.0,0.0,1.0,0.65,0.43352864583333334,0.22302083333333333,0.09270833333333334,0.03852864583333333,0.8021990060806274,0.15705353021621704,0.6500000357627869,1.0,0.0,1.0,0.0,0.5525000691413879,1.0,0.935544490814209,0.06445550918579102
1,3050,0.2233455330133438,0.1923603117465973,0.1274014562368393,0.006308495067059994,0.13740885416666668,0.3568454086780548,0.7968841821272434,0.15438212424617637,1.0,0.0,1.0,0.65,0.4726171875,0.24151041666666667,0.0756640625,0.03997395833333333,0.8113755583763123,0.15107476711273193,0.6500000357627869,1.0,0.0,1.0,0.0,0.5525000691413879,1.0,0.9364008903503418,0.0635991096496582
1,3060,0.22911719977855682,0.1806369423866272,0.13218887150287628,0.005367860663682222,0.14845052083333332,0.32610076665878296,0.7603478292036279,0.2042781480200851,1.0,0.0,1.0,0.65,0.4627604166666667,0.23716145833333332,0.07223958333333333,0.044869791666666665,0.8198877573013306,0.1455298215150833,0.6500000357627869,1.0,0.0,1.0,0.0,0.5525000691413879,1.0,0.9373696446418762,0.06263035535812378
1,3070,0.23190300166606903,0.17547036707401276,0.1237710565328598,0.0057239774614572525,0.1485546875,0.3393920063972473,0.7483356514410324,0.200313061301705,1.0,0.0,1.0,0.65,0.5064713541666667,0.2723046875,0.05903645833333333,0.0399609375,0.826665997505188,0.14246898889541626,0.6500000357627869,1.0,0.0,1.0,0.0,0.5525000691413879,1.0,0.9379072189331055,0.06209278106689453
1,3080,0.2361186146736145,0.1784406155347824,0.12817108631134033,0.005886487662792206,0.16467447916666667,0.33730798959732056,0.7669721393394351,0.1861533469518995,1.0,0.0,1.0,0.65,0.5060546875,0.26048177083333335,0.06341145833333334,0.0401953125,0.8332931995391846,0.13681991398334503,0.6500000357627869,1.0,0.0,1.0,0.0,0.5525000691413879,1.0,0.9383939504623413,0.06160604953765869
1,3090,0.24926042556762695,0.1862344592809677,0.14188215136528015,0.006477039307355881,0.15755208333333334,0.32077962160110474,0.8257087987050031,0.1404609892765681,1.0,0.0,1.0,0.65,0.5332552083333333,0.30106770833333335,0.07283854166666667,0.03959635416666667,0.8426942825317383,0.12928909063339233,0.6500000357627869,1.0,0.0,1.0,0.0,0.5525000691413879,1.0,0.9388400912284851,0.06115990877151489
1,3100,0.26757359504699707,0.19726663827896118,0.13591118156909943,0.005705931223928928,0.16688802083333334,0.3333663046360016,0.816244495848125,0.1378612887356582,1.0,0.0,1.0,0.65,0.5114453125,0.3221354166666667,0.09447916666666667,0.0314453125,0.8493121862411499,0.12445182353258133,0.6500000357627869,1.0,0.0,1.0,0.0,0.5525000691413879,1.0,0.9395647048950195,0.06043529510498047
1,3110,0.2752378582954407,0.20347286760807037,0.13545693457126617,0.0073419902473688126,0.16930989583333333,0.3173745572566986,0.8671002149452065,0.07662112643523267,1.0,0.0,1.0,0.65,0.52640625,0.3395052083333333,0.123359375,0.033111979166666666,0.8565453290939331,0.11831003427505493,0.6500000357627869,1.0,0.0,1.0,0.0,0.5525000691413879,1.0,0.9401084184646606,0.059891581535339355
1,3120,0.2780211269855499,0.20385709404945374,0.14808699488639832,0.007969185709953308,0.17736979166666667,0.3254091441631317,0.907673320314003,0.0527553899404479,1.0,0.0,1.0,0.65,0.5178125,0.3450520833333333,0.1315625,0.0340234375,0.862017035484314,0.11474113166332245,0.6500000357627869,1.0,0.0,1.0,0.0,0.5525000691413879,1.0,0.9408266544342041,0.0591733455657959
1,3130,0.27346551418304443,0.22072313725948334,0.13735058903694153,0.007080265786498785,0.17395833333333333,0.33427318930625916,0.8587777768512684,0.09361094739671724,1.0,0.0,1.0,0.65,0.47220052083333336,0.2875520833333333,0.15475260416666667,0.03662760416666667,0.8602358102798462,0.1179797351360321,0.6500000357627869,1.0,0.0,1.0,0.0,0.5525000691413879,1.0,0.9413323402404785,0.058667659759521484
1,3140,0.2648458480834961,0.20172756910324097,0.1564537137746811,0.007620458025485277,0.177578125,0.3301182985305786,0.9099871251347856,0.06836563015119411,1.0,0.0,1.0,0.65,0.5307291666666667,0.3252734375,0.117265625,0.03178385416666667,0.8608604073524475,0.11897997558116913,0.6500000357627869,1.0,0.0,1.0,0.0,0.5525000691413879,1.0,0.9420510530471802,0.057948946952819824
1,3150,0.2789190113544464,0.21141521632671356,0.19522857666015625,0.007923048920929432,0.16834635416666666,0.30678415298461914,0.9590966419504103,0.05685297158412977,1.0,0.0,1.0,0.65,0.526171875,0.379375,0.11005208333333333,0.028776041666666665,0.8589769601821899,0.11899976432323456,0.6500000357627869,1.0,0.0,1.0,0.0,0.5525000691413879,1.0,0.942656397819519,0.05734360218048096
1,3160,0.28273850679397583,0.21510420739650726,0.16481851041316986,0.0076310341246426105,0.18005208333333333,0.3164213001728058,0.9248780727213605,0.06714041032593666,1.0,0.0,1.0,0.65,0.533828125,0.39065104166666664,0.1201171875,0.027630208333333333,0.8601258993148804,0.11587145924568176,0.6500000357627869,1.0,0.0,1.0,0.0,0.5525000691413879,1.0,0.9433049559593201,0.05669504404067993
1,3170,0.27977311611175537,0.2214772254228592,0.19082988798618317,0.007526114117354155,0.18821614583333332,0.3406512439250946,0.9464376229994746,0.07297373964706166,1.0,0.0,1.0,0.65,0.5292578125,0.3818229166666667,0.12205729166666666,0.03592447916666667,0.8602092266082764,0.11342553794384003,0.649704098701477,1.0,0.0,0.9980272054672241,0.0,0.552248477935791,1.0,0.9439790844917297,0.056020915508270264
1,3180,0.2667793929576874,0.21269728243350983,0.17152436077594757,0.008026067167520523,0.17578125,0.35379359126091003,0.9466230594489335,0.055500365827626325,1.0,0.0,1.0,0.65,0.5382942708333334,0.34881510416666667,0.09561197916666667,0.036796875,0.8640905022621155,0.10989869385957718,0.649704098701477,1.0,0.0,0.9980272054672241,0.0,0.552248477935791,1.0,0.9447311162948608,0.05526888370513916
1,3190,0.2661830186843872,0.19992098212242126,0.18009990453720093,0.007983715273439884,0.18661458333333333,0.3366875648498535,0.9586326462930941,0.05906811986007507,1.0,0.0,1.0,0.65,0.5462239583333334,0.36756510416666666,0.0928125,0.03149739583333333,0.8644712567329407,0.10786768049001694,0.649704098701477,1.0,0.0,0.9980272054672241,0.0,0.552248477935791,1.0,0.9455763101577759,0.05442368984222412
1,3200,0.2814669907093048,0.20967192947864532,0.15683239698410034,0.007721079047769308,0.18046875,0.32814860343933105,0.9151417981568869,0.06166944383494655,1.0,0.0,1.0,0.65,0.5924088541666667,0.39428385416666667,0.11700520833333333,0.02828125,0.864911675453186,0.11025553196668625,0.649704098701477,1.0,0.0,0.9980272054672241,0.0,0.552248477935791,1.0,0.9464221000671387,0.05357789993286133
1,3210,0.24879135191440582,0.20543929934501648,0.15278442203998566,0.006837887689471245,0.16670572916666668,0.35331934690475464,0.8793551156984682,0.09907778047005013,1.0,0.0,1.0,0.65,0.5664583333333333,0.3352994791666667,0.049752604166666665,0.03692708333333333,0.8655909299850464,0.11311596632003784,0.649704098701477,1.0,0.0,0.9980272054672241,0.0,0.552248477935791,1.0,0.9472812414169312,0.05271875858306885
1,3220,0.23091216385364532,0.1952318698167801,0.16626791656017303,0.006523112766444683,0.15489583333333334,0.3576336205005646,0.8804787883271531,0.12802111763961432,1.0,0.0,1.0,0.65,0.5515755208333334,0.3008854166666667,0.055390625,0.040078125,0.8637197017669678,0.11852282285690308,0.649704098701477,1.0,0.0,0.9980272054672241,0.0,0.552248477935791,1.0,0.9481242299079895,0.0518757700920105
1,3230,0.18018917739391327,0.16598278284072876,0.12812046706676483,0.004619976505637169,0.14203125,0.3801497519016266,0.6881431527055872,0.2956072542778037,1.0,0.0,1.0,0.65,0.4266666666666667,0.17227864583333333,0.035390625,0.04895833333333333,0.8595149517059326,0.12503832578659058,0.649704098701477,1.0,0.0,0.9980272054672241,0.0,0.552248477935791,1.0,0.9490126967430115,0.050987303256988525
1,3240,0.23891358077526093,0.19337673485279083,0.16233877837657928,0.006639191880822182,0.15825520833333334,0.35997605323791504,0.8726736294964166,0.13023974932669624,1.0,0.0,1.0,0.65,0.4886197916666667,0.28131510416666666,0.06109375,0.036223958333333334,0.8568902015686035,0.13058379292488098,0.649704098701477,1.0,0.0,0.9980272054672241,0.0,0.552248477935791,1.0,0.949705958366394,0.05029404163360596
1,3250,0.2433195561170578,0.18979261815547943,0.13972735404968262,0.005879960022866726,0.138046875,0.3312745690345764,0.8090230513436919,0.15804179825696357,1.0,0.0,1.0,0.65,0.4545442708333333,0.29153645833333336,0.062239583333333334,0.030481770833333335,0.8527992963790894,0.13713251054286957,0.649704098701477,1.0,0.0,0.9980272054672241,0.0,0.552248477935791,1.0,0.9503365159034729,0.0496634840965271
1,3260,0.25834810733795166,0.20302101969718933,0.1132768839597702,0.007124584633857012,0.14171875,0.3021605312824249,0.8210127271185765,0.08868771441492851,1.0,0.0,1.0,0.65,0.488125,0.3390625,0.08059895833333333,0.029388020833333334,0.8464421629905701,0.14315271377563477,0.649704098701477,1.0,0.0,0.9980272054672241,0.0,0.552248477935791,1.0,0.9509130716323853,0.049086928367614746
1,3270,0.2563224136829376,0.1868126392364502,0.11019301414489746,0.006115415133535862,0.14076822916666668,0.30357202887535095,0.7620986440103391,0.1529139305273611,1.0,0.0,0.9585700757575758,0.6437855113636364,0.5007942708333334,0.3757421875,0.06921875,0.024088541666666668,0.8434222936630249,0.14751926064491272,0.649704098701477,1.0,0.0,0.9980272054672241,0.0,0.552248477935791,1.0,0.9514397382736206,0.048560261726379395
1,3280,0.25487929582595825,0.1880226880311966,0.13656988739967346,0.006880679167807102,0.15328125,0.3011162579059601,0.8298420810592295,0.12624942826122287,1.0,0.0,1.0,0.65,0.486484375,0.375234375,0.05450520833333333,0.027513020833333332,0.8382892608642578,0.1526339054107666,0.649704098701477,1.0,0.0,0.9980272054672241,0.0,0.552248477935791,1.0,0.9519730806350708,0.0480269193649292
1,3290,0.24946537613868713,0.18282054364681244,0.11239444464445114,0.0067568882368505,0.1546875,0.2860895097255707,0.7749677393131295,0.14350199324863794,1.0,0.0,1.0,0.65,0.47184895833333335,0.3484765625,0.05751302083333333,0.03359375,0.8338794708251953,0.15779459476470947,0.649704098701477,1.0,0.0,0.9980272054672241,0.0,0.552248477935791,1.0,0.9524054527282715,0.047594547271728516
1,3300,0.20201435685157776,0.20721477270126343,0.15971244871616364,0.005943705327808857,0.1312109375,0.3777238428592682,0.8349559635236745,0.1906059308933614,1.0,0.0,1.0,0.65,0.31135416666666665,0.192109375,0.0798828125,0.032890625,0.83134925365448,0.16015376150608063,0.649704098701477,1.0,0.0,0.9980272054672241,0.0,0.552248477935791,1.0,0.9527426958084106,0.047257304191589355
1,3310,0.2080807387828827,0.21178871393203735,0.16113437712192535,0.005668298806995153,0.12337239583333333,0.358163446187973,0.8305093727717461,0.19793042255096077,1.0,0.0,1.0,0.65,0.3240885416666667,0.214921875,0.09654947916666666,0.0290234375,0.8285723924636841,0.16359621286392212,0.649704098701477,1.0,0.0,0.9980272054672241,0.0,0.552248477935791,1.0,0.953000545501709,0.046999454498291016
1,3320,0.2099793702363968,0.20876406133174896,0.1561681032180786,0.005825201515108347,0.12975260416666667,0.3628297746181488,0.8278053795106434,0.19016503256783496,1.0,0.0,1.0,0.65,0.33625,0.24912760416666666,0.0825,0.0278515625,0.8314534425735474,0.16194549202919006,0.649704098701477,1.0,0.0,0.9980272054672241,0.0,0.552248477935791,1.0,0.9531678557395935,0.046832144260406494
1,3330,0.22212964296340942,0.21448101103305817,0.15283045172691345,0.005559639073908329,0.13282552083333332,0.32060131430625916,0.8193724780122651,0.18958089290252383,1.0,0.0,1.0,0.65,0.35326822916666667,0.2642578125,0.09615885416666667,0.03235677083333333,0.8331232070922852,0.15893277525901794,0.6492136716842651,1.0,0.0,0.994757890701294,0.0,0.5518316626548767,1.0,0.9532420635223389,0.04675793647766113
1,3340,0.21441927552223206,0.21161501109600067,0.15307578444480896,0.005051596090197563,0.1211328125,0.38363829255104065,0.803659405082632,0.2100656679817816,1.0,0.0,1.0,0.65,0.333515625,0.2579427083333333,0.07662760416666667,0.028815104166666668,0.8466429710388184,0.14651545882225037,0.6492136716842651,1.0,0.0,0.9947579503059387,0.0,0.5518316626548767,1.0,0.9532935619354248,0.046706438064575195
1,3350,0.2198380082845688,0.21208983659744263,0.1640165001153946,0.0050355554558336735,0.118671875,0.3206898868083954,0.8240770031939373,0.20588891310127694,1.0,0.0,1.0,0.65,0.3349739583333333,0.2568229166666667,0.08243489583333333,0.027955729166666665,0.8515945672988892,0.14192339777946472,0.6492136716842651,1.0,0.0,0.994757890701294,0.0,0.5518316626548767,1.0,0.953292965888977,0.04670703411102295
1,3360,0.2177150696516037,0.20756003260612488,0.15345878899097443,0.005733094178140163,0.12703125,0.3815247118473053,0.8255973040257703,0.18327700252960205,1.0,0.0,1.0,0.65,0.360625,0.2811328125,0.0804296875,0.0264453125,0.8598884344100952,0.13599811494350433,0.6492136716842651,1.0,0.0,0.994757890701294,0.0,0.5518316626548767,1.0,0.9532436728477478,0.0467563271522522
1,3370,0.22543223202228546,0.21247664093971252,0.16280075907707214,0.0064092762768268585,0.13197916666666668,0.35583770275115967,0.8614601551652675,0.15883790992059035,1.0,0.0,1.0,0.65,0.35282552083333335,0.2881770833333333,0.09342447916666667,0.026588541666666667,0.8675103187561035,0.13357755541801453,0.6485837697982788,1.0,0.0,0.9905585050582886,0.0,0.5512962341308594,1.0,0.9531257748603821,0.04687422513961792
1,3380,0.2168939709663391,0.20352749526500702,0.16034257411956787,0.005728703923523426,0.13149739583333334,0.3917345702648163,0.838643756176541,0.18038133786683322,1.0,0.0,1.0,0.65,0.3817578125,0.2661848958333333,0.07501302083333333,0.030651041666666667,0.8721073269844055,0.13157778978347778,0.6485922336578369,1.0,0.0,0.9906149506568909,0.0,0.5513033866882324,1.0,0.9529261589050293,0.0470738410949707
1,3390,0.23421218991279602,0.2041592001914978,0.1640494465827942,0.005801888648420572,0.1272265625,0.3208814561367035,0.8540180043852098,0.16387492264300424,1.0,0.0,1.0,0.65,0.39165364583333334,0.3210677083333333,0.07977864583333333,0.028658854166666668,0.8731644153594971,0.13054700195789337,0.6482244729995728,1.0,0.0,0.9881629943847656,0.0,0.5509908199310303,1.0,0.9526855945587158,0.04731440544128418
1,3400,0.2607375979423523,0.2165312021970749,0.1688811033964157,0.007154582533985376,0.14813802083333333,0.3172893822193146,0.905498160301182,0.10861081790017482,1.0,0.0,1.0,0.65,0.39436197916666665,0.3234375,0.09778645833333334,0.027096354166666666,0.8790575265884399,0.12817734479904175,0.6471971273422241,1.0,0.0,0.9813143014907837,0.0,0.550117552280426,1.0,0.9524391293525696,0.04756087064743042
1,3410,0.2583028972148895,0.20254695415496826,0.15435177087783813,0.006169919390231371,0.13916666666666666,0.31270939111709595,0.8568273368986487,0.13396089680866416,1.0,0.0,1.0,0.65,0.39505208333333336,0.324375,0.08889322916666667,0.0255078125,0.8818057775497437,0.12491405010223389,0.6465334296226501,1.0,0.0,0.976889431476593,0.0,0.5495534539222717,1.0,0.9521934390068054,0.04780656099319458
1,3420,0.27420902252197266,0.20838463306427002,0.16855642199516296,0.00826020073145628,0.15493489583333334,0.29238250851631165,0.9398568524119566,0.06441249463717304,1.0,0.0,1.0,0.65,0.415390625,0.3643489583333333,0.1066015625,0.0251953125,0.8837331533432007,0.1216474249958992,0.6465334892272949,1.0,0.0,0.9768894910812378,0.0,0.5495534539222717,1.0,0.95194411277771,0.04805588722229004
1,3430,0.27477115392684937,0.20607854425907135,0.15508969128131866,0.008143512532114983,0.15615885416666667,0.30711665749549866,0.9155444143446307,0.06475391585692802,1.0,0.0,0.931344696969697,0.6397017045454545,0.427265625,0.38709635416666666,0.10266927083333334,0.023489583333333335,0.8848415613174438,0.11776526272296906,0.6465334892272949,1.0,0.0,0.9768894910812378,0.0,0.5495534539222717,1.0,0.9517297744750977,0.048270225524902344
1,3440,0.2831670939922333,0.21923209726810455,0.17378364503383636,0.00920972228050232,0.16006510416666667,0.3045990765094757,0.972058139672646,0.03484375,1.0,0.0,1.0,0.65,0.4370572916666667,0.37225260416666667,0.11477864583333333,0.0252734375,0.8855337500572205,0.1150316372513771,0.6465334296226501,1.0,0.0,0.9768893718719482,0.0,0.5495534539222717,1.0,0.9517359733581543,0.0482640266418457
1,3450,0.2785920798778534,0.2139887660741806,0.1761951893568039,0.011028080247342587,0.16278645833333333,0.3807138204574585,0.9766578778751895,0.03380642361111111,1.0,0.0,1.0,0.65,0.4636588541666667,0.3755338541666667,0.10317708333333334,0.026419270833333335,0.8871426582336426,0.11089695990085602,0.646152913570404,1.0,0.0,0.9743529558181763,0.0,0.5492299795150757,1.0,0.9516187310218811,0.048381268978118896
1,3460,0.29198968410491943,0.23014360666275024,0.20965902507305145,0.009274358861148357,0.17752604166666666,0.30251941084861755,0.9831944444444444,0.03361111111111112,1.0,0.0,1.0,0.65,0.45157552083333335,0.3912630208333333,0.14848958333333334,0.025533854166666668,0.8883817195892334,0.10720722377300262,0.6461529731750488,1.0,0.0,0.9743529558181763,0.0,0.5492300391197205,1.0,0.9515893459320068,0.048410654067993164
1,3470,0.2821612060070038,0.228639155626297,0.21403706073760986,0.009067473001778126,0.168828125,0.4223126173019409,0.9810720486111111,0.03785590277777778,1.0,0.0,0.9118134469696969,0.6367720170454545,0.4537109375,0.39298177083333335,0.13053385416666666,0.023059895833333333,0.8893569111824036,0.1032605767250061,0.6461529731750488,1.0,0.0,0.9743529558181763,0.0,0.5492300391197205,1.0,0.9516422748565674,0.04835772514343262
1,3480,0.2725357711315155,0.21198071539402008,0.14497700333595276,0.006700913887470961,0.13427083333333334,0.29784464836120605,0.8586351888078544,0.11091874157439482,1.0,0.0,0.9597537878787877,0.6439630681818181,0.3734765625,0.33248697916666664,0.11666666666666667,0.02411458333333333,0.8875737190246582,0.10126214474439621,0.6461529731750488,1.0,0.0,0.9743529558181763,0.0,0.5492300391197205,1.0,0.9517385959625244,0.048261404037475586
1,3490,0.2632295489311218,0.1969877928495407,0.13789361715316772,0.007088874001055956,0.14337239583333333,0.2913418710231781,0.8520413061397876,0.10460297804043141,1.0,0.0,0.9485085227272727,0.642276278409091,0.40608072916666665,0.3489453125,0.0965234375,0.0238671875,0.8856252431869507,0.09901599586009979,0.6461529731750488,1.0,0.0,0.9743529558181763,0.0,0.5492300391197205,1.0,0.9519200325012207,0.0480799674987793
1,3500,0.28417059779167175,0.21237580478191376,0.1606820821762085,0.007125608157366514,0.14973958333333334,0.2868586778640747,0.8987231364635774,0.09373897470766047,1.0,0.0,0.8561789772727272,0.6284268465909091,0.3791145833333333,0.35184895833333335,0.1277734375,0.0218359375,0.884721577167511,0.0961170494556427,0.6461529731750488,1.0,0.0,0.9743529558181763,0.0,0.5492300391197205,1.0,0.9521758556365967,0.04782414436340332
1,3510,0.27952712774276733,0.21224470436573029,0.17052844166755676,0.006387883331626654,0.1375,0.3089213967323303,0.8926704120127321,0.12207693941517654,1.0,0.0,0.9070785984848485,0.6360617897727272,0.3515234375,0.3254296875,0.14328125,0.022955729166666668,0.8804149627685547,0.09644676744937897,0.6461529731750488,1.0,0.0,0.9743529558181763,0.0,0.5492300391197205,1.0,0.9524811506271362,0.04751884937286377
1,3520,0.2754725515842438,0.20658984780311584,0.16148579120635986,0.00614994065836072,0.14223958333333334,0.39286676049232483,0.870983637259069,0.12933128920986964,1.0,0.0,1.0,0.65,0.3541536458333333,0.3052473958333333,0.14178385416666667,0.029127604166666668,0.8758305311203003,0.09794344007968903,0.6461529731750488,1.0,0.0,0.9743529558181763,0.0,0.5492300391197205,1.0,0.9528498649597168,0.0471501350402832
1,3530,0.2877531349658966,0.20828790962696075,0.14078380167484283,0.006562987342476845,0.16106770833333334,0.3882063627243042,0.8510807206010307,0.10863944416567885,1.0,0.0,1.0,0.65,0.42821614583333334,0.3477734375,0.1271484375,0.0257421875,0.8687865138053894,0.1012575700879097,0.6461529731750488,1.0,0.0,0.9743529558181763,0.0,0.5492300391197205,1.0,0.9532214999198914,0.04677850008010864
1,3540,0.28026142716407776,0.20384469628334045,0.14325468242168427,0.005735644605010748,0.13611979166666666,0.3356650471687317,0.8339093948499825,0.1321749400572604,1.0,0.0,1.0,0.65,0.408984375,0.3329166666666667,0.11260416666666667,0.026484375,0.8631871342658997,0.10423889756202698,0.646643340587616,1.0,0.0,0.9776221513748169,0.0,0.5496468544006348,1.0,0.9535918235778809,0.04640817642211914
1,3550,0.2846009135246277,0.20188796520233154,0.141314297914505,0.005938685964792967,0.13259114583333334,0.3377363085746765,0.8374468162552235,0.12323725886471307,1.0,0.0,0.9467329545454545,0.6420099431818181,0.4090755208333333,0.3777083333333333,0.123828125,0.023828125,0.8561370372772217,0.1074020266532898,0.6466432809829712,1.0,0.0,0.9776222705841064,0.0,0.54964679479599,1.0,0.9538601040840149,0.04613989591598511
1,3560,0.2882418930530548,0.20702297985553741,0.1516859382390976,0.0057385931722819805,0.13470052083333334,0.28578370809555054,0.8500970596057817,0.12840448915806968,1.0,0.0,1.0,0.65,0.39677083333333335,0.37592447916666666,0.11897135416666667,0.025833333333333333,0.847825825214386,0.11132975667715073,0.6461614370346069,1.0,0.0,0.9744092226028442,0.0,0.5492372512817383,1.0,0.9540920257568359,0.04590797424316406
1,3570,0.2826029360294342,0.20478534698486328,0.13511352241039276,0.0066035534255206585,0.15557291666666667,0.35888972878456116,0.8460758258765014,0.100397465007839,1.0,0.0,1.0,0.65,0.3835807291666667,0.32623697916666666,0.136484375,0.031953125,0.8404824733734131,0.11510641872882843,0.6461613774299622,1.0,0.0,0.9744093418121338,0.0,0.5492371916770935,1.0,0.9542795419692993,0.045720458030700684
1,3580,0.28794020414352417,0.20597486197948456,0.13047070801258087,0.006088282447308302,0.1534765625,0.37554922699928284,0.8240124675947904,0.11687083493978753,1.0,0.0,1.0,0.65,0.3803255208333333,0.32763020833333334,0.1318359375,0.029453125,0.8303992748260498,0.12072504311800003,0.6467912793159485,1.0,0.0,0.9786086082458496,0.0,0.5497726202011108,1.0,0.9544147849082947,0.04558521509170532
1,3590,0.28350332379341125,0.19937050342559814,0.12389756739139557,0.0055254604667425156,0.15700520833333334,0.29104718565940857,0.7977253426202938,0.13321229004480328,1.0,0.0,1.0,0.65,0.37014322916666664,0.33059895833333336,0.13587239583333333,0.030416666666666668,0.8289071321487427,0.12057321518659592,0.6470787525177002,1.0,0.0,0.9805251359939575,0.0,0.5500169396400452,1.0,0.9545526504516602,0.045447349548339844
1,3600,0.28761833906173706,0.20108270645141602,0.13004568219184875,0.006503626704216003,0.13885416666666667,0.3672904074192047,0.8350420443813379,0.10299696277796735,1.0,0.0,1.0,0.65,0.34713541666666664,0.38165364583333333,0.11654947916666666,0.027760416666666666,0.8286772966384888,0.11945092678070068,0.6474465727806091,1.0,0.0,0.9829771518707275,0.0,0.5503296256065369,1.0,0.9546821713447571,0.04531782865524292
1,3610,0.28512319922447205,0.1918058693408966,0.12415783852338791,0.006710483226925135,0.1469921875,0.280397891998291,0.8150598615777445,0.11553506312361822,1.0,0.0,1.0,0.65,0.3700130208333333,0.40291666666666665,0.09286458333333333,0.0278515625,0.8275904059410095,0.11768592894077301,0.648038387298584,1.0,0.0,0.9869228601455688,0.0,0.5508326292037964,1.0,0.9547693729400635,0.04523062705993652
1,3620,0.28414446115493774,0.19493165612220764,0.11797772347927094,0.004857763648033142,0.1317578125,0.2757628858089447,0.7605532203419944,0.16539084501867374,1.0,0.0,1.0,0.65,0.3342578125,0.3778125,0.11502604166666666,0.029908854166666665,0.8254495859146118,0.1149713471531868,0.6486979126930237,1.0,0.0,0.991319477558136,0.0,0.5513932704925537,1.0,0.954830527305603,0.04516947269439697
1,3630,0.28086337447166443,0.18984386324882507,0.1203249916434288,0.006198502611368895,0.14229166666666668,0.3331614136695862,0.7919333931175756,0.13400931290666346,1.0,0.0,1.0,0.65,0.3678385416666667,0.4054296875,0.10928385416666667,0.030104166666666668,0.8259350657463074,0.11193172633647919,0.6479580998420715,1.0,0.0,0.9863873720169067,0.0,0.5507643818855286,1.0,0.9548592567443848,0.045140743255615234
1,3640,0.29023101925849915,0.19203254580497742,0.12121280282735825,0.0061601996421813965,0.136875,0.26308295130729675,0.7979574422890229,0.12736162996712094,1.0,0.0,1.0,0.65,0.36861979166666664,0.4148046875,0.12220052083333334,0.027838541666666668,0.8242971897125244,0.11235794425010681,0.6479580402374268,1.0,0.0,0.9863873720169067,0.0,0.5507643222808838,1.0,0.9548463821411133,0.04515361785888672
1,3650,0.29707205295562744,0.19766587018966675,0.12416411191225052,0.006486742757260799,0.136953125,0.33905813097953796,0.8240060026631805,0.10126978483969769,1.0,0.0,1.0,0.65,0.35061197916666664,0.432109375,0.1215625,0.028528645833333335,0.8282550573348999,0.10705480724573135,0.6474000811576843,1.0,0.0,0.982667088508606,0.0,0.5502901077270508,1.0,0.954824686050415,0.04517531394958496
1,3660,0.29427263140678406,0.1918894499540329,0.11875299364328384,0.006410421337932348,0.13151041666666666,0.2691919505596161,0.8021228032579347,0.1162885760248394,1.0,0.0,0.932528409090909,0.6398792613636364,0.36529947916666666,0.4202604166666667,0.1149609375,0.023515625,0.8337804079055786,0.10163527727127075,0.6468124389648438,1.0,0.0,0.9787496328353882,0.0,0.5497905611991882,1.0,0.9547790884971619,0.045220911502838135
1,3670,0.28726449608802795,0.1896364986896515,0.1325925886631012,0.00670789647847414,0.13436197916666667,0.2886682152748108,0.8289840719734092,0.11292103458932909,1.0,0.0,1.0,0.65,0.4098046875,0.4280598958333333,0.10540364583333334,0.0261328125,0.8376694917678833,0.09951870143413544,0.6468124389648438,1.0,0.0,0.9787496328353882,0.0,0.5497905611991882,1.0,0.954683780670166,0.045316219329833984
1,3680,0.28158873319625854,0.1789194643497467,0.11896704137325287,0.006095009855926037,0.14350260416666666,0.3285588026046753,0.7693241268404143,0.1558471048663706,1.0,0.0,1.0,0.65,0.4389453125,0.44756510416666667,0.0889453125,0.028932291666666665,0.8416587114334106,0.09760075807571411,0.6461656093597412,1.0,0.0,0.9744375348091125,0.0,0.54924076795578,1.0,0.954552948474884,0.04544705152511597
1,3690,0.2916412949562073,0.18710750341415405,0.12957632541656494,0.006942884996533394,0.14572916666666666,0.30008360743522644,0.8273006850916544,0.10773028035756696,1.0,0.0,1.0,0.65,0.4223046875,0.44200520833333334,0.1175390625,0.025221354166666668,0.8459041118621826,0.09728683531284332,0.6461656093597412,1.0,0.0,0.9744374752044678,0.0,0.54924076795578,1.0,0.9544210433959961,0.045578956604003906
1,3700,0.2979716658592224,0.19871366024017334,0.12847115099430084,0.00691974489018321,0.13764322916666666,0.2819986641407013,0.8472145797792968,0.08103496267311378,1.0,0.0,1.0,0.65,0.40091145833333336,0.444921875,0.12747395833333333,0.026041666666666668,0.8510202169418335,0.09578938782215118,0.6461656093597412,1.0,0.0,0.9744374752044678,0.0,0.54924076795578,1.0,0.9542945623397827,0.045705437660217285
1,3710,0.29554951190948486,0.19970664381980896,0.1329941600561142,0.007619277574121952,0.14813802083333333,0.2439495027065277,0.8758984276620341,0.05667407247250482,1.0,0.0,0.9390388257575757,0.6408558238636364,0.44049479166666666,0.46850260416666667,0.11466145833333333,0.023658854166666667,0.85540372133255,0.09512020647525787,0.6461656093597412,1.0,0.0,0.9744374752044678,0.0,0.54924076795578,1.0,0.9541728496551514,0.04582715034484863
1,3720,0.3090532720088959,0.2081744223833084,0.12059632688760757,0.007340741343796253,0.15420572916666667,0.31695061922073364,0.8477122579140975,0.06507066109699769,1.0,0.0,0.9994081439393938,0.6499112215909091,0.4093880208333333,0.4777473958333333,0.134296875,0.024986979166666666,0.861029863357544,0.09354151785373688,0.6461656093597412,1.0,0.0,0.9744374752044678,0.0,0.54924076795578,1.0,0.9540696144104004,0.04593038558959961
1,3730,0.3138602077960968,0.20684772729873657,0.1411008983850479,0.007252794224768877,0.14661458333333333,0.34668418765068054,0.8811790472180683,0.0654993715348242,1.0,0.0,0.8964251893939393,0.634463778409091,0.41173177083333334,0.4753645833333333,0.12529947916666667,0.022721354166666666,0.8644570708274841,0.09209057688713074,0.6461656093597412,1.0,0.0,0.9744374752044678,0.0,0.54924076795578,1.0,0.9540093541145325,0.04599064588546753
1,3740,0.29739344120025635,0.19197146594524384,0.12894853949546814,0.006228902377188206,0.15123697916666667,0.24937409162521362,0.8166847039041594,0.11758987292586791,1.0,0.0,1.0,0.65,0.43811197916666667,0.48390625,0.11384114583333334,0.025299479166666666,0.8666667938232422,0.09096546471118927,0.6461656093597412,1.0,0.0,0.9744374752044678,0.0,0.54924076795578,1.0,0.9540389776229858,0.04596102237701416
1,3750,0.3090616762638092,0.2014375776052475,0.13986052572727203,0.008599339984357357,0.15717447916666666,0.3609457015991211,0.9170253688692487,0.02080899437934885,1.0,0.0,0.9218749999999999,0.6382812499999999,0.4748828125,0.5113802083333333,0.10639322916666667,0.02328125,0.868033766746521,0.08998941630125046,0.6461656093597412,1.0,0.0,0.9744374752044678,0.0,0.54924076795578,1.0,0.95414799451828,0.04585200548171997
1,3760,0.312233567237854,0.21202115714550018,0.15529651939868927,0.009439308196306229,0.1641015625,0.31838709115982056,0.9534805680849613,0.009427083333333336,1.0,0.0,0.864464962121212,0.6296697443181818,0.47088541666666667,0.5234114583333334,0.12971354166666665,0.022018229166666667,0.8688504099845886,0.08998922258615494,0.6461021900177002,1.0,0.0,0.9740147590637207,0.0,0.5491868853569031,1.0,0.9543482065200806,0.045651793479919434
1,3770,0.3029590845108032,0.2098585069179535,0.18607968091964722,0.006733811926096678,0.1628515625,0.3575316071510315,0.931767106469125,0.08395655120301457,1.0,0.0,1.0,0.65,0.45760416666666665,0.446875,0.14002604166666666,0.030247395833333333,0.8722181916236877,0.089927539229393,0.646584153175354,1.0,0.0,0.9772276878356934,0.0,0.5495965480804443,1.0,0.9546550512313843,0.04534494876861572
1,3780,0.3344920873641968,0.23330719769001007,0.1671857237815857,0.007411421742290258,0.17989583333333334,0.32712990045547485,0.9298497254764266,0.06012063201012085,1.0,0.0,0.9094460227272726,0.6364169034090909,0.4672265625,0.48333333333333334,0.17186197916666668,0.0230078125,0.8723782300949097,0.09029929339885712,0.6461783647537231,1.0,0.0,0.9745219945907593,0.0,0.5492516160011292,1.0,0.9550378918647766,0.04496210813522339
1,3790,0.29308629035949707,0.2180332988500595,0.183035209774971,0.006264226045459509,0.16276041666666666,0.29827702045440674,0.9131658567243879,0.1102784022387006,1.0,0.0,1.0,0.65,0.43920572916666667,0.32100260416666665,0.16333333333333333,0.030794270833333335,0.8769499063491821,0.0871555507183075,0.6461783051490784,1.0,0.0,0.9745219945907593,0.0,0.5492515563964844,1.0,0.9555182456970215,0.044481754302978516
1,3800,0.2971116900444031,0.21406961977481842,0.17220596969127655,0.006344558671116829,0.16384114583333334,0.3543209433555603,0.9051629088730495,0.10176586876676333,1.0,0.0,1.0,0.65,0.470703125,0.3583854166666667,0.14733072916666667,0.0294921875,0.8765262365341187,0.08584494888782501,0.6461783647537231,1.0,0.0,0.9745219945907593,0.0,0.5492516160011292,1.0,0.956035315990448,0.043964684009552
1,3810,0.3194132447242737,0.22832070291042328,0.20902246236801147,0.006545871961861849,0.17325520833333333,0.29661574959754944,0.9270959084957515,0.0889442406613935,1.0,0.0,1.0,0.65,0.45243489583333335,0.39966145833333333,0.18518229166666667,0.02802083333333333,0.8765239119529724,0.08610337972640991,0.6461783051490784,1.0,0.0,0.974522054195404,0.0,0.5492515563964844,1.0,0.9566002488136292,0.04339975118637085
1,3820,0.31021279096603394,0.23183749616146088,0.24035507440567017,0.0067902738228440285,0.168671875,0.35207682847976685,0.9332081531230512,0.08238272135638122,1.0,0.0,1.0,0.65,0.47205729166666666,0.43752604166666664,0.18470052083333333,0.03204427083333333,0.8764083385467529,0.08634543418884277,0.6470494866371155,1.0,0.0012449744390323758,0.9774249196052551,0.0,0.5499920845031738,1.0,0.9572054147720337,0.04279458522796631
1,3830,0.30831968784332275,0.20952634513378143,0.14740872383117676,0.005127808079123497,0.14325520833333333,0.27879321575164795,0.8325242969891988,0.13492095117848416,1.0,0.0,1.0,0.65,0.3260416666666667,0.33838541666666666,0.17182291666666666,0.0289453125,0.8749157190322876,0.08780064433813095,0.6470536589622498,1.0,0.0012449744390323758,0.9774531126022339,0.0,0.5499956011772156,1.0,0.9578394293785095,0.04216057062149048
1,3840,0.2956698536872864,0.20251767337322235,0.1382945328950882,0.005901937372982502,0.1564453125,0.3128519356250763,0.8383383540770636,0.11038194831692914,1.0,0.0,1.0,0.65,0.32744791666666667,0.32635416666666667,0.14182291666666666,0.03470052083333333,0.8717554807662964,0.09034603834152222,0.6477935314178467,1.0,0.0012449744390323758,0.9823852181434631,0.0,0.5506244897842407,1.0,0.9584914445877075,0.04150855541229248
1,3850,0.3024424612522125,0.20655179023742676,0.13055461645126343,0.005873099435120821,0.157265625,0.26865726709365845,0.8266646838639059,0.10686445235065248,1.0,0.0,1.0,0.65,0.32317708333333334,0.295,0.15393229166666667,0.03278645833333333,0.8716054558753967,0.08909078687429428,0.6477935314178467,1.0,0.0012449744390323758,0.9823852777481079,0.0,0.5506244897842407,1.0,0.9591882228851318,0.040811777114868164
1,3860,0.3300026059150696,0.21063174307346344,0.1376667022705078,0.005843337159603834,0.168671875,0.30325353145599365,0.8411550595237641,0.1012657624104522,1.0,0.0,0.991122159090909,0.6486683238636364,0.34833333333333333,0.3618619791666667,0.195234375,0.0248046875,0.8713700771331787,0.09015779197216034,0.6483516097068787,1.0,0.0012449744390323758,0.9861055016517639,0.0,0.5510988831520081,1.0,0.9598785638809204,0.04012143611907959
1,3870,0.30141982436180115,0.19531255960464478,0.16163012385368347,0.005974329076707363,0.14610677083333334,0.30340445041656494,0.872846776617084,0.11499331155625303,1.0,0.0,1.0,0.65,0.35290364583333333,0.3625130208333333,0.1391015625,0.02578125,0.8671156764030457,0.0931355208158493,0.6493197083473206,1.0,0.0012449744390323758,0.992559552192688,0.0,0.5519217848777771,1.0,0.9605260491371155,0.03947395086288452
1,3880,0.31165415048599243,0.20266485214233398,0.14121605455875397,0.005404285620898008,0.15009114583333333,0.2911609411239624,0.8323440297331746,0.1207278689428114,1.0,0.0,0.9431818181818181,0.6414772727272727,0.32841145833333335,0.354765625,0.15983072916666666,0.02375,0.8635977506637573,0.09251601994037628,0.6493197083473206,1.0,0.0012449744390323758,0.992559552192688,0.0,0.5519217848777771,1.0,0.9611507058143616,0.03884929418563843
1,3890,0.3201507329940796,0.20338013768196106,0.1459088921546936,0.006232431158423424,0.16006510416666667,0.2573578953742981,0.8653298145405248,0.08982848771744305,1.0,0.0,1.0,0.65,0.3658203125,0.3759375,0.17088541666666668,0.027955729166666665,0.8617860078811646,0.09084770083427429,0.6503217220306396,1.0,0.0022598817013204098,0.9968716502189636,0.0,0.5527734756469727,1.0,0.9617761373519897,0.038223862648010254
1,3900,0.3194465935230255,0.1931701898574829,0.11359354853630066,0.0069292280822992325,0.163984375,0.26031628251075745,0.8184029357311425,0.08020781553009664,1.0,0.0,1.0,0.65,0.37451822916666666,0.369296875,0.15923177083333334,0.0263671875,0.8600749373435974,0.08701790869235992,0.6505504846572876,1.0,0.0037349234335124493,0.9949551224708557,0.0,0.55296790599823,1.0,0.9623701572418213,0.03762984275817871
1,3910,0.3428907096385956,0.19899185001850128,0.1345299780368805,0.006246719043701887,0.15299479166666666,0.27297699451446533,0.847165918637759,0.08646186752381123,1.0,0.0,1.0,0.65,0.31876302083333335,0.3471875,0.187578125,0.026627604166666666,0.8597805500030518,0.08366341888904572,0.6509531736373901,1.0,0.006624634377658367,0.9908967614173889,0.0,0.553310215473175,1.0,0.9629529714584351,0.03704702854156494
1,3920,0.3496300280094147,0.2126615345478058,0.1373465657234192,0.006974365562200546,0.17647135416666668,0.25892746448516846,0.8734709752757822,0.06175714749388578,1.0,0.026144462719298208,1.0,0.6591505619517544,0.3285546875,0.36205729166666667,0.20993489583333333,0.028059895833333334,0.8572509288787842,0.08088497817516327,0.6496496200561523,1.0,0.006813909858465195,0.9817652702331543,0.0,0.5522021651268005,1.0,0.9635329246520996,0.03646707534790039
1,3930,0.33436495065689087,0.19567637145519257,0.1207064539194107,0.006217869929969311,0.16399739583333334,0.27765098214149475,0.8163673047000092,0.09563011008246644,1.0,0.0,1.0,0.65,0.3511328125,0.3686979166666667,0.155390625,0.026744791666666667,0.8575597405433655,0.07696198672056198,0.6509619951248169,1.0,0.010563517920672894,0.9817652702331543,0.0,0.5533177256584167,1.0,0.9641062021255493,0.035893797874450684
1,3940,0.33061039447784424,0.18622803688049316,0.13079966604709625,0.0062276520766317844,0.163515625,0.2501934766769409,0.8148139039116716,0.118952710340481,1.0,0.0,1.0,0.65,0.381328125,0.3746744791666667,0.17283854166666668,0.025768229166666667,0.8613600134849548,0.07053717970848083,0.6511284112930298,1.0,0.012017348781228065,0.9794822931289673,0.0,0.5534591674804688,1.0,0.9646443724632263,0.03535562753677368
1,3950,0.3277774751186371,0.1871444135904312,0.11573626846075058,0.007061830256134272,0.17856770833333332,0.23979990184307098,0.8135351439056601,0.09122950699543805,1.0,0.0,1.0,0.65,0.3876822916666667,0.36291666666666667,0.18188802083333333,0.029283854166666668,0.8654829859733582,0.06528089940547943,0.6515381932258606,1.0,0.013683296740055084,0.9783267974853516,0.0,0.5538074970245361,1.0,0.9652101993560791,0.0347898006439209
1,3960,0.3388024866580963,0.20977941155433655,0.15052101016044617,0.007582513615489006,0.1730078125,0.2725026309490204,0.9120823562217922,0.043216048308262006,1.0,0.0,1.0,0.65,0.3227734375,0.38440104166666667,0.17194010416666666,0.02640625,0.8700857162475586,0.06019211560487747,0.6514657735824585,1.0,0.01542104035615921,0.9737892150878906,0.0,0.5537459254264832,1.0,0.9657870531082153,0.03421294689178467
1,3970,0.3346858322620392,0.21065449714660645,0.1369449496269226,0.006667775101959705,0.15893229166666667,0.2599834203720093,0.8641382021914366,0.07195945234540192,1.0,0.0,1.0,0.65,0.3214453125,0.3845442708333333,0.16095052083333333,0.026901041666666667,0.8757661581039429,0.05536993592977524,0.6503088474273682,1.0,0.015980705618858337,0.9647705554962158,0.0,0.552762508392334,1.0,0.9663593769073486,0.03364062309265137
1,3980,0.3408503830432892,0.19691108167171478,0.13255316019058228,0.006926229223608971,0.171484375,0.2527952492237091,0.8578897588209408,0.07094701461312251,1.0,0.0,1.0,0.65,0.3165625,0.3805208333333333,0.1925390625,0.027135416666666665,0.8771869540214539,0.0498940609395504,0.6503088474273682,1.0,0.015980705618858337,0.964770495891571,0.0,0.552762508392334,1.0,0.9668121337890625,0.0331878662109375
1,3990,0.3454574942588806,0.2025681883096695,0.1291104257106781,0.00817718356847763,0.1786328125,0.266907274723053,0.8918036191749751,0.02508586681470637,1.0,0.02131304824561401,1.0,0.657459566885965,0.31807291666666665,0.3578515625,0.20809895833333333,0.030234375,0.8793657422065735,0.04620969295501709,0.650714635848999,1.0,0.015980705618858337,0.9674761295318604,0.0,0.5531074404716492,1.0,0.967289388179779,0.03271061182022095
1,4000,0.3500480651855469,0.197834312915802,0.12272343784570694,0.008198415860533714,0.16865885416666668,0.2765411138534546,0.8772331431720538,0.029852758547881785,1.0,0.03097587719298241,0.9597537878787877,0.654804625199362,0.33338541666666666,0.35822916666666665,0.21177083333333332,0.02411458333333333,0.88225257396698,0.04193214699625969,0.6507146954536438,1.0,0.015980705618858337,0.9674761295318604,0.0,0.553107500076294,1.0,0.9677431583404541,0.0322568416595459
1,4010,0.3586658239364624,0.20123939216136932,0.13659454882144928,0.007972645573318005,0.17110677083333334,0.26091060042381287,0.8989814535373258,0.03132178130128033,1.0,0.060683936403508734,0.9147727272727272,0.6584552868321372,0.32415364583333334,0.3854036458333333,0.22305989583333333,0.023125,0.8889436721801758,0.03849010542035103,0.6517660617828369,1.0,0.018984634429216385,0.9674760699272156,0.0,0.5540011525154114,1.0,0.9681615829467773,0.031838417053222656
1,4020,0.3580235540866852,0.19403956830501556,0.12073636800050735,0.008485179394483566,0.16305989583333333,0.2687486708164215,0.8739745761551955,0.030596829405645072,1.0,0.003974780701754351,0.8082386363636364,0.6226269687001594,0.30625,0.40377604166666664,0.20151041666666666,0.02078125,0.8935637474060059,0.03452291339635849,0.6531224846839905,1.0,0.025795280933380127,0.9606274962425232,0.0,0.5551541447639465,1.0,0.9685574769973755,0.03144252300262451
1,4030,0.36050859093666077,0.20459389686584473,0.14436349272727966,0.009988359175622463,0.19153645833333333,0.2402336597442627,0.9396920646153962,0.0,1.0,0.07874177631578945,1.0,0.6775596217105263,0.32678385416666667,0.3912630208333333,0.229921875,0.027213541666666667,0.8963173627853394,0.03217446431517601,0.6530767679214478,1.0,0.029324613511562347,0.9520878791809082,0.0,0.555115282535553,1.0,0.968928337097168,0.03107166290283203
1,4040,0.36285361647605896,0.20915238559246063,0.12819495797157288,0.01020357571542263,0.18216145833333333,0.24850086867809296,0.9123299288749694,0.0,1.0,0.03053042763157894,0.9520596590909091,0.653494598534689,0.3098046875,0.39498697916666664,0.2116015625,0.0239453125,0.9001601934432983,0.030163291841745377,0.6519797444343567,1.0,0.031770508736371994,0.939067006111145,0.0,0.5541828274726868,1.0,0.9693009853363037,0.03069901466369629
1,4050,0.36277320981025696,0.2092067301273346,0.13563475012779236,0.010957862250506878,0.1826953125,0.28389471769332886,0.9249203463701102,0.0,1.0,0.034984923245613996,0.9757339015151515,0.6586048083632376,0.31018229166666667,0.3787760416666667,0.21329427083333333,0.024466145833333335,0.9039309024810791,0.025787655264139175,0.6513481736183167,1.0,0.0369233638048172,0.922833263874054,0.0,0.5536459684371948,1.0,0.9696863889694214,0.030313611030578613
1,4060,0.36825433373451233,0.21808816492557526,0.13469091057777405,0.010426055639982224,0.18752604166666667,0.29139140248298645,0.9233230794393098,0.0,1.0,0.0364925986842105,0.9047111742424242,0.6484790856758373,0.2858203125,0.4070052083333333,0.2138671875,0.022903645833333333,0.9079440832138062,0.023219279944896698,0.6502487659454346,1.0,0.040836140513420105,0.9063740372657776,0.0,0.5527114868164062,1.0,0.9700809121131897,0.029919087886810303
1,4070,0.37025153636932373,0.20908769965171814,0.15662546455860138,0.011873572133481503,0.2033203125,0.2828412652015686,0.9604430938684022,0.0,1.0,0.01175301535087717,0.8017282196969696,0.6243727883273524,0.31203125,0.4326171875,0.20446614583333333,0.020638020833333333,0.908714234828949,0.02351253852248192,0.6463213562965393,1.0,0.040836140513420105,0.880191445350647,0.0,0.5493731498718262,1.0,0.970488429069519,0.029511570930480957
1,4080,0.34492892026901245,0.2145792692899704,0.12249552458524704,0.010134031996130943,0.181875,0.26979151368141174,0.902684733913495,0.0,1.0,0.0,1.0,0.65,0.32548177083333335,0.35649739583333334,0.16029947916666668,0.02671875,0.9095431566238403,0.023074880242347717,0.642884373664856,1.0,0.040836140513420105,0.8572781682014465,0.0,0.54645174741745,1.0,0.9709459543228149,0.02905404567718506
1,4090,0.30487024784088135,0.19916804134845734,0.12864987552165985,0.00790381245315075,0.1830078125,0.3197925388813019,0.8780980108588567,0.04335615144472136,1.0,0.0,1.0,0.65,0.405078125,0.2938541666666667,0.1446875,0.035859375,0.911678671836853,0.02223910391330719,0.6402016282081604,1.0,0.043329350650310516,0.8335757255554199,0.0,0.5441713929176331,1.0,0.9713020324707031,0.028697967529296875
1,4100,0.34041815996170044,0.20736579596996307,0.13624495267868042,0.009899886325001717,0.179453125,0.2657669484615326,0.9259529968408439,0.0,1.0,0.0,1.0,0.65,0.35174479166666667,0.3233723958333333,0.1898828125,0.0278125,0.9135980606079102,0.02298615872859955,0.636887788772583,1.0,0.043693214654922485,0.8106342554092407,0.0,0.5413546562194824,1.0,0.9716607332229614,0.028339266777038574
1,4110,0.37992751598358154,0.19683001935482025,0.15946921706199646,0.013796494342386723,0.18815104166666666,0.2601678967475891,0.9589156368145576,0.007924951612949404,1.0,0.06308251096491226,1.0,0.6720788788377193,0.34032552083333334,0.4249609375,0.22397135416666666,0.025872395833333332,0.9176032543182373,0.02326708659529686,0.6337355375289917,1.0,0.04496593028306961,0.7866500020027161,0.0,0.5386752486228943,1.0,0.9721744656562805,0.027825534343719482
1,4120,0.3956572711467743,0.1987396478652954,0.1485091894865036,0.012629707343876362,0.19110677083333333,0.2488708794116974,0.9441871548615969,0.003150880336761491,1.0,0.14302357456140347,0.8561789772727272,0.6784850976874003,0.32776041666666667,0.424609375,0.2543489583333333,0.0218359375,0.9212549924850464,0.021982133388519287,0.6325230598449707,1.0,0.042794160544872284,0.78363436460495,0.0,0.537644624710083,1.0,0.9727026224136353,0.027297377586364746
1,4130,0.3959108591079712,0.19502413272857666,0.14528387784957886,0.013820893131196499,0.19666666666666666,0.2475028783082962,0.931297904894902,0.012439668178558383,1.0,0.10026041666666664,0.8206676136363635,0.6581912878787878,0.32950520833333335,0.48028645833333333,0.23809895833333333,0.0210546875,0.9263168573379517,0.02169925346970558,0.6341555118560791,1.0,0.04576708376407623,0.7875800132751465,0.0,0.5390322208404541,1.0,0.9732253551483154,0.02677464485168457
1,4140,0.39030444622039795,0.17864179611206055,0.14441683888435364,0.010959443636238575,0.17873697916666667,0.23567631840705872,0.8970659349514888,0.05339550971984866,1.0,0.05136376096491225,0.7265625,0.6269616913377193,0.3164453125,0.5167578125,0.21951822916666666,0.018984375,0.9281129837036133,0.023043954744935036,0.6320960521697998,1.0,0.04636918008327484,0.7724454402923584,0.0,0.5372816324234009,1.0,0.9737058877944946,0.02629411220550537
1,4150,0.40618792176246643,0.18917427957057953,0.13015756011009216,0.014015249907970428,0.19647135416666667,0.2443750500679016,0.8939998147120841,0.027064301073551192,1.0,0.10820997807017542,0.6590909090909092,0.6367371286881978,0.3349479166666667,0.498359375,0.24111979166666667,0.0175,0.9322876930236816,0.023043952882289886,0.6288477182388306,1.0,0.044915348291397095,0.7541824579238892,0.0,0.5345205664634705,1.0,0.9740906953811646,0.02590930461883545
1,4160,0.4016244113445282,0.1850825399160385,0.13724617660045624,0.012037713080644608,0.17833333333333334,0.2416924089193344,0.8978124556174644,0.03729365020990375,1.0,0.08216831140350878,0.6543560606060606,0.6269123180821371,0.3016536458333333,0.4951041666666667,0.23122395833333334,0.017395833333333333,0.9358629584312439,0.023043952882289886,0.6259818077087402,1.0,0.04324939846992493,0.7389633655548096,0.0,0.5320845246315002,1.0,0.9743983745574951,0.025601625442504883
1,4170,0.4063187837600708,0.18025019764900208,0.16094596683979034,0.014917303808033466,0.21694010416666668,0.25846120715141296,0.9282551084114955,0.049374505877494826,1.0,0.0,0.4501657196969696,0.5675248579545454,0.379921875,0.6063541666666666,0.19893229166666668,0.012903645833333333,0.9367554783821106,0.025093398988246918,0.6235345602035522,1.0,0.0415116585791111,0.726703405380249,0.0,0.5300043821334839,1.0,0.9746286273002625,0.02537137269973755
1,4180,0.3985911011695862,0.17489255964756012,0.13967598974704742,0.013554278761148453,0.1887890625,0.24978667497634888,0.8815444865593544,0.06276860088109973,1.0,0.0,0.5188210227272726,0.5778231534090909,0.348515625,0.5036197916666667,0.19611979166666665,0.0144140625,0.9327940940856934,0.02735535055398941,0.6228017807006836,1.0,0.040951989591121674,0.7231241464614868,0.0,0.529381513595581,1.0,0.9748150110244751,0.025184988975524902
1,4190,0.40602415800094604,0.17864172160625458,0.14776791632175446,0.012197863310575485,0.18311197916666666,0.2464606910943985,0.902736840064709,0.05339569598436359,1.0,0.05235745614035089,0.502249053030303,0.5936624676036683,0.355703125,0.544453125,0.21989583333333335,0.014049479166666667,0.9304766654968262,0.03234514966607094,0.6197832822799683,1.0,0.040951989591121674,0.7030010223388672,0.0,0.5268158316612244,1.0,0.9749962091445923,0.025003790855407715
1,4200,0.4107818305492401,0.1836903840303421,0.15915846824645996,0.012975335121154785,0.18569010416666668,0.24874639511108398,0.9321104835546933,0.04077403992414476,1.0,0.028954221491228036,0.5182291666666666,0.5878683525219298,0.33954427083333333,0.5460807291666666,0.21100260416666666,0.014401041666666666,0.9301639795303345,0.03413904458284378,0.6175300478935242,1.0,0.040951989591121674,0.6879791021347046,0.0,0.5249005556106567,1.0,0.975192666053772,0.024807333946228027
1,4210,0.41259369254112244,0.18569910526275635,0.17405812442302704,0.01406018529087305,0.1940234375,0.2482953667640686,0.961342728779866,0.035752236843109166,1.0,0.05770285087719295,0.45608428030303017,0.588608639852472,0.33493489583333336,0.5463020833333333,0.22192708333333333,0.013033854166666666,0.9260005950927734,0.037966735661029816,0.6159278154373169,1.0,0.040951989591121674,0.6772975921630859,0.0,0.5235386490821838,1.0,0.9753880500793457,0.024611949920654297
1,4220,0.3844612240791321,0.19826488196849823,0.16767193377017975,0.01248906459659338,0.19471354166666666,0.27172359824180603,0.9756668826249929,0.004337795078754458,1.0,0.01507675438596486,0.8514441287878788,0.6329934833532694,0.37890625,0.5009114583333333,0.20572916666666666,0.021731770833333334,0.923001766204834,0.039962638169527054,0.6126358509063721,1.0,0.037948064506053925,0.6623602509498596,0.0,0.5207405090332031,1.0,0.9755780696868896,0.02442193031311035
1,4230,0.38661226630210876,0.19013746082782745,0.18503165245056152,0.012846482917666435,0.20721354166666667,0.263751745223999,0.9802749216556549,0.02465634793043138,1.0,0.06640624999999994,0.8910984848484849,0.6569069602272727,0.39688802083333335,0.5048958333333333,0.225234375,0.022604166666666668,0.9200921058654785,0.043515894562006,0.6099223494529724,1.0,0.031137414276599884,0.6601619124412537,0.0,0.5184339880943298,1.0,0.9757509827613831,0.024249017238616943
1,4240,0.4038868844509125,0.18870452046394348,0.1926514357328415,0.013307586312294006,0.19921875,0.2496812641620636,0.9774090409278869,0.028238698840141328,1.0,0.0913856907894737,0.6821732954545455,0.6343109860944975,0.3811979166666667,0.550703125,0.2347265625,0.0180078125,0.9187352657318115,0.044573184102773666,0.6079919934272766,1.0,0.02727685123682022,0.6563007235527039,0.0,0.5167931914329529,1.0,0.9759242534637451,0.024075746536254883
1,4250,0.3997916579246521,0.21425575017929077,0.18647947907447815,0.012180737219750881,0.18671875,0.2782961130142212,0.9999999999999999,0.0,1.0,0.0,0.5685369318181818,0.5852805397727272,0.408984375,0.5459505208333333,0.16553385416666666,0.0155078125,0.9168609380722046,0.045094892382621765,0.6095144748687744,1.0,0.028329286724328995,0.6639949083328247,0.0,0.5180873274803162,1.0,0.9760564565658569,0.023943543434143066
1,4260,0.400590717792511,0.21704307198524475,0.19872820377349854,0.014301979914307594,0.1948828125,0.2784017324447632,0.9999999999999999,0.0,1.0,0.0,0.6561316287878787,0.5984197443181818,0.398359375,0.5553255208333333,0.16466145833333334,0.017434895833333332,0.9188173413276672,0.045377232134342194,0.610083818435669,1.0,0.026416953653097153,0.6722527146339417,0.0,0.5185712575912476,1.0,0.9761755466461182,0.023824453353881836
1,4270,0.3903134763240814,0.18278467655181885,0.16611187160015106,0.011844819411635399,0.18442708333333332,0.2587948441505432,0.9420663665808163,0.043038308620452895,1.0,0.0,0.6472537878787878,0.5970880681818181,0.3645703125,0.5052994791666666,0.15923177083333334,0.017239583333333332,0.9201560020446777,0.04501645267009735,0.6108033657073975,1.0,0.025175243616104126,0.679946780204773,0.0,0.5191828608512878,1.0,0.9762588739395142,0.02374112606048584
1,4280,0.38642996549606323,0.18099959194660187,0.1299232542514801,0.011255973018705845,0.18561197916666666,0.2661823630332947,0.8772539218572469,0.04750102013349536,1.0,0.0,0.7265625,0.608984375,0.3507161458333333,0.5134244791666667,0.16020833333333334,0.018984375,0.9219910502433777,0.0427497923374176,0.6169340014457703,1.0,0.03147027641534805,0.7061294317245483,0.0,0.5243939161300659,1.0,0.9763389229774475,0.02366107702255249
1,4290,0.39232558012008667,0.16994450986385345,0.1446748971939087,0.008027576841413975,0.17509114583333332,0.23578841984272003,0.8540186747016759,0.10478577285823298,1.0,0.0,0.5774147727272726,0.5866122159090909,0.35087239583333335,0.49506510416666666,0.19397135416666667,0.015703125,0.9241167306900024,0.04194752126932144,0.6214688420295715,1.0,0.03774736449122429,0.721714973449707,0.0,0.5282485485076904,1.0,0.9764106273651123,0.023589372634887695
1,4300,0.38703182339668274,0.16758882999420166,0.14239159226417542,0.00923499558120966,0.18596354166666668,0.2396300733089447,0.8715326622816232,0.08102792501449585,1.0,0.0,0.6845407196969696,0.6026811079545454,0.38071614583333335,0.51421875,0.18053385416666667,0.018059895833333332,0.9276189208030701,0.039404869079589844,0.62628173828125,1.0,0.04134032875299454,0.7454173564910889,0.0,0.5323395133018494,1.0,0.976474404335022,0.023525595664978027
1,4310,0.3717000186443329,0.17836256325244904,0.12382220476865768,0.00813775509595871,0.15591145833333334,0.25052767992019653,0.8385216116334887,0.08038154626038016,1.0,0.0,0.775686553030303,0.6163529829545454,0.34782552083333335,0.4885546875,0.1883984375,0.020065104166666667,0.928136944770813,0.03746325150132179,0.6310511827468872,1.0,0.045920468866825104,0.7665268778800964,0.0,0.5363935232162476,1.0,0.9765172004699707,0.023482799530029297
1,4320,0.38340961933135986,0.18006445467472076,0.14207054674625397,0.009776306338608265,0.18287760416666668,0.24516205489635468,0.895940603843102,0.04983886331319812,1.0,0.0,0.686316287878788,0.6029474431818181,0.3579296875,0.4903125,0.194765625,0.018098958333333335,0.9272338151931763,0.03576076775789261,0.6368117332458496,1.0,0.051278918981552124,0.792427659034729,0.0,0.5412899851799011,1.0,0.9765368700027466,0.023463129997253418
1,4330,0.3694351315498352,0.18326623737812042,0.14937563240528107,0.007821336388587952,0.15794270833333332,0.2482404112815857,0.8830839396462432,0.07776927275628576,1.0,0.0,0.8100142045454545,0.6215021306818181,0.353984375,0.4456640625,0.18752604166666667,0.0208203125,0.9250641465187073,0.036097727715969086,0.6401309370994568,1.0,0.05773059278726578,0.7995017766952515,0.0,0.5441113114356995,1.0,0.9765383005142212,0.02346169948577881
1,4340,0.3809572160243988,0.1861429214477539,0.1389424353837967,0.00938867125660181,0.17072916666666665,0.24674254655838013,0.9028038104680868,0.03464269638061526,1.0,0.019188596491228078,0.7395833333333334,0.6176535087719298,0.3459375,0.4679296875,0.20729166666666668,0.019270833333333334,0.9204889535903931,0.03724704310297966,0.6410692930221558,1.0,0.05818909406661987,0.8046875,0.0,0.5449089407920837,1.0,0.976486325263977,0.02351367473602295
1,4350,0.3738683760166168,0.19086290895938873,0.12829892337322235,0.007638516370207071,0.1610546875,0.23735813796520233,0.8577040786628819,0.06435137485131258,1.0,0.0734649122807017,0.8881392045454544,0.6589335999800637,0.2978515625,0.37049479166666666,0.22791666666666666,0.0225390625,0.9126067161560059,0.04088518023490906,0.6418163776397705,1.0,0.05383739620447159,0.8198221325874329,0.0,0.545543909072876,1.0,0.9764474034309387,0.02355259656906128
1,4360,0.38661763072013855,0.18680261075496674,0.15723833441734314,0.0097667770460248,0.18763020833333333,0.2374417632818222,0.935085479754668,0.03299347311258317,1.0,0.06805098684210524,0.8325047348484849,0.6486935556220096,0.33634114583333335,0.46484375,0.225859375,0.021315104166666668,0.9071179032325745,0.04321558028459549,0.6460142135620117,1.0,0.05702570453286171,0.8403680324554443,0.0,0.54911208152771,1.0,0.9764004349708557,0.023599565029144287
1,4370,0.38025233149528503,0.18811310827732086,0.15027612447738647,0.009522869251668453,0.17841145833333333,0.24242858588695526,0.9259242733625265,0.029717229306697884,1.0,0.05609237938596489,0.8159327651515151,0.642022247557815,0.33272135416666665,0.45984375,0.22131510416666667,0.020950520833333333,0.9020041823387146,0.045589372515678406,0.6487936973571777,1.0,0.057949237525463104,0.8567426800727844,0.0,0.5514746308326721,1.0,0.9763683080673218,0.023631691932678223
1,4380,0.38789036870002747,0.19929009675979614,0.16121560335159302,0.009981605224311352,0.18,0.23820434510707855,0.9667912145761343,0.0017747581005096657,1.0,0.13219572368421054,1.0,0.6962685032894737,0.32381510416666665,0.43701822916666666,0.250234375,0.025924479166666667,0.90175461769104,0.04391397535800934,0.65146803855896,1.0,0.058391422033309937,0.8735401630401611,0.0,0.553747832775116,1.0,0.9763727784156799,0.02362722158432007
1,4390,0.39053845405578613,0.19390377402305603,0.159539595246315,0.007993683218955994,0.17359375,0.23139342665672302,0.9261835047876633,0.04592095460833574,1.0,0.13181880482456132,0.8461174242424242,0.67305419532496,0.31375,0.4729296875,0.2500911458333333,0.021614583333333333,0.9039392471313477,0.0425136461853981,0.654164731502533,1.0,0.0605158731341362,0.8865609169006348,0.0,0.5560400485992432,1.0,0.9764801859855652,0.023519814014434814
1,4400,0.38442757725715637,0.21694286167621613,0.16598518192768097,0.010704483836889267,0.19618489583333334,0.24764734506607056,0.9762826155699217,0.0,1.0,0.12780975877192982,1.0,0.6947334155701754,0.3155208333333333,0.4152734375,0.24856770833333333,0.0263671875,0.9081140756607056,0.03752385079860687,0.6587119698524475,1.0,0.06488388776779175,0.9066840410232544,0.0,0.5599051713943481,1.0,0.9765725135803223,0.023427486419677734
1,4410,0.3826363682746887,0.201939657330513,0.14631186425685883,0.00968132819980383,0.18981770833333333,0.24326324462890625,0.9429893087423765,0.0,1.0,0.12513706140350878,0.9615293560606061,0.688027374900319,0.3092447916666667,0.4037630208333333,0.24755208333333334,0.024153645833333334,0.9110022187232971,0.033665381371974945,0.6624734997749329,1.0,0.06919316947460175,0.9217059016227722,0.0,0.5631024837493896,1.0,0.9766514897346497,0.023348510265350342
1,4420,0.3821258544921875,0.20564967393875122,0.14595074951648712,0.009172693826258183,0.1812109375,0.24426431953907013,0.9423781914894397,0.0,1.0,0.17023026315789477,1.0,0.7095805921052631,0.32359375,0.4131640625,0.2646875,0.025026041666666665,0.9166420102119446,0.02983768656849861,0.6667889952659607,1.0,0.07694529742002487,0.9323874711990356,0.0,0.5667706727981567,1.0,0.9767324328422546,0.02326756715774536
1,4430,0.38016805052757263,0.20257502794265747,0.14463283121585846,0.008625621907413006,0.1917578125,0.2474115788936615,0.9301035779225334,0.01141396623740834,1.0,0.15056195175438594,1.0,0.7026966831140351,0.3230859375,0.4095703125,0.25721354166666666,0.028294270833333333,0.9190988540649414,0.027464406564831734,0.6714047193527222,1.0,0.08373147249221802,0.947324812412262,0.0,0.5706940293312073,1.0,0.9768182635307312,0.0231817364692688
1,4440,0.37178927659988403,0.2022715061903,0.1369411051273346,0.007399620953947306,0.179453125,0.254926860332489,0.8841941021881844,0.04879204408697238,1.0,0.07603481359649118,1.0,0.6766121847587719,0.30932291666666667,0.4148307291666667,0.22889322916666666,0.025911458333333335,0.9213624596595764,0.02376110851764679,0.6729570627212524,1.0,0.08558179438114166,0.953356146812439,0.0,0.5720134973526001,1.0,0.976910412311554,0.023089587688446045
1,4450,0.35590890049934387,0.1933777779340744,0.12246950715780258,0.006110844202339649,0.16328125,0.24307149648666382,0.8118823242542555,0.10463957338616615,1.0,0.0,1.0,0.65,0.3039322916666667,0.4123828125,0.18494791666666666,0.027252604166666666,0.9198205471038818,0.025087762624025345,0.6742563843727112,1.0,0.08466805517673492,0.9641504287719727,0.0,0.5731179714202881,1.0,0.9770171642303467,0.02298283576965332
1,4460,0.36156660318374634,0.20282012224197388,0.1373370885848999,0.007394819054752588,0.17188802083333332,0.24206148087978363,0.8847353965976391,0.04893844345266499,1.0,0.06695449561403505,1.0,0.6734340734649122,0.28682291666666665,0.37615885416666667,0.22544270833333332,0.0292578125,0.9224633574485779,0.023329276591539383,0.6744083762168884,1.0,0.08281935006380081,0.9694771766662598,0.0,0.5732471346855164,1.0,0.9771620035171509,0.02283799648284912
1,4470,0.3591116964817047,0.2008252590894699,0.14246556162834167,0.007364931050688028,0.17890625,0.2482084333896637,0.8926124776990675,0.04984966308877961,1.0,0.019394188596491193,1.0,0.656787966008772,0.2956770833333333,0.3767578125,0.20736979166666666,0.030911458333333332,0.9213519096374512,0.022561509162187576,0.6749576926231384,1.0,0.0809706598520279,0.9774531126022339,0.0,0.5737140774726868,1.0,0.9773114323616028,0.022688567638397217
1,4480,0.36254173517227173,0.20344536006450653,0.14675472676753998,0.008742359466850758,0.17838541666666666,0.2528870105743408,0.936826461388906,0.007854894303330529,1.0,0.009285910087719253,1.0,0.6532500685307018,0.30796875,0.43111979166666664,0.20352864583333333,0.025598958333333335,0.9209481477737427,0.021290620788931847,0.675337553024292,1.0,0.07829958945512772,0.986218273639679,0.0,0.5740369558334351,1.0,0.9774662852287292,0.022533714771270752
1,4490,0.36975276470184326,0.20757165551185608,0.143985316157341,0.008406511507928371,0.1885546875,0.2592328190803528,0.9231292115146291,0.01809416134364719,1.0,0.044613486842105234,1.0,0.6656147203947369,0.33110677083333334,0.438984375,0.216953125,0.026106770833333334,0.9205610752105713,0.02120610885322094,0.6731577515602112,1.0,0.07207145541906357,0.9862182140350342,0.0,0.5721840858459473,1.0,0.977620005607605,0.02237999439239502
1,4500,0.36296316981315613,0.20418187975883484,0.14554451406002045,0.009207651019096375,0.17592447916666668,0.2576335370540619,0.941690716101573,0.0,1.0,0.09172834429824561,1.0,0.682104920504386,0.27705729166666665,0.3892317708333333,0.23485677083333334,0.026783854166666666,0.9208453297615051,0.019019396975636482,0.6734962463378906,1.0,0.06989805400371552,0.9935460090637207,0.0,0.5724717974662781,1.0,0.9778950810432434,0.022104918956756592
1,4510,0.369439959526062,0.21568959951400757,0.13992612063884735,0.009691025130450726,0.1776953125,0.25599348545074463,0.932182665696511,0.0,1.0,0.09049479166666662,1.0,0.6816731770833333,0.26244791666666667,0.38459635416666665,0.23438802083333332,0.026901041666666667,0.9190347194671631,0.019019396975636482,0.6722398400306702,1.0,0.06630834937095642,0.9935460090637207,0.0,0.5714038610458374,1.0,0.9781753420829773,0.021824657917022705
1,4520,0.36931464076042175,0.21405237913131714,0.1545657515525818,0.009525026194751263,0.1794921875,0.24879620969295502,0.956957425704369,0.0,1.0,0.1627946820175438,1.0,0.7069781387061403,0.2799479166666667,0.3909765625,0.26186197916666665,0.026315104166666665,0.9191197156906128,0.019019395112991333,0.6726751327514648,1.0,0.06676685065031052,0.9953778982162476,0.0,0.571773886680603,1.0,0.9783005714416504,0.02169942855834961
1,4530,0.370468407869339,0.21544717252254486,0.14899815618991852,0.009225328452885151,0.1876953125,0.24769343435764313,0.9475353412444775,0.0,1.0,0.14250959429824558,1.0,0.699878358004386,0.30765625,0.4372916666666667,0.25415364583333333,0.027317708333333333,0.9203245639801025,0.019019395112991333,0.6720817685127258,1.0,0.06507153809070587,0.9953779578208923,0.0,0.5712695121765137,1.0,0.9784001708030701,0.02159982919692993
1,4540,0.3605983555316925,0.20435380935668945,0.13900209963321686,0.009329784661531448,0.175625,0.25115126371383667,0.9306189378408286,0.0,1.0,0.03885690789473679,0.9366714015151514,0.6541006279904306,0.29227864583333335,0.4223828125,0.214765625,0.023606770833333332,0.9179647564888,0.022157732397317886,0.6698521971702576,1.0,0.05870144069194794,0.9953779578208923,0.0,0.5693743824958801,1.0,0.9784994125366211,0.021500587463378906
1,4550,0.34343209862709045,0.18944348394870758,0.1346864551305771,0.007815553806722164,0.17020833333333332,0.266276091337204,0.8704246826514629,0.06250245455743335,1.0,0.0,0.9662642045454545,0.6449396306818181,0.3385286458333333,0.44102864583333334,0.17044270833333333,0.0242578125,0.9186041355133057,0.022765953093767166,0.6693707704544067,1.0,0.057325929403305054,0.9953779578208923,0.0,0.5689651966094971,1.0,0.9786468148231506,0.021353185176849365
1,4560,0.3590402901172638,0.19876424968242645,0.14282454550266266,0.008201850578188896,0.1760546875,0.2497974932193756,0.9132024267785545,0.02742319962963825,1.0,0.034642269736842084,1.0,0.6621247944078947,0.34186197916666666,0.4340234375,0.2131640625,0.026536458333333332,0.9236571788787842,0.02074003405869007,0.6717464923858643,1.0,0.06411373615264893,0.9953779578208923,0.0,0.5709845423698425,1.0,0.9788680672645569,0.021131932735443115
1,4570,0.3604141175746918,0.1945338249206543,0.13597619533538818,0.00889487937092781,0.18829427083333333,0.2550092935562134,0.9117455170022614,0.016870334926174912,1.0,0.029228344298245622,1.0,0.660229920504386,0.34520833333333334,0.44471354166666666,0.21110677083333335,0.028671875,0.9288705587387085,0.018722569569945335,0.6729503273963928,1.0,0.0675533264875412,0.9953779578208923,0.0,0.5720077753067017,1.0,0.9791452884674072,0.020854711532592773
1,4580,0.3391774594783783,0.1987885683774948,0.13264872133731842,0.009592553600668907,0.19126302083333332,0.2550416588783264,0.9174442036335285,0.0030285790562629865,1.0,0.0,1.0,0.65,0.3272395833333333,0.38580729166666666,0.19395833333333334,0.03234375,0.9339842796325684,0.01634877547621727,0.6743917465209961,1.0,0.07167169451713562,0.9953778982162476,0.0,0.5732330083847046,1.0,0.9794438481330872,0.020556151866912842
1,4590,0.35271769762039185,0.2145349681377411,0.15557433664798737,0.009222932159900665,0.19149739583333333,0.26153168082237244,0.9586642620196709,0.0,1.0,0.0014048793859648765,1.0,0.6504917077850877,0.341484375,0.4391276041666667,0.20053385416666666,0.0284375,0.9345078468322754,0.015974733978509903,0.6742666959762573,1.0,0.07131435722112656,0.9953778982162476,0.0,0.5731267333030701,1.0,0.9797166585922241,0.02028334140777588
1,4600,0.35496824979782104,0.20290322601795197,0.1399078220129013,0.009450631216168404,0.19427083333333334,0.25179627537727356,0.9321516987910637,0.0,1.0,0.08617735745614036,1.0,0.6801620751096491,0.2834765625,0.3602213541666667,0.23274739583333334,0.033190104166666665,0.9357015490531921,0.015113107860088348,0.6735231876373291,1.0,0.06918990612030029,0.9953778982162476,0.0,0.5724947452545166,1.0,0.9799773097038269,0.020022690296173096
1,4610,0.35776442289352417,0.21505853533744812,0.14351767301559448,0.010449704714119434,0.20614583333333333,0.25367727875709534,0.9382606774110059,0.0,1.0,0.05242598684210521,1.0,0.6683490953947369,0.29963541666666665,0.3905338541666667,0.219921875,0.02959635416666667,0.9355196356773376,0.015113107860088348,0.6719943284988403,1.0,0.06482189148664474,0.9953778982162476,0.0,0.5711951851844788,1.0,0.98020339012146,0.01979660987854004
1,4620,0.36635446548461914,0.211452916264534,0.14736557006835938,0.010506774298846722,0.19145833333333334,0.23184145987033844,0.9447725031926081,0.0,1.0,0.134765625,1.0,0.69716796875,0.26276041666666666,0.36963541666666666,0.2512109375,0.030859375,0.9318735599517822,0.01947597786784172,0.6704860925674438,1.0,0.060512613505125046,0.9953778982162476,0.0,0.5699132084846497,1.0,0.9803510904312134,0.01964890956878662
1,4630,0.3586414158344269,0.21260467171669006,0.16090284287929535,0.010299650020897388,0.18334635416666667,0.25054386258125305,0.9676817341034228,0.0,1.0,0.13462856359649122,1.0,0.6971199972587719,0.28088541666666667,0.3800390625,0.25115885416666667,0.0291796875,0.9297341704368591,0.02159808948636055,0.6677728891372681,1.0,0.05276048183441162,0.9953778982162476,0.0,0.5676069855690002,1.0,0.980484127998352,0.01951587200164795
1,4640,0.3406217396259308,0.20109492540359497,0.14962004125118256,0.006463935133069754,0.1573828125,0.2422487437725067,0.8805469973948671,0.0773190508210441,1.0,0.01679002192982456,1.0,0.6558765076754386,0.2830729166666667,0.37703125,0.20638020833333334,0.028125,0.9270449876785278,0.023138735443353653,0.6653977036476135,1.0,0.045974310487508774,0.9953778982162476,0.0,0.5655880570411682,1.0,0.9806103706359863,0.019389629364013672
1,4650,0.3463652729988098,0.20820537209510803,0.15151701867580414,0.006980679929256439,0.17490885416666666,0.24952362477779388,0.8976211516584286,0.06156463630315734,1.0,0.047149122807017545,1.0,0.6665021929824562,0.31811197916666667,0.35279947916666665,0.21791666666666668,0.028984375,0.9277171492576599,0.023230088874697685,0.6652023792266846,1.0,0.04412398114800453,0.9983935356140137,0.0,0.5654220581054688,1.0,0.9807401299476624,0.019259870052337646
1,4660,0.3646848499774933,0.20565824210643768,0.16383233666419983,0.006963273510336876,0.17811197916666666,0.2559385597705841,0.917995457540198,0.06209531980680255,1.0,0.14254385964912275,1.0,0.699890350877193,0.300703125,0.3636067708333333,0.25416666666666665,0.0261328125,0.930757999420166,0.020464595407247543,0.6654434204101562,1.0,0.04412398114800453,1.0,0.0,0.5656269192695618,1.0,0.9808868169784546,0.01911318302154541
1,4670,0.3556400239467621,0.2206769734621048,0.201819509267807,0.008784448727965355,0.1833984375,0.25694748759269714,0.9942169170917533,0.006571685123007459,1.0,0.13918585526315783,1.0,0.6987150493421053,0.3530078125,0.40643229166666667,0.252890625,0.0278125,0.9329268932342529,0.01940343715250492,0.664866030216217,1.0,0.042474351823329926,1.0,0.0,0.5651361346244812,1.0,0.9810230135917664,0.018976986408233643
1,4680,0.34928256273269653,0.21779689192771912,0.20501098036766052,0.009094403125345707,0.1921875,0.25901126861572266,0.9999999999999999,0.0,1.0,0.1058799342105263,1.0,0.6870579769736842,0.3812760416666667,0.41889322916666666,0.240234375,0.030065104166666665,0.9350442886352539,0.01873401552438736,0.6637733578681946,1.0,0.041731931269168854,0.9944478869438171,0.0,0.5642073750495911,1.0,0.9811561107635498,0.018843889236450195
1,4690,0.34589219093322754,0.2052314579486847,0.14916764199733734,0.010906790383160114,0.1962109375,0.30943724513053894,0.9478221633801093,0.0,1.0,0.0017817982456140218,1.0,0.650623629385965,0.47421875,0.5416666666666666,0.20067708333333334,0.0261328125,0.9376105070114136,0.01879606395959854,0.6627376079559326,1.0,0.041731931269168854,0.9875429272651672,0.0,0.5633269548416138,1.0,0.9812815189361572,0.018718481063842773
1,4700,0.3469289243221283,0.20477788150310516,0.14938896894454956,0.010548574849963188,0.20638020833333334,0.3100118041038513,0.9481967166753916,0.0,1.0,0.0,1.0,0.65,0.45678385416666667,0.5530078125,0.18834635416666667,0.0286328125,0.9377159476280212,0.01899055577814579,0.6625831127166748,1.0,0.041665032505989075,0.9866692423820496,0.0,0.5631956458091736,1.0,0.9814091920852661,0.018590807914733887
1,4710,0.33439406752586365,0.2043682038784027,0.1432872861623764,0.009140988811850548,0.20299479166666667,0.2990189492702484,0.9378707919670984,0.0,1.0,0.0,1.0,0.65,0.432734375,0.4913151041666667,0.18868489583333334,0.031966145833333334,0.9382316470146179,0.01999269425868988,0.6611468195915222,1.0,0.03756134957075119,0.9866691827774048,0.0,0.561974823474884,1.0,0.9815314412117004,0.01846855878829956
1,4720,0.32079288363456726,0.19462703168392181,0.1416885256767273,0.006435438059270382,0.19877604166666665,0.28996938467025757,0.8556139403058821,0.09162028483683018,1.0,0.0,1.0,0.65,0.47561197916666664,0.48549479166666665,0.19061197916666667,0.0312890625,0.9381963014602661,0.020350389182567596,0.659731924533844,1.0,0.035064876079559326,0.9830617308616638,0.0,0.560772180557251,1.0,0.9816799759864807,0.018320024013519287
1,4730,0.3285651206970215,0.20265360176563263,0.1504991054534912,0.007639508228749037,0.190703125,0.3033973276615143,0.9120314417381055,0.04456434516009034,1.0,0.0,1.0,0.65,0.436015625,0.4850130208333333,0.18432291666666667,0.0309375,0.9374873638153076,0.020588070154190063,0.657485842704773,1.0,0.028647465631365776,0.983061671257019,0.0,0.5588629841804504,1.0,0.9818431735038757,0.018156826496124268
1,4740,0.3362652361392975,0.20845229923725128,0.13176247477531433,0.008039452135562897,0.20877604166666666,0.2765522003173828,0.891062180446987,0.032353572255873715,1.0,0.0,1.0,0.65,0.45673177083333333,0.5368098958333334,0.190234375,0.025677083333333333,0.9352312088012695,0.020813558250665665,0.6552420854568481,1.0,0.02223658189177513,0.9830617308616638,0.0,0.5569558143615723,1.0,0.9820160269737244,0.017983973026275635
1,4750,0.33928897976875305,0.22004780173301697,0.1479099988937378,0.010553160682320595,0.204375,0.2830227017402649,0.9447346428928213,0.0019184027777777819,1.0,0.0,1.0,0.65,0.42518229166666666,0.5126692708333334,0.181640625,0.029830729166666667,0.9367707371711731,0.017527077347040176,0.6559067964553833,1.0,0.024135861545801163,0.983061671257019,0.0,0.5575208067893982,1.0,0.9822203516960144,0.017779648303985596
1,4760,0.3328327536582947,0.20877504348754883,0.14247462153434753,0.010042530484497547,0.20391927083333333,0.28986313939094543,0.9342819716991523,0.0044270833333333315,1.0,0.0,1.0,0.65,0.4404427083333333,0.5057421875,0.18798177083333334,0.03303385416666667,0.9385257959365845,0.014956498518586159,0.6553728580474854,1.0,0.022610235959291458,0.983061671257019,0.0,0.5570669174194336,1.0,0.9824071526527405,0.01759284734725952
1,4770,0.3270845413208008,0.21427427232265472,0.15714293718338013,0.011079298332333565,0.2034765625,0.3050987124443054,0.9587493723274295,0.005138888888888887,1.0,0.0,1.0,0.65,0.4393619791666667,0.5011848958333334,0.17200520833333333,0.030625,0.9402657151222229,0.012422238476574421,0.6529970765113831,1.0,0.015822432935237885,0.983061671257019,0.0,0.5550475120544434,1.0,0.9825582504272461,0.017441749572753906
1,4780,0.3563675880432129,0.21233035624027252,0.15495578944683075,0.010524997487664223,0.21319010416666667,0.28067436814308167,0.9562112398330982,0.002812500000000005,1.0,0.013637609649122749,0.883404356060606,0.6372838167862838,0.4838411458333333,0.5341796875,0.20518229166666666,0.022434895833333333,0.9376577734947205,0.01231742836534977,0.6506773233413696,1.0,0.009194535203278065,0.983061671257019,0.0,0.5530757308006287,1.0,0.9826663136482239,0.017333686351776123
1,4790,0.35507720708847046,0.21614739298820496,0.16434119641780853,0.009292117320001125,0.20192708333333334,0.28379297256469727,0.9713346876344109,0.0043315972222222245,1.0,0.0,0.854995265151515,0.6282492897727272,0.41115885416666664,0.512265625,0.18485677083333332,0.021809895833333332,0.9342920184135437,0.013383107259869576,0.6489126682281494,1.0,0.004152634181082249,0.983061671257019,0.0,0.551575779914856,1.0,0.9827324151992798,0.017267584800720215
1,4800,0.3492358326911926,0.20978426933288574,0.15886516869068146,0.008886677213013172,0.19759114583333334,0.2893715500831604,0.9608783248049817,0.004084303295668862,1.0,0.0,0.981652462121212,0.6472478693181818,0.4153515625,0.5208203125,0.1693359375,0.024596354166666667,0.9351370334625244,0.013662124052643776,0.6488829851150513,1.0,0.004067786503583193,0.9830617308616638,0.0,0.551550567150116,1.0,0.9827897548675537,0.01721024513244629
1,4810,0.33445143699645996,0.2064221054315567,0.15604397654533386,0.008485970087349415,0.17567708333333334,0.2829761803150177,0.9429813588491536,0.021044907567260372,1.0,0.0,1.0,0.65,0.409921875,0.5295052083333334,0.19578125,0.027799479166666665,0.9357376098632812,0.013883892446756363,0.6488829851150513,1.0,0.004067786503583193,0.983061671257019,0.0,0.551550567150116,1.0,0.9828164577484131,0.017183542251586914
1,4820,0.3424128592014313,0.21213437616825104,0.14598533511161804,0.008899682201445103,0.195234375,0.2959390878677368,0.9375187053261621,0.007511594468137095,1.0,0.0,0.9242424242424242,0.6386363636363637,0.4309765625,0.5535286458333334,0.182734375,0.023333333333333334,0.9317147731781006,0.02488204650580883,0.6464996933937073,0.9952334761619568,0.004067786503583193,0.9830617308616638,0.0,0.5495247840881348,1.0,0.9828245043754578,0.017175495624542236
1,4830,0.3306578993797302,0.21080419421195984,0.140043705701828,0.009425179101526737,0.19223958333333332,0.28663814067840576,0.9298859960808714,0.0049913194444444475,1.0,0.0,1.0,0.65,0.4192578125,0.5054947916666667,0.16591145833333334,0.025989583333333333,0.9350646734237671,0.02136889100074768,0.6464996933937073,0.9952334761619568,0.004067786503583193,0.983061671257019,0.0,0.5495247840881348,1.0,0.98291015625,0.01708984375
1,4840,0.3448590040206909,0.21519847214221954,0.1343042105436325,0.009504043497145176,0.214453125,0.2845742106437683,0.9203010424691387,0.00473524305555556,1.0,0.0,1.0,0.65,0.4518229166666667,0.5359505208333334,0.19614583333333332,0.026979166666666665,0.9367159605026245,0.019745703786611557,0.6464996933937073,0.9952335357666016,0.004067786503583193,0.983061671257019,0.0,0.5495247840881348,1.0,0.9830142259597778,0.016985774040222168
1,4850,0.3371276557445526,0.2167157530784607,0.13097168505191803,0.010035148821771145,0.19592447916666667,0.2900192141532898,0.9128775297780323,0.008302951388888887,1.0,0.05667489035087715,1.0,0.669836211622807,0.34555989583333335,0.45677083333333335,0.22153645833333332,0.0308203125,0.9406275153160095,0.018700677901506424,0.646499752998352,0.9952334761619568,0.004067786503583193,0.983061671257019,0.0,0.5495247840881348,1.0,0.9831212759017944,0.016878724098205566
1,4860,0.33288028836250305,0.21931280195713043,0.14352259039878845,0.010536079294979572,0.19479166666666667,0.2850947380065918,0.9344777664975223,0.0075824652777777835,1.0,0.015111019736842096,1.0,0.6552888569078947,0.39286458333333335,0.45098958333333333,0.2057421875,0.030416666666666668,0.9415518641471863,0.019280828535556793,0.6464996933937073,0.9952335357666016,0.004067786503583193,0.983061671257019,0.0,0.5495247840881348,1.0,0.9831908941268921,0.01680910587310791
1,4870,0.33269059658050537,0.21972544491291046,0.15575532615184784,0.00934961810708046,0.1840234375,0.3006763160228729,0.9545326179215032,0.00887586805555556,1.0,0.0,1.0,0.65,0.3922265625,0.46915364583333335,0.19194010416666665,0.029908854166666665,0.9433664083480835,0.019748544320464134,0.646499752998352,0.9952334761619568,0.004067786503583193,0.983061671257019,0.0,0.5495247840881348,1.0,0.9832262396812439,0.016773760318756104
1,4880,0.3211292624473572,0.2077055722475052,0.14551161229610443,0.010333403944969177,0.19364583333333332,0.32761237025260925,0.9394497063322964,0.004370659722222225,1.0,0.0,1.0,0.65,0.47653645833333336,0.51375,0.13990885416666668,0.030377604166666666,0.9422987103462219,0.0203857384622097,0.6464996933937073,0.9952335357666016,0.004067786503583193,0.983061671257019,0.0,0.5495247840881348,1.0,0.9832413792610168,0.016758620738983154
1,4890,0.3236490786075592,0.19811829924583435,0.14878468215465546,0.00854653399437666,0.19063802083333334,0.30407652258872986,0.9293196016632381,0.022379261372575586,1.0,0.0,1.0,0.65,0.49756510416666666,0.5353385416666666,0.16365885416666667,0.027708333333333335,0.9414498805999756,0.021099817007780075,0.6471052169799805,0.9952334761619568,0.0034183766692876816,0.9886138439178467,0.0,0.5500394701957703,1.0,0.9832383394241333,0.0167616605758667
1,4900,0.3314865231513977,0.21035535633563995,0.16138418018817902,0.012998263351619244,0.2080859375,0.29324066638946533,0.9655666174338414,0.005859375,1.0,0.0,1.0,0.65,0.4944791666666667,0.52421875,0.14466145833333333,0.0280078125,0.9416285157203674,0.021553274244070053,0.6485230326652527,0.9952335357666016,0.004509972874075174,0.9955188035964966,0.0,0.5512446165084839,1.0,0.9832295179367065,0.016770482063293457
1,4910,0.32630863785743713,0.20509646832942963,0.15821827948093414,0.009873817674815655,0.20494791666666667,0.3132902979850769,0.9608100677861108,0.004657118055555558,1.0,0.0,1.0,0.65,0.4843880208333333,0.531171875,0.1587890625,0.0273046875,0.9421349763870239,0.022096838802099228,0.6485483646392822,0.9952334761619568,0.004509972874075174,0.9956879019737244,0.0,0.5512661337852478,1.0,0.9832053184509277,0.016794681549072266
1,4920,0.16791412234306335,0.23044916987419128,0.20841950178146362,0.006313009187579155,0.12354166666666666,0.45753398537635803,0.8533896032880315,0.23096125020930763,0.8999023437500001,0.0,1.0,0.599951171875,0.2328125,0.15515625,0.11950520833333333,0.028072916666666666,0.9444987773895264,0.021797409281134605,0.6486929059028625,0.9952335357666016,0.004922788590192795,0.9956879615783691,0.0,0.5513889789581299,1.0,0.9831521511077881,0.016847848892211914
1,4930,0.296170711517334,0.19940724968910217,0.14280399680137634,0.008851256221532822,0.19817708333333334,0.33732426166534424,0.9259631018304864,0.017844004016420056,1.0,0.0,1.0,0.65,0.5208723958333333,0.48787760416666665,0.14654947916666666,0.033177083333333336,0.9471256732940674,0.02213643118739128,0.6496685743331909,0.9952334761619568,0.006164499558508396,0.9992954730987549,0.0,0.5522183179855347,1.0,0.9830727577209473,0.016927242279052734
1,4940,0.3067386746406555,0.20554935932159424,0.1516057252883911,0.011117512360215187,0.20350260416666666,0.3256676197052002,0.9467094352102686,0.010477430555555556,1.0,0.0,1.0,0.65,0.5109505208333334,0.49932291666666667,0.13953125,0.0298828125,0.9501143097877502,0.02259918861091137,0.6501237750053406,0.9952335357666016,0.007464951369911432,0.9992954730987549,0.0,0.5526052117347717,1.0,0.9829785227775574,0.017021477222442627
1,4950,0.32666173577308655,0.21892008185386658,0.16724099218845367,0.013175541535019875,0.218359375,0.3135843276977539,0.9732038398787506,0.010407986111111111,1.0,0.0,1.0,0.65,0.5161067708333333,0.5264322916666667,0.16079427083333334,0.028046875,0.9521581530570984,0.023871922865509987,0.6501237154006958,0.9952334761619568,0.007464951369911432,0.9992954730987549,0.0,0.552605152130127,1.0,0.9828775525093079,0.01712244749069214
1,4960,0.32148852944374084,0.2215859442949295,0.16297996044158936,0.012309537269175053,0.2103125,0.29232296347618103,0.9641460748819204,0.014101562499999998,1.0,0.0,1.0,0.65,0.46834635416666665,0.49494791666666665,0.16696614583333333,0.029752604166666665,0.9506467580795288,0.02628142572939396,0.649179220199585,0.9952335357666016,0.004766147118061781,0.9992954730987549,0.0,0.5518023371696472,1.0,0.9827495813369751,0.017250418663024902
1,4970,0.31839635968208313,0.22050592303276062,0.16789358854293823,0.010931363329291344,0.20916666666666667,0.3148272633552551,0.9723876607927502,0.01424913194444445,1.0,0.0,1.0,0.65,0.47735677083333333,0.51578125,0.16752604166666665,0.030286458333333332,0.9507323503494263,0.026479220017790794,0.6489273309707642,0.9952334761619568,0.004046575166285038,0.9992954730987549,0.0,0.551588237285614,1.0,0.9826220870018005,0.017377912998199463
1,4980,0.3160388767719269,0.22262467443943024,0.14784692227840424,0.012747096829116344,0.18407552083333334,0.26215288043022156,0.9363271166014876,0.018519965277777783,1.0,0.0,1.0,0.65,0.3715364583333333,0.4807421875,0.18358072916666668,0.028216145833333334,0.9496841430664062,0.02643251046538353,0.6488301157951355,0.9952335357666016,0.004046575166285038,0.9986472725868225,0.0,0.5515056252479553,1.0,0.9824691414833069,0.017530858516693115
1,4990,0.31004223227500916,0.21273618936538696,0.14885319769382477,0.012026502750813961,0.189609375,0.28197550773620605,0.9383859470053616,0.017808159722222227,1.0,0.0,1.0,0.65,0.41587239583333335,0.4919140625,0.16897135416666667,0.0287109375,0.948950469493866,0.026709461584687233,0.6488301157951355,0.9952334761619568,0.004046575166285038,0.9986472129821777,0.0,0.5515056252479553,1.0,0.9823293685913086,0.017670631408691406
1,5000,0.33476725220680237,0.22796940803527832,0.16937167942523956,0.01322925090789795,0.18467447916666666,0.28675273060798645,0.9750865280016874,0.013854166666666667,1.0,0.022923519736842077,1.0,0.6580232319078948,0.37384114583333333,0.4734375,0.2087109375,0.0277734375,0.9480225443840027,0.026211325079202652,0.6484919190406799,0.9952335357666016,0.004046575166285038,0.9963926076889038,0.0,0.5512181520462036,1.0,0.982213020324707,0.01778697967529297
1,5010,0.3351052403450012,0.23129898309707642,0.16774629056453705,0.011820632964372635,0.18108072916666668,0.2946590781211853,0.9715133872908405,0.01549913194444445,1.0,0.0,0.9852035984848484,0.6477805397727272,0.3657682291666667,0.48950520833333333,0.197109375,0.024674479166666666,0.9446860551834106,0.026643699035048485,0.648187518119812,0.9952334761619568,0.004046575166285038,0.9943633079528809,0.0,0.5509594082832336,1.0,0.982093095779419,0.017906904220581055
1,5020,0.34432175755500793,0.23763076961040497,0.20089033246040344,0.011748633347451687,0.17973958333333334,0.30537933111190796,0.9926215277777777,0.014756944444444448,1.0,0.00866913377192983,1.0,0.6530341968201755,0.4006119791666667,0.49606770833333336,0.20329427083333335,0.025286458333333334,0.9416619539260864,0.02716473862528801,0.648187518119812,0.9952335357666016,0.004046575166285038,0.9943633079528809,0.0,0.5509594082832336,1.0,0.9819700717926025,0.01802992820739746
1,5030,0.34224945306777954,0.2379639595746994,0.20509178936481476,0.011503318324685097,0.18662760416666666,0.3033871054649353,0.9926844618055555,0.014631076388888886,1.0,0.026075932017543813,1.0,0.6591265762061403,0.3961328125,0.5083984375,0.20990885416666666,0.0253515625,0.9448634386062622,0.016815558075904846,0.6505707502365112,1.0,0.004046575166285038,0.9943633079528809,0.0,0.5529851317405701,1.0,0.9818974733352661,0.018102526664733887
1,5040,0.3498135805130005,0.2571890354156494,0.21524934470653534,0.012356091290712357,0.18641927083333334,0.3107578754425049,0.9926453993055555,0.014709201388888891,1.0,0.027309484649122806,1.0,0.659558319627193,0.3501171875,0.45481770833333335,0.21037760416666668,0.026263020833333334,0.9447672367095947,0.016538552939891815,0.650570809841156,1.0,0.004046575166285038,0.9943633079528809,0.0,0.5529851913452148,1.0,0.9817909002304077,0.018209099769592285
1,5050,0.25372686982154846,0.2032318413257599,0.1675635427236557,0.01012688409537077,0.202578125,0.31424495577812195,0.963222350880631,0.03146267361111112,1.0,0.0,1.0,0.65,0.3394921875,0.27674479166666666,0.12040364583333334,0.06516927083333333,0.9420088529586792,0.016660494729876518,0.6505707502365112,1.0,0.004046575166285038,0.9943633079528809,0.0,0.5529851317405701,1.0,0.9816610813140869,0.018338918685913086
1,5060,0.31505003571510315,0.21056325733661652,0.1377570480108261,0.007452942430973053,0.16311197916666667,0.2765982449054718,0.8811374492637312,0.058902500410713154,1.0,0.0,1.0,0.65,0.3136067708333333,0.3388671875,0.17932291666666667,0.0323828125,0.9373140931129456,0.018677351996302605,0.650570809841156,1.0,0.004046575166285038,0.9943633079528809,0.0,0.5529851913452148,1.0,0.9815117120742798,0.018488287925720215
1,5070,0.32060688734054565,0.21390633285045624,0.14581279456615448,0.009131904691457748,0.17770833333333333,0.278654009103775,0.9362766737102444,0.011736111111111114,1.0,0.0,1.0,0.65,0.3253515625,0.4045182291666667,0.16303385416666666,0.026575520833333335,0.9358084797859192,0.018588688224554062,0.6505707502365112,1.0,0.004046575166285038,0.9943633079528809,0.0,0.5529851317405701,1.0,0.9813727140426636,0.018627285957336426
1,5080,0.3151181936264038,0.20445725321769714,0.142457976937294,0.009080902673304081,0.18145833333333333,0.3117779493331909,0.932519862947301,0.007894965277777777,1.0,0.0,0.9863873106060606,0.6479580965909091,0.36095052083333334,0.429921875,0.1610546875,0.024700520833333333,0.9350698590278625,0.018545284867286682,0.6505707502365112,1.0,0.004046575166285038,0.9943633079528809,0.0,0.5529851317405701,1.0,0.9812241792678833,0.0187758207321167
1,5090,0.3104572296142578,0.20746496319770813,0.13812553882598877,0.00998101755976677,0.17634114583333332,0.29042261838912964,0.9240422112717589,0.010186631944444451,1.0,0.0,1.0,0.65,0.3311328125,0.3872265625,0.15768229166666667,0.0280859375,0.9345019459724426,0.018650416284799576,0.6505707502365112,1.0,0.004046575166285038,0.9943633079528809,0.0,0.5529851317405701,1.0,0.9810771942138672,0.018922805786132812
1,5100,0.31652379035949707,0.21163040399551392,0.13024070858955383,0.009939710609614849,0.17716145833333333,0.28865599632263184,0.909832766993433,0.011918402777777781,1.0,0.0,0.9526515151515151,0.6428977272727272,0.3164453125,0.3890885416666667,0.15946614583333332,0.023958333333333335,0.9361799955368042,0.018821340054273605,0.650570809841156,1.0,0.004046575166285038,0.9943633079528809,0.0,0.5529851913452148,1.0,0.9809503555297852,0.019049644470214844
1,5110,0.31005820631980896,0.20175130665302277,0.12266460806131363,0.010811585001647472,0.17046875,0.28151312470436096,0.895501257125129,0.014939236111111115,1.0,0.0,0.9573863636363636,0.6436079545454545,0.30852864583333334,0.35498697916666666,0.13916666666666666,0.0240625,0.9343078136444092,0.020409926772117615,0.650188684463501,1.0,0.0029549787286669016,0.9943633079528809,0.0,0.5526604056358337,1.0,0.9808125495910645,0.019187450408935547
1,5120,0.31380727887153625,0.2131710797548294,0.123924620449543,0.010939037427306175,0.178828125,0.28293976187705994,0.8973037246710215,0.015598958333333341,1.0,0.0,1.0,0.65,0.30712239583333334,0.364765625,0.153046875,0.027747395833333334,0.9306718111038208,0.022854067385196686,0.6502944231033325,1.0,0.0029549787286669016,0.9950678944587708,0.0,0.552750289440155,1.0,0.9806923270225525,0.01930767297744751
1,5130,0.3183845579624176,0.21865656971931458,0.13712012767791748,0.011094835586845875,0.17553385416666667,0.2840999364852905,0.9206198261130569,0.013628472222222228,1.0,0.0,1.0,0.65,0.3078515625,0.33739583333333334,0.18354166666666666,0.029244791666666665,0.9264982342720032,0.023670682683587074,0.650149941444397,1.0,0.0025421627797186375,0.9950678944587708,0.0,0.552627444267273,1.0,0.9805898070335388,0.01941019296646118
1,5140,0.31526076793670654,0.21348828077316284,0.13861139118671417,0.011137229390442371,0.17625,0.29046326875686646,0.9239442840702513,0.012026909722222222,1.0,0.0,1.0,0.65,0.3142578125,0.36407552083333333,0.1615234375,0.029622395833333332,0.9233149290084839,0.02379097044467926,0.6497153043746948,1.0,0.0013004516949877143,0.9950679540634155,0.0,0.5522580146789551,1.0,0.9804766774177551,0.019523322582244873
1,5150,0.3125033378601074,0.21057623624801636,0.11813332140445709,0.011750690639019012,0.17903645833333334,0.29085469245910645,0.8887834466930128,0.01303819444444445,1.0,0.0,1.0,0.65,0.28498697916666665,0.3544140625,0.1645703125,0.028984375,0.9199005365371704,0.023888522759079933,0.6492601633071899,1.0,0.0,0.9950678944587708,0.0,0.5518711805343628,1.0,0.9803450107574463,0.01965498924255371
1,5160,0.3137204945087433,0.21002638339996338,0.1307133138179779,0.007653781678527594,0.1594921875,0.2606596350669861,0.8746143343185003,0.052761991508305045,1.0,0.0,1.0,0.65,0.29303385416666666,0.3606770833333333,0.16221354166666666,0.02828125,0.9180119633674622,0.023113060742616653,0.6492601633071899,1.0,0.0,0.9950678944587708,0.0,0.5518711805343628,1.0,0.9801867604255676,0.019813239574432373
1,5170,0.3216302990913391,0.21690544486045837,0.143746018409729,0.009863564744591713,0.17270833333333332,0.2834815979003906,0.9325273164113362,0.012239583333333331,1.0,0.0,1.0,0.65,0.29717447916666667,0.3461328125,0.19106770833333334,0.0280859375,0.9200341701507568,0.021004896610975266,0.6488500833511353,1.0,0.0,0.9923340678215027,0.0,0.5515226125717163,1.0,0.980029821395874,0.019970178604125977
1,5180,0.3199845850467682,0.2118319422006607,0.1584591269493103,0.009042033925652504,0.16484375,0.26877400279045105,0.9568773780317388,0.013337673611111113,1.0,0.0,1.0,0.65,0.2970052083333333,0.34955729166666666,0.1791796875,0.0279296875,0.9186848402023315,0.021157842129468918,0.6488500833511353,1.0,0.0,0.9923341274261475,0.0,0.5515226125717163,1.0,0.9798584580421448,0.020141541957855225
1,5190,0.31251153349876404,0.20942538976669312,0.14283427596092224,0.008798036724328995,0.15541666666666668,0.28472310304641724,0.9244004761602373,0.020727729441189162,1.0,0.0,1.0,0.65,0.28415364583333336,0.34411458333333333,0.1730859375,0.027799479166666665,0.918403685092926,0.021477781236171722,0.6489473581314087,1.0,0.0,0.9929822683334351,0.0,0.5516052842140198,1.0,0.9796895980834961,0.020310401916503906
1,5200,0.3205382227897644,0.2212827056646347,0.17073635756969452,0.009131417609751225,0.15682291666666667,0.2837301194667816,0.9736242819341839,0.02139756944444445,1.0,0.0,1.0,0.65,0.2647526041666667,0.33188802083333335,0.1973046875,0.025729166666666668,0.9185476899147034,0.021728897467255592,0.6489473581314087,1.0,0.0,0.9929823875427246,0.0,0.5516052842140198,1.0,0.9791639447212219,0.020836055278778076
1,5210,0.316059947013855,0.2211807370185852,0.162457674741745,0.008056256920099258,0.14990885416666666,0.28015729784965515,0.9357721315955828,0.04721449515280037,1.0,0.0,1.0,0.65,0.2669401041666667,0.340859375,0.180703125,0.028489583333333332,0.9187511205673218,0.021879566833376884,0.6492855548858643,1.0,0.0,0.9952369928359985,0.0,0.5518927574157715,1.0,0.9782836437225342,0.02171635627746582
1,5220,0.3143276572227478,0.21258145570755005,0.14920271933078766,0.007333132438361645,0.15109375,0.28547781705856323,0.895157215779545,0.06682607742122357,1.0,0.0,1.0,0.65,0.2853515625,0.36846354166666667,0.16497395833333334,0.027786458333333333,0.9188625812530518,0.02212546020746231,0.6495899558067322,1.0,0.0,0.9972662329673767,0.0,0.5521515011787415,1.0,0.9771403074264526,0.022859692573547363
1,5230,0.31505143642425537,0.21258404850959778,0.1368740350008011,0.008474386297166348,0.15263020833333332,0.27598902583122253,0.9049752284475844,0.03190588440210998,1.0,0.0,1.0,0.65,0.2698567708333333,0.332734375,0.1700390625,0.0262890625,0.9187394380569458,0.022218257188796997,0.6495899558067322,1.0,0.0,0.9972662329673767,0.0,0.5521515011787415,1.0,0.9758484959602356,0.024151504039764404
1,5240,0.32041677832603455,0.2233349084854126,0.14124463498592377,0.009779950603842735,0.16541666666666666,0.24883534014225006,0.9258354386407086,0.01715711805555556,1.0,0.0,1.0,0.65,0.2659375,0.28921875,0.18395833333333333,0.026328125,0.9179941415786743,0.02237740159034729,0.6495899558067322,1.0,0.0,0.9972662329673767,0.0,0.5521515011787415,1.0,0.9744099378585815,0.025590062141418457
1,5250,0.3138751685619354,0.22093896567821503,0.13823598623275757,0.009786281734704971,0.16838541666666668,0.26780417561531067,0.9209435319900512,0.016757812500000007,1.0,0.0,1.0,0.65,0.2533463541666667,0.3397265625,0.172734375,0.026497395833333333,0.9167752861976624,0.023129109293222427,0.6495899558067322,1.0,0.0,0.9972662329673767,0.0,0.5521515011787415,1.0,0.9728620052337646,0.02713799476623535
1,5260,0.31586694717407227,0.21870160102844238,0.13931648433208466,0.009622551500797272,0.17462239583333333,0.27516302466392517,0.923561997790622,0.015177951388888888,1.0,0.0,1.0,0.65,0.2646354166666667,0.3201041666666667,0.170078125,0.027096354166666666,0.9179427623748779,0.023238234221935272,0.6495899558067322,1.0,0.0,0.9972662329673767,0.0,0.5521515011787415,1.0,0.9712700843811035,0.028729915618896484
1,5270,0.31844252347946167,0.21155117452144623,0.13917960226535797,0.009099159389734268,0.1725390625,0.2520499527454376,0.9236037887161614,0.014631076388888886,1.0,0.0,0.9425899621212122,0.6413884943181818,0.24807291666666667,0.3497265625,0.16561197916666667,0.02373697916666667,0.9196423888206482,0.021474149078130722,0.6495645642280579,1.0,0.0,0.9970970749855042,0.0,0.5521299242973328,1.0,0.9696387052536011,0.030361294746398926
1,5280,0.32533717155456543,0.2221965342760086,0.13001751899719238,0.010605735704302788,0.18182291666666667,0.2577444911003113,0.9079403045849923,0.014947916666666672,1.0,0.0,1.0,0.65,0.231796875,0.3547005208333333,0.194375,0.026341145833333333,0.9197971820831299,0.021745312958955765,0.6495645642280579,1.0,0.0,0.9970971345901489,0.0,0.5521299242973328,1.0,0.9679330587387085,0.032066941261291504
1,5290,0.3135841488838196,0.2152804732322693,0.14095449447631836,0.010098018683493137,0.16873697916666666,0.267713338136673,0.9266161330133421,0.014613715277777784,1.0,0.0,1.0,0.65,0.2908072916666667,0.3406901041666667,0.16786458333333334,0.026875,0.9187870621681213,0.021880686283111572,0.6495646238327026,1.0,0.0,0.9970971345901489,0.0,0.5521299242973328,1.0,0.9661149978637695,0.03388500213623047
1,5300,0.31978875398635864,0.22025732696056366,0.14147073030471802,0.0098793413490057,0.1665234375,0.26621896028518677,0.9270665857934545,0.015460069444444446,1.0,0.0,1.0,0.65,0.2801953125,0.32662760416666664,0.16846354166666666,0.027317708333333333,0.920905351638794,0.021754059940576553,0.6495646238327026,1.0,0.0,0.9970971345901489,0.0,0.5521299242973328,1.0,0.9562147855758667,0.0437852144241333
1,5310,0.31757304072380066,0.21955430507659912,0.13369980454444885,0.010045861825346947,0.16903645833333333,0.27901026606559753,0.9141045904363322,0.015082465277777783,1.0,0.0,1.0,0.65,0.264453125,0.3026171875,0.18587239583333334,0.0276171875,0.9196741580963135,0.023137398064136505,0.6499072313308716,1.0,0.0009790100157260895,0.9970971345901489,0.0,0.5524211525917053,1.0,0.9462573528289795,0.05374264717102051
1,5320,0.31255677342414856,0.21250341832637787,0.1264614313840866,0.008870205841958523,0.1660546875,0.26258835196495056,0.8978410695405622,0.0201029722980125,1.0,0.0,1.0,0.65,0.275,0.345546875,0.1701953125,0.026627604166666666,0.9222843647003174,0.021785462275147438,0.6499072313308716,1.0,0.0009790100157260895,0.9970971345901489,0.0,0.5524211525917053,1.0,0.9373568892478943,0.06264311075210571
1,5330,0.3183092474937439,0.21757617592811584,0.12297277897596359,0.009571180678904057,0.17287760416666667,0.252698689699173,0.8947185236623145,0.017547743055555558,1.0,0.0,1.0,0.65,0.2745703125,0.31026041666666665,0.19110677083333333,0.027369791666666667,0.9267964363098145,0.019564326852560043,0.6499643325805664,1.0,0.0011421783128753304,0.9970971345901489,0.0,0.5524696707725525,1.0,0.9321470260620117,0.06785297393798828
1,5340,0.31935322284698486,0.21784326434135437,0.12885908782482147,0.010476548224687576,0.1897265625,0.2639356851577759,0.9049685978787577,0.01697048611111111,1.0,0.0,1.0,0.65,0.289296875,0.3088671875,0.18838541666666667,0.027630208333333333,0.9273366928100586,0.01903933845460415,0.6499643325805664,1.0,0.0011421783128753304,0.9970971941947937,0.0,0.5524696707725525,1.0,0.9287353754043579,0.07126462459564209
1,5350,0.32246553897857666,0.22072817385196686,0.13134434819221497,0.008533474989235401,0.16647135416666667,0.26294341683387756,0.8983484366312795,0.027812733221142888,1.0,0.0,1.0,0.65,0.2739713541666667,0.32005208333333335,0.18919270833333332,0.027369791666666667,0.9273516535758972,0.0196797214448452,0.64969801902771,1.0,0.0011421783128753304,0.99532151222229,0.0,0.5522433519363403,1.0,0.9256781339645386,0.07432186603546143
1,5360,0.31528574228286743,0.21851004660129547,0.13329797983169556,0.010123529471457005,0.19591145833333334,0.26615676283836365,0.9133008814673138,0.015329861111111114,1.0,0.0,1.0,0.65,0.3172786458333333,0.3159765625,0.185390625,0.02875,0.9257802367210388,0.022810809314250946,0.6500709056854248,1.0,0.002207667799666524,0.9953215718269348,0.0,0.5525602698326111,1.0,0.9234073758125305,0.07659262418746948
1,5370,0.3072655200958252,0.2060374617576599,0.131642147898674,0.009783374145627022,0.18354166666666666,0.27425867319107056,0.9103055619887818,0.015716145833333334,1.0,0.0,0.9964488636363635,0.6494673295454545,0.3198046875,0.31884114583333334,0.16100260416666667,0.024921875,0.9242351651191711,0.024595562368631363,0.6505957841873169,1.0,0.0037071844562888145,0.9953215718269348,0.0,0.5530064105987549,1.0,0.9208382368087769,0.07916176319122314
1,5380,0.311555415391922,0.2140500694513321,0.14734987914562225,0.010568350553512573,0.17638020833333334,0.29194164276123047,0.9357789354344718,0.017934027777777778,1.0,0.0,1.0,0.65,0.3125,0.34088541666666666,0.1587109375,0.028697916666666667,0.9228604435920715,0.02706468105316162,0.6510058641433716,1.0,0.0037071844562888145,0.9980553984642029,0.0,0.5533549785614014,1.0,0.918164074420929,0.08183592557907104
1,5390,0.31907227635383606,0.21506473422050476,0.14676454663276672,0.009305852465331554,0.17575520833333333,0.2923772633075714,0.9356651088315198,0.01618055555555556,1.0,0.0,1.0,0.65,0.3296875,0.36694010416666667,0.1631640625,0.025768229166666667,0.9225256443023682,0.027770493179559708,0.6494712233543396,1.0,0.0037071844562888145,0.9878247380256653,0.0,0.5520505309104919,1.0,0.9151856303215027,0.08481436967849731
1,5400,0.31705838441848755,0.21723701059818268,0.16695170104503632,0.010664630681276321,0.17358072916666667,0.2843579649925232,0.96888397511254,0.01806857638888889,1.0,0.0,1.0,0.65,0.315859375,0.32188802083333334,0.17919270833333334,0.025481770833333334,0.8808315396308899,0.07193171977996826,0.6202715635299683,0.9523810148239136,0.0037071844562888145,0.9518905878067017,0.0,0.5272308588027954,1.0,0.912858247756958,0.08714175224304199
1,5410,0.3125897943973541,0.22407491505146027,0.17067886888980865,0.008030356839299202,0.166953125,0.28338199853897095,0.9477682532812746,0.05044770815144707,1.0,0.02055921052631579,1.0,0.6571957236842105,0.3176953125,0.30454427083333335,0.2078125,0.027200520833333332,0.8394473791122437,0.11567709594964981,0.5916511416435242,0.9047619700431824,0.0037071844562888145,0.9198176860809326,0.0,0.5029034614562988,1.0,0.9109493494033813,0.08905065059661865
1,5420,0.33095040917396545,0.24552170932292938,0.2096758633852005,0.009842975996434689,0.1829296875,0.2948680520057678,0.9905881076388888,0.01882378472222223,1.0,0.0,1.0,0.65,0.3153125,0.39305989583333334,0.19963541666666668,0.025729166666666668,0.8080881834030151,0.1539372056722641,0.5670849084854126,0.8571429252624512,0.0037071844562888145,0.9147727489471436,0.0,0.4820221960544586,1.0,0.9093905687332153,0.09060943126678467
1,5430,0.3267120122909546,0.24512718617916107,0.19991165399551392,0.010314869694411755,0.18479166666666666,0.29052257537841797,0.9899088541666665,0.02018229166666667,1.0,0.00342653508771925,1.0,0.6511992872807018,0.3141015625,0.375390625,0.20130208333333333,0.028255208333333334,0.7903557419776917,0.17853900790214539,0.5438711643218994,0.8107154965400696,0.0037071844562888145,0.9147727489471436,0.0,0.462290495634079,1.0,0.9081146717071533,0.09188532829284668
1,5440,0.3145352303981781,0.22602930665016174,0.13672402501106262,0.009388726204633713,0.17489583333333333,0.2732206881046295,0.9163231964396614,0.02088107638888889,1.0,0.0,1.0,0.65,0.30592447916666665,0.3093619791666667,0.17158854166666668,0.025065104166666668,0.7802361845970154,0.19505484402179718,0.5254356861114502,0.7738444209098816,0.0037071844562888145,0.9147727489471436,0.0,0.4466203451156616,1.0,0.9070205092430115,0.09297949075698853
1,5450,0.3115025460720062,0.2146781086921692,0.14719945192337036,0.008737567812204361,0.17442708333333334,0.2982995808124542,0.9261484332696731,0.030605148001899556,1.0,0.0,0.9627130681818182,0.6444069602272727,0.350078125,0.34618489583333334,0.13022135416666666,0.0241796875,0.7691353559494019,0.2121219038963318,0.5114837884902954,0.7459406852722168,0.0037071844562888145,0.9147727489471436,0.0,0.4347612261772156,1.0,0.9060410261154175,0.09395897388458252
1,5460,0.3084648847579956,0.22835850715637207,0.14985549449920654,0.007292028982192278,0.17227864583333333,0.29209810495376587,0.8879434247595278,0.08251065518383974,1.0,0.022375274122806977,1.0,0.6578313459429824,0.30278645833333334,0.25052083333333336,0.20850260416666666,0.031145833333333334,0.7643389105796814,0.2251448929309845,0.5020736455917358,0.727120578289032,0.0037071844562888145,0.9147727489471436,0.0,0.4267626106739044,1.0,0.9051885008811951,0.09481149911880493
1,5470,0.31612420082092285,0.23215027153491974,0.13718368113040924,0.008128414861857891,0.16204427083333334,0.26678070425987244,0.8911150879873406,0.05265778707072824,1.0,0.03148985745614035,1.0,0.6610214501096492,0.30270833333333336,0.25483072916666666,0.21196614583333334,0.025963541666666666,0.7575833201408386,0.23821912705898285,0.49357226490974426,0.7105151414871216,0.0037071844562888145,0.9134481549263,0.0,0.41953644156455994,1.0,0.9044054746627808,0.09559452533721924
1,5480,0.29209402203559875,0.2122439295053482,0.14568360149860382,0.007795826531946659,0.16326822916666667,0.29509609937667847,0.8947340191595686,0.06648257101111132,1.0,0.0,1.0,0.65,0.314296875,0.266640625,0.15772135416666666,0.026783854166666666,0.7497299909591675,0.2527198791503906,0.4839182496070862,0.691156268119812,0.0037071844562888145,0.9136172533035278,0.0,0.41133052110671997,1.0,0.9036864042282104,0.09631359577178955
1,5490,0.3018263280391693,0.22059305012226105,0.1302427053451538,0.009158368222415447,0.16608072916666666,0.27955150604248047,0.9009103648682945,0.029769965277777782,1.0,0.0,0.78515625,0.6177734375,0.3102734375,0.294453125,0.17158854166666668,0.0202734375,0.7368800640106201,0.26846015453338623,0.4748912453651428,0.6738377809524536,0.0037071844562888145,0.9111652374267578,0.0,0.40365755558013916,1.0,0.9030625820159912,0.09693741798400879
1,5500,0.013933415524661541,0.04035672917962074,0.010863722302019596,0.0027024191804230213,0.0130078125,0.6064557433128357,0.051040514596715214,0.9419994152310054,0.0,0.0,0.24538352272727268,0.0368075284090909,0.0,0.0,0.0,0.0083984375,0.7248833775520325,0.28423333168029785,0.4651886522769928,0.655895471572876,0.0037071844562888145,0.9062894582748413,0.5693635940551758,0.5693635940551758,0.6437042951583862,0.9025689959526062,0.0974310040473938
1,5510,0.014587112702429295,0.041058242321014404,0.012353984639048576,0.002930872142314911,0.015299479166666666,0.5730974078178406,0.05799906732664771,0.9341129115460589,0.0,0.0,0.326467803030303,0.04897017045454544,0.0009114583333333333,5.208333333333334e-05,0.0,0.010182291666666666,0.7115568518638611,0.2982032597064972,0.4536963403224945,0.6355910301208496,0.0037071844562888145,0.897355318069458,0.48633044958114624,0.48633044958114624,0.6438226699829102,0.9021807909011841,0.09781920909881592
1,5520,0.029383685439825058,0.07349950075149536,0.10740301012992859,0.003288581036031246,0.038346354166666666,0.5498399138450623,0.25556080769894274,0.8185449391740924,0.0,0.0,0.8940577651515151,0.13410866477272726,0.014921875,0.0032682291666666667,0.0017447916666666666,0.022669270833333335,0.6992228627204895,0.309515118598938,0.4409131705760956,0.6115471124649048,0.002728174440562725,0.8945651054382324,0.4125312566757202,0.4125312566757202,0.6511328220367432,0.9019129276275635,0.09808707237243652
1,5530,0.07624117285013199,0.13941442966461182,0.12702104449272156,0.004020205698907375,0.06912760416666666,0.46780991554260254,0.5254597549705188,0.5367404484640275,0.02502441406249997,0.0,1.0,0.16251220703124997,0.07485677083333334,0.033151041666666665,0.0188671875,0.030013020833333334,0.6892967224121094,0.3218592405319214,0.42962977290153503,0.589715838432312,0.002728174440562725,0.8921130895614624,0.14674507081508636,0.36518532037734985,0.8123567700386047,0.9017257690429688,0.09827423095703125
1,5540,0.10469771921634674,0.16598163545131683,0.13768137991428375,0.005679330788552761,0.09502604166666667,0.45259302854537964,0.6822087103907815,0.36438044441041106,0.22570800781250006,0.0,1.0,0.26285400390625,0.12143229166666666,0.050794270833333335,0.04052083333333333,0.0360546875,0.6823375225067139,0.3319442868232727,0.4203234016895294,0.57121741771698,0.002565006259828806,0.8921130895614624,0.046947672963142395,0.3572748899459839,0.9195548295974731,0.901578962802887,0.09842103719711304
1,5550,0.10210182517766953,0.15740877389907837,0.13817305862903595,0.005743097513914108,0.10697916666666667,0.4328312277793884,0.6718506652069559,0.375378907477145,0.41402180989583337,0.0,1.0,0.35701090494791665,0.1738671875,0.058619791666666664,0.03131510416666667,0.0414453125,0.6795608997344971,0.3410916030406952,0.410075306892395,0.5507211685180664,0.002565006259828806,0.8921130895614624,0.06503649055957794,0.3485640287399292,0.9597458243370056,0.9014716148376465,0.09852838516235352
1,5560,0.12597998976707458,0.18702466785907745,0.18234007060527802,0.005374964792281389,0.10834635416666667,0.44638869166374207,0.7976234567542952,0.3012953700523995,0.6047770182291667,0.0,1.0,0.4523885091145834,0.18990885416666667,0.10361979166666667,0.05873697916666667,0.03203125,0.6773044466972351,0.3484170138835907,0.40329062938690186,0.5366191864013672,0.002565006259828806,0.8938886523246765,0.0,0.3484170138835907,1.0,0.9014154672622681,0.09858453273773193
1,5570,0.12381132692098618,0.1888677030801773,0.1566748321056366,0.005909882485866547,0.10477864583333334,0.44397592544555664,0.771432842154639,0.2898888643429209,0.6512858072916667,0.0,0.972182765151515,0.47147031841856063,0.18333333333333332,0.125078125,0.051848958333333334,0.024388020833333333,0.6771461367607117,0.35246363282203674,0.4029177129268646,0.5366191864013672,0.001499517005868256,0.8938886523246765,0.0,0.35246363282203674,0.9756356477737427,0.9014033079147339,0.09859669208526611
1,5580,0.11139170080423355,0.18008898198604584,0.15384240448474884,0.005953225307166576,0.0926953125,0.47269317507743835,0.7453859761246411,0.3202321215440346,0.5934651692708335,0.0,1.0,0.44673258463541676,0.17768229166666666,0.1122265625,0.05055989583333333,0.0262109375,0.6773146390914917,0.35688430070877075,0.4023928642272949,0.5366191864013672,0.0,0.8938886523246765,0.0,0.35688430070877075,0.9692540168762207,0.9014448523521423,0.09855514764785767
1,5590,0.11165415495634079,0.18427376449108124,0.12119289487600327,0.004812396597117186,0.08794270833333333,0.456092894077301,0.665930949641403,0.3484794797815968,0.6363118489583334,0.0,0.9485085227272727,0.4604322028882576,0.18052083333333332,0.12309895833333333,0.0451171875,0.0238671875,0.6799992918968201,0.35715150833129883,0.4023928940296173,0.5366191864013672,0.0,0.8938887119293213,0.0,0.35715150833129883,0.9423093795776367,0.9015289545059204,0.09847104549407959
1,5600,0.11786723881959915,0.19207580387592316,0.13228081166744232,0.004178550560027361,0.08598958333333333,0.46610721945762634,0.6837341080980143,0.3474178792321222,0.6232096354166667,0.0,0.8976089015151515,0.4462461529356061,0.17763020833333334,0.121796875,0.0557421875,0.022747395833333333,0.6820458769798279,0.3593495786190033,0.4039274752140045,0.5366191864013672,0.0,0.9041193127632141,0.0,0.3593495786190033,0.994909405708313,0.901615560054779,0.09838443994522095
1,5610,0.124679334461689,0.19630739092826843,0.11776610463857651,0.004928756970912218,0.08166666666666667,0.44536834955215454,0.6890266118909056,0.31143638298349574,0.5736083984375001,0.0,0.8123816287878788,0.4086614435369319,0.16104166666666667,0.12251302083333333,0.06510416666666667,0.020872395833333335,0.7244255542755127,0.3190690577030182,0.43312710523605347,0.5842381715774536,0.0,0.9400534629821777,0.0,0.3681580424308777,1.0,0.9020674228668213,0.09793257713317871
1,5620,0.1340421736240387,0.20340952277183533,0.10743355005979538,0.005164013709872961,0.08946614583333333,0.42562538385391235,0.6887555297456367,0.2879968084727078,0.49507649739583337,0.0,0.94140625,0.38874918619791665,0.15153645833333335,0.10688802083333333,0.078203125,0.0237109375,0.7662326097488403,0.2796914577484131,0.4601558446884155,0.6286737322807312,0.0,0.9721263647079468,0.0,0.3911324739456177,1.0,0.9028884172439575,0.09711158275604248
1,5630,0.15229912102222443,0.21143671870231628,0.16087403893470764,0.0049889832735061646,0.09723958333333334,0.3876032531261444,0.7821384006404419,0.2780509842088229,0.5415445963541667,0.0,0.9485085227272727,0.4130485765861743,0.15388020833333332,0.1194140625,0.08084635416666666,0.0238671875,0.7989355325698853,0.24541479349136353,0.4847220778465271,0.6762927770614624,0.0,0.9771713018417358,0.0,0.4120137691497803,1.0,0.9040061831474304,0.09599381685256958
1,5640,0.1716146320104599,0.21414417028427124,0.17757131159305573,0.005880534648895264,0.11083333333333334,0.3615506887435913,0.8437659495088591,0.23196763011498178,0.6115315755208333,0.0,1.0,0.45576578776041665,0.16123697916666666,0.134453125,0.07662760416666667,0.025013020833333333,0.8197603225708008,0.22340047359466553,0.5079357624053955,0.722720205783844,0.0,0.9771713018417358,0.0,0.43174540996551514,1.0,0.9053085446357727,0.0946914553642273
1,5650,0.19174228608608246,0.22339604794979095,0.1815730482339859,0.005935907829552889,0.10700520833333334,0.32937854528427124,0.8580140032522321,0.21297473588761517,0.569580078125,0.0,1.0,0.4347900390625,0.15643229166666667,0.12583333333333332,0.0995703125,0.031080729166666668,0.8323229551315308,0.2097865343093872,0.526227593421936,0.7595912218093872,0.0,0.9762130379676819,0.0,0.4472934603691101,1.0,0.9067178964614868,0.09328210353851318
1,5660,0.19925296306610107,0.2189444899559021,0.18046557903289795,0.006495340261608362,0.115625,0.3233661949634552,0.8787631834245875,0.18443883433443342,0.703857421875,0.0,1.0,0.5019287109375,0.18109375,0.144140625,0.09278645833333334,0.03203125,0.8458041548728943,0.1952403485774994,0.5396485328674316,0.7864331007003784,0.0,0.9762130975723267,0.0,0.4587012529373169,1.0,0.9082362651824951,0.09176373481750488
1,5670,0.20907659828662872,0.20992621779441833,0.17830105125904083,0.006517426576465368,0.13430989583333333,0.34815043210983276,0.8846186199016544,0.1674894294099312,1.0,0.0,1.0,0.65,0.2508203125,0.20813802083333333,0.08674479166666667,0.0334375,0.8538101315498352,0.1839425265789032,0.5490586161613464,0.805253267288208,0.0,0.9762129783630371,0.0,0.46669983863830566,1.0,0.9098234176635742,0.09017658233642578
1,5680,0.22242696583271027,0.22073952853679657,0.1737639307975769,0.007097004447132349,0.13638020833333334,0.2918938994407654,0.894653694704641,0.14549211543295684,1.0,0.0,1.0,0.65,0.24002604166666666,0.2033203125,0.10606770833333333,0.03046875,0.8622238039970398,0.17275691032409668,0.5564650893211365,0.8218587636947632,0.0,0.9702380895614624,0.0,0.4729953408241272,1.0,0.9114896059036255,0.08851039409637451
1,5690,0.25940436124801636,0.23672161996364594,0.17326787114143372,0.00887494906783104,0.14104166666666668,0.32800623774528503,0.9511115165376307,0.07209377841978536,1.0,0.0,1.0,0.65,0.23131510416666667,0.22368489583333334,0.14225260416666666,0.0272265625,0.8728756904602051,0.16020001471042633,0.5661444664001465,0.8412175178527832,0.0,0.9702380895614624,0.0,0.48122280836105347,1.0,0.9132375717163086,0.0867624282836914
1,5700,0.2546975612640381,0.2324269711971283,0.1710851639509201,0.008735914714634418,0.14548177083333333,0.27174240350723267,0.9438893373219238,0.07592898481805634,1.0,0.0,1.0,0.65,0.23010416666666667,0.22537760416666666,0.1432421875,0.028203125,0.8875322341918945,0.14610885083675385,0.5752902030944824,0.8585360050201416,0.0009431130602024496,0.9712808728218079,0.0,0.488996684551239,1.0,0.9150885343551636,0.08491146564483643
1,5710,0.2580464780330658,0.23692987859249115,0.1795014888048172,0.008129097521305084,0.14475260416666666,0.3127366006374359,0.9410120435786888,0.09610919650492629,1.0,0.0,1.0,0.65,0.2294140625,0.23481770833333335,0.14322916666666666,0.027122395833333333,0.9013561606407166,0.13203787803649902,0.5852829217910767,0.8764784336090088,0.0017720082541927695,0.9761567115783691,0.0,0.4974904954433441,1.0,0.9250261783599854,0.07497382164001465
1,5720,0.24990153312683105,0.2422075718641281,0.18393683433532715,0.008097146637737751,0.14279947916666666,0.272605836391449,0.9359485458871375,0.1071831351976973,0.9331461588541667,0.0,1.0,0.6165730794270834,0.19932291666666666,0.19928385416666666,0.1447265625,0.02875,0.9143103361129761,0.1195874810218811,0.596775233745575,0.8967827558517456,0.0017720082541927695,0.9850909113883972,0.0,0.507258951663971,1.0,0.9350022673606873,0.06499773263931274
1,5730,0.256406307220459,0.24661393463611603,0.18144384026527405,0.008282708935439587,0.14555989583333334,0.3396432399749756,0.9423224458627424,0.0987349494615302,1.0,0.0,1.0,0.65,0.2178125,0.21350260416666667,0.13983072916666667,0.030260416666666668,0.9263245463371277,0.10861702263355255,0.6092157363891602,0.92082679271698,0.0017720082541927695,0.987881064414978,0.0,0.517833411693573,1.0,0.9439200162887573,0.056079983711242676
1,5740,0.2597109079360962,0.24624668061733246,0.1903475672006607,0.009136429987847805,0.14302083333333335,0.2792939245700836,0.9627799479166665,0.07444010416666667,1.0,0.0,1.0,0.65,0.23162760416666667,0.2225,0.14712239583333334,0.028138020833333333,0.9341035485267639,0.09801167249679565,0.6206464767456055,0.9426579475402832,0.0021929824724793434,0.990333080291748,0.0,0.5275495052337646,1.0,0.9491834044456482,0.05081659555435181
1,5750,0.27219584584236145,0.2505749464035034,0.17348945140838623,0.008679326623678207,0.14358072916666667,0.3186226189136505,0.9460232477396113,0.07848756482688389,1.0,0.0,0.9798768939393939,0.6469815340909091,0.19729166666666667,0.225078125,0.1628515625,0.024557291666666668,0.9382085204124451,0.09023956954479218,0.6301743984222412,0.9611564874649048,0.002989244181662798,0.9903330206871033,0.0,0.5356482267379761,1.0,0.9526820778846741,0.04731792211532593
1,5760,0.2710772156715393,0.24988964200019836,0.17403851449489594,0.009385360404849052,0.14639322916666667,0.3060227334499359,0.9549569051387982,0.06990885416666669,0.9777018229166669,0.0,1.0,0.6388509114583334,0.1923046875,0.22055989583333332,0.17243489583333332,0.025026041666666665,0.9432945847511292,0.0825381875038147,0.6404224634170532,0.9816526770591736,0.002989244181662798,0.9903330206871033,0.0,0.5443590879440308,1.0,0.9558323621749878,0.04416763782501221
1,5770,0.27893146872520447,0.24772730469703674,0.1786818653345108,0.01004724856466055,0.15520833333333334,0.3093978762626648,0.9657489112605397,0.0640407986111111,1.0,0.0,1.0,0.65,0.2276171875,0.244609375,0.180546875,0.025052083333333332,0.9454090595245361,0.07687875628471375,0.6474735736846924,0.9957547187805176,0.002989244181662798,0.9903330206871033,0.0,0.5503525733947754,1.0,0.9581977128982544,0.041802287101745605
1,5780,0.28320562839508057,0.2414022982120514,0.1655910164117813,0.01067013293504715,0.16377604166666668,0.333762526512146,0.9481199065131,0.05499131944444446,1.0,0.0,0.8467092803030303,0.6270063920454545,0.2721875,0.26515625,0.16440104166666666,0.021627604166666668,0.9497218728065491,0.07126624137163162,0.6474735140800476,0.9957547187805176,0.002989244181662798,0.990333080291748,0.0,0.5503525137901306,1.0,0.9608774185180664,0.039122581481933594
1,5790,0.2850330173969269,0.23942621052265167,0.1846708208322525,0.008770769461989403,0.1539453125,0.3024841845035553,0.9690756068392821,0.05653734702606833,1.0,0.0,1.0,0.65,0.25170572916666667,0.24502604166666667,0.18348958333333334,0.027395833333333335,0.9525818824768066,0.0668780580163002,0.6474735736846924,0.9957547783851624,0.002989244181662798,0.9903330206871033,0.0,0.5503525733947754,1.0,0.9636383056640625,0.0363616943359375
1,5800,0.29353031516075134,0.24801111221313477,0.2087441384792328,0.009590144269168377,0.15850260416666667,0.37107765674591064,0.9737174479166666,0.05256510416666667,1.0,0.019805372807017503,0.9704071969696969,0.6524929600279106,0.25125,0.247421875,0.20752604166666666,0.024348958333333334,0.9519124031066895,0.06574640423059464,0.6478555798530579,0.9957547187805176,0.004080840386450291,0.9903330206871033,0.0,0.5506772398948669,1.0,0.9667209386825562,0.03327906131744385
1,5810,0.2942119538784027,0.2602475583553314,0.22046411037445068,0.010248134844005108,0.162265625,0.324513703584671,0.9740364583333332,0.05192708333333334,1.0,0.01740679824561398,1.0,0.6560923793859649,0.2696354166666667,0.2737630208333333,0.20661458333333332,0.0281640625,0.9519281387329102,0.06439946591854095,0.6478556394577026,0.9957547187805176,0.004080840386450291,0.9903330206871033,0.0,0.5506772994995117,1.0,0.9691654443740845,0.030834555625915527
1,5820,0.2870321571826935,0.24958427250385284,0.17175932228565216,0.00967476051300764,0.16098958333333332,0.37722301483154297,0.9610650884086249,0.04997829861111111,1.0,0.0,1.0,0.65,0.3159635416666667,0.3146744791666667,0.13596354166666666,0.0255078125,0.9526208639144897,0.06202913820743561,0.648624837398529,0.9957547187805176,0.006278717890381813,0.990333080291748,0.0,0.551331102848053,1.0,0.971200704574585,0.02879929542541504
1,5830,0.2676165699958801,0.23574917018413544,0.1621914654970169,0.00968252681195736,0.16401041666666666,0.34530290961265564,0.9410538863218748,0.057617187500000014,1.0,0.0,1.0,0.65,0.293125,0.2502734375,0.16180989583333333,0.032200520833333336,0.9534444808959961,0.05900810286402702,0.6512291431427002,0.998938262462616,0.009171691723167896,0.9903330206871033,0.0,0.5535447597503662,1.0,0.972891628742218,0.027108371257781982
1,5840,0.28902533650398254,0.250323623418808,0.164143905043602,0.009782478213310242,0.16419270833333333,0.40954095125198364,0.9454973377019931,0.05533854166666668,1.0,0.008840460526315784,1.0,0.6530941611842106,0.2510807291666667,0.238515625,0.203359375,0.03095052083333333,0.9551098346710205,0.05646872520446777,0.6516685485839844,0.9989382028579712,0.01080174371600151,0.9894592761993408,0.0,0.5539183020591736,1.0,0.974307119846344,0.025692880153656006
1,5850,0.28639352321624756,0.24765077233314514,0.16203656792640686,0.00854660477489233,0.1546484375,0.3196607530117035,0.9299708058067987,0.06875358071127718,1.0,0.01672149122807016,1.0,0.6558525219298246,0.24458333333333335,0.23466145833333332,0.20635416666666667,0.028346354166666667,0.955525815486908,0.055427417159080505,0.6517441868782043,0.998938262462616,0.01142831053584814,0.9885010719299316,0.0,0.5539825558662415,1.0,0.9755433797836304,0.02445662021636963
1,5860,0.2993318736553192,0.25759750604629517,0.17435325682163239,0.009707522578537464,0.17416666666666666,0.3464560806751251,0.9648211432216514,0.05124565972222222,1.0,0.0,1.0,0.65,0.28045572916666667,0.30592447916666665,0.18020833333333333,0.025794270833333334,0.9555417895317078,0.055636823177337646,0.6529741287231445,0.9989382028579712,0.014531772583723068,0.9894593954086304,0.0,0.5550280213356018,1.0,0.9766740798950195,0.02332592010498047
1,5870,0.2843981981277466,0.23958911001682281,0.15727385878562927,0.008518662303686142,0.16153645833333333,0.335760235786438,0.9231685389071076,0.06559072837677751,1.0,0.0,1.0,0.65,0.28098958333333335,0.28881510416666667,0.173515625,0.0280078125,0.9564446210861206,0.054672278463840485,0.6536375284194946,1.0,0.014910322614014149,0.9894593358039856,0.0,0.5555919408798218,1.0,0.9777026176452637,0.022297382354736328
1,5880,0.29738831520080566,0.2503312826156616,0.18500791490077972,0.010281888768076897,0.16709635416666666,0.3408084511756897,0.9751866319444443,0.049626736111111125,1.0,0.0,1.0,0.65,0.2743229166666667,0.2939322916666667,0.19233072916666666,0.026223958333333332,0.9570391178131104,0.053695715963840485,0.6541411876678467,1.0,0.016349468380212784,0.9894593358039856,0.0,0.5560200214385986,1.0,0.9786603450775146,0.02133965492248535
1,5890,0.29175475239753723,0.24183335900306702,0.16995638608932495,0.008860115893185139,0.17063802083333332,0.42318296432495117,0.9547123662721111,0.05334028018744495,1.0,0.0,1.0,0.65,0.28153645833333335,0.30813802083333336,0.19110677083333333,0.026484375,0.9571196436882019,0.05454277992248535,0.6552361249923706,1.0,0.016349466517567635,0.9967588782310486,0.0,0.5569507479667664,1.0,0.9795451164245605,0.020454883575439453
1,5900,0.3084130883216858,0.2546318471431732,0.15708421170711517,0.011618499644100666,0.1628515625,0.3205680251121521,0.9370549386688787,0.04832899305555556,1.0,0.022923519736842077,1.0,0.6580232319078948,0.23830729166666667,0.30080729166666664,0.2087109375,0.025052083333333332,0.9555565714836121,0.056255828589200974,0.6552361249923706,1.0,0.016349466517567635,0.9967589378356934,0.0,0.5569507479667664,1.0,0.9803515076637268,0.019648492336273193
1,5910,0.3050205111503601,0.25016137957572937,0.16111497581005096,0.01161809079349041,0.17354166666666668,0.30135440826416016,0.9442191137105991,0.04764322916666666,1.0,0.0,1.0,0.65,0.24075520833333333,0.30680989583333335,0.19796875,0.0269140625,0.9556213021278381,0.05612644553184509,0.6559752225875854,1.0,0.0178571417927742,0.9981681108474731,0.0,0.557578980922699,1.0,0.9810507893562317,0.01894921064376831
1,5920,0.31181231141090393,0.24998164176940918,0.16742905974388123,0.009470121935009956,0.16856770833333334,0.31844186782836914,0.9555598684661409,0.04633246527777779,1.0,0.0461554276315789,1.0,0.6661543996710526,0.231015625,0.3110546875,0.2175390625,0.02515625,0.9545983672142029,0.05721870809793472,0.6571202278137207,1.0,0.021128669381141663,0.9981681108474731,0.0,0.5585522055625916,1.0,0.981640100479126,0.018359899520874023
1,5930,0.31098347902297974,0.24835634231567383,0.165294349193573,0.009496787562966347,0.17662760416666667,0.29374831914901733,0.9532428542976704,0.043741319444444454,1.0,0.06075246710526313,1.0,0.6712633634868421,0.23608072916666667,0.3158984375,0.2230859375,0.025598958333333335,0.9526780843734741,0.05925874412059784,0.6575947999954224,1.0,0.02248459681868553,0.9981681108474731,0.0,0.5589556097984314,1.0,0.9821333885192871,0.01786661148071289
1,5940,0.30927327275276184,0.24903228878974915,0.1812664270401001,0.010336385108530521,0.17109375,0.36288997530937195,0.9772960069444444,0.045407986111111104,1.0,0.03423108552631578,0.981652462121212,0.6592287492523923,0.21450520833333334,0.3133723958333333,0.2130078125,0.024596354166666667,0.9539717435836792,0.05913791432976723,0.6575947999954224,1.0,0.02248459681868553,0.9981681704521179,0.0,0.5589556097984314,1.0,0.9825519919395447,0.017448008060455322
1,5950,0.30426880717277527,0.24502809345722198,0.17933297157287598,0.008907646872103214,0.15380208333333334,0.39486026763916016,0.9715149435935567,0.05257258858763911,1.0,0.013157894736842046,0.9798768939393939,0.6515867972488038,0.22024739583333333,0.32125,0.205,0.024557291666666668,0.9547643661499023,0.05866027623414993,0.6589071750640869,1.0,0.026234205812215805,0.9981681108474731,0.0,0.5600711107254028,1.0,0.9828976988792419,0.017102301120758057
1,5960,0.2974105775356293,0.2465476393699646,0.1942579299211502,0.007946992293000221,0.154921875,0.31011316180229187,0.94635794871464,0.08288514350609082,1.0,0.06517269736842102,1.0,0.6728104440789474,0.2366015625,0.2582291666666667,0.224765625,0.02704427083333333,0.9537845253944397,0.06182292476296425,0.65883868932724,1.0,0.026038404554128647,0.9981681108474731,0.0,0.5600128769874573,1.0,0.9832078218460083,0.0167921781539917
1,5970,0.30237460136413574,0.23849943280220032,0.1928771734237671,0.008891499601304531,0.16095052083333333,0.3784453868865967,0.9739162706379806,0.04965342509572905,1.0,0.007949561403508774,1.0,0.6527823464912281,0.22509114583333334,0.3132552083333333,0.20302083333333334,0.027291666666666665,0.9516610503196716,0.06450264900922775,0.6588386297225952,1.0,0.026038402691483498,0.9981681108474731,0.0,0.5600128769874573,1.0,0.9834935665130615,0.016506433486938477
1,5980,0.3019067347049713,0.2393818497657776,0.1933014988899231,0.009002741426229477,0.1700390625,0.38083067536354065,0.9782335069444443,0.043532986111111116,1.0,0.03022203947368419,1.0,0.6605777138157894,0.23852864583333333,0.2739713541666667,0.211484375,0.030807291666666667,0.9530942440032959,0.06547880172729492,0.65883868932724,1.0,0.026038402691483498,0.9981681108474731,0.0,0.5600128769874573,1.0,0.9837740659713745,0.01622593402862549
1,5990,0.28282713890075684,0.2319885492324829,0.1767016053199768,0.008290695957839489,0.15970052083333333,0.3361039161682129,0.9498107359180767,0.07277963712548982,1.0,0.0,1.0,0.65,0.2232421875,0.22368489583333334,0.16419270833333333,0.03243489583333333,0.9525166153907776,0.06663414090871811,0.6588386297225952,1.0,0.026038402691483498,0.9981681108474731,0.0,0.5600128769874573,1.0,0.984021782875061,0.015978217124938965
1,6000,0.2858627438545227,0.2302422970533371,0.18101239204406738,0.007490172516554594,0.155,0.32910510897636414,0.9362524160098658,0.09251136043702118,1.0,0.0,1.0,0.65,0.25049479166666666,0.24264322916666667,0.19890625,0.03361979166666667,0.9536956548690796,0.06597243249416351,0.6591641902923584,1.0,0.026968462392687798,0.9981681108474731,0.0,0.5602895617485046,1.0,0.9842501878738403,0.015749812126159668
1,6010,0.2996550500392914,0.2532814145088196,0.19916251301765442,0.009006794542074203,0.1662109375,0.3805440664291382,0.975075954861111,0.049848090277777785,1.0,0.0514665570175438,1.0,0.6680132949561404,0.2519921875,0.26002604166666665,0.21955729166666665,0.03204427083333333,0.9552485942840576,0.06557540595531464,0.6589020490646362,1.0,0.026219520717859268,0.9981681108474731,0.0,0.5600667595863342,1.0,0.9844799041748047,0.015520095825195312
1,6020,0.30132022500038147,0.2538822293281555,0.18618640303611755,0.008135750889778137,0.1553125,0.329649418592453,0.952555016250145,0.07486468323847142,1.0,0.08610882675438596,1.0,0.6801380893640351,0.22654947916666668,0.23046875,0.23272135416666667,0.033359375,0.9566178321838379,0.06507255136966705,0.6596644520759583,1.0,0.02839781902730465,0.9981681108474731,0.0,0.5607147812843323,1.0,0.9847123622894287,0.015287637710571289
1,6030,0.29545146226882935,0.2441764920949936,0.17119304835796356,0.00745089678093791,0.15559895833333334,0.3748708665370941,0.9207394832242355,0.0928190344565,1.0,0.02847450657894733,1.0,0.6599660773026316,0.24174479166666665,0.25993489583333335,0.2108203125,0.029830729166666667,0.9576619267463684,0.06501054763793945,0.659368634223938,1.0,0.02755260467529297,0.9981681108474731,0.0,0.5604633688926697,1.0,0.9849212169647217,0.01507878303527832
1,6040,0.2943560779094696,0.23782287538051605,0.18038396537303925,0.008633938618004322,0.1603125,0.3518603444099426,0.9682192055541811,0.05507967882100642,1.0,0.0,1.0,0.65,0.269453125,0.28501302083333335,0.1931640625,0.030807291666666667,0.9588837623596191,0.06493696570396423,0.6590659618377686,1.0,0.02668781392276287,0.9981681108474731,0.0,0.5602060556411743,1.0,0.9851233959197998,0.014876604080200195
1,6050,0.3012928068637848,0.245356947183609,0.17101670801639557,0.009137749671936035,0.17471354166666667,0.3279149830341339,0.962143426012789,0.04530815972222224,1.0,0.08758223684210524,1.0,0.6806537828947369,0.2246484375,0.25373697916666665,0.23328125,0.032916666666666664,0.9590147733688354,0.06467489898204803,0.6601901054382324,1.0,0.029525311663746834,0.9990417957305908,0.0,0.5611615777015686,1.0,0.9853166341781616,0.014683365821838379
1,6060,0.2628951668739319,0.25019916892051697,0.18733836710453033,0.007012925110757351,0.143125,0.36920931935310364,0.9093943978733002,0.13516922511241136,1.0,0.012609649122807019,1.0,0.6544133771929824,0.21423177083333333,0.2531510416666667,0.20479166666666668,0.030208333333333334,0.9594562649726868,0.06400138139724731,0.6609683632850647,1.0,0.03133811056613922,1.0,0.0,0.5618231296539307,1.0,0.9855039119720459,0.014496088027954102
1,6070,0.26194581389427185,0.25078582763671875,0.1719324141740799,0.007933206856250763,0.14729166666666665,0.36606743931770325,0.920228053120889,0.10751984093408919,1.0,0.0,1.0,0.65,0.24721354166666668,0.2573697916666667,0.19095052083333333,0.030065104166666665,0.9611188173294067,0.061838120222091675,0.6617553234100342,1.0,0.03358657285571098,1.0,0.0,0.5624920129776001,1.0,0.9856870770454407,0.014312922954559326
1,6080,0.26043155789375305,0.25332966446876526,0.1796865612268448,0.008727362379431725,0.14364583333333333,0.32976847887039185,0.9532660083953282,0.08608990035607884,1.0,0.0,1.0,0.65,0.2164453125,0.2353515625,0.19859375,0.030052083333333333,0.961655855178833,0.06088384985923767,0.6628226637840271,1.0,0.03663618862628937,1.0,0.0,0.5633992552757263,1.0,0.9858651161193848,0.014134883880615234
1,6090,0.26011160016059875,0.2480018436908722,0.18216624855995178,0.009287381544709206,0.16036458333333334,0.42105433344841003,0.9630555555555554,0.07388888888888888,1.0,0.0,1.0,0.65,0.24587239583333334,0.25514322916666665,0.188671875,0.033216145833333335,0.962161660194397,0.05987215042114258,0.664036214351654,1.0,0.04010351747274399,1.0,0.0,0.5644307732582092,1.0,0.9860361218452454,0.013963878154754639
1,6100,0.2994033694267273,0.24028317630290985,0.17952382564544678,0.009244768880307674,0.17529947916666666,0.32417815923690796,0.9794719442546876,0.03944444444444445,1.0,0.01953124999999999,1.0,0.6568359375,0.280859375,0.3215104166666667,0.207421875,0.0324609375,0.9640318155288696,0.05744605138897896,0.6660213470458984,1.0,0.04577524587512016,1.0,0.0,0.5661181807518005,1.0,0.9861817359924316,0.01381826400756836
1,6110,0.30373865365982056,0.24079518020153046,0.17389091849327087,0.009742542169988155,0.18134114583333333,0.35637518763542175,0.9696658946510054,0.03999131944444445,1.0,0.007195723684210484,1.0,0.6525185032894737,0.2823046875,0.2985026041666667,0.202734375,0.031276041666666664,0.9654029607772827,0.05407187342643738,0.6660213470458984,1.0,0.04577524587512016,1.0,0.0,0.5661181807518005,1.0,0.9863445162773132,0.013655483722686768
1,6120,0.30975207686424255,0.24408087134361267,0.17498691380023956,0.00936361588537693,0.17559895833333333,0.31525954604148865,0.9729746489952772,0.03708333333333333,1.0,0.04574424342105259,1.0,0.6660104851973684,0.26859375,0.2959375,0.2173828125,0.0309765625,0.966185450553894,0.052507102489471436,0.6661428213119507,1.0,0.04658129811286926,0.9989290833473206,0.0,0.5662214159965515,1.0,0.9865096807479858,0.01349031925201416
1,6130,0.30112898349761963,0.2469506561756134,0.19068312644958496,0.010307698510587215,0.18013020833333335,0.29769906401634216,0.9774848090277777,0.04503038194444445,1.0,0.028405975877192936,1.0,0.6599420915570176,0.2516796875,0.28044270833333335,0.21079427083333332,0.0328515625,0.9673073291778564,0.049816787242889404,0.6648693084716797,1.0,0.04294264316558838,0.9989290833473206,0.0,0.5651389360427856,1.0,0.9866834282875061,0.013316571712493896
1,6140,0.30716556310653687,0.24893520772457123,0.1849266141653061,0.011720738373696804,0.18803385416666665,0.379785418510437,0.9789019097222221,0.042196180555555574,1.0,0.04259183114035086,1.0,0.6649071408991228,0.2512890625,0.2918880208333333,0.21618489583333333,0.031940104166666664,0.9699588418006897,0.04609603062272072,0.6648601293563843,1.0,0.04291653633117676,0.9989290833473206,0.0,0.5651311278343201,1.0,0.986868679523468,0.013131320476531982
1,6150,0.3293873071670532,0.2645324170589447,0.1935339868068695,0.015415443107485771,0.18455729166666668,0.3677855134010315,0.9800477430555554,0.039904513888888896,1.0,0.09381853070175439,1.0,0.6828364857456141,0.20084635416666666,0.2924088541666667,0.23565104166666667,0.027669270833333332,0.9694497585296631,0.044640399515628815,0.6648601293563843,1.0,0.04291653633117676,0.9989290833473206,0.0,0.5651311278343201,1.0,0.9870396256446838,0.012960374355316162
1,6160,0.32399746775627136,0.25877705216407776,0.18382036685943604,0.014484553597867489,0.18638020833333332,0.33524781465530396,0.9807855902777777,0.03842881944444444,1.0,0.05122669956140345,1.0,0.6679293448464912,0.21576822916666666,0.307421875,0.21946614583333332,0.030677083333333334,0.970134973526001,0.042887136340141296,0.663400411605835,1.0,0.038745954632759094,0.9989290833473206,0.0,0.5638903379440308,1.0,0.9872132539749146,0.01278674602508545
1,6170,0.3259645700454712,0.25669971108436584,0.2126798778772354,0.011766696348786354,0.18697916666666667,0.3433323800563812,0.9812717013888888,0.037456597222222235,1.0,0.11239035087719296,1.0,0.6893366228070176,0.2555859375,0.3017447916666667,0.24270833333333333,0.029375,0.9720617532730103,0.03731237351894379,0.6634518504142761,1.0,0.03889280557632446,0.9989290833473206,0.0,0.5639340877532959,1.0,0.9874024987220764,0.012597501277923584
1,6180,0.31008443236351013,0.23509521782398224,0.20927177369594574,0.009260933846235275,0.18571614583333335,0.2871028780937195,0.985193142361111,0.029613715277777782,1.0,0.07199150219298243,1.0,0.6751970257675439,0.27759114583333333,0.250859375,0.22735677083333333,0.03529947916666667,0.9738571643829346,0.032981447875499725,0.6635323762893677,1.0,0.039122872054576874,0.9989290833473206,0.0,0.564002513885498,1.0,0.9876205325126648,0.012379467487335205
1,6190,0.33493301272392273,0.24304522573947906,0.2057408094406128,0.009427965618669987,0.18716145833333334,0.2888144552707672,0.9888563368055555,0.02228732638888889,1.0,0.10303591008771931,1.0,0.6860625685307018,0.3053255208333333,0.3523828125,0.23915364583333334,0.0300390625,0.9736855626106262,0.029603449627757072,0.6635323762893677,1.0,0.039122872054576874,0.9989290833473206,0.0,0.564002513885498,1.0,0.9878321290016174,0.012167870998382568
1,6200,0.3318893313407898,0.2436002939939499,0.19469483196735382,0.009256198070943356,0.19140625,0.3600296676158905,0.9890842013888888,0.02183159722222222,1.0,0.11910635964912282,1.0,0.691687225877193,0.31515625,0.343671875,0.24526041666666668,0.030091145833333333,0.9739247560501099,0.026645032688975334,0.6635323762893677,1.0,0.039122872054576874,0.9989290833473206,0.0,0.564002513885498,1.0,0.9880126714706421,0.01198732852935791
1,6210,0.3319565951824188,0.2404615730047226,0.16574376821517944,0.009755363687872887,0.16592447916666667,0.3544665575027466,0.9650472463705599,0.02165364583333334,1.0,0.0,1.0,0.65,0.3458333333333333,0.3925911458333333,0.17713541666666666,0.0275390625,0.9734129905700684,0.02528487518429756,0.6632616519927979,1.0,0.0383494570851326,0.9989290833473206,0.0,0.563772439956665,1.0,0.9881333708763123,0.011866629123687744
1,6220,0.3458217680454254,0.2345382571220398,0.1971658319234848,0.01062134001404047,0.1950390625,0.29905715584754944,0.9915060763888888,0.016987847222222224,1.0,0.06839364035087715,0.9775094696969696,0.6705641945773524,0.38078125,0.45502604166666666,0.22598958333333333,0.024505208333333334,0.9738802909851074,0.0239579901099205,0.6631417274475098,1.0,0.038006801158189774,0.9989290833473206,0.0,0.5636704564094543,1.0,0.9881959557533264,0.011804044246673584
1,6230,0.33563950657844543,0.2264288365840912,0.17131324112415314,0.010850009508430958,0.19700520833333332,0.352472722530365,0.9761153033554045,0.01836805555555556,1.0,0.00969709429824556,1.0,0.653393983004386,0.3506640625,0.4142838541666667,0.20368489583333332,0.025755208333333335,0.9720171689987183,0.02489173412322998,0.6623793244361877,1.0,0.03582850471138954,0.9989290833473206,0.0,0.5630224347114563,1.0,0.9881954193115234,0.011804580688476562
1,6240,0.34086093306541443,0.22771549224853516,0.17040462791919708,0.010436777025461197,0.20442708333333334,0.287418931722641,0.9764200981559916,0.014683159722222228,1.0,0.02792626096491223,1.0,0.6597741913377193,0.3664192708333333,0.4234765625,0.21061197916666666,0.025846354166666665,0.9723393321037292,0.02335217595100403,0.6619058847427368,1.0,0.034475840628147125,0.9989290833473206,0.0,0.5626200437545776,1.0,0.9881496429443359,0.011850357055664062
1,6250,0.3277105987071991,0.2106998860836029,0.16554352641105652,0.008503666147589684,0.19209635416666668,0.298805296421051,0.9575292543138418,0.024511469924433753,1.0,0.0,1.0,0.65,0.40295572916666667,0.43645833333333334,0.16821614583333333,0.027838541666666668,0.9730146527290344,0.02200152352452278,0.6611960530281067,1.0,0.032447658479213715,0.9989290833473206,0.0,0.5620166659355164,1.0,0.9880591630935669,0.011940836906433105
1,6260,0.3377053737640381,0.21633031964302063,0.1686423122882843,0.009869473986327648,0.18625,0.2978009879589081,0.9765345060519683,0.008489583333333339,1.0,0.0,1.0,0.65,0.369921875,0.4260546875,0.19595052083333334,0.0267578125,0.9723485112190247,0.020723622292280197,0.6596324443817139,1.0,0.027980107814073563,0.9989290833473206,0.0,0.5606876015663147,1.0,0.9879503846168518,0.012049615383148193
1,6270,0.33173298835754395,0.21602487564086914,0.15672801434993744,0.008852362632751465,0.17505208333333333,0.30866095423698425,0.9498565919942997,0.018099229523159927,1.0,0.015693530701754357,1.0,0.6554927357456141,0.333046875,0.38494791666666667,0.20596354166666667,0.029088541666666665,0.9711706638336182,0.019591430202126503,0.6587786078453064,1.0,0.02554074116051197,0.9989290833473206,0.0,0.5599618554115295,1.0,0.9878193140029907,0.012180685997009277
1,6280,0.3343728184700012,0.2182798981666565,0.16123592853546143,0.008824920281767845,0.18705729166666665,0.3019629418849945,0.957931837344048,0.01657043517645456,1.0,0.0048314144736841995,1.0,0.6516909950657895,0.3365885416666667,0.377734375,0.2018359375,0.029479166666666667,0.9712133407592773,0.01859564520418644,0.6569082736968994,1.0,0.020196978002786636,0.9989290833473206,0.0,0.5583720207214355,1.0,0.9876723289489746,0.01232767105102539
1,6290,0.32517579197883606,0.21113534271717072,0.15473167598247528,0.011394059285521507,0.18205729166666668,0.26416051387786865,0.9496622660323086,0.01515190972222223,1.0,0.0,1.0,0.65,0.32967447916666665,0.4015234375,0.17869791666666668,0.029830729166666667,0.9708077907562256,0.018006814643740654,0.6557084321975708,1.0,0.016768811270594597,0.9989290833473206,0.0,0.5573521852493286,1.0,0.987519383430481,0.012480616569519043
1,6300,0.33879944682121277,0.21825280785560608,0.16461220383644104,0.01048334315419197,0.18770833333333334,0.32012465596199036,0.9680780377958573,0.011762152777777778,1.0,0.0,1.0,0.65,0.3169921875,0.4006119791666667,0.18625,0.0280859375,0.967196524143219,0.020031388849020004,0.653991162776947,1.0,0.011862339451909065,0.9989290833473206,0.0,0.5558925271034241,1.0,0.9873619079589844,0.012638092041015625
1,6310,0.3396223485469818,0.21755008399486542,0.1647336333990097,0.010382607579231262,0.18678385416666668,0.26531797647476196,0.9687240721731104,0.010881076388888893,1.0,0.0032894736842105296,1.0,0.6511513157894737,0.33239583333333333,0.41165364583333336,0.20125,0.0262109375,0.9675127267837524,0.019398946315050125,0.6520060896873474,1.0,0.0061906068585813046,0.9989290833473206,0.0,0.5542051792144775,1.0,0.9872111082077026,0.012788891792297363
1,6320,0.3304646909236908,0.2207593470811844,0.1714579164981842,0.010090996511280537,0.18420572916666667,0.28041788935661316,0.9794807983259869,0.012126736111111112,1.0,0.0,1.0,0.65,0.36015625,0.4131901041666667,0.17575520833333333,0.029895833333333333,0.9678462743759155,0.018976492807269096,0.6520060896873474,1.0,0.0061906068585813046,0.9989290833473206,0.0,0.5542051792144775,1.0,0.9870373010635376,0.012962698936462402
1,6330,0.33173319697380066,0.2193019837141037,0.16735193133354187,0.007584384176880121,0.1744140625,0.35074153542518616,0.933849146329511,0.05669200510866837,1.0,0.0,1.0,0.65,0.354296875,0.4029947916666667,0.18174479166666666,0.0259375,0.967812716960907,0.019043458625674248,0.6510268449783325,1.0,0.002933766692876816,1.0,0.0,0.553372859954834,1.0,0.9868388175964355,0.013161182403564453
1,6340,0.3282642662525177,0.22284503281116486,0.1744455248117447,0.00920178834348917,0.18309895833333334,0.35016506910324097,0.9842502925232943,0.012699652777777785,1.0,0.0,1.0,0.65,0.37817708333333333,0.3980859375,0.15509114583333333,0.028294270833333333,0.9669767022132874,0.019030023366212845,0.6508651971817017,1.0,0.002472000429406762,1.0,0.0,0.5532354116439819,1.0,0.9866061210632324,0.013393878936767578
1,6350,0.33885878324508667,0.23296873271465302,0.18100428581237793,0.010549059137701988,0.1825,0.3072458505630493,0.993083767361111,0.013832465277777782,1.0,0.0,1.0,0.65,0.3416015625,0.39014322916666666,0.1778515625,0.027526041666666667,0.9659855961799622,0.019091613590717316,0.6503998041152954,1.0,0.0011421783128753304,1.0,0.0,0.5528398752212524,1.0,0.986345648765564,0.013654351234436035
1,6360,0.3348303735256195,0.22000405192375183,0.1638045310974121,0.011687382124364376,0.18123697916666667,0.33823177218437195,0.9660579952011761,0.013068576388888892,1.0,0.0,1.0,0.65,0.36171875,0.4090625,0.17385416666666667,0.027721354166666667,0.96741783618927,0.019104748964309692,0.650302529335022,1.0,0.0011421783128753304,0.9993517994880676,0.0,0.5527571439743042,1.0,0.9860845804214478,0.013915419578552246
1,6370,0.33242425322532654,0.222687765955925,0.1583591103553772,0.011551366187632084,0.18555989583333332,0.33157801628112793,0.956050567097134,0.014652777777777785,1.0,0.0,1.0,0.65,0.3591666666666667,0.40458333333333335,0.19157552083333335,0.029036458333333334,0.9679986834526062,0.019773565232753754,0.6501756906509399,1.0,0.0011421783128753304,0.9985063672065735,0.0,0.5526493787765503,1.0,0.9857977032661438,0.014202296733856201
1,6380,0.3441002666950226,0.2401977926492691,0.1743510663509369,0.012466381303966045,0.19227864583333334,0.2699364125728607,0.9821676966879103,0.016545138888888894,1.0,0.0001713267543859552,1.0,0.6500599643640351,0.31256510416666666,0.39514322916666667,0.20006510416666667,0.0265625,0.9695932865142822,0.019900456070899963,0.6499141454696655,1.0,0.0003948673838749528,0.9985063076019287,0.0,0.5524270534515381,1.0,0.9854715466499329,0.014528453350067139
1,6390,0.33836233615875244,0.24039317667484283,0.17131438851356506,0.011084001511335373,0.18265625,0.3455030918121338,0.9766771409246656,0.017248263888888893,1.0,0.0,1.0,0.65,0.33166666666666667,0.37235677083333335,0.1875,0.0255078125,0.9696286916732788,0.020070381462574005,0.649833619594574,1.0,0.00016480001795571297,0.9985063076019287,0.0,0.5523585677146912,1.0,0.9851188063621521,0.0148811936378479
1,6400,0.3228153884410858,0.20283885300159454,0.16029340028762817,0.007167571224272251,0.17341145833333332,0.3555661141872406,0.9130193304940701,0.06480336291175386,1.0,0.0,1.0,0.65,0.4186328125,0.4462760416666667,0.14294270833333333,0.025455729166666666,0.9658838510513306,0.02604176104068756,0.6498336791992188,1.0,0.00016480001795571297,0.9985063076019287,0.0,0.5523586273193359,1.0,0.9847606420516968,0.015239357948303223
1,6410,0.33932021260261536,0.22018790245056152,0.1859249621629715,0.010304302908480167,0.20643229166666666,0.28223317861557007,0.9957248263888888,0.008550347222222227,1.0,0.0,1.0,0.65,0.41923177083333335,0.47,0.1795703125,0.026848958333333332,0.9602636098861694,0.0328994020819664,0.6498336791992188,1.0,0.00016480001795571297,0.9985063076019287,0.0,0.5523586273193359,1.0,0.9844352006912231,0.015564799308776855
1,6420,0.3224913775920868,0.2114320993423462,0.16726085543632507,0.009335397742688656,0.17118489583333332,0.35624459385871887,0.9720503886336955,0.012782118055555562,1.0,0.0,1.0,0.65,0.37049479166666666,0.41930989583333333,0.177734375,0.026940104166666666,0.9551246762275696,0.03962638974189758,0.6497788429260254,1.0,8.158416676451452e-06,0.9985063076019287,0.0,0.5523120164871216,1.0,0.9841569066047668,0.015843093395233154
1,6430,0.3239119052886963,0.2306530475616455,0.19117914140224457,0.009164158254861832,0.19497395833333334,0.3283679187297821,0.9908029513888887,0.01839409722222222,1.0,0.0,1.0,0.65,0.3772265625,0.3702473958333333,0.19712239583333332,0.029921875,0.9487982988357544,0.04574695602059364,0.6497787833213806,1.0,8.158416676451452e-06,0.9985063076019287,0.0,0.5523119568824768,1.0,0.9839190244674683,0.01608097553253174
1,6440,0.3199860751628876,0.22031092643737793,0.1608559638261795,0.00989779643714428,0.18626302083333332,0.3147997260093689,0.9585594315712268,0.018085937500000003,1.0,0.0,1.0,0.65,0.3485546875,0.34248697916666665,0.19912760416666667,0.030481770833333335,0.9440957307815552,0.049852583557367325,0.6497788429260254,1.0,8.158416676451452e-06,0.9985063076019287,0.0,0.5523120164871216,1.0,0.9837429523468018,0.016257047653198242
1,6450,0.3168424963951111,0.21487879753112793,0.1584877073764801,0.011345400474965572,0.18977864583333334,0.31128278374671936,0.9556063004640432,0.015976562500000006,1.0,0.0,1.0,0.65,0.37579427083333333,0.35661458333333335,0.1641796875,0.028255208333333334,0.939359188079834,0.0532279908657074,0.6496096849441528,1.0,8.158416676451452e-06,0.997378945350647,0.0,0.5521682500839233,1.0,0.9836083054542542,0.01639169454574585
1,6460,0.31638815999031067,0.23224693536758423,0.18913890421390533,0.01000403892248869,0.17924479166666665,0.3060317039489746,0.9876063368055554,0.02478732638888889,1.0,0.0,0.9863873106060606,0.6479580965909091,0.366796875,0.349453125,0.16278645833333333,0.024700520833333333,0.9368755221366882,0.053920164704322815,0.6491785049438477,1.0,8.158416676451452e-06,0.9945042133331299,0.0,0.5518017411231995,1.0,0.9834970235824585,0.016502976417541504
1,6470,0.3278599679470062,0.2353154420852661,0.19112974405288696,0.011512278579175472,0.17744791666666668,0.2973542809486389,0.9887326388888888,0.02253472222222222,1.0,0.0,0.9822443181818181,0.6473366477272727,0.3554817708333333,0.3677734375,0.16671875,0.024609375,0.9346545934677124,0.05574735254049301,0.6474494338035583,1.0,8.158416676451452e-06,0.9829771518707275,0.0,0.5503320097923279,1.0,0.9833931922912598,0.016606807708740234
1,6480,0.32525497674942017,0.23807957768440247,0.17629198729991913,0.010185516439378262,0.174296875,0.2776549160480499,0.9833429571400342,0.020763888888888887,1.0,0.0,1.0,0.65,0.3579817708333333,0.3584765625,0.18575520833333334,0.025807291666666666,0.9348750114440918,0.05645812302827835,0.6462191939353943,1.0,8.158416676451452e-06,0.9747756719589233,0.0,0.5492863059043884,1.0,0.9833135008811951,0.01668649911880493
1,6490,0.323922336101532,0.23466137051582336,0.16153044998645782,0.010001234710216522,0.179921875,0.3699723184108734,0.9586743939941766,0.020138888888888894,1.0,0.0,1.0,0.65,0.3550260416666667,0.35475260416666665,0.16856770833333334,0.0272265625,0.9350282549858093,0.057062044739723206,0.6462163329124451,1.0,0.0,0.9747757315635681,0.0,0.5492839217185974,1.0,0.9832189083099365,0.016781091690063477
1,6500,0.285101979970932,0.2249699831008911,0.16630128026008606,0.0059339809231460094,0.146953125,0.295556902885437,0.8710211764170879,0.1405508441452775,1.0,0.0,1.0,0.65,0.3066796875,0.29033854166666667,0.16397135416666667,0.035143229166666665,0.9354429841041565,0.05763247609138489,0.6462163925170898,1.0,0.0,0.9747756719589233,0.0,0.5492839217185974,1.0,0.983122706413269,0.016877293586730957
1,6510,0.2725343406200409,0.220857635140419,0.16118267178535461,0.005528664216399193,0.14483072916666667,0.3483777642250061,0.8500522735859046,0.15577264414772107,1.0,0.0,1.0,0.65,0.30397135416666665,0.25907552083333335,0.14326822916666668,0.035416666666666666,0.9387761950492859,0.05612309277057648,0.6455526351928711,1.0,0.0,0.9703508019447327,0.0,0.5487197637557983,1.0,0.9830509424209595,0.016949057579040527
1,6520,0.26687270402908325,0.21993252635002136,0.16544009745121002,0.005678735673427582,0.13817708333333334,0.3248637020587921,0.8608081947566819,0.15214781568140842,1.0,0.0,1.0,0.65,0.3241015625,0.2825651041666667,0.1259375,0.03145833333333333,0.9381859302520752,0.05730365216732025,0.6450495719909668,1.0,0.0,0.966996967792511,0.0,0.5482921600341797,1.0,0.9829747676849365,0.017025232315063477
1,6530,0.25934284925460815,0.20546789467334747,0.15247385203838348,0.005852716974914074,0.13104166666666667,0.36574819684028625,0.8466255568363641,0.14065861187592593,1.0,0.0,1.0,0.65,0.40084635416666664,0.3104427083333333,0.09299479166666667,0.030221354166666665,0.9368669986724854,0.06057877466082573,0.6436883211135864,1.0,0.0,0.9579218626022339,0.0,0.5471351146697998,1.0,0.9828941822052002,0.017105817794799805
1,6540,0.2813469171524048,0.21197283267974854,0.1483546942472458,0.005556355230510235,0.14447916666666666,0.3650612533092499,0.8350954327516277,0.14291017674596168,1.0,0.0,1.0,0.65,0.35546875,0.289765625,0.13358072916666666,0.030638020833333335,0.9346602559089661,0.06359593570232391,0.6427074670791626,1.0,0.0,0.9513832330703735,0.0,0.5463013648986816,1.0,0.9828299283981323,0.017170071601867676
1,6550,0.2854824960231781,0.2027745544910431,0.14835470914840698,0.007284751161932945,0.1631640625,0.2919727563858032,0.8847830283513213,0.08358323439228825,1.0,0.0,0.9763257575757575,0.6464488636363637,0.414765625,0.3556640625,0.112109375,0.024479166666666666,0.9347261190414429,0.06481865793466568,0.6420353055000305,1.0,0.0,0.9469020366668701,0.0,0.5457300543785095,1.0,0.9827865362167358,0.01721346378326416
1,6560,0.29659202694892883,0.2067543864250183,0.1534745842218399,0.009083080105483532,0.16680989583333333,0.3495846688747406,0.9409268070591821,0.028368055555555563,1.0,0.0,0.9396306818181817,0.6409446022727272,0.3846614583333333,0.3735546875,0.11236979166666666,0.023671875,0.9352422952651978,0.06615442782640457,0.6416590213775635,1.0,0.0,0.9443937540054321,0.0,0.54541015625,1.0,0.9827569723129272,0.017243027687072754
1,6570,0.31265032291412354,0.22568927705287933,0.152479350566864,0.00828453991562128,0.16765625,0.27365294098854065,0.9194179546549429,0.0514395435616818,1.0,0.0,0.7579308712121212,0.6136896306818181,0.31615885416666667,0.3650390625,0.161875,0.019674479166666668,0.9330940246582031,0.0679241493344307,0.6413419842720032,1.0,0.0,0.9422799348831177,0.0,0.5451406836509705,1.0,0.9827241897583008,0.01727581024169922
1,6580,0.32273247838020325,0.2326865941286087,0.16550463438034058,0.010055886581540108,0.17993489583333333,0.2720355987548828,0.9606798847312602,0.029578993055555558,1.0,0.0,0.8277698863636362,0.6241654829545454,0.29399739583333334,0.36645833333333333,0.17776041666666667,0.0212109375,0.9312907457351685,0.06907721608877182,0.6412193775177002,1.0,0.0,0.9414626359939575,0.0,0.5450364947319031,1.0,0.9827053546905518,0.017294645309448242
1,6590,0.31916263699531555,0.23229210078716278,0.18752090632915497,0.01022336445748806,0.19751302083333333,0.3875684440135956,0.9853862847222221,0.02922743055555556,1.0,0.0,1.0,0.65,0.3580598958333333,0.3899609375,0.17138020833333334,0.025286458333333334,0.9309506416320801,0.0703551173210144,0.6409910917282104,1.0,0.0,0.9399407505989075,0.0,0.5448424220085144,1.0,0.9826887249946594,0.017311275005340576
1,6600,0.3182733654975891,0.2372579127550125,0.1835126131772995,0.012504679150879383,0.20123697916666666,0.3781868517398834,0.9853862847222221,0.02922743055555556,1.0,0.0,1.0,0.65,0.3682682291666667,0.38459635416666665,0.1687109375,0.025911458333333335,0.9317825436592102,0.07166815549135208,0.6406824588775635,1.0,0.0,0.9378833174705505,0.0,0.5445801019668579,1.0,0.9826766848564148,0.017323315143585205
1,6610,0.30507269501686096,0.22590230405330658,0.18960165977478027,0.008962888270616531,0.19171875,0.2765611410140991,0.983016906261121,0.03310628155301902,1.0,0.0,0.9070785984848485,0.6360617897727272,0.3390755208333333,0.3389583333333333,0.17282552083333333,0.022955729166666668,0.9367810487747192,0.0672619640827179,0.6403189301490784,1.0,0.0,0.9354594945907593,0.0,0.5442711114883423,1.0,0.9827063083648682,0.017293691635131836
1,6620,0.30411970615386963,0.22889724373817444,0.19219093024730682,0.010412809439003468,0.19802083333333334,0.36460697650909424,0.9833289930555554,0.03334201388888888,1.0,0.0,0.9295691287878787,0.6394353693181818,0.3323567708333333,0.3635026041666667,0.15817708333333333,0.023450520833333332,0.9424744844436646,0.06200195848941803,0.6399215459823608,1.0,0.0,0.9328103065490723,0.0,0.5439333319664001,1.0,0.9827865362167358,0.01721346378326416
1,6630,0.2936232388019562,0.24004681408405304,0.1867533177137375,0.007716706022620201,0.14802083333333332,0.41364210844039917,0.9443527136658265,0.08155971221686377,1.0,0.0,0.8094223484848485,0.6214133522727273,0.3478125,0.37774739583333333,0.08595052083333334,0.02080729166666667,0.9480334520339966,0.05689513683319092,0.6396594047546387,1.0,0.0,0.9310628771781921,0.0,0.5437105298042297,1.0,0.9829186797142029,0.01708132028579712
1,6640,0.30202656984329224,0.2503853440284729,0.1881111115217209,0.007734515704214573,0.14899739583333332,0.2764971852302551,0.9444616107804181,0.08175458134169664,1.0,0.0,0.8626893939393939,0.6294034090909091,0.3370182291666667,0.3710807291666667,0.07774739583333333,0.021979166666666668,0.9540343284606934,0.05210620537400246,0.638835072517395,1.0,0.0,0.9255670309066772,0.0,0.5430098176002502,1.0,0.9831088185310364,0.016891181468963623
1,6650,0.28610625863075256,0.2227642983198166,0.16926009953022003,0.009231694974005222,0.15923177083333334,0.3032010495662689,0.9599432734037057,0.043763020833333346,1.0,0.0,0.9058948863636364,0.6358842329545454,0.34220052083333335,0.35563802083333335,0.09404947916666667,0.0229296875,0.9596867561340332,0.046950262039899826,0.6379473209381104,1.0,0.0,0.9196485280990601,0.0,0.5422552227973938,1.0,0.9833446145057678,0.016655385494232178
1,6660,0.28734371066093445,0.2255023568868637,0.17318041622638702,0.010022112168371677,0.162265625,0.2969335615634918,0.966445277032689,0.04402777777777779,1.0,0.0,0.9473248106060606,0.6420987215909091,0.33458333333333334,0.35734375,0.09048177083333334,0.023841145833333334,0.9638580083847046,0.04470932111144066,0.6374653577804565,1.0,0.0,0.9164355993270874,0.0,0.5418455600738525,1.0,0.9836285710334778,0.016371428966522217
1,6670,0.28438347578048706,0.22911274433135986,0.16785134375095367,0.008484565652906895,0.16029947916666668,0.32588881254196167,0.942493519609779,0.0619514409682857,1.0,0.0,0.941998106060606,0.6412997159090909,0.3208203125,0.33884114583333336,0.09809895833333333,0.023723958333333333,0.9650634527206421,0.04509684443473816,0.6370426416397095,1.0,0.0,0.9136172533035278,0.0,0.5414862632751465,1.0,0.9839355945587158,0.01606440544128418
1,6680,0.2845090627670288,0.23097999393939972,0.16477708518505096,0.009412328712642193,0.16959635416666666,0.3281858265399933,0.9508635781870948,0.04674913194444444,1.0,0.0,0.9650804924242423,0.6447620738636364,0.3195442708333333,0.33294270833333334,0.10115885416666667,0.024231770833333333,0.9680265188217163,0.04439564794301987,0.637790858745575,1.0,0.0,0.9186057448387146,0.0,0.5421222448348999,1.0,0.9842685461044312,0.015731453895568848
1,6690,0.2872409522533417,0.2304747998714447,0.18442854285240173,0.009780114516615868,0.1619140625,0.312629759311676,0.9762000868055555,0.04759982638888889,1.0,0.0,0.9680397727272726,0.6452059659090909,0.2914322916666667,0.3062890625,0.12134114583333333,0.024296875,0.9670473337173462,0.04699767753481865,0.6375203132629395,1.0,0.0,0.9168019890785217,0.0,0.5418922901153564,1.0,0.9846059083938599,0.015394091606140137
1,6700,0.2857021689414978,0.2309865653514862,0.18995516002178192,0.010467801243066788,0.16540364583333333,0.32327213883399963,0.9761436631944443,0.04771267361111112,1.0,0.0,0.9567945075757575,0.6435191761363637,0.32505208333333335,0.33174479166666665,0.101640625,0.024049479166666665,0.966816246509552,0.04745960608124733,0.6366410255432129,1.0,0.0,0.9109398126602173,0.0,0.5411449074745178,1.0,0.9849646091461182,0.015035390853881836
1,6710,0.2869279384613037,0.23485976457595825,0.18216603994369507,0.00972091592848301,0.1622265625,0.3409196734428406,0.9759895833333332,0.048020833333333346,1.0,0.0,0.9491003787878787,0.6423650568181818,0.3262630208333333,0.32231770833333334,0.09618489583333334,0.023880208333333333,0.9665899872779846,0.04791223630309105,0.6354953050613403,1.0,0.0,0.903302013874054,0.0,0.5401710271835327,1.0,0.9853265881538391,0.014673411846160889
1,6720,0.29054486751556396,0.23145104944705963,0.17543254792690277,0.009009391069412231,0.17536458333333332,0.3273669481277466,0.969614215722451,0.045312500000000006,1.0,0.0,0.9443655303030303,0.6416548295454545,0.3294921875,0.33481770833333335,0.0876953125,0.023776041666666668,0.9664989113807678,0.04813531041145325,0.6350091695785522,1.0,0.0,0.9000608921051025,0.0,0.5397577881813049,1.0,0.9856692552566528,0.014330744743347168
1,6730,0.303641140460968,0.24384959042072296,0.19235217571258545,0.009914079681038857,0.15970052083333333,0.3113626539707184,0.9775477430555555,0.0449045138888889,1.0,0.0,0.9633049242424242,0.6444957386363637,0.3004427083333333,0.30388020833333335,0.1216015625,0.024192708333333333,0.9663914442062378,0.0483502559363842,0.6351529359817505,1.0,0.0,0.9010191559791565,0.0,0.5398800373077393,1.0,0.9860227704048157,0.013977229595184326
1,6740,0.30473434925079346,0.23688067495822906,0.17568039894104004,0.01064310222864151,0.17018229166666668,0.31051328778266907,0.9726443329835549,0.04009114583333334,1.0,0.0,0.8845880681818181,0.6326882102272727,0.321484375,0.3260546875,0.09690104166666667,0.0224609375,0.968155562877655,0.04623791575431824,0.6358165740966797,1.0,0.0,0.9054439663887024,0.0,0.5404440760612488,1.0,0.9863970279693604,0.013602972030639648
1,6750,0.3058274984359741,0.22437548637390137,0.162930428981781,0.009200247004628181,0.17134114583333335,0.3180111050605774,0.9537953253281423,0.03463541666666667,1.0,0.0,0.8757102272727273,0.6313565340909091,0.3334505208333333,0.3575,0.10932291666666667,0.022265625,0.9699060916900635,0.044133033603429794,0.6360110640525818,1.0,0.0,0.9067404270172119,0.0,0.5406094193458557,1.0,0.9867972731590271,0.0132027268409729
1,6760,0.3035314679145813,0.22516290843486786,0.17446941137313843,0.011586673557758331,0.17725260416666666,0.3331282138824463,0.9723788235737727,0.036523437500000006,1.0,0.0,0.9088541666666666,0.636328125,0.3358463541666667,0.35670572916666665,0.11688802083333333,0.022994791666666667,0.9709780812263489,0.04372008517384529,0.6356601715087891,1.0,0.0,0.9044011831283569,0.0,0.5403111577033997,1.0,0.987204909324646,0.012795090675354004
1,6770,0.2989320755004883,0.22238346934318542,0.17083753645420074,0.00934581458568573,0.17373697916666667,0.305076003074646,0.9662412542665106,0.03650607638888889,1.0,0.0,0.8804450757575757,0.6320667613636364,0.3612369791666667,0.3555859375,0.1108984375,0.022369791666666666,0.9717332124710083,0.04330899566411972,0.6351147890090942,1.0,0.0,0.9007654190063477,0.0,0.5398476123809814,1.0,0.9876174330711365,0.012382566928863525
1,6780,0.30979010462760925,0.23779655992984772,0.18829835951328278,0.010336369276046753,0.170078125,0.3314257264137268,0.9816427951388889,0.03671440972222222,1.0,0.0,0.8626893939393939,0.6294034090909091,0.352109375,0.3551432291666667,0.112578125,0.021979166666666668,0.9737260341644287,0.04185012727975845,0.6344383955001831,1.0,0.0,0.8962560892105103,0.0,0.539272665977478,1.0,0.9880520701408386,0.011947929859161377
1,6790,0.3066388964653015,0.2362946718931198,0.19301830232143402,0.007465824950486422,0.15915364583333333,0.3203255832195282,0.9401152476553267,0.08422154622500747,1.0,0.0,0.7898910984848485,0.6184836647727273,0.3451953125,0.3594140625,0.12984375,0.020377604166666667,0.9753440022468567,0.041067637503147125,0.6342312693595886,1.0,0.0,0.8948751091957092,0.0,0.5390965938568115,1.0,0.9885044693946838,0.011495530605316162
1,6800,0.3187256455421448,0.25488215684890747,0.20130960643291473,0.014281406067311764,0.17177083333333334,0.34486913681030273,0.9805360243055554,0.038927951388888896,1.0,0.0,0.8768939393939394,0.631534090909091,0.35115885416666665,0.3539453125,0.11420572916666667,0.022291666666666668,0.9757369756698608,0.04028183966875076,0.6339564323425293,1.0,0.0,0.8930431604385376,0.0,0.5388630032539368,1.0,0.9889657497406006,0.011034250259399414
1,6810,0.3208261728286743,0.25598734617233276,0.2086876928806305,0.011987093836069107,0.17161458333333332,0.32801538705825806,0.9806336805555554,0.03873263888888889,1.0,0.0,0.8396070075757576,0.6259410511363637,0.33368489583333333,0.3651302083333333,0.12579427083333333,0.021471354166666668,0.9761266112327576,0.039502449333667755,0.6342650651931763,1.0,0.0,0.8951005935668945,0.0,0.5391253232955933,1.0,0.9894285202026367,0.010571479797363281
1,6820,0.31612446904182434,0.24729958176612854,0.1948409080505371,0.010646199807524681,0.17115885416666668,0.3302621841430664,0.9811046006944444,0.03779079861111112,1.0,0.0,0.8390151515151515,0.6258522727272727,0.33731770833333335,0.34529947916666665,0.13303385416666666,0.021458333333333333,0.976089596748352,0.039576441049575806,0.6346286535263062,1.0,0.0,0.897524356842041,0.0,0.5394343733787537,1.0,0.9898538589477539,0.010146141052246094
1,6830,0.3201615810394287,0.25092729926109314,0.20266637206077576,0.011800340376794338,0.180546875,0.3374842703342438,0.9810720486111111,0.03785590277777778,1.0,0.0,0.9496922348484848,0.6424538352272727,0.32990885416666665,0.3483984375,0.140234375,0.023893229166666665,0.9766343832015991,0.03922301530838013,0.6350260972976685,1.0,0.0,0.9001736640930176,0.0,0.5397722125053406,1.0,0.9902397990226746,0.00976020097732544
1,6840,0.3214319944381714,0.25224781036376953,0.20913468301296234,0.012418190948665142,0.17608072916666667,0.3358832895755768,0.9813997395833333,0.037200520833333334,1.0,0.0,0.9023437499999999,0.6353515624999999,0.3456901041666667,0.360625,0.14083333333333334,0.0228515625,0.9770470261573792,0.03839774429798126,0.6347935795783997,1.0,0.0,0.898623526096344,0.0,0.5395745635032654,1.0,0.9905807971954346,0.00941920280456543
1,6850,0.32332664728164673,0.2567586898803711,0.2117428481578827,0.013455444946885109,0.17639322916666667,0.32694071531295776,0.9812239583333333,0.03755208333333333,1.0,0.0,0.8899147727272727,0.633487215909091,0.3544140625,0.35451822916666664,0.14087239583333333,0.022578125,0.9778357744216919,0.037516459822654724,0.6349965333938599,1.0,0.0,0.899976372718811,0.0,0.5397470593452454,1.0,0.9908734560012817,0.009126543998718262
1,6860,0.33071741461753845,0.2564782500267029,0.20629790425300598,0.013223742134869099,0.17364583333333333,0.3071496784687042,0.9824544270833333,0.03509114583333333,1.0,0.0,0.8567708333333334,0.628515625,0.34184895833333334,0.35,0.15264322916666667,0.021848958333333335,0.9794464707374573,0.03704626485705376,0.6356475353240967,1.0,0.0,0.9043166637420654,0.0,0.5403004288673401,1.0,0.9911165237426758,0.008883476257324219
1,6870,0.32876893877983093,0.257476806640625,0.20535005629062653,0.012868968769907951,0.16908854166666668,0.3080795407295227,0.9823025173611111,0.03539496527777777,1.0,0.0,0.8709753787878787,0.6306463068181818,0.3248046875,0.36735677083333335,0.145390625,0.02216145833333333,0.9802143573760986,0.036401838064193726,0.6362985372543335,1.0,0.0,0.908656895160675,0.0,0.5408537983894348,1.0,0.9913291931152344,0.008670806884765625
1,6880,0.3308459520339966,0.2528640031814575,0.20014648139476776,0.011390342377126217,0.17208333333333334,0.3230037987232208,0.9843424479166666,0.03131510416666668,1.0,0.0,0.8473011363636364,0.6270951704545454,0.3423307291666667,0.3884635416666667,0.1419140625,0.021640625,0.981273889541626,0.03575947880744934,0.636814296245575,1.0,0.0,0.912095308303833,0.0,0.5412921905517578,1.0,0.991157591342926,0.008842408657073975
1,6890,0.3320794701576233,0.25148805975914,0.19726812839508057,0.01239211205393076,0.17904947916666666,0.31688010692596436,0.984841579861111,0.03031684027777778,1.0,0.0,0.9360795454545454,0.6404119318181818,0.33513020833333335,0.38470052083333334,0.13811197916666668,0.02359375,0.9816309213638306,0.03504539653658867,0.637795090675354,1.0,0.0,0.9186338782310486,0.0,0.5421258211135864,1.0,0.9905934929847717,0.009406507015228271
1,6900,0.3352047801017761,0.2535746991634369,0.20037220418453217,0.011696535162627697,0.1734375,0.31032389402389526,0.984450954861111,0.031098090277777782,1.0,0.0,0.9295691287878787,0.6394353693181818,0.32415364583333334,0.3805208333333333,0.14911458333333333,0.023450520833333332,0.9839037656784058,0.03219246119260788,0.6392958760261536,1.0,0.0,0.9286390542984009,0.0,0.5434015393257141,1.0,0.989717960357666,0.010282039642333984
1,6910,0.33359938859939575,0.2557566463947296,0.20736047625541687,0.011787584982812405,0.17522135416666668,0.3203878402709961,0.9843272569444443,0.03134548611111112,1.0,0.0,1.0,0.65,0.3409244791666667,0.39596354166666664,0.13541666666666666,0.025559895833333332,0.9843100309371948,0.031380001455545425,0.6401752233505249,1.0,0.0,0.9345012903213501,0.0,0.5441489815711975,1.0,0.9885414838790894,0.011458516120910645
1,6920,0.3068985939025879,0.2579379081726074,0.21807527542114258,0.009577467106282711,0.164375,0.3356890380382538,0.9752126736111111,0.04957465277777778,1.0,0.0,1.0,0.65,0.2998046875,0.32690104166666667,0.15805989583333332,0.027916666666666666,0.9847356081008911,0.030528686940670013,0.6413208246231079,1.0,0.0,0.9421390295028687,0.0,0.5451227426528931,1.0,0.987067461013794,0.012932538986206055
1,6930,0.32369446754455566,0.25787651538848877,0.20902186632156372,0.011464152485132217,0.1715234375,0.32069161534309387,0.9810546874999999,0.03789062500000001,1.0,0.0,1.0,0.65,0.32428385416666666,0.360703125,0.13032552083333335,0.0262890625,0.9851312637329102,0.02973751723766327,0.6424707174301147,1.0,0.0,0.949804961681366,0.0,0.5461001396179199,1.0,0.985305666923523,0.01469433307647705
1,6940,0.3433942198753357,0.2586343288421631,0.19963215291500092,0.01177796721458435,0.1902734375,0.313778817653656,0.9862131076388888,0.02757378472222223,1.0,0.0,0.9307528409090908,0.6396129261363637,0.35302083333333334,0.39208333333333334,0.1525,0.0234765625,0.9855694770812988,0.028860988095402718,0.6428300738334656,1.0,0.0,0.9522005319595337,0.0,0.546405553817749,1.0,0.983291745185852,0.01670825481414795
1,6950,0.34422531723976135,0.2506376802921295,0.20221981406211853,0.012578620575368404,0.1891015625,0.31332358717918396,0.9892078993055555,0.02158420138888889,1.0,0.0,0.9129971590909091,0.6369495738636364,0.37626302083333335,0.4170833333333333,0.138828125,0.0230859375,0.9860319495201111,0.027936095371842384,0.643527626991272,1.0,0.0,0.9568508863449097,0.0,0.5469985008239746,1.0,0.9810526967048645,0.018947303295135498
1,6960,0.348625123500824,0.25169065594673157,0.20045462250709534,0.012439275160431862,0.1921875,0.31732380390167236,0.9876193576388888,0.02476128472222222,1.0,0.0,0.9668560606060604,0.6450284090909091,0.34010416666666665,0.3834505208333333,0.176015625,0.024270833333333332,0.9864768981933594,0.02704613283276558,0.6443139314651489,1.0,0.0,0.9620930552482605,0.0,0.5476668477058411,1.0,0.9785710573196411,0.021428942680358887
1,6970,0.3391178548336029,0.24767503142356873,0.20702345669269562,0.009920620359480381,0.19145833333333334,0.32339879870414734,0.9885047743055555,0.02299045138888889,1.0,0.0,1.0,0.65,0.3953776041666667,0.4150390625,0.1628125,0.026888020833333335,0.9869061708450317,0.026187583804130554,0.6453369855880737,1.0,0.0,0.9689134955406189,0.0,0.548536479473114,1.0,0.9758961200714111,0.024103879928588867
1,6980,0.329265296459198,0.23757025599479675,0.19776897132396698,0.00928522925823927,0.17575520833333333,0.3336775600910187,0.9884917534722222,0.02301649305555556,1.0,0.0,0.9526515151515151,0.6428977272727272,0.40760416666666666,0.4422265625,0.13807291666666666,0.023958333333333335,0.987339437007904,0.02532118186354637,0.6462585926055908,1.0,0.0,0.9750575423240662,0.0,0.5493198037147522,1.0,0.9650798439979553,0.03492015600204468
1,6990,0.33213019371032715,0.23587575554847717,0.1923239678144455,0.011504660360515118,0.17920572916666666,0.30605849623680115,0.9891406249999999,0.021718750000000002,1.0,0.0,1.0,0.65,0.37515625,0.40661458333333333,0.15489583333333334,0.028255208333333334,0.9876896142959595,0.02462095022201538,0.6473493576049805,1.0,0.0,0.9823288917541504,0.0,0.5502469539642334,1.0,0.9542346596717834,0.04576534032821655
1,7000,0.33405187726020813,0.24425159394741058,0.20264218747615814,0.0094832181930542,0.18545572916666667,0.2969529628753662,0.9878450520833333,0.024309895833333338,1.0,0.0,1.0,0.65,0.3426171875,0.3777734375,0.1808984375,0.030911458333333332,0.9880315661430359,0.023936837911605835,0.64780592918396,1.0,0.0,0.9853727221488953,0.0,0.550635039806366,1.0,0.944491982460022,0.05550801753997803
1,7010,0.33524051308631897,0.2394666075706482,0.1906011998653412,0.012416555546224117,0.1989453125,0.3133455216884613,0.9890668402777777,0.02186631944444445,1.0,0.0,1.0,0.65,0.35868489583333335,0.4172265625,0.15791666666666668,0.028359375,0.9883430600166321,0.02331390604376793,0.6483089923858643,1.0,0.0,0.9887265563011169,0.0,0.5510626435279846,1.0,0.9351118803024292,0.0648881196975708
1,7020,0.3342388868331909,0.2404058426618576,0.18971440196037292,0.01304758619517088,0.192265625,0.3269394338130951,0.9895724826388888,0.02085503472222222,1.0,0.0,1.0,0.65,0.35044270833333335,0.41279947916666665,0.14875,0.028854166666666667,0.9886794090270996,0.02264116331934929,0.648228645324707,1.0,0.0,0.9881910681724548,0.0,0.550994336605072,1.0,0.9258614778518677,0.07413852214813232
1,7030,0.33377349376678467,0.24129563570022583,0.19371266663074493,0.015556419268250465,0.192890625,0.31108614802360535,0.989411892361111,0.021176215277777785,1.0,0.0,1.0,0.65,0.3510286458333333,0.4200520833333333,0.16458333333333333,0.026861979166666668,0.9893800616264343,0.021016865968704224,0.648228645324707,1.0,0.0,0.9881910681724548,0.0,0.550994336605072,1.0,0.9166830778121948,0.08331692218780518
1,7040,0.3398602604866028,0.24026256799697876,0.18698997795581818,0.014798752032220364,0.21057291666666667,0.2994721233844757,0.9902756076388888,0.019448784722222223,1.0,0.0,1.0,0.65,0.3714322916666667,0.430546875,0.1689453125,0.027265625,0.9891412258148193,0.019870411604642868,0.648228645324707,1.0,0.0,0.9881910681724548,0.0,0.550994336605072,1.0,0.9104464054107666,0.0895535945892334
1,7050,0.33380135893821716,0.2380945384502411,0.1980825960636139,0.013257890939712524,0.196875,0.31020620465278625,0.991111111111111,0.01777777777777778,1.0,0.0,1.0,0.65,0.4226953125,0.442734375,0.1537890625,0.025572916666666667,0.9889084696769714,0.019302867352962494,0.648723304271698,1.0,0.0,0.9914885759353638,0.0,0.5514148473739624,1.0,0.9045349359512329,0.09546506404876709
1,7060,0.3351108431816101,0.24158553779125214,0.20515882968902588,0.016781674697995186,0.2007421875,0.31331315636634827,0.9905685763888888,0.018862847222222222,1.0,0.0,1.0,0.65,0.38958333333333334,0.4386328125,0.14779947916666666,0.026497395833333333,0.988350510597229,0.018933944404125214,0.648845911026001,1.0,0.0,0.9923058748245239,0.0,0.5515190362930298,1.0,0.8981911540031433,0.10180884599685669
1,7070,0.3498401939868927,0.24886539578437805,0.21143598854541779,0.015642916783690453,0.21235677083333335,0.33119997382164,0.9914691840277777,0.017061631944444444,1.0,0.0,1.0,0.65,0.42813802083333335,0.4441145833333333,0.16794270833333333,0.027473958333333333,0.9883946776390076,0.01884569227695465,0.6490826606750488,1.0,0.0,0.9938842058181763,0.0,0.5517202615737915,1.0,0.8938397765159607,0.1061602234840393
1,7080,0.3424239754676819,0.2448902726173401,0.21000711619853973,0.01442832313477993,0.199921875,0.3170020580291748,0.9913997395833333,0.017200520833333337,1.0,0.0,1.0,0.65,0.4383463541666667,0.4577734375,0.14329427083333332,0.025703125,0.9438714385032654,0.06247399002313614,0.619921088218689,0.9523810148239136,0.0,0.9582037329673767,0.0,0.526932954788208,1.0,0.8894661664962769,0.11053383350372314
1,7090,0.3524862229824066,0.26026010513305664,0.23339419066905975,0.016188953071832657,0.218984375,0.3241284191608429,0.9916948784722222,0.016610243055555557,1.0,0.0,1.0,0.65,0.4454166666666667,0.48272135416666667,0.17509114583333332,0.0288671875,0.8999372124671936,0.10544098913669586,0.5922222137451172,0.9047619700431824,0.0,0.9322748184204102,0.0,0.5033888816833496,1.0,0.8858487010002136,0.11415129899978638
1,7100,0.3539760708808899,0.26179149746894836,0.24273808300495148,0.014808855019509792,0.21884114583333333,0.32830265164375305,0.9920247395833333,0.015950520833333336,1.0,0.0,1.0,0.65,0.4539973958333333,0.5097135416666667,0.1583203125,0.027356770833333332,0.8614740967750549,0.14204224944114685,0.5671654939651489,0.8571429252624512,0.0,0.9239606261253357,0.0,0.48209068179130554,1.0,0.8827850222587585,0.11721497774124146
1,7110,0.34458252787590027,0.26207423210144043,0.20378176867961884,0.013335403986275196,0.1958203125,0.31755369901657104,0.9909917534722221,0.018016493055555555,1.0,0.0,1.0,0.65,0.41553385416666666,0.45415364583333334,0.11778645833333333,0.026223958333333332,0.8252399563789368,0.1759091466665268,0.5428951978683472,0.8095238208770752,0.0,0.9208886027336121,0.0,0.4614609181880951,1.0,0.8800283670425415,0.1199716329574585
1,7120,0.3454758822917938,0.2532658576965332,0.18787233531475067,0.014639240689575672,0.2049609375,0.3002743124961853,0.9913910590277777,0.01721788194444445,1.0,0.0,0.9887547348484849,0.6483132102272727,0.408984375,0.44067708333333333,0.12778645833333332,0.024752604166666668,0.7894045114517212,0.20930948853492737,0.5179315805435181,0.761904776096344,0.0,0.913194477558136,0.0,0.44024184346199036,1.0,0.8775712251663208,0.1224287748336792
1,7130,0.3474416732788086,0.24604786932468414,0.1786157637834549,0.01221079844981432,0.219453125,0.3138512670993805,0.9899252415416586,0.015464409722222223,1.0,0.0,1.0,0.65,0.4254427083333333,0.46194010416666664,0.1558203125,0.025182291666666665,0.7547987699508667,0.24117960035800934,0.4927903413772583,0.7142857313156128,0.0,0.9043166041374207,0.0,0.41887179017066956,1.0,0.8754127621650696,0.12458723783493042
1,7140,0.343423068523407,0.23988673090934753,0.1699228286743164,0.013197829946875572,0.2016796875,0.3067343533039093,0.9760387733655099,0.013815104166666668,1.0,0.0,1.0,0.65,0.42399739583333335,0.4961979166666667,0.14764322916666667,0.026158854166666665,0.724328875541687,0.26892760396003723,0.46625828742980957,0.6666666865348816,0.0,0.8861663341522217,0.0,0.39631956815719604,1.0,0.8735431432723999,0.1264568567276001
1,7150,0.33885458111763,0.23597575724124908,0.1735905110836029,0.014156036078929901,0.20575520833333333,0.29581695795059204,0.9813254816307979,0.015655381944444446,1.0,0.0,1.0,0.65,0.38329427083333334,0.42346354166666667,0.17744791666666668,0.0276953125,0.6998894810676575,0.2935624122619629,0.44047874212265015,0.6190476417541504,0.0,0.873032808303833,0.0,0.37440693378448486,1.0,0.8719245791435242,0.12807542085647583
1,7160,0.346822053194046,0.23882919549942017,0.17078746855258942,0.011781472712755203,0.20927083333333332,0.34085890650749207,0.9774911593881427,0.013836805555555554,1.0,0.0,0.9301609848484849,0.6395241477272727,0.45157552083333335,0.5318229166666667,0.15740885416666667,0.023463541666666667,0.673297643661499,0.32009899616241455,0.41460615396499634,0.5714285969734192,0.0,0.8592791557312012,0.0,0.3524152338504791,1.0,0.8705093264579773,0.1294906735420227
1,7170,0.32996687293052673,0.24111546576023102,0.18302282691001892,0.012460684403777122,0.19610677083333333,0.33460190892219543,0.9885460069444444,0.02290798611111111,1.0,0.0,1.0,0.65,0.43786458333333333,0.41920572916666665,0.15458333333333332,0.0265625,0.6514900922775269,0.34172558784484863,0.3928099274635315,0.5310659408569336,0.0,0.8485130667686462,0.0,0.34172558784484863,1.0,0.8693151473999023,0.13068485260009766
1,7180,0.01468704268336296,0.04009802266955376,0.011176014319062233,0.002794743049889803,0.01296875,0.6367341876029968,0.053517496460458135,0.9391846631131158,0.0,0.0,0.2507102272727273,0.03760653409090909,2.604166666666667e-05,0.0,0.0,0.008515625,0.6330857872962952,0.36139750480651855,0.3696591854095459,0.4909958839416504,0.0,0.8277417421340942,0.6134628653526306,0.6134628653526306,0.6437042951583862,0.8682877421379089,0.13171225786209106
1,7190,0.01620659790933132,0.041676752269268036,0.011127299629151821,0.0029905058909207582,0.017565104166666668,0.6246340274810791,0.06587303562883087,0.9253236556082634,0.0,0.0,0.40814393939393934,0.0612215909090909,0.003997395833333334,0.00015625,0.0,0.011979166666666667,0.6156929731369019,0.37984156608581543,0.35156458616256714,0.4607844352722168,0.0,0.8078159093856812,0.5886516571044922,0.5886516571044922,0.644059419631958,0.8674168586730957,0.1325831413269043
1,7200,0.03197559341788292,0.08199431002140045,0.011335424147546291,0.0037114485166966915,0.036419270833333336,0.5944758057594299,0.18141555726374406,0.7903451019390169,0.0,0.0,0.8254024621212122,0.12381036931818182,0.03602864583333333,0.007044270833333333,0.008815104166666667,0.021158854166666668,0.6013236045837402,0.39532792568206787,0.3360134959220886,0.4346284568309784,0.0,0.791328489780426,0.4681541621685028,0.4681541621685028,0.6597155332565308,0.8666908144950867,0.13330918550491333
1,7210,0.03951496258378029,0.09690313786268234,0.012121775187551975,0.003887871978804469,0.040377604166666664,0.5769748091697693,0.22692806380585984,0.7355147810676732,0.0,0.0,0.9354876893939394,0.1403231534090909,0.049713541666666666,0.012981770833333333,0.009778645833333334,0.023580729166666668,0.5880695581436157,0.4091776907444,0.3255447745323181,0.4154750406742096,0.0,0.7853817343711853,0.4345781207084656,0.4345781207084656,0.6732112169265747,0.866087019443512,0.13391298055648804
1,7220,0.0446716733276844,0.10332459956407547,0.013291621580719948,0.0035867413971573114,0.04212239583333333,0.5693637132644653,0.23652360481173362,0.7232733474866726,0.0,0.0,0.8384232954545454,0.12576349431818182,0.0559765625,0.0163671875,0.010143229166666667,0.0214453125,0.5773528218269348,0.4223960041999817,0.31678107380867004,0.4030122458934784,0.0,0.7684997320175171,0.4116634130477905,0.4223960041999817,0.6809061169624329,0.8655986189842224,0.1344013810157776
1,7230,0.05070583522319794,0.11740612983703613,0.021141240373253822,0.0035599723923951387,0.04171875,0.5626066327095032,0.262850684085424,0.6901276371777267,0.0,0.0,0.8135653409090908,0.12203480113636361,0.05061197916666667,0.015325520833333333,0.018971354166666666,0.0208984375,0.5688544511795044,0.43338721990585327,0.3089526295661926,0.3924115002155304,0.0,0.7516459226608276,0.4014444947242737,0.43338721990585327,0.67853844165802,0.8652087450027466,0.13479125499725342
1,7240,0.06395772099494934,0.15083926916122437,0.060367781668901443,0.0037444825284183025,0.040755208333333334,0.5620542764663696,0.3495444421155648,0.6038842234319033,0.0,0.0,0.6188446969696969,0.09282670454545454,0.04272135416666667,0.0183984375,0.048138020833333336,0.016614583333333332,0.5607947111129761,0.4454156756401062,0.30181530117988586,0.3831845223903656,0.0,0.7348203063011169,0.2575867474079132,0.4454156756401062,0.8916850686073303,0.864893913269043,0.13510608673095703
1,7250,0.07385911792516708,0.1606743335723877,0.10161750018596649,0.004135052673518658,0.050703125,0.5375004410743713,0.47704857502293413,0.5367799616700097,0.0,0.0,0.7241950757575757,0.10862926136363635,0.041901041666666666,0.022799479166666668,0.05252604166666667,0.018932291666666667,0.5535382032394409,0.45719707012176514,0.29873281717300415,0.380756676197052,0.0,0.7223631143569946,0.1985754817724228,0.45719707012176514,0.8901021480560303,0.8646607398986816,0.13533926010131836
1,7260,0.0720839574933052,0.14833518862724304,0.09381715208292007,0.0038260186556726694,0.051354166666666666,0.5496386885643005,0.4326814240742104,0.5750463877414342,0.0,0.0,0.7111742424242424,0.10667613636363636,0.0499609375,0.024453125,0.03328125,0.018645833333333334,0.5468425154685974,0.46784937381744385,0.2961582541465759,0.380756676197052,0.0,0.7051993608474731,0.2642490565776825,0.46784937381744385,0.8728529810905457,0.8645092844963074,0.13549071550369263
1,7270,0.09235882014036179,0.17652224004268646,0.10281654447317123,0.003951751161366701,0.06036458333333333,0.5134237408638,0.5326105020785141,0.47302109212803894,0.1523844401041666,0.0,0.7739109848484849,0.19227886777935604,0.10119791666666667,0.047565104166666664,0.05450520833333333,0.020026041666666668,0.5415674448013306,0.4768061637878418,0.2962808609008789,0.380756676197052,0.0,0.7060166597366333,0.031386688351631165,0.4768061637878418,0.9887856245040894,0.8644343018531799,0.13556569814682007
1,7280,0.11080923676490784,0.19469590485095978,0.12637534737586975,0.003440703498199582,0.06309895833333333,0.5103721022605896,0.604979322254681,0.4301708566735827,0.15852864583333334,0.0,0.5638020833333334,0.16383463541666668,0.08782552083333334,0.06290364583333333,0.074765625,0.015403645833333333,0.5397686958312988,0.4804036021232605,0.2962808310985565,0.380756676197052,0.0,0.7060166597366333,0.027096569538116455,0.4804036021232605,0.9787243008613586,0.8644210696220398,0.1355789303779602
1,7290,0.11376108974218369,0.18647073209285736,0.12635356187820435,0.004128380678594112,0.06845052083333333,0.4827369153499603,0.6261497169165519,0.40452563305337075,0.36555989583333337,0.0,0.581557765151515,0.27001361268939394,0.12677083333333333,0.09020833333333333,0.05944010416666667,0.015794270833333332,0.5805225372314453,0.4390740990638733,0.32544243335723877,0.4283757209777832,0.0,0.7416971325874329,0.0,0.4390740990638733,1.0,0.8648114204406738,0.13518857955932617
1,7300,0.12707863748073578,0.1935102939605713,0.13470414280891418,0.0044173989444971085,0.07631510416666666,0.4772009253501892,0.6899395946919458,0.34182446404943656,0.4507242838541668,0.0,0.6537642045454546,0.32342677260890157,0.13970052083333334,0.10453125,0.0691015625,0.0173828125,0.6236504316329956,0.3961949348449707,0.35350918769836426,0.4759947657585144,8.484753197990358e-05,0.7698807716369629,0.0,0.3961949348449707,1.0,0.8656090497970581,0.1343909502029419
1,7310,0.1298263967037201,0.19127324223518372,0.13214609026908875,0.005082488991320133,0.08717447916666667,0.46803274750709534,0.7136877236732262,0.30679574037450286,0.5977783203125,0.0,0.8751183712121211,0.43015691583806814,0.17653645833333334,0.11475260416666666,0.06493489583333334,0.022252604166666665,0.6624805927276611,0.3588595688343048,0.3773941099643707,0.5236138105392456,0.001230289344675839,0.7677105665206909,0.0,0.3588595688343048,1.0,0.8667371273040771,0.13326287269592285
1,7320,0.15365353226661682,0.2089027315378189,0.16016320884227753,0.004452202469110489,0.09424479166666666,0.4563843905925751,0.7659415732749383,0.29560114846885366,0.7382812500000001,0.0,0.6454782196969696,0.4659623579545455,0.18141927083333334,0.15483072916666665,0.07819010416666666,0.017200520833333333,0.6984032988548279,0.32403531670570374,0.3999987840652466,0.5712328553199768,0.001230289344675839,0.7596782445907593,0.0,0.3399989902973175,1.0,0.8681650161743164,0.1318349838256836
1,7330,0.16143904626369476,0.21550101041793823,0.16443565487861633,0.005830617155879736,0.10440104166666667,0.4336680471897125,0.8129249913782216,0.2480337757353739,0.7773844401041667,0.0,0.6348248106060607,0.48391594164299245,0.18313802083333333,0.165625,0.086328125,0.016966145833333335,0.7344706058502197,0.28983989357948303,0.4246453642845154,0.618851900100708,0.001230289344675839,0.7652586698532104,0.0,0.3609485626220703,1.0,0.869898796081543,0.13010120391845703
1,7340,0.16440768539905548,0.216265469789505,0.19153426587581635,0.005090001039206982,0.10734375,0.4560111463069916,0.8206705055234393,0.26806145205669774,0.8062337239583336,0.0,0.6466619318181818,0.5001161517518941,0.19609375,0.16190104166666666,0.086484375,0.0172265625,0.7694800496101379,0.257162481546402,0.4484802484512329,0.666471004486084,0.001230289344675839,0.7654277086257935,0.0,0.381208211183548,1.0,0.8719236850738525,0.12807631492614746
1,7350,0.16836197674274445,0.20854605734348297,0.17965726554393768,0.005102423019707203,0.11756510416666667,0.4267071485519409,0.8236529326812598,0.2612243998056747,0.9490152994791669,0.0,0.7383996212121212,0.5852675929214016,0.2196484375,0.18403645833333335,0.085234375,0.019244791666666667,0.7999958992004395,0.22853773832321167,0.47326213121414185,0.7140899896621704,0.001230289344675839,0.7719099521636963,0.0,0.4022728204727173,1.0,0.8741763830184937,0.12582361698150635
1,7360,0.18249325454235077,0.2263605147600174,0.18878480792045593,0.005581194069236517,0.11571614583333334,0.4411020874977112,0.8407151745540421,0.23935341591081083,1.0,0.0,0.6395596590909091,0.5959339488636364,0.23337239583333333,0.19359375,0.1102734375,0.0170703125,0.8239632844924927,0.20302246510982513,0.4974563419818878,0.7617090940475464,0.001230289344675839,0.7744746804237366,0.0,0.42283791303634644,1.0,0.8766412734985352,0.12335872650146484
1,7370,0.19635836780071259,0.2260887622833252,0.1843617856502533,0.006210217252373695,0.13811197916666668,0.40205737948417664,0.8667146701856356,0.2019293520617776,1.0,0.0,0.9473248106060606,0.6420987215909091,0.3064192708333333,0.230390625,0.10338541666666666,0.023841145833333334,0.850068986415863,0.1756393015384674,0.5216379165649414,0.8093280792236328,0.001230289344675839,0.7769548296928406,0.0,0.44339224696159363,1.0,0.8793330788612366,0.12066692113876343
1,7380,0.2239408642053604,0.23189499974250793,0.1971854269504547,0.009026948362588882,0.156484375,0.4082944095134735,0.9507725694444443,0.09845486111111112,1.0,0.0,1.0,0.65,0.329765625,0.24111979166666667,0.11953125,0.0263671875,0.8695762157440186,0.15409062802791595,0.5403945446014404,0.8496907949447632,0.001230289344675839,0.7674569487571716,0.0,0.4593353867530823,1.0,0.8822161555290222,0.11778384447097778
1,7390,0.26469549536705017,0.22380776703357697,0.15191365778446198,0.008353615179657936,0.1840234375,0.3684218227863312,0.9093481553934729,0.07126501400094366,1.0,0.0,1.0,0.65,0.44708333333333333,0.309921875,0.10954427083333333,0.03658854166666667,0.8878322839736938,0.13360628485679626,0.561338484287262,0.8897608518600464,0.001230289344675839,0.7735164165496826,0.0,0.4771377146244049,1.0,0.8932540416717529,0.10674595832824707
1,7400,0.3206360936164856,0.23571041226387024,0.17053920030593872,0.00995971541851759,0.2078125,0.3262699246406555,0.9715588603468023,0.02486111111111111,1.0,0.0017817982456140218,1.0,0.650623629385965,0.481640625,0.4193359375,0.20067708333333334,0.026796875,0.9045040607452393,0.11434316635131836,0.5774292349815369,0.91997230052948,0.001230289344675839,0.780083179473877,0.0,0.49081486463546753,1.0,0.904308557510376,0.09569144248962402
1,7410,0.3703238368034363,0.24640339612960815,0.19305026531219482,0.012352397665381432,0.2187890625,0.34763604402542114,0.9968489583333333,0.006302083333333339,1.0,0.02405427631578944,0.7798295454545454,0.625393428528708,0.5952864583333334,0.5637890625,0.209140625,0.02015625,0.9186633825302124,0.0980658158659935,0.5916106104850769,0.946128249168396,0.001230289344675839,0.7874391078948975,0.0,0.5028690099716187,1.0,0.9142556190490723,0.08574438095092773
1,7420,0.3643629848957062,0.24246548116207123,0.17019589245319366,0.013948663137853146,0.22373697916666666,0.3344244360923767,0.9813055687989944,0.004205729166666672,1.0,0.0,0.7668087121212122,0.6150213068181818,0.5503645833333334,0.6261848958333334,0.16364583333333332,0.019869791666666668,0.9322972893714905,0.08345649391412735,0.5999612808227539,0.96528160572052,0.001230289344675839,0.7792658805847168,0.0,0.5099670886993408,1.0,0.9238263368606567,0.07617366313934326
1,7430,0.3545704185962677,0.24130316078662872,0.17794473469257355,0.013240693137049675,0.21828125,0.33137527108192444,0.9939372232938424,0.005169270833333333,1.0,0.0,0.9556107954545454,0.6433416193181818,0.5129427083333333,0.5880338541666666,0.1676171875,0.0240234375,0.9434429407119751,0.0693802535533905,0.6070128679275513,0.977744460105896,0.001230289344675839,0.7847335338592529,0.0,0.5159609317779541,1.0,0.9332582950592041,0.0667417049407959
1,7440,0.3566782772541046,0.23717224597930908,0.19463463127613068,0.011449245736002922,0.22716145833333334,0.33255258202552795,0.9980490451388888,0.0039019097222222267,1.0,0.0,0.8171164772727273,0.6225674715909091,0.5571614583333333,0.6492708333333334,0.16647135416666667,0.0209765625,0.9523512125015259,0.05756911635398865,0.6133404970169067,0.9883452653884888,0.001230289344675839,0.7915821075439453,0.0,0.5213394165039062,1.0,0.9426158666610718,0.05738413333892822
1,7450,0.36032652854919434,0.231391042470932,0.17513057589530945,0.01188310980796814,0.224765625,0.31958186626434326,0.9903770576583014,0.0027647569444444464,1.0,0.0,0.7549715909090908,0.6132457386363637,0.5771484375,0.6578645833333333,0.17829427083333332,0.019609375,0.9608907699584961,0.04480428248643875,0.6192772388458252,0.9975721836090088,0.001230289344675839,0.8004035949707031,0.0,0.5263856649398804,1.0,0.9490255117416382,0.050974488258361816
1,7460,0.3532862961292267,0.2271149456501007,0.1686798334121704,0.011006484739482403,0.20765625,0.3209027647972107,0.9803631943107669,0.0009592013888888862,1.0,0.0,0.7780539772727273,0.6167080965909091,0.5770963541666667,0.6160286458333334,0.15313802083333333,0.0201171875,0.9692882299423218,0.03236502408981323,0.620072603225708,1.0,0.001230289344675839,0.7976133823394775,0.0,0.5270617008209229,1.0,0.9551053047180176,0.04489469528198242
1,7470,0.368246465921402,0.21409904956817627,0.16871415078639984,0.010233696550130844,0.22759114583333334,0.3072208762168884,0.9809008705615997,0.0,1.0,0.0,0.7632575757575757,0.6144886363636364,0.54,0.663984375,0.18897135416666666,0.019791666666666666,0.9768732190132141,0.02096724323928356,0.6212936639785767,1.0,0.0015060438308864832,0.8051102161407471,0.0,0.5280996561050415,1.0,0.9616104960441589,0.038389503955841064
1,7480,0.36513909697532654,0.20895835757255554,0.15654239058494568,0.008327638730406761,0.205546875,0.3113027811050415,0.9422635462522283,0.020498819194915807,1.0,0.0,0.5744554924242423,0.5861683238636364,0.5816666666666667,0.6873567708333334,0.15095052083333332,0.015638020833333332,0.9832201600074768,0.011351559311151505,0.6217285394668579,1.0,0.0029419250786304474,0.804659366607666,0.0,0.5284692645072937,1.0,0.9661123752593994,0.033887624740600586
1,7490,0.3702796995639801,0.21265454590320587,0.17311961948871613,0.009699623100459576,0.2240625,0.3198588490486145,0.9883562791347503,0.0,1.0,0.0,0.6910511363636364,0.6036576704545454,0.59765625,0.6678125,0.15518229166666667,0.018203125,0.9855643510818481,0.006663233041763306,0.6201601624488831,1.0,0.0029419250786304474,0.7942031621932983,0.0,0.5271361470222473,1.0,0.970629870891571,0.029370129108428955
1,7500,0.36438414454460144,0.21056930720806122,0.1659693866968155,0.011772947385907173,0.2291015625,0.32807275652885437,0.9762558851792261,0.0,1.0,0.0,0.7194602272727273,0.6079190340909091,0.5625260416666666,0.6756640625,0.1481640625,0.018828125,0.9898810386657715,0.0032696612179279327,0.6169219017028809,1.0,0.0029419250786304474,0.7726145386695862,0.0,0.5243836045265198,1.0,0.9743832945823669,0.025616705417633057
1,7510,0.35912710428237915,0.21493753790855408,0.17248669266700745,0.013195360079407692,0.2240625,0.329983115196228,0.9872851722057049,0.0,1.0,0.0,0.8082386363636364,0.6212357954545454,0.5755729166666667,0.6350130208333333,0.13764322916666666,0.02078125,0.9907497763633728,0.0026928535662591457,0.615196943283081,1.0,0.002857077633962035,0.7613129615783691,0.0,0.5229173898696899,1.0,0.9775713682174683,0.02242863178253174
1,7520,0.3717634081840515,0.2226048707962036,0.18363836407661438,0.01158961933106184,0.228671875,0.31882914900779724,0.9999999999999999,0.0,1.0,0.0,0.7034801136363636,0.6055220170454545,0.5618880208333333,0.614296875,0.16369791666666667,0.0184765625,0.990272045135498,0.003060448681935668,0.6143901944160461,1.0,0.0017116358503699303,0.7586073279380798,0.0,0.5222316980361938,1.0,0.9804361462593079,0.01956385374069214
1,7530,0.3670189678668976,0.22400574386119843,0.18586020171642303,0.010817613452672958,0.22252604166666667,0.33234941959381104,0.9999999999999999,0.0,1.0,0.0,0.7602982954545454,0.6140447443181818,0.5443229166666667,0.598359375,0.16643229166666668,0.0197265625,0.9911621809005737,0.0028601759113371372,0.6143479347229004,1.0,0.0017116358503699303,0.758325457572937,0.0,0.5221957564353943,1.0,0.9830023050308228,0.016997694969177246
1,7540,0.3802618086338043,0.22916801273822784,0.2011377364397049,0.012648429721593857,0.2234765625,0.3200864791870117,0.9999999999999999,0.0,1.0,0.0,0.7786458333333333,0.616796875,0.5322916666666667,0.5718229166666666,0.1948828125,0.020130208333333333,0.9914510250091553,0.0026140199042856693,0.6119973659515381,1.0,0.0017116358503699303,0.742655336856842,0.0,0.5201977491378784,1.0,0.9852535128593445,0.014746487140655518
1,7550,0.37812358140945435,0.22487391531467438,0.21476705372333527,0.014534399844706059,0.24291666666666667,0.3198801875114441,0.9999999999999999,0.0,1.0,0.0,0.8319128787878787,0.6247869318181818,0.5538802083333333,0.5728776041666667,0.175,0.021302083333333333,0.9880988597869873,0.004754011519253254,0.6090846061706543,1.0,0.0017116358503699303,0.7232367992401123,0.0,0.517721951007843,1.0,0.9872114658355713,0.012788534164428711
1,7560,0.39238619804382324,0.24511709809303284,0.22259579598903656,0.012348361313343048,0.239140625,0.3550183176994324,0.9999999999999999,0.0,1.0,0.0,0.6798058712121212,0.6019708806818181,0.6009895833333333,0.5767057291666666,0.1771875,0.017955729166666667,0.9885571002960205,0.004622356034815311,0.6079051494598389,1.0,0.0017116358503699303,0.7153736352920532,0.0,0.516719400882721,1.0,0.9889402389526367,0.011059761047363281
1,7570,0.40117013454437256,0.23238486051559448,0.23539213836193085,0.015394452027976513,0.25376302083333335,0.33300459384918213,0.9999999999999999,0.0,1.0,0.005790844298245607,0.7969933712121212,0.6215758011862041,0.5917317708333333,0.6680078125,0.20220052083333334,0.020533854166666667,0.9888525009155273,0.005349657963961363,0.606814444065094,1.0,0.0017116358503699303,0.7081022262573242,0.0,0.5157923102378845,1.0,0.9904606938362122,0.009539306163787842
1,7580,0.40519949793815613,0.23837271332740784,0.24496114253997803,0.013464383780956268,0.24583333333333332,0.345609188079834,0.9999999999999999,0.0,1.0,0.030153508771929793,0.9378551136363635,0.6512319951156299,0.6152734375,0.6589322916666667,0.21145833333333333,0.0236328125,0.9897619485855103,0.005349657963961363,0.6052248477935791,1.0,0.0017116358503699303,0.6975052356719971,0.0,0.5144411325454712,1.0,0.991375207901001,0.008624792098999023
1,7590,0.39040765166282654,0.23620131611824036,0.2080991417169571,0.014124476350843906,0.2286328125,0.34929391741752625,0.9999999999999999,0.0,1.0,0.0,0.7804214015151514,0.6170632102272727,0.6028776041666667,0.6396875,0.11522135416666666,0.020169270833333332,0.9925113320350647,0.004373523872345686,0.6065903902053833,1.0,0.0017116358503699303,0.7066085338592529,0.0,0.5156018733978271,1.0,0.9917370080947876,0.008262991905212402
1,7600,0.39290541410446167,0.2046533226966858,0.1931118369102478,0.011906210333108902,0.2426953125,0.32223963737487793,0.9999999999999999,0.0,1.0,0.0,0.5466382575757576,0.5819957386363637,0.6115494791666667,0.6919661458333334,0.146796875,0.015026041666666667,0.9930657744407654,0.004373523872345686,0.6047893762588501,1.0,0.0017116358503699303,0.6946023106575012,0.0,0.514070987701416,1.0,0.9915563464164734,0.008443653583526611
1,7610,0.36763784289360046,0.1949007362127304,0.18499960005283356,0.010422350838780403,0.23161458333333335,0.3046993017196655,0.9898014724254608,0.012748159468174014,1.0,0.0,0.7626657196969697,0.6143998579545454,0.6047526041666667,0.6314973958333333,0.12694010416666668,0.019778645833333334,0.9941965341567993,0.004373523872345686,0.6034493446350098,1.0,0.0017116358503699303,0.6856681108474731,0.0,0.5129319429397583,1.0,0.9908463954925537,0.009153604507446289
1,7620,0.37052562832832336,0.1943913698196411,0.178838312625885,0.010582798160612583,0.2295703125,0.31889352202415466,0.9868168071600106,0.014021575450897238,1.0,0.0,0.7230113636363635,0.6084517045454545,0.6098567708333333,0.690078125,0.1053125,0.01890625,0.9933561086654663,0.006180775351822376,0.600164532661438,1.0,0.0017116358503699303,0.6637693643569946,0.0,0.5101398825645447,1.0,0.9896293878555298,0.010370612144470215
1,7630,0.3879925012588501,0.20632459223270416,0.20011398196220398,0.014151516370475292,0.24986979166666667,0.31191158294677734,0.9999999999999999,0.0,1.0,0.0,0.7608901515151515,0.6141335227272727,0.6368619791666666,0.6767317708333334,0.17098958333333333,0.019739583333333335,0.9928218126296997,0.006848616525530815,0.5986510515213013,1.0,0.0017116358503699303,0.6536796689033508,0.0,0.5088534355163574,1.0,0.9879252910614014,0.012074708938598633
1,7640,0.3946705758571625,0.21152004599571228,0.1833830326795578,0.012699021957814693,0.2519401041666667,0.3265373110771179,0.9999999999999999,0.0,1.0,0.0,0.6265388257575758,0.5939808238636364,0.6214583333333333,0.7401432291666666,0.16032552083333335,0.016783854166666667,0.9925381541252136,0.007203261833637953,0.5965583920478821,1.0,0.0017116358503699303,0.6397287845611572,0.0,0.5070746541023254,1.0,0.9857431650161743,0.014256834983825684
1,7650,0.3862312436103821,0.18387190997600555,0.1607421487569809,0.00872049480676651,0.22795572916666668,0.2976851165294647,0.9276546903376731,0.048841724853690094,1.0,0.0,0.4093276515151515,0.5613991477272727,0.6528125,0.7522916666666667,0.12658854166666667,0.012005208333333333,0.9923012256622314,0.0074994503520429134,0.5951252579689026,1.0,0.0017116358503699303,0.6301745176315308,0.0,0.505856454372406,1.0,0.9823770523071289,0.017622947692871094
1,7660,0.37849125266075134,0.20089897513389587,0.191009983420372,0.010386847890913486,0.218046875,0.3096740245819092,0.9999999999999999,0.0,1.0,0.0,0.58984375,0.5884765625,0.5987890625,0.7332421875,0.138828125,0.0159765625,0.9923012256622314,0.007499449886381626,0.5916121602058411,1.0,0.0017116358503699303,0.606753945350647,0.0,0.5028703212738037,1.0,0.9792413115501404,0.02075868844985962
1,7670,0.3861915171146393,0.1957402229309082,0.185286745429039,0.008816874586045742,0.2190234375,0.2986156642436981,0.9865673249996288,0.016232534561578842,1.0,0.0,0.6253551136363636,0.5938032670454545,0.6196223958333333,0.7309895833333333,0.1384765625,0.0167578125,0.9923012256622314,0.007499449886381626,0.589240550994873,1.0,0.0017116358503699303,0.590942919254303,0.0,0.5008544921875,1.0,0.9756724834442139,0.024327516555786133
1,7680,0.40675002336502075,0.20023906230926514,0.20122972130775452,0.011801163665950298,0.2368359375,0.30282896757125854,0.9999999999999999,0.0,1.0,0.0,0.540719696969697,0.5811079545454545,0.6006380208333333,0.7537369791666667,0.11752604166666666,0.014895833333333334,0.9923012256622314,0.007499450817704201,0.5872458219528198,1.0,0.001435881364159286,0.5782884359359741,0.0,0.49915894865989685,1.0,0.9636698961257935,0.03633010387420654
1,7690,0.39197927713394165,0.20124320685863495,0.1914774775505066,0.013155321590602398,0.247265625,0.30728867650032043,0.9999999999999999,0.0,1.0,0.0,0.765625,0.61484375,0.5868229166666666,0.7313411458333333,0.16216145833333334,0.01984375,0.9922722578048706,0.007535676006227732,0.5838009119033813,1.0,0.0,0.5586726665496826,0.0,0.4962307810783386,1.0,0.9512355327606201,0.04876446723937988
1,7700,0.411830335855484,0.2085450291633606,0.20409125089645386,0.013563522137701511,0.2334765625,0.32064947485923767,0.9999999999999999,0.0,1.0,0.0,0.4389204545454546,0.5658380681818181,0.5879817708333334,0.716875,0.15936197916666667,0.01265625,0.9922721982002258,0.007535675540566444,0.5818308591842651,1.0,0.0,0.5455390810966492,0.0,0.4945562481880188,1.0,0.9384051561355591,0.06159484386444092
1,7710,0.4148806631565094,0.2041403204202652,0.19899728894233704,0.013662667013704777,0.24904947916666667,0.3100956678390503,0.9999999999999999,0.0,1.0,0.0,0.531841856060606,0.5797762784090909,0.57546875,0.711015625,0.1446484375,0.014700520833333333,0.991448163986206,0.008565710857510567,0.5810698866844177,1.0,0.0,0.5404660701751709,0.0,0.49390941858291626,1.0,0.9252620935440063,0.07473790645599365
1,7720,0.41547366976737976,0.1848190873861313,0.18662476539611816,0.012333186343312263,0.23856770833333332,0.3153808116912842,0.9696381747722626,0.03795228153467179,1.0,0.0,0.34836647727272724,0.5522549715909091,0.630546875,0.7903515625,0.15360677083333332,0.0106640625,0.9919338226318359,0.007958656176924706,0.5804569721221924,1.0,0.0,0.5363794565200806,0.0,0.49338844418525696,1.0,0.912113606929779,0.08788639307022095
1,7730,0.41418951749801636,0.19439013302326202,0.20208217203617096,0.01566334068775177,0.24118489583333333,0.3146595358848572,0.988780266046524,0.014024667441844966,1.0,0.0,0.49159564393939387,0.5737393465909091,0.5830859375,0.7200130208333333,0.14752604166666666,0.013815104166666667,0.9925616383552551,0.007290962152183056,0.5789223909378052,1.0,0.0,0.526148796081543,0.0,0.4920840561389923,1.0,0.898971676826477,0.10102832317352295
1,7740,0.42318785190582275,0.1970209777355194,0.2103770226240158,0.012944555841386318,0.2504427083333333,0.31799250841140747,0.9940419554710388,0.007447555661201499,1.0,0.0,0.46732954545454536,0.5700994318181818,0.59375,0.7356380208333333,0.15979166666666667,0.01328125,0.9912843704223633,0.008887565694749355,0.5774892568588257,1.0,0.0,0.5165945291519165,0.0,0.49086588621139526,1.0,0.8858177661895752,0.1141822338104248
1,7750,0.409109503030777,0.19751201570034027,0.18984952569007874,0.013754068873822689,0.24755208333333334,0.3219243288040161,0.9950240314006805,0.006219960749149367,1.0,0.0,0.5780066287878788,0.5867009943181818,0.5676432291666667,0.7101432291666666,0.1637109375,0.015716145833333334,0.9912843108177185,0.008887565694749355,0.5756756067276001,1.0,0.0,0.5045037269592285,0.0,0.48932427167892456,1.0,0.8726576566696167,0.1273423433303833
1,7760,0.42242592573165894,0.2109345942735672,0.20016011595726013,0.016538094729185104,0.24455729166666668,0.32652539014816284,0.9999999999999999,0.0,1.0,0.0,0.3400804924242424,0.5510120738636364,0.5890885416666667,0.7366015625,0.1356640625,0.010481770833333333,0.9947293400764465,0.006561769172549248,0.5763096809387207,1.0,0.0,0.5087313055992126,0.0,0.48986324667930603,1.0,0.8595360517501831,0.1404639482498169
1,7770,0.40951982140541077,0.20014014840126038,0.19307854771614075,0.012863077223300934,0.2266796875,0.31447041034698486,0.9999999999999999,0.0,1.0,0.0,0.34777462121212116,0.5521661931818181,0.5498177083333333,0.6706119791666667,0.13759114583333334,0.010651041666666666,0.9947293400764465,0.006561769172549248,0.5782078504562378,1.0,0.0,0.5213857293128967,0.0,0.4914766848087311,1.0,0.8464252948760986,0.15357470512390137
1,7780,0.40468829870224,0.20021851360797882,0.18706128001213074,0.01293021347373724,0.22803385416666666,0.3105826675891876,0.9999999999999999,0.0,1.0,0.0,0.53125,0.5796875,0.5779557291666667,0.6782682291666666,0.1343359375,0.0146875,0.9500895738601685,0.05074917897582054,0.5515363216400146,0.9523810148239136,0.0,0.5023053884506226,0.0,0.46880587935447693,1.0,0.8333001732826233,0.1666998267173767
1,7790,0.4063045382499695,0.19969570636749268,0.1954280585050583,0.013477561064064503,0.24533854166666666,0.32481738924980164,0.9993914127349853,0.0007607340812683549,1.0,0.0,0.5259232954545453,0.5788884943181818,0.5877604166666667,0.7331770833333333,0.11611979166666667,0.0145703125,0.9053206443786621,0.09512949734926224,0.5255073308944702,0.9047619700431824,0.0,0.48750901222229004,0.0,0.4466812312602997,1.0,0.8205609321594238,0.17943906784057617
1,7800,0.41347798705101013,0.21234272420406342,0.2037356048822403,0.013261084444820881,0.248671875,0.33075663447380066,0.9999999999999999,0.0,1.0,0.0,0.5046164772727272,0.5756924715909091,0.6290364583333333,0.7382942708333333,0.14001302083333333,0.0141015625,0.860565185546875,0.1394944041967392,0.4979225993156433,0.8571429252624512,0.0,0.4623410403728485,0.0,0.423234224319458,1.0,0.8086514472961426,0.19134855270385742
1,7810,0.3981228470802307,0.19134770333766937,0.18306761980056763,0.010921938344836235,0.2384765625,0.32070863246917725,0.9826954066753387,0.021630741655826607,1.0,0.0,0.4401041666666666,0.566015625,0.6741666666666667,0.7615234375,0.11361979166666666,0.012682291666666666,0.8158546686172485,0.1838083118200302,0.4726249873638153,0.8095238208770752,0.0,0.4524204134941101,0.0,0.4017312526702881,1.0,0.7995195388793945,0.20048046112060547
1,7820,0.39441612362861633,0.2031845897436142,0.2019258588552475,0.014817696996033192,0.2500390625,0.3082462251186371,0.9999999999999999,0.0,1.0,0.0,0.6768465909090909,0.6015269886363637,0.5741276041666666,0.7192578125,0.14682291666666666,0.017890625,0.7711084485054016,0.22816278040409088,0.44668900966644287,0.761904776096344,0.0,0.4382440447807312,0.0,0.3796856701374054,1.0,0.7958452701568604,0.20415472984313965
1,7830,0.40939706563949585,0.22438348829746246,0.20952284336090088,0.01600552909076214,0.24252604166666666,0.3308854103088379,0.9999999999999999,0.0,1.0,0.0,0.5081676136363636,0.5762251420454545,0.5855859375,0.7136979166666667,0.14561197916666666,0.0141796875,0.7277622222900391,0.2707620859146118,0.4220677614212036,0.7142857313156128,0.0,0.4328327775001526,0.0,0.3587576150894165,1.0,0.7925400733947754,0.2074599266052246
1,7840,0.3885025978088379,0.18658852577209473,0.20767651498317719,0.013484896160662174,0.23126302083333333,0.31531524658203125,0.9731770515441894,0.03352868556976321,1.0,0.0,0.5602509469696969,0.5840376420454545,0.6074348958333333,0.7103125,0.10365885416666666,0.015325520833333333,0.6835817694664001,0.314412921667099,0.396457314491272,0.6666666865348816,0.0,0.4208265542984009,0.0,0.3369887173175812,1.0,0.7896212339401245,0.2103787660598755
1,7850,0.41994333267211914,0.20088551938533783,0.19126328825950623,0.012387230060994625,0.24729166666666666,0.34187760949134827,0.9999999999999999,0.0,1.0,0.0,0.3726325757575757,0.5558948863636364,0.7058854166666667,0.7796744791666667,0.11571614583333334,0.011197916666666667,0.638975977897644,0.3585755228996277,0.37087222933769226,0.6190476417541504,0.0,0.40898945927619934,0.0,0.3585755228996277,0.9408681392669678,0.787085771560669,0.21291422843933105
1,7860,0.40555065870285034,0.2032875418663025,0.19438330829143524,0.011861011385917664,0.2402734375,0.3431685268878937,0.9999999999999999,0.0,1.0,0.0,0.49810606060606055,0.5747159090909091,0.6622526041666666,0.736875,0.12135416666666667,0.013958333333333333,0.5945080518722534,0.4025868773460388,0.34464454650878906,0.5714285969734192,0.0,0.39286839962005615,0.0,0.4025868773460388,0.9976171255111694,0.7849346995353699,0.21506530046463013
1,7870,0.36512190103530884,0.20288673043251038,0.1873815357685089,0.013456106185913086,0.22861979166666666,0.32799819111824036,0.9999999999999999,0.0,1.0,0.0,0.8555871212121212,0.6283380681818181,0.5743098958333334,0.6708333333333333,0.1192578125,0.021822916666666668,0.5498096942901611,0.44688692688941956,0.32007408142089844,0.523809552192688,0.0,0.3877953886985779,0.0,0.44688692688941956,1.0,0.783164381980896,0.216835618019104
1,7880,0.015109222382307053,0.04012206941843033,0.008997985161840916,0.0026312863919883966,0.0128125,0.716006875038147,0.049132073931396014,0.9441680978052318,0.0,0.0,0.22466856060606055,0.03370028409090908,0.0,0.0,0.0,0.007942708333333333,0.5052125453948975,0.49107205867767334,0.29527953267097473,0.4761905074119568,0.0,0.38122859597206116,0.6141767501831055,0.6141767501831055,0.6437042951583862,0.7817745804786682,0.2182254195213318
1,7890,0.015792179852724075,0.04025126248598099,0.01095903292298317,0.0030308410059660673,0.013216145833333333,0.7196424603462219,0.059851831867382306,0.9319865546961563,0.0,0.0,0.22999526515151514,0.03449928977272727,1.3020833333333334e-05,0.0,0.0,0.008059895833333334,0.46042782068252563,0.5354702472686768,0.26926323771476746,0.4285714626312256,0.0,0.36651673913002014,0.6123971343040466,0.6123971343040466,0.6437042951583862,0.7807644605636597,0.21923553943634033
1,7900,0.01580514945089817,0.0402444563806057,0.010875564068555832,0.0030414490029215813,0.013203125,0.7154251933097839,0.06013643666374975,0.9316631401548296,0.0,0.0,0.23709753787878787,0.03556463068181818,0.0,0.0,0.0,0.008216145833333334,0.4169451892375946,0.5784062147140503,0.24479421973228455,0.380952388048172,0.0,0.3621200919151306,0.6124695539474487,0.6124695539474487,0.6437042951583862,0.780135989189148,0.21986401081085205
1,7910,0.016001123934984207,0.04037177562713623,0.010921726934611797,0.00307658314704895,0.013255208333333334,0.712951123714447,0.06107906004277672,0.9305919772241174,0.0,0.0,0.23058712121212122,0.03458806818181818,0.0,0.0,0.0,0.008072916666666667,0.3834283947944641,0.6092768311500549,0.22128061950206757,0.3333333432674408,0.0,0.36409294605255127,0.6122419238090515,0.6122419238090515,0.6437042951583862,0.7798776626586914,0.2201223373413086
1,7920,0.015808824449777603,0.040318600833415985,0.010879561305046082,0.003048643935471773,0.013411458333333333,0.7156844139099121,0.0603294714394866,0.9314437824551287,0.0,0.0,0.2341382575757575,0.03512073863636363,3.90625e-05,0.0,0.0,0.008151041666666666,0.3832792639732361,0.610193133354187,0.22527986764907837,0.3333333432674408,0.0,0.3907546401023865,0.6115126013755798,0.6115126013755798,0.6437042951583862,0.7799066305160522,0.22009336948394775
1,7930,0.016164880245923996,0.04044821485877037,0.010727432556450367,0.0030127717182040215,0.013502604166666666,0.7200654149055481,0.059367046098156684,0.9325374476157309,0.0,0.0,0.2347301136363636,0.03520951704545454,2.604166666666667e-05,0.0,0.0,0.0081640625,0.3832792639732361,0.610193133354187,0.2271273136138916,0.3333333432674408,0.0,0.403070867061615,0.6111297607421875,0.6111297607421875,0.6437042951583862,0.7799416780471802,0.22005832195281982
1,7940,0.015815820544958115,0.04034449905157089,0.01084966491907835,0.003073302796110511,0.013294270833333333,0.727761447429657,0.06099105062735517,0.9306919879234599,0.0,0.0,0.2394649621212121,0.03591974431818181,0.0,0.0,0.0,0.008268229166666667,0.3832792639732361,0.610193133354187,0.22845473885536194,0.3333333432674408,0.0,0.41192054748535156,0.6120712161064148,0.6120712161064148,0.6437042951583862,0.7799713611602783,0.22002863883972168
1,7950,0.015936020761728287,0.040359657257795334,0.010503438301384449,0.0029365241061896086,0.012760416666666666,0.7243179082870483,0.05732137845874561,0.9348620699332435,0.0,0.0,0.21874999999999997,0.032812499999999994,1.3020833333333334e-05,0.0,0.0,0.0078125,0.38455653190612793,0.6085965037345886,0.22943978011608124,0.3333333432674408,0.0,0.4184873402118683,0.6143888235092163,0.6143888235092163,0.6437042951583862,0.7800127267837524,0.21998727321624756
1,7960,0.015860652551054955,0.040391698479652405,0.010770507156848907,0.0030809477902948856,0.013203125,0.7267804741859436,0.06119616022742377,0.9304589088324728,0.0,0.0,0.2394649621212121,0.03591974431818181,5.208333333333334e-05,0.0,0.0,0.008268229166666667,0.3845565617084503,0.6085965037345886,0.23121532797813416,0.3333333432674408,0.0,0.4303244352340698,0.6124075651168823,0.6124075651168823,0.6437042951583862,0.780042290687561,0.21995770931243896
1,7970,0.016362389549613,0.04053100571036339,0.010815072804689407,0.0030861131381243467,0.013684895833333334,0.7423891425132751,0.06133474273016541,0.930301428715721,0.0,0.0,0.23354640151515152,0.03503196022727273,1.3020833333333334e-05,0.0,0.0,0.008138020833333334,0.3845565617084503,0.6085965037345886,0.2321876585483551,0.3333333432674408,0.0,0.43680667877197266,0.6103485226631165,0.6103485226631165,0.6437042951583862,0.7800422310829163,0.21995776891708374
1,7980,0.016351308673620224,0.04060877487063408,0.011010384187102318,0.003165308153256774,0.013190104166666666,0.7530519366264343,0.06345948703859638,0.9278869465470494,0.0,0.0,0.20987215909090906,0.031480823863636355,1.3020833333333334e-05,0.0,0.0,0.0076171875,0.3845565915107727,0.6085965037345886,0.23073339462280273,0.3333333432674408,0.0,0.42711153626441956,0.6125109791755676,0.6125109791755676,0.6437042951583862,0.7800320386886597,0.21996796131134033
1,7990,0.0161434356123209,0.04045597091317177,0.01065282616764307,0.0030185335781425238,0.013385416666666667,0.7346921563148499,0.05952163258431162,0.9323617811541913,0.0,0.0,0.22230113636363635,0.03334517045454545,2.604166666666667e-05,0.0,0.0,0.007890625,0.4298359751701355,0.5636361241340637,0.2584914267063141,0.3809524178504944,0.0,0.4534350037574768,0.6116418242454529,0.6116418242454529,0.6437042951583862,0.7803949117660522,0.21960508823394775
1,8000,0.02060268633067608,0.053154535591602325,0.011044046841561794,0.0033725842367857695,0.021223958333333334,0.7253828048706055,0.08625612961732929,0.9024169127308903,0.0,0.0,0.43359375,0.0650390625,0.0114453125,0.004674479166666667,0.00026041666666666666,0.0125390625,0.4746049642562866,0.5192558169364929,0.28714996576309204,0.4285714626312256,0.0,0.4857616424560547,0.5638025403022766,0.5638025403022766,0.6543291807174683,0.7811329960823059,0.2188670039176941
1,8010,0.047081854194402695,0.1331833302974701,0.011196225881576538,0.004247162491083145,0.03569010416666667,0.6691420674324036,0.2961471809936062,0.6482833978708943,0.0,0.0,0.5460464015151514,0.0819069602272727,0.0528125,0.02861979166666667,0.013151041666666667,0.015013020833333333,0.519360363483429,0.47489091753959656,0.31448104977607727,0.4761905074119568,0.0,0.509238600730896,0.3532729148864746,0.47489091753959656,0.7277517318725586,0.782250165939331,0.21774983406066895
1,8020,0.3079419732093811,0.25423362851142883,0.22108148038387299,0.011534103192389011,0.200390625,0.39407557249069214,0.9795638020833333,0.04087239583333335,1.0,0.0,1.0,0.65,0.5262890625,0.4015755208333333,0.10645833333333334,0.025455729166666666,0.5623273253440857,0.4311700165271759,0.3407721221446991,0.523809552192688,0.0,0.5257823467254639,0.0,0.4311700165271759,1.0,0.783745527267456,0.21625447273254395
1,8030,0.36452120542526245,0.2723143398761749,0.23238365352153778,0.010336125269532204,0.19091145833333334,0.3356146514415741,0.9999999999999999,0.0,1.0,0.0,0.9354876893939394,0.640323153409091,0.6059375,0.40203125,0.10470052083333334,0.023580729166666668,0.604236364364624,0.3884960114955902,0.3683652877807617,0.5714285969734192,0.0,0.5510067343711853,0.0,0.3884960114955902,1.0,0.7856193780899048,0.21438062191009521
1,8040,0.4020475447177887,0.23226216435432434,0.21837715804576874,0.018335560336709023,0.2394140625,0.33782485127449036,0.9999999999999999,0.0,1.0,0.0,0.6940104166666666,0.6041015625,0.52765625,0.644453125,0.14317708333333334,0.018268229166666667,0.6490284204483032,0.34408944845199585,0.39490580558776855,0.6190476417541504,0.0,0.569213330745697,0.0,0.34408944845199585,1.0,0.7875018119812012,0.21249818801879883
1,8050,0.3921176791191101,0.22597374022006989,0.21090179681777954,0.015915317460894585,0.2542578125,0.34080684185028076,0.9999999999999999,0.0,1.0,0.0,0.6981534090909091,0.6047230113636364,0.5505208333333333,0.6770052083333333,0.1590625,0.018359375,0.693743109703064,0.2997708022594452,0.4208882749080658,0.6666667461395264,0.0,0.5836997032165527,0.0,0.35775503516197205,1.0,0.7893882393836975,0.2106117606163025
1,8060,0.38853850960731506,0.22885005176067352,0.2176220566034317,0.014052009209990501,0.23545572916666666,0.3367142677307129,0.9999999999999999,0.0,1.0,0.0,0.6212121212121212,0.5931818181818181,0.5389583333333333,0.6893880208333333,0.160390625,0.016666666666666666,0.7386325597763062,0.25525355339050293,0.44736963510513306,0.7142857313156128,0.0,0.6015117764472961,0.0,0.38026419281959534,1.0,0.7920230627059937,0.20797693729400635
1,8070,0.3829868733882904,0.21099181473255157,0.20955316722393036,0.012733891606330872,0.23434895833333333,0.33394017815589905,0.9999999999999999,0.0,1.0,0.0,0.6342329545454545,0.5951349431818181,0.5712760416666667,0.70921875,0.15311197916666666,0.016953125,0.7833374738693237,0.2109459936618805,0.47299274802207947,0.7619048357009888,0.0,0.6136025190353394,0.0,0.4020438492298126,1.0,0.7941408753395081,0.20585912466049194
1,8080,0.38783034682273865,0.23068107664585114,0.22212344408035278,0.0125516252592206,0.23274739583333334,0.34521061182022095,0.9999999999999999,0.0,1.0,0.0,0.6519886363636364,0.5977982954545454,0.55296875,0.6782942708333334,0.14608072916666667,0.01734375,0.828035831451416,0.16664591431617737,0.4994656443595886,0.8095238208770752,0.0,0.63135826587677,0.0,0.4245457947254181,1.0,0.7965216636657715,0.20347833633422852
1,8090,0.3963356614112854,0.2536126971244812,0.2517489194869995,0.014793351292610168,0.23350260416666666,0.36736658215522766,0.9999999999999999,0.0,1.0,0.0,0.7774621212121211,0.6166193181818181,0.5372005208333334,0.642421875,0.15579427083333333,0.020104166666666666,0.8726330399513245,0.12246082723140717,0.5259554386138916,0.8571429252624512,0.0,0.6492266654968262,0.0,0.4470621347427368,1.0,0.807192325592041,0.19280767440795898
1,8100,0.37747663259506226,0.24351033568382263,0.244684636592865,0.01326990406960249,0.2337890625,0.35368144512176514,0.9999999999999999,0.0,1.0,0.0,0.9088541666666666,0.636328125,0.5458854166666667,0.658671875,0.16567708333333334,0.022994791666666667,0.9174177050590515,0.07806263864040375,0.552525520324707,0.9047619700431824,0.0,0.6676305532455444,0.0,0.469646692276001,1.0,0.8181847333908081,0.1818152666091919
1,8110,0.3777444362640381,0.2436993271112442,0.2489618957042694,0.012462051585316658,0.22001302083333332,0.37266311049461365,0.9999999999999999,0.0,1.0,0.0,0.7301136363636364,0.6095170454545454,0.5986588541666666,0.6354036458333333,0.16532552083333332,0.0190625,0.960929274559021,0.035090409219264984,0.5768719911575317,0.9523810148239136,0.0,0.6712098121643066,0.0,0.4903412163257599,1.0,0.8295180797576904,0.17048192024230957
1,8120,0.39467716217041016,0.24737927317619324,0.16483935713768005,0.00859154760837555,0.1962109375,0.36651742458343506,0.9633850486640859,0.012452816817818596,1.0,0.0,0.5780066287878788,0.5867009943181818,0.5971614583333333,0.6722265625,0.06915364583333333,0.015716145833333334,0.9944461584091187,0.004219771362841129,0.6007829904556274,1.0,0.0,0.6718862652778625,0.0,0.5106655359268188,1.0,0.8411191701889038,0.1588808298110962
1,8130,0.3771631419658661,0.24549369513988495,0.16314399242401123,0.007842488586902618,0.20138020833333334,0.3572128415107727,0.9404192644637254,0.03528998210662748,1.0,0.0,0.7638494318181819,0.6145774147727273,0.57640625,0.6474739583333333,0.053697916666666665,0.0198046875,0.9954193234443665,0.002273466670885682,0.5973459482192993,1.0,0.0,0.6489729881286621,0.0,0.5077440738677979,1.0,0.8527084589004517,0.14729154109954834
1,8140,0.38067808747291565,0.21832208335399628,0.18494698405265808,0.01280363742262125,0.232578125,0.3225271701812744,0.9999999999999999,0.0,1.0,0.0,0.6170691287878788,0.5925603693181818,0.5493880208333334,0.6592838541666667,0.13697916666666668,0.016575520833333333,0.9954192638397217,0.002273466670885682,0.5942344665527344,1.0,0.0,0.6282298564910889,0.0,0.5050992965698242,1.0,0.8564285039901733,0.14357149600982666
1,8150,0.3907841444015503,0.2124490886926651,0.19501151144504547,0.013691672123968601,0.22227864583333334,0.3216325342655182,0.9999999999999999,0.0,1.0,0.0,0.5436789772727273,0.5815518465909091,0.5727083333333334,0.6955208333333334,0.14287760416666667,0.0149609375,0.9954193234443665,0.002273466670885682,0.5924251079559326,1.0,0.0,0.6161672472953796,0.0,0.5035613775253296,1.0,0.8603918552398682,0.13960814476013184
1,8160,0.3961843252182007,0.21454480290412903,0.18143317103385925,0.012616398744285107,0.2301171875,0.3089584708213806,0.9999999999999999,0.0,1.0,0.0,0.5928030303030303,0.5889204545454545,0.5325,0.6494791666666667,0.15498697916666668,0.016041666666666666,0.9934887886047363,0.002273466670885682,0.5936806201934814,1.0,0.0,0.6245378255844116,0.0,0.5046285390853882,1.0,0.8650139570236206,0.1349860429763794
1,8170,0.3996627926826477,0.20612744987010956,0.19042375683784485,0.011763181537389755,0.23337239583333333,0.3173929452896118,0.9999999999999999,0.0,1.0,0.0,0.49337121212121215,0.5740056818181818,0.5884895833333333,0.7476302083333334,0.149140625,0.013854166666666667,0.9930068850517273,0.002273466670885682,0.5944162607192993,1.0,0.0,0.6294417381286621,0.0,0.5052538514137268,1.0,0.8747597932815552,0.12524020671844482
1,8180,0.3935406506061554,0.2171074002981186,0.19906659424304962,0.014183662831783295,0.23162760416666667,0.34114810824394226,0.9999999999999999,0.0,1.0,0.0,0.6064157196969697,0.5909623579545454,0.5426953125,0.6954036458333334,0.13786458333333335,0.016341145833333334,0.9913367033004761,0.002273466670885682,0.5938539505004883,1.0,0.0,0.6256933212280273,0.0,0.504775881767273,1.0,0.8863331079483032,0.11366689205169678
1,8190,0.396503746509552,0.21880099177360535,0.22307829558849335,0.014039271511137486,0.24337239583333334,0.3312190771102905,0.9999999999999999,0.0,1.0,0.0,0.5851089015151515,0.5877663352272727,0.5749869791666666,0.7313802083333333,0.13682291666666666,0.015872395833333334,0.9902296662330627,0.002307155402377248,0.5943571329116821,1.0,0.0,0.629047155380249,0.0,0.5052036046981812,1.0,0.8979292511940002,0.10207074880599976
1,8200,0.378659725189209,0.22449545562267303,0.2094561755657196,0.013741528615355492,0.2201953125,0.3308712840080261,0.9999999999999999,0.0,1.0,0.0,0.6087831439393938,0.5913174715909091,0.5062369791666667,0.6548697916666667,0.17311197916666668,0.016393229166666665,0.9894498586654663,0.0028408030048012733,0.5945219397544861,1.0,0.0,0.630146324634552,0.0,0.5053436756134033,1.0,0.9091352224349976,0.09086477756500244
1,8210,0.3862992823123932,0.2142512947320938,0.18681076169013977,0.012150615453720093,0.2278515625,0.3239540755748749,0.9999999999999999,0.0,1.0,0.0,0.5087594696969696,0.5763139204545454,0.5850911458333333,0.6965625,0.17947916666666666,0.014192708333333333,0.9892614483833313,0.003217787016183138,0.5933974385261536,1.0,0.0,0.6226494312286377,0.0,0.5043878555297852,1.0,0.9194960594177246,0.08050394058227539
1,8220,0.3799248933792114,0.22011598944664001,0.18804022669792175,0.01369319949299097,0.23287760416666667,0.33796268701553345,0.9999999999999999,0.0,1.0,0.0,0.5602509469696969,0.5840376420454545,0.5443098958333333,0.7038932291666666,0.16385416666666666,0.015325520833333333,0.9890373349189758,0.0036658691242337227,0.593604564666748,1.0,0.0,0.6240304708480835,0.0,0.5045638680458069,1.0,0.9270743131637573,0.07292568683624268
1,8230,0.3916490077972412,0.20792558789253235,0.18301741778850555,0.014192990958690643,0.20930989583333334,0.31944364309310913,0.9999999999999999,0.0,1.0,0.0,0.5188210227272726,0.5778231534090909,0.5566145833333334,0.6902734375,0.14634114583333332,0.0144140625,0.9890058040618896,0.004599622450768948,0.5959212779998779,1.0,0.0,0.6394751071929932,0.0,0.5065330862998962,1.0,0.9291888475418091,0.07081115245819092
1,8240,0.37611842155456543,0.22529424726963043,0.20662681758403778,0.011821669526398182,0.22095052083333333,0.32614466547966003,0.9999999999999999,0.0,1.0,0.0,0.49988162878787873,0.5749822443181818,0.5150911458333334,0.6535286458333334,0.1461328125,0.013997395833333334,0.947092592716217,0.04728148505091667,0.5692962408065796,0.9523810148239136,0.0,0.6207048296928406,0.0,0.48390182852745056,1.0,0.9309561252593994,0.06904387474060059
1,8250,0.37351807951927185,0.22502164542675018,0.2020990401506424,0.009728852659463882,0.20264322916666666,0.3735681176185608,0.9999999999999999,0.0,1.0,0.0,0.4406960227272727,0.566104403409091,0.5663541666666667,0.697578125,0.10951822916666666,0.0126953125,0.9033787250518799,0.09048420935869217,0.5447468757629395,0.9047619700431824,0.0,0.6157727241516113,0.0,0.46303486824035645,1.0,0.9327207803726196,0.06727921962738037
1,8260,0.33846351504325867,0.2009449303150177,0.15604427456855774,0.012725701555609703,0.21182291666666667,0.31801533699035645,0.9594595415775592,0.0,1.0,0.0,0.8739346590909091,0.6310901988636364,0.40377604166666664,0.5500390625,0.14444010416666667,0.0222265625,0.861873984336853,0.13118195533752441,0.523165225982666,0.8571429252624512,0.0,0.6306254863739014,0.0,0.444690465927124,1.0,0.9344736337661743,0.06552636623382568
1,8270,0.3677046298980713,0.2225988358259201,0.17401956021785736,0.014018850401043892,0.21700520833333334,0.3326547145843506,0.989879255753297,0.0,1.0,0.0,0.7241950757575757,0.6086292613636364,0.4415234375,0.5930729166666666,0.1727734375,0.018932291666666667,0.8381914496421814,0.15542437136173248,0.505486249923706,0.8174642324447632,0.0,0.6450272798538208,0.0,0.4296633303165436,1.0,0.9361924529075623,0.06380754709243774
1,8280,0.3657419979572296,0.21992170810699463,0.15927474200725555,0.01079073827713728,0.21485677083333332,0.353357195854187,0.9649264864738171,0.0,1.0,0.0,0.5555160984848484,0.5833274147727272,0.501953125,0.62234375,0.14458333333333334,0.015221354166666666,0.8291279077529907,0.16904543340206146,0.49965131282806396,0.798556923866272,0.0,0.6691524386405945,0.0,0.4247036278247833,1.0,0.9373487234115601,0.06265127658843994
1,8290,0.3667198717594147,0.23657485842704773,0.16647209227085114,0.012616773135960102,0.2218359375,0.3104685842990875,0.9767528850502438,0.0007074652777777821,1.0,0.0,0.7224195075757576,0.6083629261363637,0.4488802083333333,0.58671875,0.13235677083333333,0.018893229166666668,0.8219979405403137,0.179890975356102,0.49714770913124084,0.7879270911216736,0.0,0.6878945827484131,0.0,0.42257556319236755,1.0,0.9378293752670288,0.06217062473297119
1,8300,0.3471185266971588,0.2378738969564438,0.1736346334218979,0.011709507554769516,0.21248697916666667,0.3791089355945587,0.9836245425644083,0.011206597222222225,1.0,0.0,0.8005445075757575,0.6200816761363637,0.4995833333333333,0.5706640625,0.13920572916666665,0.020611979166666666,0.8171476125717163,0.1873651146888733,0.5001112222671509,0.7879270911216736,0.0,0.7076512575149536,0.0,0.4250945448875427,1.0,0.937616765499115,0.06238323450088501
1,8310,0.35918620228767395,0.23834626376628876,0.18490734696388245,0.014791345223784447,0.22973958333333333,0.31170472502708435,0.9960416666666666,0.007916666666666666,1.0,0.0,0.7514204545454545,0.6127130681818181,0.5092057291666666,0.5798307291666667,0.14217447916666667,0.01953125,0.8140860199928284,0.19175773859024048,0.5029056072235107,0.7879271507263184,0.0,0.726280689239502,0.0,0.42746978998184204,1.0,0.9366874098777771,0.0633125901222229
1,8320,0.3556980788707733,0.239660382270813,0.19518622756004333,0.014391975477337837,0.2250390625,0.37583526968955994,0.9952951388888888,0.009409722222222222,1.0,0.0,0.7591145833333333,0.6138671875,0.4817708333333333,0.609375,0.13529947916666665,0.019700520833333332,0.8130029439926147,0.19329628348350525,0.506414532661438,0.7879270911216736,0.0,0.749673068523407,0.0,0.4304523766040802,1.0,0.9354106783866882,0.06458932161331177
1,8330,0.30159708857536316,0.2166757881641388,0.1674456149339676,0.011332936584949493,0.1782421875,0.38350844383239746,0.9627233016083382,0.032061631944444446,1.0,0.0,0.9023437499999999,0.6353515624999999,0.3855208333333333,0.469765625,0.11345052083333333,0.0228515625,0.8114824295043945,0.19376584887504578,0.509031355381012,0.7879270315170288,0.0,0.7671187520027161,0.0,0.43267667293548584,1.0,0.9338613748550415,0.0661386251449585
1,8340,0.01576802507042885,0.042332928627729416,0.011037873104214668,0.002948603592813015,0.0159375,0.6289239525794983,0.06024161609235669,0.9316091775174267,0.0,0.0,0.3696732954545454,0.05545099431818181,0.003671875,0.0009895833333333334,0.0,0.0111328125,0.8108584880828857,0.19417217373847961,0.5123119354248047,0.7879270911216736,0.0,0.788989245891571,0.5961520075798035,0.5961520075798035,0.6459535360336304,0.9323021173477173,0.06769788265228271
1,8350,0.01863730698823929,0.047853030264377594,0.011300638318061829,0.003195432713255286,0.02140625,0.6296793818473816,0.08200809155638011,0.9072569763782394,0.0,0.0,0.5134943181818182,0.07702414772727273,0.009166666666666667,0.0025,1.3020833333333334e-05,0.014296875,0.8106769919395447,0.19453510642051697,0.5157319903373718,0.7879270315170288,0.0,0.8117898106575012,0.5657160878181458,0.5657160878181458,0.6493866443634033,0.9307437539100647,0.0692562460899353
1,8360,0.02793249674141407,0.06299495697021484,0.020986657589673996,0.0035267439670860767,0.03278645833333333,0.6063681840896606,0.12840126709114433,0.8546526054509818,0.0,0.0,0.8555871212121212,0.12833806818181817,0.0330859375,0.006861979166666666,0.0,0.021822916666666668,0.8105279803276062,0.19483312964439392,0.5189195871353149,0.7879270911216736,0.0,0.8330402374267578,0.48753103613853455,0.48753103613853455,0.659301221370697,0.9291833639144897,0.07081663608551025
1,8370,0.0825648084282875,0.157335564494133,0.1016656830906868,0.004494403954595327,0.058854166666666666,0.5365803837776184,0.5026658244826613,0.509090924420376,0.16674804687500008,0.0,0.8952414772727272,0.21766024502840914,0.09990885416666667,0.053450520833333334,0.039153645833333334,0.0226953125,0.8122602701187134,0.19500425457954407,0.5183742046356201,0.7879270911216736,0.0,0.8294045329093933,0.1499449461698532,0.440618097782135,0.9127864837646484,0.9276329278945923,0.07236707210540771
1,8380,0.13813577592372894,0.19823713600635529,0.1871679425239563,0.005030290689319372,0.0954296875,0.45937052369117737,0.8096660564280542,0.2860425217596052,0.6029459635416669,0.0,1.0,0.4514729817708334,0.17126302083333333,0.1216796875,0.07260416666666666,0.029635416666666668,0.812645673751831,0.19519731402397156,0.518928050994873,0.7879270911216736,0.0,0.8330966234207153,0.0,0.44108885526657104,1.0,0.9181151986122131,0.08188480138778687
1,8390,0.17464342713356018,0.21575404703617096,0.18234115839004517,0.005905492696911097,0.11830729166666666,0.4163384437561035,0.8502709041650945,0.2277561931836048,0.7767740885416667,0.0,1.0,0.5383870442708334,0.2062109375,0.14235677083333334,0.10154947916666666,0.0333984375,0.8141627907752991,0.19550339877605438,0.5217182636260986,0.7879271507263184,0.0,0.8516978025436401,0.0,0.44346052408218384,1.0,0.9086007475852966,0.09139925241470337
1,8400,0.21008875966072083,0.2188008725643158,0.18734833598136902,0.006982043385505676,0.156953125,0.4026634097099304,0.8981426866978488,0.1569570952928486,1.0,0.0,1.0,0.65,0.31979166666666664,0.2032421875,0.120703125,0.043294270833333336,0.8144429922103882,0.19566956162452698,0.5215618014335632,0.7879270911216736,0.0,0.8506550192832947,0.0,0.44332754611968994,1.0,0.8990861177444458,0.1009138822555542
1,8410,0.2874756455421448,0.23951657116413116,0.1961306631565094,0.007431574631482363,0.18751302083333332,0.41223379969596863,0.9357067533243236,0.0922449299344808,1.0,0.0,1.0,0.65,0.43907552083333334,0.35694010416666666,0.141484375,0.03821614583333333,0.8149739503860474,0.19548852741718292,0.5227962732315063,0.7879270315170288,0.0,0.8588846325874329,0.0,0.4443768560886383,1.0,0.8896247148513794,0.1103752851486206
1,8420,0.32874542474746704,0.22898268699645996,0.18773598968982697,0.008431117981672287,0.1979296875,0.36946263909339905,0.9772546728145138,0.03230924175118365,1.0,0.0,1.0,0.65,0.5263802083333333,0.4803645833333333,0.1175390625,0.026223958333333332,0.8148245215415955,0.19578738510608673,0.5240560173988342,0.7879270911216736,0.0,0.8672833442687988,0.0,0.4454476237297058,1.0,0.888093113899231,0.11190688610076904
1,8430,0.34833160042762756,0.24079659581184387,0.16404631733894348,0.009499170817434788,0.20907552083333333,0.3720346689224243,0.9680709045565026,0.009861111111111119,1.0,0.0,0.9266098484848484,0.6389914772727272,0.4945703125,0.5189713541666666,0.17450520833333333,0.023385416666666665,0.814903974533081,0.19562844932079315,0.5241152048110962,0.7879270911216736,0.0,0.8676779270172119,0.0,0.44549793004989624,1.0,0.8865625262260437,0.1134374737739563
1,8440,0.3530256152153015,0.24075888097286224,0.17477738857269287,0.012445133179426193,0.2223828125,0.3695567846298218,0.9868952414520786,0.008532986111111113,1.0,0.0,0.9781013257575757,0.6467151988636364,0.46260416666666665,0.5101302083333333,0.15865885416666667,0.024518229166666666,0.8164738416671753,0.19451215863227844,0.5247028470039368,0.7879270911216736,0.0,0.8715954422950745,0.0,0.4459974467754364,1.0,0.8850311040878296,0.11496889591217041
1,8450,0.34426113963127136,0.2316756546497345,0.18010804057121277,0.014296513050794601,0.2209375,0.37482577562332153,0.996189236111111,0.007621527777777776,1.0,0.0,0.9786931818181818,0.6468039772727272,0.4634244791666667,0.52546875,0.16611979166666666,0.02453125,0.8610165119171143,0.1505652666091919,0.5521649718284607,0.8355461359024048,0.0,0.8959461450576782,0.0,0.4693402349948883,1.0,0.8838465213775635,0.11615347862243652
1,8460,0.3529767394065857,0.23386459052562714,0.19208939373493195,0.017181940376758575,0.21296875,0.3782835900783539,0.9968706597222221,0.006258680555555555,1.0,0.0,0.8869554924242424,0.6330433238636364,0.4594270833333333,0.5713541666666667,0.14119791666666667,0.022513020833333335,0.9044628739356995,0.10789763927459717,0.5785237550735474,0.883165180683136,0.0,0.9129408597946167,0.0,0.4917452037334442,1.0,0.88302081823349,0.11697918176651001
1,8470,0.3622036874294281,0.2383359968662262,0.17860226333141327,0.012017931789159775,0.22055989583333332,0.308596134185791,0.99583772448393,0.003593749999999998,1.0,0.0,0.7975852272727272,0.6196377840909091,0.48876302083333334,0.5878645833333334,0.15330729166666668,0.020546875,0.9455957412719727,0.0679435208439827,0.6012213826179504,0.930784285068512,0.0,0.9055284857749939,0.0,0.5110381841659546,1.0,0.882525622844696,0.11747437715530396
1,8480,0.36468297243118286,0.24199865758419037,0.20224235951900482,0.013940801844000816,0.22096354166666668,0.3850697875022888,0.9979730902777777,0.004053819444444449,1.0,0.0,0.8017282196969696,0.6202592329545454,0.460546875,0.5781119791666667,0.14502604166666666,0.020638020833333333,0.9240338802337646,0.08862181007862091,0.5927869081497192,0.922843873500824,0.0,0.8757666349411011,0.0,0.5038688778877258,1.0,0.8822149038314819,0.11778509616851807
1,8490,0.3447228968143463,0.2369314432144165,0.2107202708721161,0.013843967579305172,0.2176953125,0.35497400164604187,0.9967860243055555,0.006427951388888891,1.0,0.0,0.9461410984848484,0.6419211647727272,0.494296875,0.5955338541666667,0.13703125,0.023815104166666667,0.8880800604820251,0.11966323852539062,0.5731381177902222,0.894132137298584,0.0,0.8404806852340698,0.0,0.4871674180030823,1.0,0.8823539018630981,0.11764609813690186
1,8500,0.3639005422592163,0.24171502888202667,0.1709798276424408,0.015199040062725544,0.23861979166666666,0.3414533734321594,0.9826365686278057,0.004197048611111115,1.0,0.0,0.7005208333333333,0.605078125,0.5001692708333333,0.6111197916666666,0.16365885416666667,0.018411458333333332,0.8501775860786438,0.15349741280078888,0.5493929386138916,0.8571429252624512,0.0,0.8054766654968262,0.0,0.46698400378227234,1.0,0.8829267024993896,0.11707329750061035
1,8510,0.3485631048679352,0.23212280869483948,0.17910033464431763,0.010812939144670963,0.21489583333333334,0.37058401107788086,0.9947752324536316,0.007404513888888891,1.0,0.0,0.9733664772727272,0.6460049715909091,0.4717708333333333,0.5412239583333334,0.17627604166666666,0.0244140625,0.8100357055664062,0.19065724313259125,0.520666778087616,0.8095238208770752,0.0,0.7726991176605225,0.0,0.44256678223609924,1.0,0.8839128613471985,0.11608713865280151
1,8520,0.34681394696235657,0.24847590923309326,0.21090613305568695,0.016197361052036285,0.20486979166666666,0.3980643153190613,0.9929036458333332,0.014192708333333331,1.0,0.0,0.9277935606060606,0.6391690340909091,0.49677083333333333,0.5205208333333333,0.16201822916666667,0.023411458333333333,0.8122509717941284,0.18686525523662567,0.5205018520355225,0.8095238208770752,0.0,0.7715998888015747,0.0,0.4424265921115875,1.0,0.8853051662445068,0.11469483375549316
1,8530,0.35252830386161804,0.23451833426952362,0.19024977087974548,0.01383228600025177,0.2390625,0.3876260817050934,0.9969639756944444,0.006072048611111113,1.0,0.0,0.7674005681818181,0.6151100852272727,0.5207942708333333,0.5864453125,0.15826822916666666,0.0198828125,0.8130391240119934,0.18591657280921936,0.5187474489212036,0.8095238208770752,0.0,0.7599037289619446,0.0,0.440935343503952,1.0,0.8867019414901733,0.11329805850982666
1,8540,0.34410735964775085,0.23962333798408508,0.1930273026227951,0.014815568923950195,0.225390625,0.3925751745700836,0.9956901041666666,0.008619791666666673,1.0,0.0,0.9846117424242424,0.6476917613636364,0.5256380208333333,0.5853645833333333,0.13145833333333334,0.024661458333333334,0.8132196664810181,0.18606828153133392,0.5181429386138916,0.8095238208770752,0.0,0.755873441696167,0.0,0.44042152166366577,1.0,0.8880976438522339,0.11190235614776611
1,8550,0.33978110551834106,0.23462830483913422,0.18722335994243622,0.012660513631999493,0.21809895833333334,0.33461618423461914,0.9956380208333333,0.008723958333333337,1.0,0.0,0.8810369318181819,0.6321555397727273,0.5455208333333333,0.5976302083333334,0.1180078125,0.0223828125,0.8134483695030212,0.1862427145242691,0.5157797336578369,0.8095238208770752,0.0,0.7401188611984253,0.0,0.43841278553009033,1.0,0.8973495364189148,0.1026504635810852
1,8560,0.33783188462257385,0.23462623357772827,0.1856856346130371,0.016300911083817482,0.22239583333333332,0.39559251070022583,0.9943815104166666,0.011236979166666671,1.0,0.0,0.8703835227272727,0.630557528409091,0.4979427083333333,0.566328125,0.13653645833333333,0.0221484375,0.8132381439208984,0.18657773733139038,0.51451575756073,0.8095238208770752,0.0,0.7316919565200806,0.0,0.4373384118080139,1.0,0.9063476324081421,0.09365236759185791
1,8570,0.3527275323867798,0.24875007569789886,0.1918911635875702,0.010601302608847618,0.20430989583333334,0.4264005422592163,0.9921918402777777,0.015616319444444443,1.0,0.0,0.6999289772727272,0.6049893465909091,0.5377083333333333,0.5901041666666667,0.11338541666666667,0.0183984375,0.8130669593811035,0.18692022562026978,0.5140295028686523,0.8095238208770752,0.0,0.7284508347511292,0.0,0.43692508339881897,1.0,0.9146748781204224,0.08532512187957764
1,8580,0.014210427179932594,0.04004916548728943,0.010508722625672817,0.0026586190797388554,0.013229166666666667,0.6149270534515381,0.0498653899442132,0.9433347841543032,0.0,0.0,0.27024147727272724,0.04053622159090908,0.0,0.0,0.0,0.0089453125,0.8129093647003174,0.18746069073677063,0.515225887298584,0.8095238208770752,0.0,0.736426830291748,0.5901744961738586,0.5901744961738586,0.6437042951583862,0.9178546667098999,0.0821453332901001
1,8590,0.014230801723897457,0.04015977308154106,0.011128729209303856,0.0028364723548293114,0.013072916666666667,0.6142199039459229,0.054637063178347385,0.9379124282064233,0.0,0.0,0.2589962121212121,0.03884943181818181,1.3020833333333334e-05,0.0,0.0,0.008697916666666666,0.8126966953277588,0.187886044383049,0.5140379667282104,0.8095238208770752,0.0,0.7285071611404419,0.5884218215942383,0.5884218215942383,0.6437042951583862,0.9191792011260986,0.08082079887390137
1,8600,0.014663347974419594,0.04011130332946777,0.010797533206641674,0.002824617549777031,0.012942708333333334,0.649550199508667,0.054319007433042306,0.9382738551897245,0.0,0.0,0.26491477272727265,0.0397372159090909,1.3020833333333334e-05,0.0,0.0,0.008828125,0.8124005198478699,0.18847838044166565,0.5136025547981262,0.8095238208770752,0.0,0.7256042957305908,0.6135922074317932,0.6135922074317932,0.6437042951583862,0.9204800724983215,0.07951992750167847
1,8610,0.014819291420280933,0.04046857729554176,0.01081175822764635,0.0028561034705489874,0.014518229166666667,0.6170690059661865,0.05516375164887528,0.9373139185808235,0.0,0.0,0.3116714015151515,0.04675071022727272,0.0007161458333333333,1.3020833333333334e-05,0.0,0.009856770833333334,0.8128247261047363,0.1890837550163269,0.5147355198860168,0.8095238208770752,0.0,0.7331575155258179,0.5945847034454346,0.5945847034454346,0.6437338590621948,0.921776294708252,0.07822370529174805
1,8620,0.32803839445114136,0.22120779752731323,0.17322365939617157,0.012235474772751331,0.22088541666666667,0.25762760639190674,0.9822259230593331,0.012612847222222223,1.0,0.0,0.9769176136363635,0.6465376420454545,0.48705729166666667,0.5299348958333333,0.13752604166666665,0.0244921875,0.8126320838928223,0.18961408734321594,0.5147566795349121,0.8095238208770752,0.0,0.7332984209060669,0.0,0.43754318356513977,1.0,0.9230670928955078,0.07693290710449219
1,8630,0.34558340907096863,0.2372729629278183,0.1965307891368866,0.01692550629377365,0.24134114583333333,0.36733317375183105,0.993806423611111,0.012387152777777782,1.0,0.0,0.7543797348484848,0.6131569602272727,0.5495442708333333,0.6088411458333334,0.149453125,0.019596354166666666,0.8124979734420776,0.18988236784934998,0.5152724981307983,0.8095238208770752,0.0,0.7367367744445801,0.0,0.43798163533210754,1.0,0.9243533611297607,0.07564663887023926
1,8640,0.3355216085910797,0.23303306102752686,0.16722777485847473,0.011769301258027554,0.21470052083333332,0.38878586888313293,0.9718620276451111,0.013046875000000006,1.0,0.0,0.8419744318181818,0.6262961647727272,0.49026041666666664,0.5471354166666667,0.11666666666666667,0.0215234375,0.8122028112411499,0.19047263264656067,0.5169338583946228,0.8095238208770752,0.0,0.7478129863739014,0.0,0.4393937885761261,1.0,0.9256334900856018,0.0743665099143982
1,8650,0.34157150983810425,0.23437699675559998,0.178697869181633,0.010860100388526917,0.21100260416666666,0.3861384093761444,0.9916983037219089,0.012196180555555557,1.0,0.0,0.6472537878787878,0.5970880681818181,0.5450911458333333,0.6161848958333334,0.11579427083333334,0.017239583333333332,0.8102453351020813,0.1908409297466278,0.5168112516403198,0.8095238208770752,0.0,0.7469956278800964,0.0,0.43928956985473633,1.0,0.9269003868103027,0.07309961318969727
1,8660,0.3303249478340149,0.22694715857505798,0.17947067320346832,0.015830498188734055,0.223515625,0.3286835849285126,0.9917756571627072,0.014657118055555557,1.0,0.0,0.8017282196969696,0.6202592329545454,0.5016276041666666,0.54296875,0.13209635416666668,0.020638020833333333,0.8082443475723267,0.19118526577949524,0.5171198844909668,0.8095238208770752,0.0,0.7490530014038086,0.0,0.4395519196987152,1.0,0.9277937412261963,0.07220625877380371
1,8670,0.33635425567626953,0.2342343032360077,0.18584448099136353,0.016992617398500443,0.2356640625,0.4082786440849304,0.9932747395833332,0.013450520833333333,1.0,0.0,0.8188920454545454,0.6228338068181818,0.5109244791666666,0.5193489583333334,0.134609375,0.021015625,0.8047534823417664,0.19139856100082397,0.5178089141845703,0.8095238208770752,0.0,0.753646969795227,0.0,0.4401375949382782,1.0,0.9283314347267151,0.07166856527328491
1,8680,0.32919153571128845,0.2364869862794876,0.18726222217082977,0.017161305993795395,0.23225260416666665,0.3607434630393982,0.9925282118055555,0.014943576388888892,1.0,0.0,0.9650804924242423,0.6447620738636364,0.5041276041666667,0.510390625,0.12604166666666666,0.024231770833333333,0.8016567826271057,0.19147151708602905,0.5194323062896729,0.8095238208770752,0.0,0.7644695043563843,0.0,0.4415174722671509,1.0,0.9285390377044678,0.07146096229553223
1,8690,0.3369365334510803,0.23747941851615906,0.18284951150417328,0.013096746988594532,0.22852864583333332,0.4229739010334015,0.9935069444444443,0.012986111111111115,1.0,0.0,0.6354166666666666,0.5953125,0.5599479166666667,0.5855729166666667,0.12328125,0.016979166666666667,0.8431928157806396,0.1472206711769104,0.5483106374740601,0.8571429252624512,0.0,0.7982616424560547,0.0,0.46606406569480896,1.0,0.9289421439170837,0.07105785608291626
1,8700,0.3317321836948395,0.24410927295684814,0.2185596376657486,0.01728307455778122,0.22135416666666666,0.30007195472717285,0.9905664062499999,0.018867187500000007,1.0,0.0,0.8851799242424241,0.6327769886363637,0.4773046875,0.532890625,0.13721354166666666,0.022473958333333332,0.8853068351745605,0.10331027209758759,0.5774130821228027,0.9047619700431824,0.0,0.8335475325584412,0.0,0.4908011257648468,1.0,0.9296644926071167,0.0703355073928833
1,8710,0.3300517201423645,0.24102947115898132,0.21003615856170654,0.017766958102583885,0.229453125,0.30696216225624084,0.9915451388888888,0.016909722222222222,1.0,0.0,0.8591382575757575,0.6288707386363637,0.5144791666666667,0.4961848958333333,0.14005208333333333,0.021901041666666666,0.9276414513587952,0.05928987264633179,0.6062406897544861,0.9523810148239136,0.0,0.8670015335083008,0.0,0.5153046250343323,1.0,0.9307199716567993,0.06928002834320068
1,8720,0.32564491033554077,0.24027952551841736,0.2120693475008011,0.014562075957655907,0.22122395833333333,0.4193272888660431,0.9907291666666665,0.01854166666666667,1.0,0.0,0.9763257575757575,0.6464488636363637,0.49376302083333334,0.4969401041666667,0.15037760416666668,0.024479166666666666,0.9718334078788757,0.015292245894670486,0.6349668502807617,1.0,0.0,0.8997790813446045,0.0,0.5397218465805054,1.0,0.9321178197860718,0.06788218021392822
1,8730,0.32984045147895813,0.25029897689819336,0.2319694310426712,0.017383353784680367,0.22266927083333332,0.40651920437812805,0.9900868055555555,0.019826388888888893,1.0,0.0,1.0,0.65,0.5032291666666666,0.49127604166666666,0.15979166666666667,0.026354166666666668,0.9708902835845947,0.01534226257354021,0.6351317167282104,1.0,0.0,0.9008781909942627,0.0,0.5398619771003723,1.0,0.9334926605224609,0.06650733947753906
1,8740,0.3268613815307617,0.24542367458343506,0.21762830018997192,0.016829079017043114,0.22264322916666668,0.4196951985359192,0.9907660590277777,0.01846788194444445,1.0,0.0,1.0,0.65,0.5091276041666667,0.5116666666666667,0.14733072916666667,0.02606770833333333,0.9690301418304443,0.015374504961073399,0.6368861198425293,1.0,0.0,0.9125744104385376,0.0,0.5413532257080078,1.0,0.9348627328872681,0.06513726711273193
1,8750,0.3425200581550598,0.25075268745422363,0.15799476206302643,0.015964247286319733,0.2071875,0.38798344135284424,0.9545832832348653,0.01635416666666667,1.0,0.0,0.9674479166666666,0.6451171875,0.44263020833333333,0.4952473958333333,0.11434895833333333,0.024283854166666667,0.9672693610191345,0.015283565036952496,0.637795090675354,1.0,0.0,0.9186339378356934,0.0,0.5421258211135864,1.0,0.9362307786941528,0.06376922130584717
1,8760,0.31343236565589905,0.21765345335006714,0.1573057323694229,0.010358497500419617,0.2014453125,0.37654566764831543,0.9536168857619293,0.015954861111111118,1.0,0.0,0.9242424242424242,0.6386363636363637,0.4805729166666667,0.510390625,0.1240234375,0.023333333333333334,0.9645838737487793,0.01533978246152401,0.6403146982192993,1.0,0.0,0.9354313611984253,0.0,0.5442675352096558,1.0,0.9376026391983032,0.06239736080169678
1,8770,0.32387781143188477,0.22617432475090027,0.13800443708896637,0.016369707882404327,0.21385416666666668,0.4009137451648712,0.9210725129261995,0.015716145833333334,1.0,0.0,0.9668560606060604,0.6450284090909091,0.447578125,0.4778515625,0.13520833333333335,0.024270833333333332,0.9619300365447998,0.015210193581879139,0.6417309045791626,1.0,0.0,0.9448728561401367,0.0,0.5454713106155396,1.0,0.9389863014221191,0.06101369857788086
1,8780,0.3211577236652374,0.22550183534622192,0.14202594757080078,0.01669980213046074,0.21345052083333332,0.3284165561199188,0.9271620002159705,0.017148437500000002,1.0,0.0,0.9272017045454545,0.6390802556818181,0.4426953125,0.4588541666666667,0.14110677083333334,0.0233984375,0.9601331949234009,0.015151496976613998,0.6430245637893677,1.0,0.0,0.953497052192688,0.0,0.546570897102356,1.0,0.9403709173202515,0.059629082679748535
1,8790,0.32250604033470154,0.22325347363948822,0.13813725113868713,0.01440961379557848,0.2105859375,0.389064222574234,0.9221219279419662,0.014066840277777782,1.0,0.0,0.9798768939393939,0.6469815340909091,0.458359375,0.43959635416666665,0.15171875,0.024557291666666668,0.9577522873878479,0.01491195522248745,0.6432486176490784,1.0,0.0,0.954990804195404,0.0,0.5467613339424133,1.0,0.9497170448303223,0.050282955169677734
1,8800,0.3254801332950592,0.22962164878845215,0.14864051342010498,0.01648831181228161,0.20923177083333333,0.33204492926597595,0.9390329642173572,0.01579427083333334,1.0,0.0,1.0,0.65,0.4265494791666667,0.46490885416666666,0.14544270833333334,0.027526041666666667,0.9551872611045837,0.014717262238264084,0.64585280418396,1.0,0.0,0.9723519086837769,0.0,0.548974871635437,1.0,0.9590631127357483,0.04093688726425171
1,8810,0.3190438449382782,0.21848154067993164,0.15061236917972565,0.014491668902337551,0.20125,0.31733453273773193,0.9433443432485955,0.01384548611111111,1.0,0.0,0.9674479166666666,0.6451171875,0.4920963541666667,0.4713411458333333,0.11981770833333333,0.024283854166666667,0.954456090927124,0.014242105185985565,0.6466729640960693,1.0,0.0,0.977819561958313,0.0,0.54967200756073,1.0,0.9684135913848877,0.031586408615112305
1,8820,0.32297202944755554,0.22380170226097107,0.17401890456676483,0.01524717453867197,0.22075520833333334,0.4148159623146057,0.9831962885510208,0.013363715277777783,1.0,0.0,1.0,0.65,0.4902213541666667,0.48118489583333335,0.13026041666666666,0.026028645833333332,0.9539896249771118,0.013820478692650795,0.6476790904998779,1.0,0.0,0.9845272302627563,0.0,0.5505272150039673,1.0,0.9777018427848816,0.022298157215118408
1,8830,0.3253921866416931,0.22475388646125793,0.16183044016361237,0.01403070893138647,0.206171875,0.36360153555870056,0.9624199169008142,0.013663194444444443,1.0,0.0,1.0,0.65,0.467109375,0.4566145833333333,0.14157552083333333,0.025716145833333332,0.9526287317276001,0.012937542051076889,0.6478481888771057,1.0,0.0,0.9856545329093933,0.0,0.5506709814071655,1.0,0.9790457487106323,0.020954251289367676
1,8840,0.32476189732551575,0.22356265783309937,0.15711718797683716,0.014600553549826145,0.22354166666666667,0.36135557293891907,0.954743123136015,0.013064236111111112,1.0,0.0,1.0,0.65,0.4812890625,0.4829817708333333,0.14626302083333334,0.025572916666666667,0.9513911008834839,0.011993427760899067,0.6478481888771057,1.0,0.0,0.9856545329093933,0.0,0.5506709814071655,1.0,0.9803799390792847,0.019620060920715332
1,8850,0.32597818970680237,0.22105400264263153,0.1448134481906891,0.013652412220835686,0.2245703125,0.3146100640296936,0.9348849513184311,0.01113715277777778,1.0,0.0,0.9692234848484848,0.6453835227272727,0.48890625,0.47932291666666665,0.1316015625,0.024322916666666666,0.9509725570678711,0.011321304365992546,0.6478481888771057,1.0,0.0,0.9856545329093933,0.0,0.5506709814071655,1.0,0.981712818145752,0.018287181854248047
1,8860,0.31602558493614197,0.2209198921918869,0.14572307467460632,0.015343386679887772,0.21989583333333335,0.32751840353012085,0.9353045275476244,0.013376736111111114,1.0,0.0,1.0,0.65,0.44720052083333334,0.454296875,0.12231770833333333,0.029674479166666667,0.9515175819396973,0.010542534291744232,0.6480807065963745,1.0,0.0,0.9872046709060669,0.0,0.5508686304092407,1.0,0.9830405712127686,0.016959428787231445
1,8870,0.3141491115093231,0.21211527287960052,0.14573431015014648,0.016520429402589798,0.21412760416666668,0.32224300503730774,0.9360440275404188,0.011935763888888895,1.0,0.0,1.0,0.65,0.46627604166666664,0.44197916666666665,0.102109375,0.027356770833333332,0.9533998966217041,0.009782779961824417,0.6469316482543945,1.0,0.0006787802558392286,0.9779604077339172,0.0,0.5498918890953064,1.0,0.9843723773956299,0.015627622604370117
1,8880,0.3199150860309601,0.2150842696428299,0.15733931958675385,0.01831384189426899,0.21858072916666665,0.3507247269153595,0.955542215251515,0.012217881944444446,1.0,0.0,1.0,0.65,0.46252604166666667,0.4688541666666667,0.11768229166666666,0.026653645833333333,0.9560736417770386,0.00903439149260521,0.6461272835731506,1.0,0.0014244596241042018,0.970858097076416,0.0,0.5492082238197327,1.0,0.9857146739959717,0.01428532600402832
1,8890,0.32148513197898865,0.21679912507534027,0.14896878600120544,0.016674501821398735,0.21475260416666667,0.3106057941913605,0.9425290406259716,0.00991319444444445,1.0,0.0,0.9964488636363635,0.6494673295454545,0.479609375,0.49016927083333334,0.11897135416666667,0.024921875,0.9579885005950928,0.008217799477279186,0.64742112159729,1.0,0.0036353906616568565,0.9743247032165527,0.0,0.5503079891204834,1.0,0.9870645999908447,0.012935400009155273
1,8900,0.32370656728744507,0.21721221506595612,0.14696188271045685,0.01627560891211033,0.20552083333333335,0.3735094666481018,0.9396405552493201,0.008897569444444448,1.0,0.0,1.0,0.65,0.46125,0.45748697916666664,0.1287109375,0.025052083333333332,0.961696982383728,0.007547949906438589,0.6475648283958435,1.0,0.0036353906616568565,0.9752829670906067,0.0,0.5504301190376282,1.0,0.9880467653274536,0.011953234672546387
1,8910,0.33310452103614807,0.2269231230020523,0.16797849535942078,0.015692628920078278,0.2184765625,0.31361663341522217,0.9752114707791908,0.00888888888888889,1.0,0.0,1.0,0.65,0.43915364583333333,0.45576822916666665,0.15561197916666666,0.027760416666666666,0.964600145816803,0.006795842200517654,0.6474464535713196,1.0,0.0036353906616568565,0.9744938611984253,0.0,0.5503295063972473,1.0,0.9886437654495239,0.011356234550476074
1,8920,0.32375961542129517,0.2147924154996872,0.17159606516361237,0.014657976105809212,0.2093359375,0.3540920615196228,0.9817501786529509,0.008055555555555557,1.0,0.0,1.0,0.65,0.4940364583333333,0.4783854166666667,0.13697916666666668,0.028697916666666667,0.9655657410621643,0.0063702878542244434,0.6476789712905884,1.0,0.0036353906616568565,0.9760439395904541,0.0,0.5505271553993225,1.0,0.9888553023338318,0.011144697666168213
1,8930,0.3387760519981384,0.21870887279510498,0.15763385593891144,0.015941163524985313,0.2388671875,0.33383461833000183,0.9621496023581578,0.0,1.0,0.0,1.0,0.65,0.4884765625,0.46587239583333334,0.1587109375,0.0306640625,0.9654011130332947,0.00603939313441515,0.6476789712905884,1.0,0.0036353906616568565,0.9760439395904541,0.0,0.5505271553993225,1.0,0.988676130771637,0.011323869228363037
1,8940,0.33920592069625854,0.2188936173915863,0.15878501534461975,0.019946318119764328,0.23493489583333332,0.3519873321056366,0.9640977182755103,0.0,1.0,0.0,1.0,0.65,0.49654947916666664,0.4491796875,0.1463671875,0.029505208333333335,0.9658027291297913,0.006125372368842363,0.6476789712905884,1.0,0.0036353906616568565,0.9760439395904541,0.0,0.5505271553993225,1.0,0.9884921908378601,0.011507809162139893
1,8950,0.3429223895072937,0.22790417075157166,0.17063593864440918,0.014416375197470188,0.23209635416666666,0.30951640009880066,0.9819764776311369,0.004353298611111112,1.0,0.0,1.0,0.65,0.5212109375,0.4276302083333333,0.17139322916666666,0.030325520833333335,0.9656886458396912,0.006345899775624275,0.6476789712905884,1.0,0.0036353906616568565,0.9760439395904541,0.0,0.5505271553993225,1.0,0.9883133172988892,0.01168668270111084
1,8960,0.3705320358276367,0.21412578225135803,0.15992622077465057,0.018742654472589493,0.2331640625,0.29991623759269714,0.9660289890032548,0.0,1.0,0.0,1.0,0.65,0.48856770833333335,0.4582161458333333,0.1994140625,0.02578125,0.9666934013366699,0.00688864104449749,0.6478099822998047,1.0,0.0036353906616568565,0.9769176840782166,0.0,0.5506384968757629,1.0,0.988149881362915,0.011850118637084961
1,8970,0.37790238857269287,0.21334360539913177,0.17594914138317108,0.011022248305380344,0.20717447916666668,0.3208450973033905,0.9931447008022894,0.0,1.0,0.014254385964912247,0.7301136363636364,0.6145060805422647,0.5350911458333333,0.48859375,0.20541666666666666,0.0190625,0.9684349298477173,0.00725901173427701,0.6461400985717773,1.0,0.0036353906616568565,0.9657851457595825,0.0,0.5492190718650818,1.0,0.988010585308075,0.011989414691925049
1,8980,0.3940331041812897,0.21304713189601898,0.16653892397880554,0.01732722297310829,0.23682291666666666,0.31329095363616943,0.977219717502594,0.0,1.0,0.015659265350877197,0.8177083333333333,0.628136992872807,0.5476171875,0.47125,0.20595052083333334,0.020989583333333332,0.9686057567596436,0.008082423359155655,0.6461401581764221,1.0,0.0036353906616568565,0.9657851457595825,0.0,0.5492191314697266,1.0,0.9878916144371033,0.012108385562896729
1,8990,0.39154770970344543,0.2177155315876007,0.16072136163711548,0.01831185631453991,0.23838541666666666,0.3226398229598999,0.9673746120012724,0.0,1.0,0.046429550438596486,1.0,0.6662503426535088,0.5141666666666667,0.46067708333333335,0.21764322916666667,0.025260416666666667,0.9675459265708923,0.00897838082164526,0.6451382637023926,1.0,0.0036353906616568565,0.9591056108474731,0.0,0.5483675599098206,1.0,0.9877924919128418,0.012207508087158203
1,9000,0.37061336636543274,0.2246948778629303,0.20039992034435272,0.01719936542212963,0.23576822916666668,0.3401505649089813,0.9999999999999999,0.0,1.0,0.0,1.0,0.65,0.5102734375,0.4651171875,0.18865885416666667,0.02984375,0.9668347835540771,0.010047949850559235,0.6451635956764221,1.0,0.0036353906616568565,0.9592747092247009,0.0,0.5483890771865845,1.0,0.9877233505249023,0.012276649475097656
1,9010,0.3782707452774048,0.21562109887599945,0.2002742439508438,0.014967018738389015,0.23358072916666667,0.315711110830307,0.9999999999999999,0.0,1.0,0.0,0.9834280303030303,0.6475142045454545,0.5186067708333333,0.5075651041666667,0.18688802083333333,0.024635416666666667,0.9668283462524414,0.011122064664959908,0.6446605920791626,1.0,0.0036353906616568565,0.9559208154678345,0.0,0.5479615330696106,1.0,0.9876755475997925,0.01232445240020752
1,9020,0.3335845470428467,0.22144894301891327,0.15995432436466217,0.012609207071363926,0.2183984375,0.3359863758087158,0.9636221218414794,0.004908854166666671,1.0,0.0,1.0,0.65,0.49444010416666667,0.4277213541666667,0.16071614583333332,0.033463541666666666,0.964865505695343,0.01232990249991417,0.6446605324745178,1.0,0.0036353906616568565,0.9559208154678345,0.0,0.5479614734649658,1.0,0.9876449108123779,0.01235508918762207
1,9030,0.333209753036499,0.22347505390644073,0.16992275416851044,0.016384419053792953,0.23575520833333333,0.3065323829650879,0.9797387340843169,0.006414930555555559,1.0,0.0,1.0,0.65,0.475859375,0.4105729166666667,0.15858072916666666,0.033046875,0.962565541267395,0.013458581641316414,0.6439629793167114,1.0,0.0036353906616568565,0.9512705206871033,0.0,0.5473685264587402,1.0,0.9876343011856079,0.01236569881439209
1,9040,0.3354959189891815,0.23464958369731903,0.1673472821712494,0.01486832182854414,0.22127604166666667,0.32343435287475586,0.9708533332898066,0.015468750000000003,1.0,0.0,1.0,0.65,0.42778645833333334,0.4282682291666667,0.19208333333333333,0.027994791666666668,0.9613215923309326,0.014907615259289742,0.6426312923431396,1.0,0.0036353906616568565,0.9423927068710327,0.0,0.5462366342544556,1.0,0.9876468181610107,0.012353181838989258
1,9050,0.32963085174560547,0.23731552064418793,0.1570703536272049,0.014382130466401577,0.2109765625,0.3136303722858429,0.9523483268114238,0.017695312500000004,1.0,0.0,1.0,0.65,0.42376302083333334,0.39936197916666666,0.18157552083333334,0.029674479166666667,0.9611634016036987,0.016418859362602234,0.6423268914222717,1.0,0.0036353906616568565,0.9403634071350098,0.0,0.5459778904914856,1.0,0.987680196762085,0.012319803237915039
1,9060,0.32607412338256836,0.24063633382320404,0.16064921021461487,0.01704590581357479,0.20252604166666666,0.3070199489593506,0.9559851484828525,0.02253472222222222,1.0,0.0,0.9875710227272727,0.648135653409091,0.39046875,0.3921614583333333,0.16109375,0.0247265625,0.9587303400039673,0.017652738839387894,0.6412193179130554,1.0,0.0036353906616568565,0.9329793453216553,0.0,0.5450364351272583,1.0,0.9877234697341919,0.012276530265808105
1,9070,0.3353898525238037,0.24234639108181,0.16963212192058563,0.015379155054688454,0.20740885416666666,0.30572864413261414,0.9718771032288543,0.021154513888888893,1.0,0.0,0.766216856060606,0.6149325284090909,0.4104817708333333,0.4311979166666667,0.16274739583333334,0.019856770833333332,0.957737386226654,0.01888372376561165,0.639731228351593,1.0,0.0036353906616568565,0.9230587482452393,0.0,0.5437715649604797,1.0,0.9877749681472778,0.012225031852722168
1,9080,0.3148694336414337,0.23845966160297394,0.15296311676502228,0.017667129635810852,0.2072265625,0.3181722164154053,0.9396315592476445,0.02922743055555556,1.0,0.0,1.0,0.65,0.36342447916666665,0.3794401041666667,0.153671875,0.025078125,0.956336259841919,0.020018186420202255,0.640195369720459,1.0,0.002956610405817628,0.9277372360229492,0.0,0.544166088104248,1.0,0.9878162741661072,0.012183725833892822
1,9090,0.3191681504249573,0.2436399906873703,0.1497456580400467,0.014303452335298061,0.20037760416666667,0.2912067770957947,0.9332838513199082,0.03103298611111112,1.0,0.0,0.8597301136363636,0.6289595170454545,0.3756510416666667,0.36899739583333335,0.15610677083333332,0.0219140625,0.9549824595451355,0.021327918395400047,0.6399344205856323,1.0,0.0022109311539679766,0.9277372360229492,0.0,0.5439442992210388,1.0,0.9878485798835754,0.01215142011642456
1,9100,0.3170114755630493,0.24252761900424957,0.14678038656711578,0.013979884795844555,0.195546875,0.2977284789085388,0.9275951266798199,0.032374131944444454,1.0,0.0,1.0,0.65,0.359453125,0.39298177083333335,0.15045572916666666,0.025416666666666667,0.9544690251350403,0.022707920521497726,0.6385475397109985,1.0,0.0,0.9236505627632141,0.0,0.5427654385566711,1.0,0.9878745079040527,0.012125492095947266
1,9110,0.312226265668869,0.23529088497161865,0.15354670584201813,0.013909702189266682,0.20721354166666667,0.32895123958587646,0.9395058902817913,0.03145399305555556,1.0,0.0,0.9295691287878787,0.6394353693181818,0.3956119791666667,0.4168619791666667,0.15705729166666665,0.023450520833333332,0.9514830708503723,0.02396680787205696,0.6376597881317139,1.0,0.0,0.9177320003509521,0.0,0.5420108437538147,1.0,0.9878878593444824,0.012112140655517578
1,9120,0.3112332224845886,0.24025766551494598,0.15111541748046875,0.01586717925965786,0.20075520833333332,0.28618842363357544,0.93399166270199,0.03425347222222222,1.0,0.0,1.0,0.65,0.32635416666666667,0.3541536458333333,0.16243489583333334,0.0284375,0.9487118721008301,0.02525690384209156,0.637253999710083,1.0,0.0,0.9150264263153076,0.0,0.5416659116744995,1.0,0.9878988265991211,0.012101173400878906
1,9130,0.31671783328056335,0.24099503457546234,0.1500590741634369,0.013204867020249367,0.19923177083333332,0.2883788049221039,0.9334518346419701,0.0317578125,1.0,0.0,0.9023437499999999,0.6353515624999999,0.37670572916666667,0.40098958333333334,0.15098958333333334,0.0228515625,0.9468045234680176,0.02619275078177452,0.6356686353683472,1.0,0.0,0.9044575691223145,0.0,0.5403183698654175,1.0,0.9879106283187866,0.012089371681213379
1,9140,0.31467971205711365,0.23637890815734863,0.15118788182735443,0.013689257204532623,0.207890625,0.30351313948631287,0.9360261870347535,0.03042968750000001,1.0,0.0,0.8135653409090908,0.6220348011363637,0.37247395833333335,0.3889973958333333,0.1496484375,0.0208984375,0.9454324245452881,0.027105655521154404,0.6343623399734497,1.0,0.0,0.8957487940788269,0.0,0.5392079949378967,1.0,0.9879360795021057,0.012063920497894287
1,9150,0.3120468258857727,0.23896309733390808,0.16619935631752014,0.015619107522070408,0.195546875,0.2781522572040558,0.9607770089817862,0.03173611111111112,1.0,0.0,0.9573863636363636,0.6436079545454545,0.37885416666666666,0.38515625,0.1432421875,0.0240625,0.9446309804916382,0.02770957350730896,0.6327474117279053,1.0,0.0,0.8849826455116272,0.0,0.5378352999687195,1.0,0.9879664778709412,0.012033522129058838
1,9160,0.3066418766975403,0.22893941402435303,0.14809788763523102,0.011573382653295994,0.19708333333333333,0.3052203357219696,0.9308794313720149,0.030264756944444443,1.0,0.0,0.844933712121212,0.6267400568181818,0.3936458333333333,0.402265625,0.12759114583333334,0.021588541666666666,0.945625901222229,0.02819279208779335,0.6301178932189941,1.0,0.0,0.8674524426460266,0.0,0.5356002449989319,1.0,0.9880011081695557,0.011998891830444336
1,9170,0.3095700144767761,0.22385334968566895,0.1552431285381317,0.014321953058242798,0.21389322916666667,0.3222801387310028,0.9451784087653853,0.025850694444444447,1.0,0.0,0.7916666666666666,0.61875,0.443125,0.4298177083333333,0.13358072916666666,0.020416666666666666,0.9470211863517761,0.02852099947631359,0.6290102601051331,1.0,0.0,0.8600683212280273,0.0,0.5346587300300598,1.0,0.9880244731903076,0.011975526809692383
1,9180,0.3222511410713196,0.23076416552066803,0.16560110449790955,0.014253463596105576,0.20608072916666667,0.3199812173843384,0.9637207460199666,0.023823784722222227,1.0,0.0,0.8283617424242424,0.6242542613636364,0.4315104166666667,0.41682291666666665,0.13647135416666667,0.021223958333333334,0.9477930068969727,0.028648313134908676,0.6273234486579895,1.0,0.0,0.848823070526123,0.0,0.5332249402999878,1.0,0.9880266189575195,0.011973381042480469
1,9190,0.318816214799881,0.2363952398300171,0.157865971326828,0.01690107211470604,0.2144921875,0.3007300794124603,0.9487902428757431,0.027504340277777786,1.0,0.0,0.8177083333333333,0.62265625,0.4586588541666667,0.4186067708333333,0.136015625,0.020989583333333332,0.949207067489624,0.02849433571100235,0.6262242794036865,1.0,0.0,0.8414952754974365,0.0,0.5322906374931335,1.0,0.9880240559577942,0.01197594404220581
1,9200,0.31790482997894287,0.2394104301929474,0.16291233897209167,0.01612352393567562,0.19899739583333334,0.3183498978614807,0.9565924024378133,0.028980034722222228,1.0,0.0,0.9141808712121212,0.6371271306818181,0.4151302083333333,0.40997395833333333,0.126484375,0.023111979166666668,0.9517654180526733,0.028253760188817978,0.6261904835700989,1.0,0.0,0.841269850730896,0.0,0.5322619080543518,1.0,0.988037109375,0.011962890625
1,9210,0.31245920062065125,0.2301304191350937,0.1507582813501358,0.01564290188252926,0.197265625,0.30926212668418884,0.9372956986203151,0.026436631944444452,1.0,0.0,0.8757102272727273,0.6313565340909091,0.4548697916666667,0.43638020833333335,0.1197265625,0.022265625,0.9526765942573547,0.02809048444032669,0.6261904239654541,1.0,0.0,0.841269850730896,0.0,0.532261848449707,1.0,0.9880504608154297,0.011949539184570312
1,9220,0.31321561336517334,0.23153075575828552,0.15361618995666504,0.013722524978220463,0.20059895833333333,0.3795221745967865,0.9418044683668348,0.02709201388888889,1.0,0.0,0.9266098484848484,0.6389914772727272,0.43231770833333333,0.3944140625,0.12557291666666667,0.023385416666666665,0.9549057483673096,0.02789558470249176,0.626693606376648,1.0,0.0,0.8446236848831177,0.0,0.5326895713806152,1.0,0.9880677461624146,0.01193225383758545
1,9230,0.3140278458595276,0.2241470366716385,0.14209264516830444,0.015714336186647415,0.21565104166666665,0.2948719263076782,0.9235682758510622,0.024561631944444454,1.0,0.0,0.7780539772727273,0.6167080965909091,0.44830729166666666,0.4348958333333333,0.13286458333333334,0.0201171875,0.9575902819633484,0.027181919664144516,0.626693606376648,1.0,0.0,0.8446236848831177,0.0,0.5326895713806152,1.0,0.9880957007408142,0.011904299259185791
1,9240,0.32031935453414917,0.2311093658208847,0.15855957567691803,0.016728652641177177,0.21475260416666667,0.37418583035469055,0.9509232362417073,0.025585937500000003,1.0,0.0,0.8171164772727273,0.6225674715909091,0.4283723958333333,0.45309895833333336,0.131328125,0.0209765625,0.9602117538452148,0.026764633134007454,0.6258692145347595,1.0,0.0,0.8391278982162476,0.0,0.5319888591766357,1.0,0.9881402254104614,0.011859774589538574
1,9250,0.3018971085548401,0.21884854137897491,0.16114914417266846,0.01436906773597002,0.2016796875,0.3991394639015198,0.9540230308434903,0.02815104166666668,1.0,0.0,0.7739109848484849,0.6160866477272727,0.4366015625,0.4122265625,0.1114453125,0.020026041666666668,0.9626648426055908,0.026502151042222977,0.6272008419036865,1.0,0.0,0.8480057716369629,0.0,0.5331207513809204,1.0,0.9881963133811951,0.011803686618804932
1,9260,0.31828442215919495,0.2356194257736206,0.17241454124450684,0.015021436847746372,0.213046875,0.2967321276664734,0.9732416288261738,0.02784288194444445,1.0,0.0,0.6318655303030304,0.5947798295454545,0.4799348958333333,0.4822005208333333,0.13264322916666665,0.01690104166666667,0.9639765620231628,0.026103051379323006,0.6264356970787048,1.0,0.0,0.8429045081138611,0.0,0.5324703454971313,1.0,0.9882574677467346,0.01174253225326538
1,9270,0.3282468020915985,0.24871401488780975,0.20469075441360474,0.012927829287946224,0.20048177083333332,0.2754606008529663,0.9852864583333333,0.02942708333333334,1.0,0.0,0.8325047348484849,0.6248757102272727,0.4072135416666667,0.4228125,0.1401953125,0.021315104166666668,0.9659726619720459,0.025560103356838226,0.6267865896224976,1.0,0.0,0.8452437520027161,0.0,0.5327686071395874,1.0,0.98832106590271,0.011678934097290039
1,9280,0.3773490786552429,0.30085527896881104,0.2760775089263916,0.011927411891520023,0.18134114583333333,0.32370060682296753,0.9880859375,0.023828125000000006,1.0,0.0,0.5300662878787878,0.5795099431818181,0.4336328125,0.4544140625,0.0760546875,0.014661458333333334,0.9663071632385254,0.02510003373026848,0.6272769570350647,1.0,0.0,0.8485130667686462,0.0,0.5331854224205017,1.0,0.9883905053138733,0.011609494686126709
1,9290,0.29834282398223877,0.22116059064865112,0.16955401003360748,0.012172714807093143,0.20528645833333334,0.32880526781082153,0.9693252090205493,0.025993923611111122,1.0,0.0,0.8461174242424242,0.6269176136363637,0.4396744791666667,0.44622395833333334,0.11880208333333334,0.021614583333333333,0.9676529169082642,0.024729248136281967,0.6285029649734497,1.0,0.0,0.8566862940788269,0.0,0.5342275500297546,1.0,0.9884827136993408,0.01151728630065918
1,9300,0.3154557943344116,0.23427097499370575,0.1828361302614212,0.01146654412150383,0.18772135416666666,0.31246083974838257,0.987009548611111,0.025980902777777783,1.0,0.0,0.854995265151515,0.6282492897727272,0.42528645833333334,0.4262109375,0.12587239583333334,0.021809895833333332,0.9686630368232727,0.02429811656475067,0.6297669410705566,1.0,0.0,0.8651131987571716,0.0,0.535301923751831,1.0,0.9885857701301575,0.01141422986984253
1,9310,0.28312763571739197,0.21410007774829865,0.15707437694072723,0.010972194373607635,0.18490885416666666,0.37695765495300293,0.9467301354958461,0.02894531250000001,1.0,0.0,1.0,0.65,0.39727864583333333,0.326640625,0.14100260416666666,0.03240885416666667,0.9703494310379028,0.023679522797465324,0.6291244029998779,1.0,0.0,0.8608293533325195,0.0,0.5347557663917542,1.0,0.988701581954956,0.011298418045043945
1,9320,0.3084077537059784,0.23411089181900024,0.18438805639743805,0.017903003841638565,0.19625,0.29345008730888367,0.9863194444444443,0.027361111111111114,1.0,0.0,1.0,0.65,0.39959635416666667,0.3444010416666667,0.150078125,0.0259765625,0.9729492664337158,0.023192793130874634,0.6264864206314087,1.0,0.0,0.8432427048683167,0.0,0.5325134992599487,1.0,0.9888379573822021,0.011162042617797852
1,9330,0.3200851082801819,0.23937343060970306,0.22647176682949066,0.015842139720916748,0.21598958333333335,0.3367014527320862,0.9903667534722221,0.019266493055555556,1.0,0.0,1.0,0.65,0.4484505208333333,0.3878515625,0.15815104166666666,0.028255208333333334,0.9740365743637085,0.02267836406826973,0.6242626905441284,1.0,0.0,0.8284181356430054,0.0,0.5306233167648315,1.0,0.9889886975288391,0.011011302471160889
1,9340,0.34967896342277527,0.2708604037761688,0.25654274225234985,0.018456486985087395,0.2259765625,0.3994980752468109,0.9885026041666666,0.022994791666666674,1.0,0.0,0.7869318181818181,0.6180397727272727,0.474765625,0.44298177083333334,0.173984375,0.0203125,0.976111650466919,0.02239314652979374,0.6251842975616455,1.0,0.0,0.8345621824264526,0.0,0.5314066410064697,1.0,0.9891558885574341,0.010844111442565918
1,9350,0.3266773521900177,0.2593304216861725,0.23393546044826508,0.01632617600262165,0.21061197916666666,0.4197969138622284,0.9875412326388888,0.02491753472222223,1.0,0.0,1.0,0.65,0.4689453125,0.4214583333333333,0.17037760416666667,0.025625,0.977142333984375,0.02201368287205696,0.6248122453689575,1.0,0.0,0.8320819735527039,0.0,0.5310904383659363,1.0,0.9893372058868408,0.01066279411315918
1,9360,0.32671523094177246,0.25380679965019226,0.1963306963443756,0.014858970418572426,0.19725260416666668,0.4063638746738434,0.9883224826388888,0.023355034722222223,1.0,0.0,0.8502604166666666,0.6275390625,0.47053385416666665,0.45166666666666666,0.103671875,0.021705729166666667,0.9774053692817688,0.02143208496272564,0.624850332736969,1.0,0.0,0.8323356509208679,0.0,0.5311228036880493,1.0,0.9895274043083191,0.010472595691680908
1,9370,0.30335989594459534,0.217154398560524,0.1694992333650589,0.012154915370047092,0.20157552083333333,0.33338814973831177,0.9727980482374502,0.018862847222222222,1.0,0.0,0.8940577651515151,0.6341086647727272,0.47046875,0.4413932291666667,0.11510416666666666,0.022669270833333335,0.9761472940444946,0.02092820033431053,0.6271543502807617,1.0,0.0,0.8476957082748413,0.0,0.5330812335014343,1.0,0.989717960357666,0.010282039642333984
1,9380,0.32114583253860474,0.22598512470722198,0.15653863549232483,0.014377320185303688,0.204765625,0.3784348666667938,0.952201534316071,0.016189236111111116,1.0,0.0,0.8603219696969696,0.6290482954545454,0.4434765625,0.44989583333333333,0.12989583333333332,0.021927083333333333,0.9740293025970459,0.020372025668621063,0.6272304058074951,1.0,0.0,0.8482030630111694,0.0,0.5331458449363708,1.0,0.9899110794067383,0.010088920593261719
1,9390,0.3264479637145996,0.23081429302692413,0.18897871673107147,0.01418104488402605,0.1961328125,0.40230050683021545,0.9919813368055554,0.016037326388888894,1.0,0.0,1.0,0.65,0.4344921875,0.4597526041666667,0.11786458333333333,0.025247395833333332,0.9729812741279602,0.020087633281946182,0.630523681640625,1.0,0.0,0.8701580762863159,0.0,0.5359451174736023,1.0,0.9901124835014343,0.009887516498565674
1,9400,0.3196052610874176,0.2340131551027298,0.16772674024105072,0.012893172912299633,0.18604166666666666,0.3165697753429413,0.9700046076835731,0.018450520833333338,1.0,0.0,0.9946732954545454,0.6492009943181818,0.43106770833333335,0.43200520833333333,0.12377604166666667,0.0248828125,0.9739938378334045,0.019746197387576103,0.6303165555000305,1.0,0.0,0.8687771558761597,0.0,0.5357691049575806,1.0,0.9903103709220886,0.009689629077911377
1,9410,0.33309316635131836,0.233822301030159,0.1833125352859497,0.016439467668533325,0.21569010416666667,0.4086655080318451,0.9920052083333333,0.015989583333333335,1.0,0.0,0.82421875,0.6236328125,0.461484375,0.4712109375,0.14265625,0.0211328125,0.9727658033370972,0.01938553899526596,0.6306589841842651,1.0,0.0,0.8710599541664124,0.0,0.5360601544380188,1.0,0.9904842972755432,0.009515702724456787
1,9420,0.3483627736568451,0.2469988763332367,0.18879644572734833,0.013507355004549026,0.19985677083333334,0.40485650300979614,0.991892361111111,0.01621527777777778,1.0,0.0,0.5063920454545454,0.5759588068181818,0.45484375,0.49721354166666665,0.12833333333333333,0.014140625,0.9727689623832703,0.018897157162427902,0.6306589841842651,1.0,0.0,0.8710599541664124,0.0,0.5360601544380188,1.0,0.9906533360481262,0.00934666395187378
1,9430,0.3324134349822998,0.23837529122829437,0.16391736268997192,0.011901534162461758,0.20165364583333334,0.31901904940605164,0.9646386979176447,0.0162890625,1.0,0.0,0.6152935606060606,0.5922940340909091,0.4743880208333333,0.48141927083333336,0.11559895833333333,0.016536458333333334,0.9718866348266602,0.018429234623908997,0.6299868226051331,1.0,0.0,0.8665787577629089,0.0,0.5354888439178467,1.0,0.9908199310302734,0.009180068969726562
1,9440,0.3199067711830139,0.2279629409313202,0.16607274115085602,0.013520380482077599,0.19565104166666666,0.30920228362083435,0.9671447684112777,0.018572048611111114,1.0,0.0,0.9070785984848485,0.6360617897727272,0.45015625,0.43052083333333335,0.12552083333333333,0.022955729166666668,0.9718693494796753,0.018463749438524246,0.6293399930000305,1.0,0.0,0.8622666597366333,0.0,0.5349389910697937,1.0,0.9909666776657104,0.00903332233428955
1,9450,0.3278612792491913,0.23501740396022797,0.16899462044239044,0.014672481454908848,0.1916015625,0.4004242420196533,0.9725669177678914,0.017617187500000003,1.0,0.0,0.7650331439393939,0.6147549715909091,0.42819010416666664,0.44631510416666664,0.14045572916666665,0.01983072916666667,0.9719073176383972,0.01838769018650055,0.6304560899734497,1.0,0.0,0.8697071075439453,0.0,0.5358877182006836,1.0,0.991094708442688,0.008905291557312012
1,9460,0.331847608089447,0.23133665323257446,0.16080547869205475,0.011629673652350903,0.19850260416666668,0.3185783922672272,0.9595482139404004,0.015937500000000004,1.0,0.0,0.7792376893939393,0.6168856534090909,0.445859375,0.4606640625,0.1392578125,0.020143229166666665,0.971950888633728,0.018300678580999374,0.6301263570785522,1.0,0.0,0.8675088286399841,0.0,0.5356073975563049,1.0,0.9912047982215881,0.008795201778411865
1,9470,0.3310960531234741,0.23390458524227142,0.15367694199085236,0.014196663163602352,0.20571614583333334,0.33069756627082825,0.9468226440849467,0.017261284722222225,1.0,0.0,0.9544270833333333,0.6431640625,0.4375911458333333,0.44989583333333333,0.13161458333333334,0.023997395833333334,0.9693505167961121,0.018104951828718185,0.631140947341919,1.0,0.0,0.874272882938385,0.0,0.5364698171615601,1.0,0.9912968277931213,0.008703172206878662
1,9480,0.3236326575279236,0.22843961417675018,0.15026609599590302,0.011172314174473286,0.2045703125,0.3191244602203369,0.9408073876148615,0.01774739583333334,1.0,0.0,0.8431581439393939,0.6264737215909091,0.4481510416666667,0.441015625,0.13084635416666668,0.021549479166666666,0.9688432812690735,0.018213046714663506,0.6318976879119873,1.0,0.0,0.8793177604675293,0.0,0.5371130704879761,1.0,0.9913846850395203,0.008615314960479736
1,9490,0.3182767629623413,0.22923316061496735,0.16523045301437378,0.014687970280647278,0.19493489583333334,0.3866928219795227,0.966077430635436,0.017855902777777787,1.0,0.0,0.991122159090909,0.6486683238636364,0.4328385416666667,0.415859375,0.13455729166666666,0.0248046875,0.9707334041595459,0.01821408048272133,0.6305533051490784,1.0,0.0,0.8703553676605225,0.0,0.5359703302383423,1.0,0.9914658069610596,0.00853419303894043
1,9500,0.3486297130584717,0.2610449194908142,0.20158593356609344,0.010333416983485222,0.17614583333333333,0.3197295665740967,0.9905881076388888,0.01882378472222223,1.0,0.0,0.8171164772727273,0.6225674715909091,0.4230859375,0.44640625,0.14673177083333333,0.0209765625,0.9706797003746033,0.018321551382541656,0.6297754049301147,1.0,0.0,0.8651696443557739,0.0,0.5353091359138489,1.0,0.9915231466293335,0.008476853370666504
1,9510,0.3469918370246887,0.26424187421798706,0.1625239998102188,0.010860942304134369,0.18537760416666665,0.27706974744796753,0.9612216714202848,0.01840711805555556,1.0,0.0,0.9029356060606061,0.635440340909091,0.4206901041666667,0.41889322916666666,0.12688802083333334,0.022864583333333334,0.9716954231262207,0.018268229439854622,0.6284099221229553,1.0,0.0,0.8560662865638733,0.0,0.5341484546661377,1.0,0.9915635585784912,0.008436441421508789
1,9520,0.3167629837989807,0.2261919379234314,0.15408320724964142,0.011951172724366188,0.1808984375,0.27506372332572937,0.9467961942130683,0.01868923611111111,1.0,0.0,1.0,0.65,0.36572916666666666,0.3944010416666667,0.1329296875,0.026223958333333332,0.9716220498085022,0.018414972350001335,0.6283127069473267,1.0,0.0,0.8554180860519409,0.0,0.534065842628479,1.0,0.9915850162506104,0.008414983749389648
1,9530,0.3257286548614502,0.22826190292835236,0.1661476045846939,0.013092725537717342,0.1876171875,0.28822335600852966,0.9677901235706785,0.017534722222222226,1.0,0.0,0.9058948863636364,0.6358842329545454,0.393828125,0.42453125,0.1382421875,0.0229296875,0.9711124300956726,0.019434111192822456,0.6290863752365112,1.0,0.0,0.8605756759643555,0.0,0.5347234606742859,1.0,0.9915794134140015,0.008420586585998535
1,9540,0.34927162528038025,0.25409066677093506,0.18537172675132751,0.014617946930229664,0.19022135416666666,0.275635689496994,0.9900043402777777,0.019991319444444447,1.0,0.0,0.9094460227272726,0.6364169034090909,0.3324609375,0.3964453125,0.16526041666666666,0.0230078125,0.9719172120094299,0.020416665822267532,0.6294456720352173,1.0,0.0,0.8629712462425232,0.0,0.5350288152694702,1.0,0.9915557503700256,0.008444249629974365
1,9550,0.3380868136882782,0.2520715892314911,0.1849508285522461,0.014062699861824512,0.17118489583333332,0.364235520362854,0.9893012152777777,0.02139756944444445,1.0,0.0,0.9431818181818181,0.6414772727272727,0.35876302083333333,0.4007161458333333,0.13272135416666667,0.02375,0.9727374315261841,0.021020792424678802,0.6259959936141968,1.0,0.0,0.8399734497070312,0.0,0.5320966243743896,1.0,0.9914993047714233,0.00850069522857666
1,9560,0.3398456275463104,0.25418516993522644,0.18925359845161438,0.016556788235902786,0.2004296875,0.29975515604019165,0.988454861111111,0.02309027777777778,1.0,0.0,0.9538352272727272,0.6430752840909091,0.38263020833333333,0.3997526041666667,0.15057291666666667,0.023984375,0.9733598828315735,0.021549686789512634,0.6243472695350647,1.0,0.0,0.8289818167686462,0.0,0.5306951999664307,1.0,0.9914171695709229,0.008582830429077148
1,9570,0.33678877353668213,0.25328826904296875,0.14651718735694885,0.01548929512500763,0.19359375,0.29224279522895813,0.9337143827707339,0.01924479166666667,1.0,0.0,0.9923058712121211,0.6488458806818181,0.39352864583333336,0.4072135416666667,0.12802083333333333,0.024830729166666666,0.9745120406150818,0.022338997572660446,0.6226435899734497,1.0,0.0,0.8176237940788269,0.0,0.5292470455169678,1.0,0.9913156628608704,0.008684337139129639
1,9580,0.30889037251472473,0.22345389425754547,0.1638755351305008,0.012697628699243069,0.18421875,0.3843321204185486,0.9621460378170014,0.021132812500000007,1.0,0.0,1.0,0.65,0.40588541666666667,0.3974739583333333,0.13778645833333333,0.0265234375,0.9764113426208496,0.02278294414281845,0.6203861236572266,1.0,0.0,0.8025737404823303,0.0,0.5273281931877136,1.0,0.9912137985229492,0.008786201477050781
1,9590,0.3499719202518463,0.24723435938358307,0.18766434490680695,0.015555880963802338,0.224921875,0.4019116163253784,0.9918945312499999,0.016210937500000005,1.0,0.0,0.6721117424242424,0.6008167613636364,0.4725,0.4983854166666667,0.15657552083333334,0.017786458333333335,0.9786253571510315,0.023147322237491608,0.6187035441398621,1.0,0.0,0.7913566827774048,0.0,0.5258980393409729,1.0,0.9911247491836548,0.008875250816345215
1,9600,0.33388110995292664,0.24120113253593445,0.21158097684383392,0.017577674239873886,0.22356770833333334,0.4092054069042206,0.9908528645833332,0.01829427083333334,1.0,0.0,0.8910984848484849,0.6336647727272727,0.4504036458333333,0.485859375,0.165,0.022604166666666668,0.9796494245529175,0.023479454219341278,0.6175620555877686,1.0,0.0,0.7837470769882202,0.0,0.5249277353286743,1.0,0.9910396933555603,0.008960306644439697
1,9610,0.3308124840259552,0.23753765225410461,0.1873287409543991,0.014769627712666988,0.2064453125,0.4256376028060913,0.9913346354166666,0.01733072916666667,1.0,0.0,0.8035037878787877,0.6205255681818181,0.4667578125,0.4559375,0.13833333333333334,0.020677083333333332,0.9784778356552124,0.02371920645236969,0.6160613298416138,1.0,0.0,0.7737419009208679,0.0,0.5236521363258362,1.0,0.9909446239471436,0.009055376052856445
1,9620,0.3409355580806732,0.25208795070648193,0.19597777724266052,0.01383224781602621,0.18567708333333333,0.3158004879951477,0.9904644097222222,0.01907118055555556,1.0,0.0,0.8106060606060606,0.6215909090909091,0.42412760416666667,0.39416666666666667,0.131171875,0.020833333333333332,0.9787149429321289,0.023869875818490982,0.6147043108940125,1.0,0.0,0.7646949887275696,0.0,0.5224986672401428,1.0,0.9908621907234192,0.00913780927658081
1,9630,0.32002249360084534,0.25487810373306274,0.210254967212677,0.012504351325333118,0.18298177083333333,0.3696858286857605,0.9811914062499999,0.03761718750000001,1.0,0.0,0.6147017045454546,0.5922052556818181,0.42572916666666666,0.4218619791666667,0.13670572916666668,0.0165234375,0.9807022213935852,0.024072421714663506,0.6133683323860168,1.0,0.0,0.7557889223098755,0.0,0.5213630795478821,1.0,0.99078369140625,0.00921630859375
1,9640,0.3156375586986542,0.2427879422903061,0.2196570485830307,0.009850854985415936,0.174140625,0.43466898798942566,0.9815386284722222,0.036922743055555554,1.0,0.0,0.6656013257575757,0.5998401988636364,0.42618489583333335,0.40356770833333333,0.1356640625,0.017643229166666666,0.9805760383605957,0.024476274847984314,0.6140404939651489,1.0,0.0,0.7602701187133789,0.0,0.521934449672699,1.0,0.99070805311203,0.00929194688796997
1,9650,0.3312228322029114,0.24704700708389282,0.2245669811964035,0.011384080164134502,0.1991015625,0.43976399302482605,0.9843706597222222,0.03125868055555556,1.0,0.0,0.424124053030303,0.5636186079545454,0.48391927083333336,0.49666666666666665,0.13420572916666668,0.012330729166666667,0.9804145097732544,0.024799315258860588,0.6128145456314087,1.0,0.0,0.7520968914031982,0.0,0.5208923816680908,1.0,0.9906378984451294,0.009362101554870605
1,9660,0.3405667841434479,0.2518465220928192,0.2200431525707245,0.012533980421721935,0.19813802083333334,0.3461340665817261,0.9856380208333333,0.02872395833333334,1.0,0.0,0.5342092803030303,0.5801313920454545,0.4428125,0.4705078125,0.1430078125,0.014752604166666667,0.9801731109619141,0.025141162797808647,0.6122819185256958,1.0,0.0,0.74854576587677,0.0,0.520439624786377,1.0,0.9905499219894409,0.009450078010559082
1,9670,0.3380688428878784,0.2569374442100525,0.22140270471572876,0.013098548166453838,0.18147135416666665,0.3279615342617035,0.9837434895833332,0.032513020833333336,1.0,0.0,0.540719696969697,0.5811079545454545,0.399375,0.44126302083333335,0.14981770833333333,0.014895833333333334,0.9787427186965942,0.025280877947807312,0.6113940477371216,1.0,0.0,0.7426271438598633,0.0,0.5196849703788757,1.0,0.9904438257217407,0.009556174278259277
1,9680,0.3368493616580963,0.24643389880657196,0.21650944650173187,0.013658314943313599,0.18595052083333333,0.4209631681442261,0.9867078993055555,0.026584201388888895,1.0,0.0,0.6383759469696969,0.5957563920454545,0.422890625,0.46329427083333335,0.1416796875,0.017044270833333333,0.9803684949874878,0.02549995854496956,0.609783411026001,1.0,0.0,0.7318892478942871,0.0,0.5183159112930298,1.0,0.9903438091278076,0.009656190872192383
1,9690,0.33668023347854614,0.24903392791748047,0.22163990139961243,0.014590352773666382,0.19654947916666668,0.40750759840011597,0.9873003472222222,0.025399305555555557,1.0,0.0,0.6075994318181819,0.5911399147727273,0.400546875,0.43061197916666666,0.1403125,0.0163671875,0.9799374938011169,0.02592344582080841,0.609039306640625,1.0,0.0,0.7269289493560791,0.0,0.5176834464073181,1.0,0.9902366399765015,0.009763360023498535
1,9700,0.3375624120235443,0.2535989284515381,0.1982344686985016,0.01565195806324482,0.19162760416666666,0.3129667043685913,0.9875846354166666,0.02483072916666667,1.0,0.0,0.8313210227272727,0.624698153409091,0.4158984375,0.422890625,0.14299479166666668,0.0212890625,0.9777171015739441,0.0263862032443285,0.6087054014205933,1.0,0.0,0.7247023582458496,0.0,0.5173996090888977,1.0,0.9901136159896851,0.009886384010314941
1,9710,0.3402983546257019,0.24625401198863983,0.1669490486383438,0.015212693251669407,0.18705729166666665,0.3195872902870178,0.9659845211465136,0.023858506944444455,1.0,0.0,0.6070075757575757,0.5910511363636364,0.40075520833333333,0.42325520833333335,0.149140625,0.016354166666666666,0.9762070775032043,0.026601355522871017,0.6086039543151855,1.0,0.0,0.7240259647369385,0.0,0.5173133611679077,1.0,0.9899880886077881,0.010011911392211914
1,9720,0.34184256196022034,0.24405686557292938,0.16640084981918335,0.016299409791827202,0.1835546875,0.32038354873657227,0.9662004632623786,0.021571180555555562,1.0,0.0,0.7129498106060606,0.6069424715909091,0.37147135416666666,0.4170703125,0.14833333333333334,0.018684895833333333,0.9751097559928894,0.026794394478201866,0.6078218221664429,1.0,0.0,0.7188119888305664,0.0,0.5166485905647278,1.0,0.9898443818092346,0.01015561819076538
1,9730,0.32141172885894775,0.23213407397270203,0.1817442625761032,0.01592979207634926,0.20475260416666666,0.3200874328613281,0.9885286458333332,0.02294270833333334,1.0,0.0,0.8129734848484848,0.6219460227272727,0.4248958333333333,0.4239192708333333,0.13305989583333333,0.020885416666666667,0.9735214710235596,0.026907656341791153,0.6066507697105408,1.0,0.0,0.7110051512718201,0.0,0.5156531929969788,1.0,0.9896944761276245,0.010305523872375488
1,9740,0.31664973497390747,0.23314045369625092,0.16708751022815704,0.014879287220537663,0.17423177083333333,0.37365326285362244,0.9651402817322657,0.02601562500000001,1.0,0.0,1.0,0.65,0.36390625,0.37809895833333335,0.13977864583333333,0.025130208333333334,0.9715592861175537,0.02617724798619747,0.6086630821228027,1.0,0.0,0.7244205474853516,0.0,0.5173636078834534,1.0,0.9895458221435547,0.010454177856445312
1,9750,0.32326027750968933,0.23933599889278412,0.1821376085281372,0.015170551836490631,0.219765625,0.3162703812122345,0.9866124131944444,0.026775173611111116,1.0,0.0,0.737807765151515,0.6106711647727272,0.43701822916666666,0.456484375,0.13313802083333334,0.01923177083333333,0.9682338237762451,0.025879215449094772,0.610514760017395,1.0,0.0,0.7367649674415588,0.0,0.5189375877380371,1.0,0.9894000887870789,0.010599911212921143
1,9760,0.30873504281044006,0.22787629067897797,0.17912475764751434,0.015244593843817711,0.18649739583333333,0.40553417801856995,0.9842306261898107,0.028576388888888887,1.0,0.0,0.8686079545454545,0.6302911931818181,0.39045572916666665,0.3765234375,0.1185546875,0.022109375,0.9651737213134766,0.025721726939082146,0.614251971244812,1.0,0.0,0.7616792917251587,0.0,0.5221142172813416,1.0,0.9892700910568237,0.01072990894317627
1,9770,0.3132077157497406,0.2292659431695938,0.16311781108379364,0.018886951729655266,0.20208333333333334,0.311195433139801,0.9584179890563346,0.026024305555555557,1.0,0.0,0.8295454545454546,0.6244318181818181,0.40098958333333334,0.42135416666666664,0.1346875,0.02125,0.9624000787734985,0.025537781417369843,0.6169617772102356,1.0,0.0,0.7797449827194214,0.0,0.524417519569397,1.0,0.9891538619995117,0.010846138000488281
1,9780,0.3095976710319519,0.22458209097385406,0.16805019974708557,0.0132446875795722,0.18729166666666666,0.31471937894821167,0.9678545180548969,0.023845486111111112,1.0,0.0,0.7668087121212122,0.6150213068181818,0.4330859375,0.43625,0.10779947916666667,0.019869791666666668,0.961139440536499,0.02517629787325859,0.6202423572540283,1.0,0.0,0.8016154766082764,0.0,0.5272060036659241,1.0,0.9890440106391907,0.010955989360809326
1,9790,0.30075308680534363,0.22241224348545074,0.16115473210811615,0.014882281422615051,0.1753125,0.3069433569908142,0.9530949873496324,0.03002604166666667,1.0,0.0,0.8958333333333333,0.634375,0.36907552083333334,0.41248697916666666,0.10145833333333333,0.022708333333333334,0.9612538814544678,0.024947503581643105,0.6218191981315613,1.0,0.0,0.812127947807312,0.0,0.5285463333129883,1.0,0.9889334440231323,0.011066555976867676
1,9800,0.3161705434322357,0.22794769704341888,0.1553185135126114,0.014213379472494125,0.2121484375,0.312990665435791,0.9452669208375817,0.025928819444444445,1.0,0.0,0.6253551136363636,0.5938032670454545,0.4348046875,0.4552734375,0.12026041666666666,0.0167578125,0.9609284400939941,0.024828456342220306,0.6246220469474792,1.0,0.0,0.8308137655258179,0.0,0.5309287309646606,1.0,0.988810658454895,0.01118934154510498
1,9810,0.32169413566589355,0.23404386639595032,0.16259747743606567,0.01774434931576252,0.17595052083333335,0.30635866522789,0.9591433271994958,0.022812500000000006,1.0,0.0,0.8768939393939394,0.631534090909091,0.364609375,0.39544270833333334,0.15240885416666666,0.022291666666666668,0.960412859916687,0.02476045861840248,0.6258269548416138,1.0,0.0,0.8388460874557495,0.0,0.5319529175758362,1.0,0.9886647462844849,0.011335253715515137
1,9820,0.3302004635334015,0.23454919457435608,0.16758106648921967,0.019142579287290573,0.20415364583333334,0.3963354527950287,0.9682910689838932,0.02138454861111111,1.0,0.0,0.6940104166666666,0.6041015625,0.4096223958333333,0.423359375,0.15466145833333333,0.018268229166666667,0.961419939994812,0.024849742650985718,0.628633975982666,1.0,0.0,0.8575599789619446,0.0,0.5343388915061951,1.0,0.9885139465332031,0.011486053466796875
1,9830,0.32537057995796204,0.23219668865203857,0.16099266707897186,0.012676188722252846,0.1800390625,0.3084897994995117,0.957108917898602,0.021449652777777786,1.0,0.0,0.6466619318181818,0.5969992897727272,0.396171875,0.43364583333333334,0.13700520833333332,0.0172265625,0.962384819984436,0.025111814960837364,0.6306843757629395,1.0,0.0,0.8712290525436401,0.0,0.5360817313194275,1.0,0.9883409738540649,0.011659026145935059
1,9840,0.3125101625919342,0.22804205119609833,0.15111975371837616,0.016543077304959297,0.18421875,0.39879345893859863,0.9399864141452006,0.022278645833333333,1.0,0.0,0.8964251893939393,0.634463778409091,0.38080729166666666,0.3857291666666667,0.12712239583333335,0.022721354166666666,0.9622573256492615,0.025366857647895813,0.6320202350616455,1.0,0.0,0.8801350593566895,0.0,0.5372171998023987,1.0,0.9881459474563599,0.011854052543640137
1,9850,0.2975916564464569,0.2167622596025467,0.13688413798809052,0.010474250651896,0.17033854166666668,0.2923934757709503,0.9117026638067687,0.030664062500000006,1.0,0.0,0.9248342803030303,0.6387251420454545,0.35846354166666666,0.3760807291666667,0.14212239583333333,0.023346354166666666,0.963206946849823,0.02554873563349247,0.6320202350616455,1.0,0.0,0.8801350593566895,0.0,0.5372171998023987,1.0,0.9879400134086609,0.012059986591339111
1,9860,0.3050045073032379,0.22148500382900238,0.14105035364627838,0.015458822250366211,0.1790625,0.2847868800163269,0.9201095194184883,0.027951388888888897,1.0,0.0,0.9473248106060606,0.6420987215909091,0.34694010416666665,0.37302083333333336,0.134453125,0.023841145833333334,0.9603797197341919,0.02564794197678566,0.6338930726051331,1.0,0.0,0.8926204442977905,0.0,0.5388091206550598,1.0,0.9877176880836487,0.012282311916351318
1,9870,0.3076484203338623,0.22093749046325684,0.14444032311439514,0.016158221289515495,0.1945703125,0.40158969163894653,0.9273915297149594,0.02486111111111111,1.0,0.0,0.913589015151515,0.6370383522727272,0.35942708333333334,0.381640625,0.12419270833333333,0.023098958333333332,0.9574778079986572,0.02560991235077381,0.6348315477371216,1.0,0.0,0.8988771438598633,0.0,0.5396068096160889,1.0,0.9875040054321289,0.012495994567871094
1,9880,0.3115897476673126,0.2263672798871994,0.16211387515068054,0.018024012446403503,0.19479166666666667,0.3863096535205841,0.9572702358319208,0.024921875000000003,1.0,0.0,1.0,0.65,0.35149739583333334,0.34130208333333334,0.162734375,0.0285546875,0.9559652805328369,0.02566426992416382,0.6359264850616455,1.0,0.0,0.906176745891571,0.0,0.5405375361442566,1.0,0.9873042106628418,0.012695789337158203
1,9890,0.33522742986679077,0.23704491555690765,0.18002647161483765,0.017746832221746445,0.211015625,0.37586912512779236,0.9891102430555555,0.021779513888888893,1.0,0.0,0.8591382575757575,0.6288707386363637,0.39108072916666664,0.42951822916666665,0.17697916666666666,0.021901041666666666,0.9543001651763916,0.025801505893468857,0.6375921964645386,1.0,0.0,0.9172810316085815,0.0,0.5419533848762512,1.0,0.9871079921722412,0.012892007827758789
1,9900,0.30312201380729675,0.2176167219877243,0.1752239167690277,0.013316858559846878,0.18565104166666666,0.2971993088722229,0.9804677448313461,0.022899305555555555,1.0,0.0,1.0,0.65,0.3809895833333333,0.388828125,0.1490625,0.026106770833333334,0.9534705877304077,0.02550802007317543,0.638336181640625,1.0,0.0,0.9222413897514343,0.0,0.5425857901573181,1.0,0.9869166612625122,0.013083338737487793
1,9910,0.3034821152687073,0.2230488359928131,0.17318026721477509,0.015478093177080154,0.19259114583333334,0.29713675379753113,0.9767575248591921,0.023402777777777786,1.0,0.0,1.0,0.65,0.38984375,0.38546875,0.1362109375,0.029322916666666667,0.9529311656951904,0.025411086156964302,0.6408896446228027,1.0,0.0,0.9392642974853516,0.0,0.5447562336921692,1.0,0.9867358207702637,0.013264179229736328
1,9920,0.3158547878265381,0.2400234043598175,0.21441471576690674,0.01666741445660591,0.21592447916666666,0.4038582146167755,0.9871332465277777,0.025733506944444453,1.0,0.0,1.0,0.65,0.410859375,0.3965625,0.15740885416666667,0.028385416666666666,0.9509368538856506,0.0252976194024086,0.6417182087898254,1.0,0.0,0.9447882771492004,0.0,0.5454605221748352,1.0,0.9865596294403076,0.013440370559692383
1,9930,0.3112933933734894,0.23894473910331726,0.213044673204422,0.013347309082746506,0.19325520833333334,0.3037119507789612,0.9864626736111111,0.027074652777777788,1.0,0.0,1.0,0.65,0.399609375,0.40209635416666667,0.16286458333333334,0.027421875,0.9497911930084229,0.02528604492545128,0.6434768438339233,1.0,0.0,0.9565126895904541,0.0,0.5469553470611572,1.0,0.9863908886909485,0.013609111309051514
1,9940,0.31918904185295105,0.257463276386261,0.23499152064323425,0.01802143268287182,0.20859375,0.318618506193161,0.9858506944444444,0.028298611111111118,1.0,0.0,1.0,0.65,0.4034244791666667,0.38533854166666665,0.17100260416666666,0.030182291666666666,0.9490393996238708,0.025196552276611328,0.645548403263092,1.0,0.0,0.9703226685523987,0.0,0.5487161874771118,1.0,0.9862306118011475,0.013769388198852539
1,9950,0.3143429756164551,0.25789937376976013,0.24209867417812347,0.017393149435520172,0.2113671875,0.32087525725364685,0.9850824652777777,0.029835069444444445,1.0,0.0,1.0,0.65,0.4029947916666667,0.37677083333333333,0.16489583333333332,0.03274739583333333,0.9499517679214478,0.02526268921792507,0.6459288597106934,1.0,0.0,0.9728591442108154,0.0,0.5490395426750183,1.0,0.9860709309577942,0.01392906904220581
1,9960,0.3040885925292969,0.22593393921852112,0.1455320417881012,0.014353198930621147,0.184375,0.36699044704437256,0.9272403557076414,0.028858506944444445,1.0,0.0,1.0,0.65,0.3323697916666667,0.34697916666666667,0.1233984375,0.028307291666666668,0.9529228210449219,0.02476521208882332,0.6464657783508301,1.0,0.0,0.9764385223388672,0.0,0.5494959354400635,1.0,0.985920786857605,0.01407921314239502
1,9970,0.30661219358444214,0.22727255523204803,0.14287902414798737,0.013810413889586926,0.1936328125,0.30524876713752747,0.9232909981307821,0.027777777777777787,1.0,0.0,1.0,0.65,0.3562369791666667,0.353828125,0.124921875,0.025989583333333333,0.9554359316825867,0.024399181827902794,0.6468420624732971,1.0,0.0,0.97894686460495,0.0,0.5498157739639282,1.0,0.9857730269432068,0.014226973056793213
1,9980,0.30696579813957214,0.22267937660217285,0.14468534290790558,0.016312478110194206,0.1908203125,0.28722885251045227,0.9266538348462846,0.02716579861111112,1.0,0.0,0.9828361742424242,0.6474254261363637,0.34546875,0.34263020833333335,0.14786458333333333,0.024622395833333335,0.957220196723938,0.024163980036973953,0.6473493576049805,1.0,0.0,0.9823288917541504,0.0,0.5502469539642334,1.0,0.9856302738189697,0.014369726181030273
1,9990,0.30338171124458313,0.21769559383392334,0.14823941886425018,0.016569577157497406,0.18868489583333334,0.28883248567581177,0.9328876089540301,0.026727430555555567,1.0,0.0,1.0,0.65,0.35419270833333333,0.3588151041666667,0.13079427083333334,0.025963541666666666,0.958758533000946,0.023970114067196846,0.6466856002807617,1.0,0.0,0.9779040813446045,0.0,0.5496827960014343,1.0,0.9854891300201416,0.014510869979858398
1,10000,0.31636524200439453,0.22619453072547913,0.14903929829597473,0.0175537820905447,0.1843359375,0.3610936403274536,0.9356735427359231,0.023862847222222226,1.0,0.0,1.0,0.65,0.33046875,0.33360677083333334,0.15360677083333332,0.02606770833333333,0.958784818649292,0.023917410522699356,0.6459669470787048,1.0,0.0,0.9731128215789795,0.0,0.5490719079971313,1.0,0.9853278994560242,0.01467210054397583
1,10010,0.31687867641448975,0.22949068248271942,0.14802373945713043,0.019374549388885498,0.18740885416666667,0.2999001443386078,0.9339397137287334,0.02389322916666667,1.0,0.0,0.9828361742424242,0.6474254261363637,0.3267317708333333,0.33817708333333335,0.15,0.024622395833333335,0.9559910297393799,0.024154677987098694,0.6450833678245544,1.0,0.0,0.9672224521636963,0.0,0.5483208894729614,1.0,0.9851433038711548,0.014856696128845215
1,10020,0.3161637485027313,0.2189435511827469,0.1371462643146515,0.018413417041301727,0.195078125,0.2847471535205841,0.9172634497055641,0.02042968750000001,1.0,0.0,0.9928977272727273,0.6489346590909091,0.35791666666666666,0.35522135416666667,0.14424479166666668,0.02484375,0.954038143157959,0.02442687749862671,0.6450834274291992,1.0,0.0,0.9672224521636963,0.0,0.5483209490776062,1.0,0.9849618077278137,0.01503819227218628
1,10030,0.32360899448394775,0.22911275923252106,0.15329140424728394,0.019692139700055122,0.19303385416666666,0.37660345435142517,0.9442300914291643,0.021141493055555557,1.0,0.0,0.9402225378787878,0.6410333806818181,0.35359375,0.370390625,0.16321614583333333,0.023684895833333334,0.9505860805511475,0.024462632834911346,0.6450834274291992,1.0,0.0,0.9672224521636963,0.0,0.5483209490776062,1.0,0.9847704172134399,0.015229582786560059
1,10040,0.31691986322402954,0.21920092403888702,0.15110935270786285,0.014598567970097065,0.19907552083333332,0.3713284432888031,0.941322979101768,0.019570312500000006,1.0,0.0,0.9366714015151514,0.6405007102272727,0.37647135416666666,0.3713151041666667,0.15305989583333332,0.023606770833333332,0.9488635063171387,0.024441344663500786,0.6448593139648438,1.0,0.0,0.965728759765625,0.0,0.548130452632904,1.0,0.9845776557922363,0.015422344207763672
1,10050,0.3169931471347809,0.2301686853170395,0.16285201907157898,0.01932620257139206,0.191953125,0.3102566599845886,0.9591465726061764,0.02366753472222223,1.0,0.0,0.9496922348484848,0.6424538352272727,0.3708854166666667,0.3524088541666667,0.14075520833333333,0.023893229166666665,0.9467334747314453,0.02429894357919693,0.6443139910697937,1.0,0.0,0.9620930552482605,0.0,0.5476669073104858,1.0,0.9843809604644775,0.015619039535522461
1,10060,0.32113057374954224,0.2316870391368866,0.1706654131412506,0.017804892733693123,0.21059895833333334,0.37640753388404846,0.9740944999099795,0.0202170138888889,1.0,0.0,1.0,0.65,0.37377604166666667,0.361953125,0.15876302083333332,0.026302083333333334,0.9436631202697754,0.024078208953142166,0.6438912153244019,1.0,0.0,0.9592746496200562,0.0,0.547307550907135,1.0,0.9841831922531128,0.015816807746887207
1,10070,0.3253008723258972,0.23798170685768127,0.16996465623378754,0.019952442497015,0.20795572916666666,0.3061824142932892,0.9728847320772644,0.020264756944444448,1.0,0.0,1.0,0.65,0.36334635416666666,0.35509114583333334,0.14403645833333334,0.026901041666666667,0.9446583986282349,0.023985203355550766,0.643464207649231,1.0,0.0,0.9564281702041626,0.0,0.5469446182250977,1.0,0.9840072989463806,0.015992701053619385
1,10080,0.3207097351551056,0.2316429167985916,0.16512161493301392,0.0185594093054533,0.20111979166666666,0.315253883600235,0.9648602570020235,0.019921875000000006,1.0,0.0,0.9846117424242424,0.6476917613636364,0.3806640625,0.3690104166666667,0.146953125,0.024661458333333334,0.9454398155212402,0.02390521764755249,0.643464207649231,1.0,0.0,0.9564281105995178,0.0,0.5469446182250977,1.0,0.9838484525680542,0.0161515474319458
1,10090,0.3333152234554291,0.2453366369009018,0.21296842396259308,0.017848333343863487,0.1946875,0.3331671953201294,0.9895746527777777,0.02085069444444445,1.0,0.0,0.9070785984848485,0.6360617897727272,0.3746875,0.3631510416666667,0.1334765625,0.022955729166666668,0.9475039839744568,0.02381221018731594,0.6429484486579895,1.0,0.0,0.9529897570610046,0.0,0.5465062260627747,1.0,0.9837005138397217,0.01629948616027832
1,10100,0.3554319441318512,0.26563677191734314,0.23711749911308289,0.017286380752921104,0.20458333333333334,0.4046194851398468,0.9896636284722221,0.020672743055555554,1.0,0.0,0.7585227272727273,0.6137784090909091,0.39111979166666666,0.41875,0.14588541666666666,0.0196875,0.9476871490478516,0.023737598210573196,0.6429484486579895,1.0,0.0,0.9529897570610046,0.0,0.5465062260627747,1.0,0.983557939529419,0.016442060470581055
1,10110,0.30978113412857056,0.2297697812318802,0.14202797412872314,0.015539092943072319,0.18859375,0.38371312618255615,0.9217986763033093,0.027881944444444445,1.0,0.0,0.8763020833333333,0.6314453125,0.36852864583333333,0.3488671875,0.1626953125,0.022278645833333333,0.9470539093017578,0.023874420672655106,0.6429485082626343,1.0,0.0,0.9529897570610046,0.0,0.5465062260627747,1.0,0.9834249019622803,0.016575098037719727
1,10120,0.30269184708595276,0.22653108835220337,0.15063512325286865,0.0151671152561903,0.18877604166666667,0.30165156722068787,0.9357461313916068,0.02911892361111112,1.0,0.0,1.0,0.65,0.35694010416666666,0.349296875,0.13076822916666667,0.025963541666666666,0.946243405342102,0.02392464503645897,0.6430710554122925,1.0,0.0,0.9538070559501648,0.0,0.546610414981842,1.0,0.9833139181137085,0.016686081886291504
1,10130,0.3062090575695038,0.22545860707759857,0.13738495111465454,0.017283493652939796,0.18061197916666666,0.2951788306236267,0.9146400374632616,0.026484375000000004,1.0,0.0,1.0,0.65,0.350625,0.3555859375,0.14936197916666666,0.025208333333333333,0.9463390111923218,0.024051133543252945,0.6431217789649963,1.0,0.0,0.9541452527046204,0.0,0.5466535091400146,1.0,0.983229398727417,0.016770601272583008
1,10140,0.31039997935295105,0.22988441586494446,0.15849246084690094,0.018945420160889626,0.200234375,0.3001489043235779,0.9502888239652683,0.026627604166666676,1.0,0.0,0.9686316287878788,0.6452947443181818,0.37091145833333333,0.37506510416666666,0.146171875,0.024309895833333334,0.9460709095001221,0.023980654776096344,0.6435487866401672,1.0,0.0,0.9569917917251587,0.0,0.5470165014266968,1.0,0.9831632375717163,0.01683676242828369
1,10150,0.3052937388420105,0.22151340544223785,0.15268462896347046,0.014556150883436203,0.18842447916666666,0.3098059594631195,0.9411199076155312,0.025308159722222223,1.0,0.0,0.9236505681818181,0.6385475852272727,0.3759635416666667,0.36553385416666667,0.12967447916666666,0.0233203125,0.9445198178291321,0.024062294512987137,0.6440011262893677,1.0,0.0,0.9600074291229248,0.0,0.547400951385498,1.0,0.9831132292747498,0.016886770725250244
1,10160,0.30778834223747253,0.22215163707733154,0.14052991569042206,0.016491495072841644,0.19401041666666666,0.2844304144382477,0.9206046463179792,0.025199652777777776,1.0,0.0,0.9408143939393938,0.6411221590909091,0.36759114583333335,0.3707421875,0.14334635416666666,0.023697916666666666,0.9429178237915039,0.024124298244714737,0.6443604230880737,1.0,0.0,0.9624030590057373,0.0,0.5477063655853271,1.0,0.9830701351165771,0.01692986488342285
1,10170,0.31467482447624207,0.2330912947654724,0.15730495750904083,0.016462938860058784,0.1908203125,0.3015122413635254,0.9481403140430775,0.026905381944444445,1.0,0.0,0.9402225378787878,0.6410333806818181,0.343359375,0.35541666666666666,0.14938802083333333,0.023684895833333334,0.940314769744873,0.02417720854282379,0.6443604826927185,1.0,0.0,0.9624030590057373,0.0,0.5477064251899719,1.0,0.9830203056335449,0.016979694366455078
1,10180,0.3048476278781891,0.2269105315208435,0.15207992494106293,0.01502307876944542,0.1941796875,0.3000452220439911,0.9397015970690639,0.026098090277777788,1.0,0.0,1.0,0.65,0.36796875,0.36213541666666665,0.12967447916666666,0.0262109375,0.9384993314743042,0.024311963468790054,0.6443604826927185,1.0,0.0,0.9624030590057373,0.0,0.5477064251899719,1.0,0.9829720854759216,0.01702791452407837
1,10190,0.3284687101840973,0.24677863717079163,0.16972263157367706,0.014937729574739933,0.17243489583333332,0.31175413727760315,0.9700011935498979,0.02521267361111112,1.0,0.0,0.9106297348484848,0.6365944602272727,0.3470052083333333,0.38536458333333334,0.12048177083333333,0.023033854166666666,0.9376897811889648,0.024431219324469566,0.6444703936576843,1.0,0.0,0.9631357789039612,0.0,0.547799825668335,1.0,0.9829258918762207,0.017074108123779297
1,10200,0.3122766613960266,0.23553799092769623,0.15004999935626984,0.015300178900361061,0.1859765625,0.3073136508464813,0.9367350883871062,0.025160590277777783,1.0,0.0,1.0,0.65,0.35265625,0.34141927083333334,0.13516927083333333,0.0315625,0.9346442222595215,0.024548199027776718,0.6451340913772583,1.0,0.0,0.9675606489181519,0.0,0.548363983631134,1.0,0.9828792214393616,0.017120778560638428
1,10210,0.3037080466747284,0.21974214911460876,0.14202997088432312,0.012645247392356396,0.16904947916666666,0.2836654782295227,0.9223749720948374,0.026736111111111113,1.0,0.0,1.0,0.65,0.32555989583333333,0.32458333333333333,0.15342447916666666,0.033046875,0.9305519461631775,0.0245620459318161,0.6468589305877686,1.0,0.0,0.9790595769882202,0.0,0.5498300790786743,1.0,0.9828379154205322,0.017162084579467773
1,10220,0.3024653196334839,0.2194824069738388,0.13827769458293915,0.012226815335452557,0.1843359375,0.292140394449234,0.9169190632685636,0.024947916666666674,1.0,0.0,1.0,0.65,0.35674479166666667,0.33743489583333336,0.12990885416666667,0.03169270833333333,0.9304550886154175,0.024264013394713402,0.647742509841919,1.0,0.0,0.9849499464035034,0.0,0.550581157207489,1.0,0.9828254580497742,0.01717454195022583
1,10230,0.3008202612400055,0.21447506546974182,0.1391163468360901,0.01470074150711298,0.18381510416666666,0.2999141812324524,0.9192693105110755,0.023085937500000007,1.0,0.0,1.0,0.65,0.374140625,0.35473958333333333,0.12278645833333333,0.029375,0.9296658039093018,0.023925472050905228,0.647742509841919,1.0,0.0,0.9849499464035034,0.0,0.550581157207489,1.0,0.9828364849090576,0.017163515090942383
1,10240,0.3106936812400818,0.22146494686603546,0.14952853322029114,0.012813743203878403,0.188671875,0.3014405369758606,0.9386021732061337,0.01966145833333334,1.0,0.0,1.0,0.65,0.398984375,0.37161458333333336,0.1164453125,0.026731770833333335,0.9302178025245667,0.023738011717796326,0.647742509841919,1.0,0.0,0.9849499464035034,0.0,0.550581157207489,1.0,0.9828805923461914,0.017119407653808594
1,10250,0.3018737733364105,0.21290382742881775,0.13236792385578156,0.011317768134176731,0.17954427083333332,0.36530277132987976,0.9087495100294424,0.021284722222222233,1.0,0.0,1.0,0.65,0.37795572916666664,0.35368489583333335,0.11979166666666667,0.03203125,0.9292830228805542,0.023566674441099167,0.6479665637016296,1.0,0.0,0.9864437580108643,0.0,0.5507715940475464,1.0,0.9829453229904175,0.01705467700958252
1,10260,0.29981014132499695,0.21550948917865753,0.1433575302362442,0.013842037878930569,0.18486979166666667,0.3864026963710785,0.9255048575258662,0.02496961805555556,1.0,0.0,1.0,0.65,0.3593619791666667,0.33979166666666666,0.11694010416666667,0.031302083333333335,0.9299365282058716,0.023448456078767776,0.6471126079559326,1.0,0.0,0.980750560760498,0.0,0.5500457286834717,1.0,0.983031690120697,0.01696830987930298
1,10270,0.30844318866729736,0.21703405678272247,0.13869169354438782,0.013580325059592724,0.18200520833333333,0.37855997681617737,0.9194295727289641,0.021328125000000003,1.0,0.0,1.0,0.65,0.36930989583333335,0.34708333333333335,0.12950520833333334,0.029700520833333334,0.930606484413147,0.02335875667631626,0.6465883255004883,1.0,0.0,0.9772558212280273,0.0,0.5496000647544861,1.0,0.983135461807251,0.016864538192749023
1,10280,0.31037724018096924,0.22430512309074402,0.14827370643615723,0.013684547506272793,0.18388020833333332,0.2860216498374939,0.934762040325719,0.023094618055555557,1.0,0.0,1.0,0.65,0.34790364583333333,0.32953125,0.12854166666666667,0.030104166666666668,0.9305820465087891,0.023485243320465088,0.6459077596664429,1.0,0.0,0.9727182984352112,0.0,0.5490216016769409,1.0,0.9832381010055542,0.0167618989944458
1,10290,0.31460216641426086,0.2285003960132599,0.1558150202035904,0.014377056621015072,0.19009114583333334,0.29523786902427673,0.9478584650133409,0.022426215277777786,1.0,0.0,1.0,0.65,0.36114583333333333,0.3506640625,0.14157552083333333,0.028645833333333332,0.9308779835700989,0.02358940988779068,0.6453793048858643,1.0,0.0,0.9691952466964722,0.0,0.5485724210739136,1.0,0.9833378195762634,0.016662180423736572
1,10300,0.31158697605133057,0.22535350918769836,0.1429334431886673,0.015290800482034683,0.188828125,0.3018038868904114,0.9256183349474882,0.023307291666666667,1.0,0.0,1.0,0.65,0.3642578125,0.35552083333333334,0.12877604166666667,0.025234375,0.9300377368927002,0.023596851155161858,0.64585280418396,1.0,0.0,0.9723518490791321,0.0,0.548974871635437,1.0,0.9834287166595459,0.0165712833404541
1,10310,0.30742233991622925,0.21944870054721832,0.1293046772480011,0.01390560157597065,0.18416666666666667,0.295676052570343,0.9037261445094377,0.02096354166666667,1.0,0.0,1.0,0.65,0.38826822916666665,0.3513671875,0.12286458333333333,0.028268229166666665,0.9308278560638428,0.023480698466300964,0.6446225643157959,1.0,0.0,0.9641504287719727,0.0,0.5479291677474976,1.0,0.9835211038589478,0.016478896141052246
1,10320,0.31033289432525635,0.2183627486228943,0.13897618651390076,0.015019658021628857,0.18694010416666668,0.3645249605178833,0.9197634529252338,0.021623263888888897,1.0,0.0,1.0,0.65,0.34315104166666666,0.349609375,0.1439453125,0.02861979166666667,0.9339298605918884,0.02339637279510498,0.6441870927810669,1.0,0.0,0.9612475633621216,0.0,0.5475590229034424,1.0,0.9836177825927734,0.016382217407226562
1,10330,0.3037038743495941,0.21643784642219543,0.13874097168445587,0.01300733257085085,0.18817708333333333,0.2992861866950989,0.9191722546989083,0.022009548611111117,1.0,0.0,1.0,0.65,0.3616666666666667,0.35696614583333336,0.1394921875,0.0287890625,0.9363187551498413,0.02341042459011078,0.6439250111579895,1.0,0.0,0.9595001935958862,0.0,0.5473362803459167,1.0,0.9837093353271484,0.016290664672851562
1,10340,0.30600300431251526,0.21818682551383972,0.14307139813899994,0.014425762929022312,0.19420572916666667,0.2905551493167877,0.9262315714766838,0.022547743055555562,1.0,0.0,1.0,0.65,0.3839192708333333,0.3624088541666667,0.13278645833333333,0.026015625,0.9382408857345581,0.023558201268315315,0.6439250707626343,1.0,0.0,0.9595001339912415,0.0,0.5473363399505615,1.0,0.9837958812713623,0.016204118728637695
1,10350,0.30647745728492737,0.2182113081216812,0.1458297073841095,0.016229476779699326,0.199296875,0.39830437302589417,0.9306585940132794,0.023029513888888895,1.0,0.0,1.0,0.65,0.393203125,0.35779947916666666,0.13423177083333335,0.025950520833333334,0.9403394460678101,0.023920096457004547,0.6439250707626343,1.0,0.0,0.9595001339912415,0.0,0.5473363399505615,1.0,0.9838813543319702,0.016118645668029785
1,10360,0.31407490372657776,0.22016912698745728,0.16006061434745789,0.017271531745791435,0.19963541666666668,0.37261566519737244,0.9548436638636466,0.022825520833333335,1.0,0.0,0.8040956439393939,0.6206143465909091,0.3857552083333333,0.36408854166666665,0.16119791666666666,0.020690104166666667,0.9423600435256958,0.023944072425365448,0.6439250111579895,1.0,0.0,0.9595001339912415,0.0,0.5473362803459167,1.0,0.983967125415802,0.016032874584197998
1,10370,0.31733107566833496,0.22384284436702728,0.14828631281852722,0.01616123504936695,0.216640625,0.2872665822505951,0.9346726971202426,0.023315972222222224,1.0,0.0,0.8674242424242423,0.6301136363636364,0.39477864583333333,0.39069010416666666,0.16731770833333334,0.022083333333333333,0.944486141204834,0.024108177050948143,0.6431978940963745,1.0,0.0,0.9546525478363037,0.0,0.5467182397842407,1.0,0.9840633869171143,0.015936613082885742
1,10380,0.3075302839279175,0.22509150207042694,0.15778641402721405,0.017050040885806084,0.17955729166666667,0.30614838004112244,0.9476269616122939,0.029561631944444444,1.0,0.0,0.844933712121212,0.6267400568181818,0.3543619791666667,0.35192708333333333,0.15540364583333333,0.021588541666666666,0.9475202560424805,0.024394221603870392,0.6422255635261536,1.0,0.0,0.9481703042984009,0.0,0.5458917617797852,1.0,0.9841713905334473,0.015828609466552734
1,10390,0.3086097836494446,0.2232474386692047,0.1563989669084549,0.016861384734511375,0.18532552083333334,0.29488319158554077,0.9459169950138809,0.028285590277777786,1.0,0.0,0.9260179924242424,0.6389026988636364,0.368515625,0.37243489583333333,0.14139322916666666,0.023372395833333334,0.9498857259750366,0.024776577949523926,0.642073392868042,1.0,0.0,0.9471557140350342,0.0,0.5457624197006226,1.0,0.9842821359634399,0.01571786403656006
1,10400,0.3122090697288513,0.2229919135570526,0.15934233367443085,0.017999999225139618,0.19412760416666666,0.31115007400512695,0.9523564105665582,0.025368923611111118,1.0,0.0,0.9769176136363635,0.6465376420454545,0.3820703125,0.37915364583333333,0.1398046875,0.0244921875,0.95160973072052,0.025226522237062454,0.6412616968154907,1.0,0.0,0.9417444467544556,0.0,0.5450724363327026,1.0,0.9843892455101013,0.015610754489898682
1,10410,0.3206617832183838,0.22888928651809692,0.1591341197490692,0.016392560675740242,0.19891927083333333,0.29790160059928894,0.9533278332612454,0.022721354166666673,1.0,0.0,0.8277698863636362,0.6241654829545454,0.39936197916666666,0.4140625,0.14921875,0.0212109375,0.9527970552444458,0.02588231861591339,0.6397271156311035,1.0,0.0,0.9315138459205627,0.0,0.543768048286438,1.0,0.9845051169395447,0.015494883060455322
1,10420,0.3116542100906372,0.22675226628780365,0.18143883347511292,0.015574945136904716,0.20861979166666667,0.2699379622936249,0.987517361111111,0.02496527777777778,1.0,0.0,0.9390388257575757,0.6408558238636364,0.40674479166666666,0.4073177083333333,0.15091145833333333,0.023658854166666667,0.9549626111984253,0.026675760746002197,0.6386532783508301,1.0,0.0,0.9243552088737488,0.0,0.5428553223609924,1.0,0.9846458435058594,0.015354156494140625
1,10430,0.30698877573013306,0.22128376364707947,0.16800813376903534,0.016930360347032547,0.2094921875,0.38947081565856934,0.9670845447544358,0.02524305555555556,1.0,0.0,0.9633049242424242,0.6444957386363637,0.39522135416666665,0.3998567708333333,0.143359375,0.024192708333333333,0.9570419788360596,0.027419809252023697,0.6381121873855591,1.0,0.0,0.920747697353363,0.0,0.5423953533172607,1.0,0.9847868084907532,0.015213191509246826
1,10440,0.3077488839626312,0.2215403914451599,0.16388633847236633,0.015124748460948467,0.18069010416666667,0.3902648985385895,0.9596361085899875,0.02618923611111112,1.0,0.0,1.0,0.65,0.3626953125,0.3852083333333333,0.132421875,0.02609375,0.9592851996421814,0.02813037484884262,0.6376640796661377,1.0,0.0,0.9177602529525757,0.0,0.542014479637146,1.0,0.9849279522895813,0.015072047710418701
1,10450,0.31987085938453674,0.23729592561721802,0.1778140813112259,0.01795971393585205,0.180625,0.3794247806072235,0.9826701106271174,0.027261284722222223,1.0,0.0,1.0,0.65,0.3385416666666667,0.36407552083333333,0.1556640625,0.028359375,0.9612079858779907,0.02876405417919159,0.6372413039207458,1.0,0.0,0.9149417877197266,0.0,0.5416551232337952,1.0,0.9850602746009827,0.014939725399017334
1,10460,0.3147110641002655,0.22268636524677277,0.1575905680656433,0.01507252361625433,0.1817578125,0.30350491404533386,0.9511822487350202,0.02178819444444445,1.0,0.0,1.0,0.65,0.37790364583333336,0.3837760416666667,0.1476171875,0.025950520833333334,0.962948203086853,0.029418816789984703,0.6372286081314087,1.0,0.0,0.9148572683334351,0.0,0.5416443347930908,1.0,0.9851926565170288,0.014807343482971191
1,10470,0.3172788619995117,0.2297184020280838,0.17075838148593903,0.01517172995954752,0.18184895833333334,0.27935799956321716,0.9701524385937259,0.028415798611111123,1.0,0.0,0.8982007575757576,0.6347301136363637,0.343046875,0.3593619791666667,0.1515234375,0.02276041666666667,0.9631133079528809,0.030180638656020164,0.6380783319473267,1.0,0.0,0.9205222129821777,0.0,0.542366623878479,1.0,0.9853168725967407,0.014683127403259277
1,10480,0.31380337476730347,0.22662371397018433,0.1781170517206192,0.014662648551166058,0.17290364583333334,0.2926473617553711,0.9831459374203643,0.027335069444444443,1.0,0.0,0.8638731060606061,0.629580965909091,0.3527734375,0.36658854166666666,0.16022135416666666,0.022005208333333335,0.9642664790153503,0.030922412872314453,0.6388012170791626,1.0,0.0,0.9253416061401367,0.0,0.5429810285568237,1.0,0.985436201095581,0.014563798904418945
1,10490,0.31094634532928467,0.2275208830833435,0.18595938384532928,0.013524350710213184,0.17227864583333333,0.3651248812675476,0.9844379340277777,0.031124131944444453,1.0,0.0,0.9786931818181818,0.6468039772727272,0.3352734375,0.35141927083333335,0.15776041666666665,0.02453125,0.9647991061210632,0.031383514404296875,0.6394354104995728,1.0,0.0,0.9295691251754761,0.0,0.5435200929641724,1.0,0.985555112361908,0.014444887638092041
1,10500,0.308499813079834,0.22617296874523163,0.18525154888629913,0.012802357785403728,0.1707421875,0.29740774631500244,0.9840625,0.03187500000000001,1.0,0.0,0.8863636363636362,0.6329545454545454,0.3337109375,0.3414583333333333,0.15736979166666668,0.0225,0.9656208157539368,0.031869009137153625,0.6399638056755066,1.0,0.0,0.9330921173095703,0.0,0.5439692735671997,1.0,0.9856714010238647,0.014328598976135254
1,10510,0.30086854100227356,0.22722633183002472,0.16173523664474487,0.011148271150887012,0.15930989583333333,0.3108920156955719,0.9505509039479443,0.03707899305555556,1.0,0.0,0.78515625,0.6177734375,0.35053385416666666,0.3601953125,0.11813802083333333,0.0202734375,0.9663492441177368,0.03250682353973389,0.6399680376052856,1.0,0.0,0.9331202507019043,0.0,0.5439728498458862,1.0,0.9857926964759827,0.014207303524017334
1,10520,0.3059198558330536,0.23349271714687347,0.16110122203826904,0.012319864705204964,0.15977864583333334,0.2933293282985687,0.9492045186523699,0.03762586805555557,1.0,0.0,0.8496685606060607,0.6274502840909091,0.33916666666666667,0.34734375,0.128515625,0.021692708333333335,0.9667128920555115,0.03338479623198509,0.6407120823860168,1.0,0.0,0.9380806088447571,0.0,0.5446053147315979,1.0,0.985907793045044,0.014092206954956055
1,10530,0.3062552213668823,0.23333385586738586,0.1693955361843109,0.013768256641924381,0.16826822916666667,0.30397969484329224,0.9634298523674664,0.03724826388888888,1.0,0.0,0.9242424242424242,0.6386363636363637,0.32515625,0.3360286458333333,0.14557291666666666,0.023333333333333334,0.9653466939926147,0.0341571606695652,0.6403400897979736,1.0,0.0,0.9356004595756531,0.0,0.5442891120910645,1.0,0.9860054850578308,0.01399451494216919
1,10540,0.3037339150905609,0.23023812472820282,0.17098620533943176,0.013105444610118866,0.16657552083333332,0.30753093957901,0.9662801741534827,0.03693142361111112,1.0,0.0,0.9372632575757576,0.6405894886363637,0.32110677083333333,0.33263020833333334,0.13803385416666666,0.023619791666666667,0.9648878574371338,0.03490471839904785,0.6403865814208984,1.0,0.0,0.9359104633331299,0.0,0.5443286299705505,1.0,0.9860942363739014,0.013905763626098633
1,10550,0.3043878674507141,0.22750812768936157,0.17086336016654968,0.01214059628546238,0.16930989583333333,0.25021231174468994,0.966610476766896,0.03585503472222223,1.0,0.0,0.9408143939393938,0.6411221590909091,0.3222526041666667,0.3383203125,0.14575520833333333,0.023697916666666666,0.964739978313446,0.03562004119157791,0.640162467956543,1.0,0.0,0.9344167113304138,0.0,0.5441381335258484,1.0,0.9861778616905212,0.01382213830947876
1,10560,0.30229413509368896,0.22752031683921814,0.17148618400096893,0.01219254732131958,0.16380208333333332,0.26784804463386536,0.9672022467495028,0.036779513888888886,1.0,0.0,0.9982244318181817,0.6497336647727272,0.31947916666666665,0.330703125,0.1493359375,0.0249609375,0.9634726047515869,0.03626694530248642,0.6399004459381104,1.0,0.0,0.9326694011688232,0.0,0.5439153909683228,1.0,0.9862419366836548,0.013758063316345215
1,10570,0.2944852113723755,0.22443324327468872,0.16683626174926758,0.011716037057340145,0.15466145833333333,0.25611862540245056,0.9583110121376494,0.03882378472222223,1.0,0.0,0.923058712121212,0.6384588068181818,0.3225911458333333,0.33186197916666665,0.13513020833333333,0.023307291666666667,0.9639267325401306,0.03715939074754715,0.6399003863334656,1.0,0.0,0.9326693415641785,0.0,0.543915331363678,1.0,0.9862629771232605,0.013737022876739502
1,10580,0.29468685388565063,0.22522053122520447,0.16719835996627808,0.012089119292795658,0.15928385416666666,0.25164809823036194,0.958889071513445,0.03889322916666667,1.0,0.0,0.9686316287878788,0.6452947443181818,0.3211588541666667,0.3251041666666667,0.1348828125,0.024309895833333334,0.9634382128715515,0.0377308614552021,0.6401582956314087,1.0,0.0,0.9343885183334351,0.0,0.5441345572471619,1.0,0.9862374067306519,0.013762593269348145
1,10590,0.29357001185417175,0.224038228392601,0.16725698113441467,0.012181609869003296,0.15796875,0.26278558373451233,0.9588124953172146,0.03924479166666668,1.0,0.0,0.9337121212121211,0.6400568181818181,0.3216276041666667,0.33022135416666665,0.13634114583333334,0.023541666666666666,0.9622790813446045,0.03836805745959282,0.6406655311584473,1.0,0.0,0.9377706050872803,0.0,0.544565737247467,1.0,0.9861718416213989,0.013828158378601074
1,10600,0.294971764087677,0.2240050584077835,0.1696082055568695,0.011996114626526833,0.15774739583333333,0.25392472743988037,0.963173434938121,0.038480902777777784,1.0,0.0,1.0,0.65,0.3201953125,0.3245703125,0.13778645833333333,0.025286458333333334,0.9610269665718079,0.03882957249879837,0.6401921510696411,1.0,0.0,0.9346140027046204,0.0,0.5441633462905884,1.0,0.98605877161026,0.01394122838973999
1,10610,0.2949970066547394,0.2247193604707718,0.17233802378177643,0.012146536260843277,0.15841145833333334,0.25704774260520935,0.9676520682909548,0.03876302083333334,1.0,0.0,0.9775094696969696,0.6466264204545454,0.3199869791666667,0.32059895833333335,0.1371484375,0.024505208333333334,0.9595245718955994,0.039258845150470734,0.6407332420349121,1.0,0.0,0.9382215142250061,0.0,0.5446232557296753,1.0,0.9859035015106201,0.014096498489379883
1,10620,0.2953777313232422,0.22572338581085205,0.16909459233283997,0.01167861744761467,0.15149739583333333,0.24258404970169067,0.9609652676337804,0.041158854166666675,1.0,0.0,0.931936553030303,0.6397904829545454,0.30302083333333335,0.309296875,0.13291666666666666,0.023502604166666666,0.959577202796936,0.03943059965968132,0.6422678232192993,1.0,0.0,0.9484521746635437,0.0,0.5459276437759399,1.0,0.9857237935066223,0.014276206493377686
1,10630,0.2937352955341339,0.22465281188488007,0.16783852875232697,0.010869947262108326,0.1503125,0.2467474341392517,0.9588266007411173,0.041184895833333346,1.0,0.0,0.8869554924242424,0.6330433238636364,0.30419270833333334,0.313515625,0.13111979166666668,0.022513020833333335,0.9597060680389404,0.039580442011356354,0.6431851983070374,1.0,0.0,0.9545680284500122,0.0,0.5467074513435364,1.0,0.9855136871337891,0.014486312866210938
1,10640,0.29426971077919006,0.2244737297296524,0.16695252060890198,0.010755373165011406,0.15407552083333334,0.2391275018453598,0.9574487301223299,0.04094184027777778,1.0,0.0,0.9698153409090909,0.6454723011363637,0.30721354166666665,0.3134635416666667,0.12899739583333333,0.0243359375,0.9591338038444519,0.03974061459302902,0.643591046333313,1.0,0.0,0.9572736620903015,0.0,0.5470523834228516,1.0,0.9852839708328247,0.014716029167175293
1,10650,0.2946157455444336,0.2247081696987152,0.16649045050144196,0.01053217425942421,0.15555989583333332,0.2389683574438095,0.9565322167139787,0.0412109375,1.0,0.0,0.9686316287878788,0.6452947443181818,0.3072916666666667,0.3030859375,0.13013020833333333,0.024309895833333334,0.95839524269104,0.039911746978759766,0.6440391540527344,1.0,0.0,0.9602611660957336,0.0,0.5474333167076111,1.0,0.985028862953186,0.014971137046813965
1,10660,0.2947165071964264,0.22479893267154694,0.16610100865364075,0.010544691234827042,0.15032552083333334,0.24451518058776855,0.9560554529459049,0.04084635416666667,1.0,0.0,0.9633049242424242,0.6444957386363637,0.30709635416666664,0.31333333333333335,0.13065104166666666,0.024192708333333333,0.957610011100769,0.04013599455356598,0.6442632079124451,1.0,0.0,0.9617549180984497,0.0,0.5476237535476685,1.0,0.9847363829612732,0.015263617038726807
1,10670,0.2926246225833893,0.22593188285827637,0.16876274347305298,0.010729994624853134,0.15240885416666666,0.2404274046421051,0.9607183473945682,0.040529513888888896,1.0,0.0,1.0,0.65,0.309375,0.31841145833333334,0.13225260416666668,0.025260416666666667,0.9570695161819458,0.04032903537154198,0.644026517868042,1.0,0.0,0.9601765871047974,0.0,0.5474225282669067,1.0,0.9843985438346863,0.01560145616531372
1,10680,0.2924171984195709,0.22629006206989288,0.16824142634868622,0.010739674791693687,0.15227864583333334,0.264158695936203,0.9598925420259818,0.04041666666666667,1.0,0.0,0.9343039772727273,0.6401455965909091,0.3083854166666667,0.31307291666666665,0.13260416666666666,0.0235546875,0.9569950699806213,0.04041335731744766,0.6443816423416138,1.0,0.0,0.9625439643859863,0.0,0.5477244257926941,1.0,0.9840286374092102,0.015971362590789795
1,10690,0.2925269901752472,0.22615499794483185,0.16768665611743927,0.010621788911521435,0.14895833333333333,0.26318055391311646,0.9588039605128458,0.04071614583333334,1.0,0.0,0.9348958333333333,0.640234375,0.3066536458333333,0.3194401041666667,0.131796875,0.023567708333333333,0.9568840265274048,0.04049520567059517,0.6442843675613403,1.0,0.0,0.961895763874054,0.0,0.5476417541503906,1.0,0.9836182594299316,0.01638174057006836
1,10700,0.2921888530254364,0.22632694244384766,0.1673262119293213,0.010733721777796745,0.152265625,0.25009286403656006,0.958144064846202,0.04081597222222223,1.0,0.0,0.9124053030303029,0.6368607954545454,0.3053385416666667,0.29440104166666664,0.13126302083333333,0.023072916666666665,0.9567389488220215,0.040568992495536804,0.6446732878684998,1.0,0.0,0.964488685131073,0.0,0.5479723215103149,1.0,0.9831579923629761,0.016842007637023926
1,10710,0.2914990186691284,0.22439950704574585,0.16402003169059753,0.009661424905061722,0.14772135416666668,0.2580505609512329,0.9525120982349428,0.04088975694444444,1.0,0.0,0.962121212121212,0.6443181818181818,0.30563802083333336,0.31540364583333336,0.1316015625,0.024166666666666666,0.9567639827728271,0.04068659245967865,0.6444153785705566,1.0,0.0,0.9627695083618164,0.0,0.547753095626831,1.0,0.9826434850692749,0.017356514930725098
1,10720,0.29075220227241516,0.22418959438800812,0.1634535789489746,0.010229319334030151,0.15216145833333333,0.23942968249320984,0.9516554824307434,0.04068576388888889,1.0,0.0,1.0,0.65,0.30440104166666665,0.31697916666666665,0.130625,0.025260416666666667,0.9566322565078735,0.04078125208616257,0.6445760726928711,1.0,0.0,0.9638404250144958,0.0,0.5478896498680115,1.0,0.9820784330368042,0.0179215669631958
1,10730,0.29060643911361694,0.22435711324214935,0.16363003849983215,0.010322891175746918,0.1526953125,0.2436744123697281,0.951910703508263,0.04077256944444446,1.0,0.0,0.9781013257575757,0.6467151988636364,0.3051171875,0.31557291666666665,0.13046875,0.024518229166666666,0.9568929672241211,0.04075562208890915,0.645062267780304,1.0,0.0,0.9670815467834473,0.0,0.548302948474884,1.0,0.9814687371253967,0.01853126287460327
1,10740,0.2913404405117035,0.22430311143398285,0.16328853368759155,0.010294758714735508,0.15131510416666666,0.2410978376865387,0.951413067426437,0.04061197916666667,1.0,0.0,0.981060606060606,0.6471590909090909,0.3051171875,0.31372395833333333,0.1282421875,0.024583333333333332,0.9578025341033936,0.040727511048316956,0.6457809209823608,1.0,0.0,0.9718727469444275,0.0,0.5489137768745422,1.0,0.9808401465415955,0.01915985345840454
1,10750,0.29074418544769287,0.22426483035087585,0.16288359463214874,0.01020470168441534,0.15204427083333333,0.23679564893245697,0.9507711887257732,0.040525173611111104,1.0,0.0,1.0,0.65,0.3086328125,0.316796875,0.12852864583333334,0.0251171875,0.958834707736969,0.040766164660453796,0.6459965705871582,1.0,0.0,0.973310112953186,0.0,0.5490971207618713,1.0,0.9801691174507141,0.01983088254928589
1,10760,0.28973519802093506,0.22349070012569427,0.16251082718372345,0.01015263982117176,0.15360677083333332,0.23722590506076813,0.950120820255361,0.04056423611111111,1.0,0.0,0.972182765151515,0.6458274147727272,0.3102213541666667,0.29618489583333335,0.12763020833333333,0.024388020833333333,0.9583166241645813,0.04257883131504059,0.6462206244468689,1.0,0.0,0.9748038649559021,0.0,0.5492875576019287,1.0,0.9794578552246094,0.020542144775390625
1,10770,0.29006409645080566,0.22305415570735931,0.16597653925418854,0.010216623544692993,0.149921875,0.24869923293590546,0.9558513228404215,0.040833333333333346,1.0,0.0,0.9650804924242423,0.6447620738636364,0.3198958333333333,0.2982682291666667,0.1257421875,0.024231770833333333,0.9542892575263977,0.045151833444833755,0.6462544202804565,1.0,0.0,0.9750293493270874,0.0,0.5493162870407104,1.0,0.9787299633026123,0.021270036697387695
1,10780,0.2902415990829468,0.22296862304210663,0.16643498837947845,0.0102554801851511,0.15048177083333333,0.2372102290391922,0.9567465174605705,0.04059461805555556,1.0,0.0,0.9727746212121212,0.6459161931818181,0.31614583333333335,0.3244401041666667,0.1253125,0.024401041666666668,0.9499883651733398,0.0483483225107193,0.6462544202804565,1.0,0.0,0.9750293493270874,0.0,0.5493162870407104,1.0,0.978002667427063,0.02199733257293701
1,10790,0.2896440029144287,0.22252652049064636,0.16632884740829468,0.010246424935758114,0.14958333333333335,0.24701547622680664,0.9565582137230114,0.04061197916666667,1.0,0.0,0.9550189393939393,0.643252840909091,0.31450520833333334,0.32309895833333335,0.12526041666666668,0.024010416666666666,0.9471849203109741,0.05045722424983978,0.6462882161140442,1.0,0.0,0.9752547740936279,0.0,0.5493450164794922,1.0,0.9772769212722778,0.022723078727722168
1,10800,0.28907033801078796,0.22260794043540955,0.1659145951271057,0.010213291272521019,0.1514453125,0.2403329461812973,0.9557660255676661,0.04079427083333334,1.0,0.0,0.9881628787878787,0.6482244318181818,0.31647135416666666,0.30540364583333335,0.12466145833333334,0.024739583333333332,0.9426993131637573,0.05314403772354126,0.6467532515525818,1.0,0.0,0.9783549904823303,0.0,0.5497402548789978,1.0,0.9765450954437256,0.023454904556274414
1,10810,0.29106032848358154,0.22584810853004456,0.17064841091632843,0.010520143434405327,0.15153645833333335,0.24320879578590393,0.9636989734417354,0.04095052083333334,1.0,0.0,0.9638967803030302,0.6445845170454545,0.318984375,0.32990885416666665,0.1223828125,0.024205729166666665,0.9383631348609924,0.05576774850487709,0.6473789215087891,1.0,0.0,0.9825261831283569,0.0,0.5502721071243286,1.0,0.9758340120315552,0.024165987968444824
1,10820,0.2916097044944763,0.2260509878396988,0.1712905317544937,0.010609917342662811,0.15264322916666667,0.23652353882789612,0.9648854658644422,0.04075086805555557,1.0,0.0,1.0,0.65,0.3177213541666667,0.3259765625,0.1223828125,0.02515625,0.936199963092804,0.058068133890628815,0.6476495265960693,1.0,0.0,0.9843299388885498,0.0,0.5505021214485168,1.0,0.9751327633857727,0.024867236614227295
1,10830,0.2925247848033905,0.22701849043369293,0.17217129468917847,0.010522669181227684,0.15376302083333335,0.2365839183330536,0.9664410919205755,0.04062065972222223,1.0,0.0,1.0,0.65,0.32131510416666664,0.33015625,0.12279947916666667,0.02515625,0.9338421821594238,0.06004762277007103,0.6476495265960693,1.0,0.0,0.9843299388885498,0.0,0.5505021214485168,1.0,0.9744284749031067,0.02557152509689331
1,10840,0.2939162254333496,0.2291117161512375,0.1789509505033493,0.010261842049658298,0.14807291666666667,0.24524973332881927,0.9779273764394287,0.04059461805555556,1.0,0.0,0.9875710227272727,0.648135653409091,0.32059895833333335,0.3279036458333333,0.127890625,0.0247265625,0.9331998229026794,0.061977412551641464,0.64780592918396,1.0,0.0,0.9853727221488953,0.0,0.550635039806366,1.0,0.9737237691879272,0.026276230812072754
1,10850,0.2940855920314789,0.22607003152370453,0.1884690672159195,0.009178451262414455,0.14204427083333335,0.2996441721916199,0.9791232638888888,0.04175347222222223,1.0,0.0,1.0,0.65,0.30075520833333336,0.32686197916666665,0.13494791666666667,0.025104166666666667,0.9318737983703613,0.06422994285821915,0.6479412317276001,1.0,0.0,0.9862746000289917,0.0,0.5507500767707825,1.0,0.973013699054718,0.026986300945281982
1,10860,0.2935810983181,0.2316495031118393,0.1853887289762497,0.00773036340251565,0.13450520833333332,0.32497406005859375,0.945652290897439,0.07927700923902152,1.0,0.0,1.0,0.65,0.29639322916666666,0.33666666666666667,0.09578125,0.02875,0.9283687472343445,0.06656597554683685,0.6479412317276001,1.0,0.0,0.9862746000289917,0.0,0.5507500767707825,1.0,0.9722937941551208,0.02770620584487915
1,10870,0.3030218482017517,0.2262641340494156,0.14607805013656616,0.006956662517040968,0.1308984375,0.2851129174232483,0.8714811411263429,0.09487933975823606,1.0,0.0,0.9680397727272726,0.6452059659090909,0.21748697916666668,0.27415364583333335,0.100703125,0.024296875,0.9235877990722656,0.06952234357595444,0.6481398940086365,1.0,0.0,0.9875991940498352,0.0,0.5509189367294312,1.0,0.9715834856033325,0.02841651439666748
1,10880,0.30164405703544617,0.22279611229896545,0.15188471972942352,0.0065664914436638355,0.13087239583333332,0.27184951305389404,0.8703992701429009,0.10765587570130582,1.0,0.0,1.0,0.65,0.2031640625,0.2489453125,0.128046875,0.0283984375,0.919439435005188,0.07263366132974625,0.6483893394470215,1.0,0.0,0.989262044429779,0.0,0.5511309504508972,1.0,0.9708845615386963,0.02911543846130371
1,10890,0.3170734643936157,0.2285487800836563,0.1592755764722824,0.007139382418245077,0.11739583333333334,0.25959309935569763,0.9010201750766375,0.0847035763407666,1.0,0.0,0.9390388257575757,0.6408558238636364,0.18337239583333334,0.2610807291666667,0.15458333333333332,0.023658854166666667,0.9146532416343689,0.07516907900571823,0.6485837697982788,1.0,0.0,0.9905585050582886,0.0,0.5512962341308594,1.0,0.9701871275901794,0.029812872409820557
1,10900,0.30289313197135925,0.2102993130683899,0.1445113718509674,0.006689782254397869,0.1153515625,0.25522854924201965,0.8646080052993348,0.09713919702039014,1.0,0.0,1.0,0.65,0.227890625,0.279375,0.12399739583333333,0.028138020833333333,0.9081933498382568,0.07859157025814056,0.6486217975616455,1.0,0.0,0.9908121824264526,0.0,0.5513285398483276,1.0,0.969504177570343,0.030495822429656982
1,10910,0.30940142273902893,0.22220398485660553,0.14536051452159882,0.006726556457579136,0.11442708333333333,0.2690279483795166,0.8670837242694442,0.09591386562258733,1.0,0.0,1.0,0.65,0.19782552083333332,0.29204427083333334,0.13782552083333333,0.029283854166666668,0.9012919068336487,0.08195751160383224,0.64682936668396,1.0,0.0,0.9788623452186584,0.0,0.5498049855232239,1.0,0.9688373804092407,0.031162619590759277
1,10920,0.3113500475883484,0.22289398312568665,0.16518086194992065,0.006994248833507299,0.115546875,0.2580137252807617,0.9070851850102866,0.08919782519794817,1.0,0.0,1.0,0.65,0.20993489583333333,0.29001302083333336,0.14365885416666666,0.029075520833333333,0.894561767578125,0.08471963554620743,0.6445930004119873,1.0,0.0,0.9639531373977661,0.0,0.5479040741920471,1.0,0.9682015180587769,0.031798481941223145
1,10930,0.31298813223838806,0.22349458932876587,0.1586027890443802,0.0072288052178919315,0.117265625,0.27127254009246826,0.9021418711314302,0.08225504925126223,1.0,0.0,1.0,0.65,0.20126302083333333,0.2726953125,0.17430989583333334,0.027903645833333334,0.8882887363433838,0.08731117099523544,0.6419550180435181,1.0,0.0,0.9463666081428528,0.0,0.5456618070602417,1.0,0.967339277267456,0.032660722732543945
1,10940,0.3041895627975464,0.23272959887981415,0.18301184475421906,0.007193423807621002,0.13005208333333335,0.2871450185775757,0.9384210736157124,0.08129816050613475,1.0,0.0,1.0,0.65,0.2839583333333333,0.3242578125,0.13536458333333334,0.0328125,0.8843542337417603,0.08938758820295334,0.6423890590667725,1.0,0.008439065888524055,0.9295691251754761,0.0,0.5460307002067566,1.0,0.9662446975708008,0.03375530242919922
1,10950,0.3127865493297577,0.22249378263950348,0.17513035237789154,0.0069081950932741165,0.13071614583333332,0.2653118371963501,0.9235671503117786,0.08791516483920375,1.0,0.0,1.0,0.65,0.23427083333333334,0.2974088541666667,0.1633984375,0.0305078125,0.8778654336929321,0.0924571081995964,0.6410700082778931,1.0,0.011712223291397095,0.9131381511688232,0.0,0.5449095368385315,1.0,0.964897632598877,0.03510236740112305
1,10960,0.31458619236946106,0.22410228848457336,0.14885495603084564,0.006812953855842352,0.11569010416666667,0.27455130219459534,0.877164331826989,0.08958188193570066,1.0,0.0,1.0,0.65,0.20192708333333334,0.30986979166666667,0.15131510416666666,0.030286458333333332,0.8718620538711548,0.09505970776081085,0.6389520168304443,1.0,0.011712223291397095,0.8990181088447571,0.0,0.5431092381477356,1.0,0.9633120894432068,0.03668791055679321
1,10970,0.30937495827674866,0.21174052357673645,0.1394306719303131,0.006384674925357103,0.11291666666666667,0.2563261389732361,0.8497207927412949,0.10264784695726989,1.0,0.0,1.0,0.65,0.2094140625,0.3013411458333333,0.1505859375,0.0313671875,0.8678239583969116,0.0955820083618164,0.6376330256462097,1.0,0.011712223291397095,0.890224814414978,0.0,0.5419880747795105,1.0,0.9614976644515991,0.03850233554840088
1,10980,0.3065575063228607,0.21793513000011444,0.15216927230358124,0.006317372899502516,0.1207421875,0.2532205283641815,0.8687370829505829,0.10617109215608861,1.0,0.0,1.0,0.65,0.20359375,0.2968880208333333,0.13114583333333332,0.029986979166666667,0.8675884008407593,0.09448760747909546,0.6354684829711914,1.0,0.011712223291397095,0.8757947683334351,0.0,0.5401481986045837,1.0,0.9594746828079224,0.04052531719207764
1,10990,0.3117644488811493,0.21560533344745636,0.13868960738182068,0.006675048731267452,0.11627604166666666,0.25041523575782776,0.8562354988604318,0.09383838979875654,1.0,0.0,1.0,0.65,0.20203125,0.26447916666666665,0.17869791666666668,0.028697916666666667,0.866604745388031,0.0932045429944992,0.6345651149749756,1.0,0.012187043204903603,0.8686643838882446,0.0,0.5393803715705872,1.0,0.9572423696517944,0.042757630348205566
1,11000,0.31649333238601685,0.21602697670459747,0.12832097709178925,0.005944446660578251,0.10494791666666667,0.23607736825942993,0.8209013032033179,0.11248437095120509,1.0,0.0,0.9603456439393939,0.6440518465909091,0.1923046875,0.28631510416666667,0.14962239583333334,0.024127604166666667,0.8641778230667114,0.09318803995847702,0.6337733864784241,1.0,0.013294955715537071,0.8608011603355408,0.0,0.5387073755264282,1.0,0.9547950029373169,0.045204997062683105
1,11010,0.32497528195381165,0.2155732363462448,0.12202014774084091,0.005952513311058283,0.1084765625,0.23036061227321625,0.8108345578602977,0.11147888787423933,1.0,0.0,0.7372159090909091,0.6105823863636364,0.20109375,0.34846354166666665,0.146953125,0.01921875,0.8652627468109131,0.09096699953079224,0.6322914361953735,1.0,0.013771407306194305,0.8498095273971558,0.0,0.5374477505683899,1.0,0.9521445035934448,0.047855496406555176
1,11020,0.3373602330684662,0.21299965679645538,0.1225462555885315,0.006330549716949463,0.11149739583333333,0.2549160122871399,0.8223664663204283,0.09895512380574129,1.0,0.0,0.6508049242424243,0.5976207386363637,0.2961197916666667,0.5081119791666666,0.16924479166666667,0.017317708333333334,0.8644662499427795,0.0891004279255867,0.6304397583007812,1.0,0.013771407306194305,0.8374651074409485,0.0,0.5358738303184509,1.0,0.949275016784668,0.05072498321533203
1,11030,0.3385859429836273,0.22200599312782288,0.12716729938983917,0.006423137616366148,0.128046875,0.31308043003082275,0.8331503605804227,0.09517312060536812,1.0,0.0,0.6306818181818182,0.5946022727272727,0.5217708333333333,0.5668619791666667,0.1487109375,0.016875,0.863585352897644,0.08822810649871826,0.6301734447479248,1.0,0.013771407306194305,0.8356895446777344,0.0,0.535647451877594,1.0,0.9254154562950134,0.07458454370498657
1,11040,0.3551890552043915,0.22199532389640808,0.1518610715866089,0.0067168790847063065,0.15328125,0.26718443632125854,0.8838167836338946,0.08422540053402183,1.0,0.17722039473684206,0.6472537878787878,0.6591152063397129,0.4759765625,0.5036458333333333,0.26734375,0.017239583333333332,0.8632309436798096,0.08732439577579498,0.6289939880371094,1.0,0.013771407306194305,0.8278262615203857,0.0,0.5346449017524719,1.0,0.9015750885009766,0.09842491149902344
1,11050,0.34394240379333496,0.21641916036605835,0.13732965290546417,0.006099878344684839,0.1591796875,0.283194363117218,0.8416623590454966,0.10505462787207467,1.0,0.06873629385964906,0.6425189393939393,0.620435543759968,0.459453125,0.48140625,0.22611979166666665,0.017135416666666667,0.8612315058708191,0.0861131101846695,0.6280965805053711,1.0,0.016135716810822487,0.8163273334503174,0.0,0.5338820815086365,1.0,0.8777433037757874,0.12225669622421265
1,11060,0.3368971645832062,0.21966663002967834,0.1396026313304901,0.006377933081239462,0.17747395833333332,0.2605418264865875,0.8530535784623592,0.09640807848524675,1.0,0.0,0.7034801136363636,0.6055220170454545,0.39743489583333336,0.431328125,0.19740885416666668,0.0184765625,0.8588377237319946,0.08616657555103302,0.62694251537323,1.0,0.016135716810822487,0.8086332082748413,0.0,0.5329011678695679,1.0,0.8539251089096069,0.14607489109039307
1,11070,0.3340289294719696,0.2200751006603241,0.14096234738826752,0.006586478557437658,0.179140625,0.2464534491300583,0.860852102688437,0.09024529719871638,1.0,0.0,0.8153409090909091,0.6223011363636364,0.3073958333333333,0.38669270833333336,0.19638020833333333,0.0209375,0.859054684638977,0.08496329933404922,0.6253657937049866,1.0,0.016486529260873795,0.7973034381866455,0.0,0.5315609574317932,1.0,0.8301339745521545,0.16986602544784546
1,11080,0.3329474925994873,0.21029965579509735,0.13495737314224243,0.007162255235016346,0.19692708333333334,0.2598520517349243,0.866534640955874,0.07189685936603282,1.0,0.0,0.6650094696969697,0.5997514204545454,0.35609375,0.4260546875,0.18084635416666667,0.017630208333333335,0.859833836555481,0.08380521833896637,0.6241693496704102,1.0,0.016486529260873795,0.7893275022506714,0.0,0.5305439829826355,1.0,0.8063791990280151,0.19362080097198486
1,11090,0.33667781949043274,0.22700235247612,0.12994009256362915,0.006826156750321388,0.1763671875,0.2685161232948303,0.8497427278529089,0.08071147272055387,1.0,0.009971217105263148,0.8502604166666666,0.6310289884868421,0.3452734375,0.3707552083333333,0.2037890625,0.021705729166666667,0.8595784902572632,0.0828210711479187,0.6237281560897827,1.0,0.02052820846438408,0.7769548296928406,0.0,0.5301689505577087,1.0,0.7826573848724365,0.21734261512756348
1,11100,0.33777037262916565,0.2182457000017166,0.1319098323583603,0.006722668185830116,0.18470052083333333,0.2819003760814667,0.8500543855029716,0.08435706327076203,1.0,0.023266173245613985,0.7739109848484849,0.6242298083632376,0.3211328125,0.403671875,0.20884114583333332,0.020026041666666668,0.8611637949943542,0.08120620250701904,0.6217622756958008,1.0,0.02052820846438408,0.7638494372367859,0.0,0.5284979343414307,1.0,0.7589708566665649,0.24102914333343506
1,11110,0.3339689075946808,0.21681873500347137,0.1364063322544098,0.007827291265130043,0.19673177083333335,0.25646892189979553,0.8873912216556776,0.0504972386986098,1.0,0.010005482456140309,0.7691761363636362,0.6188783393141946,0.32490885416666665,0.41337239583333335,0.20380208333333333,0.019921875,0.8626600503921509,0.07877890020608902,0.6203756928443909,1.0,0.02052820846438408,0.754605233669281,0.0,0.5273193717002869,1.0,0.7353321313858032,0.2646678686141968
1,11120,0.342542439699173,0.23241610825061798,0.11773861944675446,0.007625878788530827,0.19239583333333332,0.2843559682369232,0.8503568958013175,0.05671598798517127,1.0,0.0,0.7407670454545455,0.6111150568181818,0.4022395833333333,0.4588802083333333,0.1478515625,0.019296875,0.866824746131897,0.07654668390750885,0.6206082105636597,1.0,0.02052820846438408,0.7561553716659546,0.0,0.5275170207023621,1.0,0.7117435932159424,0.2882564067840576
1,11130,0.3268831968307495,0.21311858296394348,0.14778374135494232,0.007148230914026499,0.1864453125,0.2589432895183563,0.8885871965261377,0.07087911762791839,1.0,0.0,0.9627130681818182,0.6444069602272727,0.3481901041666667,0.4269661458333333,0.191796875,0.0241796875,0.8276644349098206,0.07183452695608139,0.5921500325202942,0.9523810148239136,0.02052820846438408,0.7251645922660828,0.0,0.5033275485038757,1.0,0.688202977180481,0.31179702281951904
1,11140,0.3332754671573639,0.22284412384033203,0.14700578153133392,0.007461213041096926,0.18744791666666666,0.26037776470184326,0.8946976785069926,0.0632770837741452,1.0,0.0,0.834872159090909,0.6252308238636364,0.29669270833333333,0.3897526041666667,0.19733072916666666,0.0213671875,0.7879906296730042,0.06730248034000397,0.563835620880127,0.9047619700431824,0.02052820846438408,0.6951321363449097,0.0,0.47926029562950134,1.0,0.664706826210022,0.335293173789978
1,11150,0.34085193276405334,0.22209636867046356,0.1443655788898468,0.00767669128254056,0.19005208333333334,0.2665967345237732,0.896433943901813,0.05586127102687995,1.0,0.04965049342105262,0.7585227272727273,0.6311560817882775,0.3123697916666667,0.4120182291666667,0.2188671875,0.0196875,0.7459040880203247,0.06329174339771271,0.5324492454528809,0.8571429252624512,0.012089142575860023,0.6643105149269104,0.0,0.45258188247680664,1.0,0.6412397623062134,0.3587602376937866
1,11160,0.33260172605514526,0.2216724306344986,0.14802250266075134,0.0065773953683674335,0.1787109375,0.25129434466362,0.87329854994843,0.08903784869475981,1.0,0.0,0.8384232954545454,0.6257634943181818,0.3052473958333333,0.39891927083333334,0.19424479166666667,0.0214453125,0.7058249115943909,0.058289140462875366,0.5029046535491943,0.8095238208770752,0.008815985172986984,0.6337144374847412,0.0,0.4274689555168152,1.0,0.6178197860717773,0.38218021392822266
1,11170,0.3355587124824524,0.21977683901786804,0.13971322774887085,0.007451006677001715,0.204296875,0.2614089846611023,0.8817201911693151,0.0643130798000832,1.0,0.007367050438596439,0.7620738636363635,0.6168895471989633,0.34908854166666664,0.4087890625,0.20279947916666666,0.019765625,0.665203332901001,0.053698278963565826,0.474070280790329,0.761904776096344,0.008815986104309559,0.6002153754234314,0.0,0.40295976400375366,1.0,0.5944427251815796,0.4055572748184204
1,11180,0.3259675204753876,0.21355889737606049,0.13784050941467285,0.0069796377792954445,0.18546875,0.2638709843158722,0.8660824442943272,0.07832818000115514,1.0,0.0,0.8325047348484849,0.6248757102272727,0.3217057291666667,0.4044921875,0.1840234375,0.021315104166666668,0.6242103576660156,0.04940088838338852,0.4444369077682495,0.7142857313156128,0.008815985172986984,0.5613895654678345,0.0,0.37777137756347656,1.0,0.5710915327072144,0.42890846729278564
1,11190,0.34948408603668213,0.23036256432533264,0.13987423479557037,0.0067586470395326614,0.20263020833333334,0.2837713658809662,0.8633759295253896,0.08550407061045408,1.0,0.08487527412280697,0.7401751893939393,0.6407326243520733,0.3417057291666667,0.43580729166666665,0.23225260416666665,0.019283854166666666,0.58294677734375,0.04597722738981247,0.4158772826194763,0.6666666865348816,0.008815985172986984,0.5297224521636963,0.0,0.35349568724632263,1.0,0.5477391481399536,0.4522608518600464
1,11200,0.3354926109313965,0.22247932851314545,0.14173878729343414,0.007639599498361349,0.18970052083333333,0.26889485120773315,0.8895264449590274,0.059926145883292196,1.0,0.0,0.7247869318181818,0.6087180397727272,0.3168359375,0.40110677083333335,0.19522135416666667,0.0189453125,0.542482852935791,0.04213382303714752,0.38582831621170044,0.6190476417541504,0.008341165259480476,0.4892338812351227,0.0,0.32795408368110657,1.0,0.5243895649909973,0.4756104350090027
1,11210,0.3370327949523926,0.2299891710281372,0.12065459787845612,0.007576514966785908,0.18337239583333334,0.2662253677845001,0.8523222680365651,0.06151091310612069,1.0,0.0,0.766216856060606,0.6149325284090909,0.35227864583333335,0.4294140625,0.1824609375,0.019856770833333332,0.502004086971283,0.03811682015657425,0.3561030924320221,0.5714285969734192,0.0072332522831857204,0.4523809552192688,0.0,0.3026876449584961,1.0,0.5010548233985901,0.4989451766014099
1,11220,0.3384231626987457,0.22691021859645844,0.14948029816150665,0.007467288989573717,0.19819010416666666,0.2808707654476166,0.8982931269534603,0.06460225810920238,1.0,0.0,0.7697679924242424,0.6154651988636364,0.38805989583333333,0.40423177083333334,0.19869791666666667,0.019934895833333334,0.4597473740577698,0.03571218624711037,0.32663267850875854,0.523809552192688,0.006756800692528486,0.4157535433769226,0.0,0.277637779712677,1.0,0.47770804166793823,0.5222919583320618
