video,frame,brightness,contrast,center_contrast,sharpness,edge_density,saturation,visibility_score,no_vision_score,brown_deposit_score,light_deposit_score,dark_structure_score,dirt_deposit_score,brown_fraction,yellow_fraction,light_deposit_fraction,dark_structure_fraction,visibility_score_smooth,no_vision_score_smooth,dirt_deposit_score_smooth,brown_deposit_score_smooth,light_deposit_score_smooth,dark_structure_score_smooth,feature_anomaly_score,anomaly_score,pipe_similarity_score,inspection_active_score,handling_score
9,0,0.9267482757568359,0.20443415641784668,0.3388802111148834,0.03608998656272888,0.040690104166666664,0.07449918240308762,0.7911418269230769,0.32095352564102564,0.0,0.0,0.0,0.0,0.0,0.020494791666666668,0.0189453125,0.0,0.5036613941192627,0.03109443187713623,0.2785714268684387,0.4285714626312256,0.0,0.4285714626312256,0.9721884727478027,0.9721884727478027,0.10104244947433472,0.4677463471889496,0.532253623008728
9,10,0.9267144799232483,0.20468269288539886,0.3391669690608978,0.03692101314663887,0.04080729166666667,0.07400087267160416,0.7914663461538461,0.32059294871794874,0.0,0.0,0.0,0.0,0.0,0.0205078125,0.019049479166666668,0.0,0.5497558116912842,0.03414379060268402,0.3023809790611267,0.4761905074119568,0.0,0.4285714626312256,0.9721884727478027,0.9721884727478027,0.10104244947433472,0.4920874834060669,0.5079125165939331
9,20,0.36789369583129883,0.2613455355167389,0.24983470141887665,0.04008237272500992,0.28143229166666667,0.524982750415802,0.9999999999999999,0.0,1.0,0.0,1.0,0.65,0.61921875,0.4119140625,0.026901041666666667,0.0454296875,0.5973748564720154,0.03414378687739372,0.32678908109664917,0.523809552192688,0.0,0.4325622320175171,0.0,0.2777707278728485,1.0,0.5164409875869751,0.4835590124130249
9,30,0.36092519760131836,0.26257601380348206,0.2511182725429535,0.03839341923594475,0.2747265625,0.5394150018692017,0.9988563368055554,0.0022873263888888904,1.0,0.0,1.0,0.65,0.6159375,0.40610677083333335,0.0252734375,0.03983072916666667,0.6447906494140625,0.03455032780766487,0.3525289297103882,0.5714285969734192,0.0,0.4454308748245239,0.0,0.29964959621429443,1.0,0.5407887697219849,0.45921123027801514
9,40,0.36112189292907715,0.26106536388397217,0.25080782175064087,0.03887253254652023,0.27384114583333335,0.5349984765052795,0.9997591145833332,0.00048177083333333925,1.0,0.0,1.0,0.65,0.6191927083333333,0.40953125,0.0242578125,0.040364583333333336,0.6922358870506287,0.03489796072244644,0.3805938959121704,0.6190476417541504,0.0,0.47380051016807556,0.0,0.32350483536720276,1.0,0.565133810043335,0.43486618995666504
9,50,0.3615107238292694,0.26095107197761536,0.25107645988464355,0.038988083600997925,0.2761328125,0.5353932976722717,0.9999999999999999,0.0,1.0,0.0,1.0,0.65,0.624609375,0.4103125,0.024075520833333332,0.041731770833333334,0.7397038340568542,0.035200126469135284,0.4077583849430084,0.6666666865348816,0.0,0.49616703391075134,0.0,0.3465946316719055,1.0,0.5894770622253418,0.4105229377746582
9,60,0.3596092760562897,0.2607518136501312,0.250871479511261,0.039047159254550934,0.2753125,0.5390181541442871,0.9999999999999999,0.0,1.0,0.0,1.0,0.65,0.629140625,0.40869791666666666,0.0215234375,0.041588541666666666,0.7871732711791992,0.03549940139055252,0.4351934492588043,0.7142857313156128,0.0,0.5203373432159424,0.0,0.3699144423007965,1.0,0.6138190031051636,0.3861809968948364
9,70,0.3587898910045624,0.2602178156375885,0.24978314340114594,0.03899022564291954,0.27533854166666666,0.5424401164054871,0.9999999999999999,0.0,1.0,0.0,1.0,0.65,0.6397786458333333,0.3989713541666667,0.019986979166666665,0.0419140625,0.834640383720398,0.03580322116613388,0.46245521306991577,0.7619048357009888,0.0,0.5433520078659058,0.0,0.3930869400501251,1.0,0.6381592154502869,0.36184078454971313
9,80,0.35857534408569336,0.2602066993713379,0.24988339841365814,0.039379917085170746,0.27455729166666665,0.5439795851707458,0.999978298611111,4.340277777777532e-05,1.0,0.0,1.0,0.65,0.6390755208333333,0.399375,0.020052083333333335,0.040377604166666664,0.8821053504943848,0.03611137717962265,0.4896619915962219,0.8095238208770752,0.0,0.5660004019737244,0.0,0.41621270775794983,1.0,0.6624978184700012,0.3375021815299988
9,90,0.3584452271461487,0.25999727845191956,0.24892744421958923,0.038934871554374695,0.2758333333333333,0.5461984276771545,0.9999999999999999,0.0,1.0,0.0,1.0,0.65,0.6371223958333333,0.39858072916666665,0.019674479166666668,0.041419270833333334,0.9295713901519775,0.03641747310757637,0.5169406533241272,0.8571429252624512,0.0,0.5891278982162476,0.0,0.4393995702266693,1.0,0.6868348121643066,0.31316518783569336
9,100,0.27708226442337036,0.20666374266147614,0.23921355605125427,0.009546766057610512,0.17375,0.4575233459472656,0.9956879340277777,0.008624131944444446,1.0,0.0,1.0,0.65,0.5382421875,0.418828125,0.019075520833333335,0.03881510416666667,0.9770392775535583,0.03671964257955551,0.5442066192626953,0.9047619700431824,0.0,0.6121708154678345,0.0,0.46257564425468445,1.0,0.7111716270446777,0.28882837295532227
9,110,0.6729570627212524,0.2971145808696747,0.18417809903621674,0.03473172336816788,0.221484375,0.48929962515830994,0.9679817708333333,0.06403645833333334,1.0,0.0,0.0,0.5,0.4573828125,0.5155989583333334,0.0032552083333333335,0.0026432291666666666,0.9868371486663818,0.02173169143497944,0.5714809894561768,0.9523810148239136,0.0,0.6352701187133789,0.0,0.48575884103775024,0.8666842579841614,0.7353833913803101,0.26461660861968994
9,120,0.5438464283943176,0.2741830348968506,0.22430242598056793,0.03613584488630295,0.2720182291666667,0.6513631939888,0.9999999999999999,0.0,1.0,0.0,0.08380681818181816,0.5125710227272727,0.6415234375,0.6367578125,0.010364583333333333,0.00484375,0.9966213703155518,0.006757192313671112,0.5987258553504944,1.0,0.0,0.6581721305847168,0.12578822672367096,0.508916974067688,1.0,0.7595816850662231,0.24041831493377686
9,130,0.47201234102249146,0.31298157572746277,0.2261781543493271,0.015135925263166428,0.22059895833333334,0.6981481313705444,0.9957313368055555,0.008537326388888888,1.0,0.0,0.27024147727272724,0.5405362215909091,0.5185677083333333,0.5373177083333334,0.0004557291666666667,0.0089453125,0.9964758157730103,0.007048404309898615,0.5948618650436401,1.0,0.0,0.632412314414978,0.0,0.5056325793266296,1.0,0.7837816476821899,0.21621835231781006
9,140,0.3191626965999603,0.22187116742134094,0.20706011354923248,0.027911748737096786,0.2745052083333333,0.51826411485672,0.9963498263888888,0.007300347222222225,1.0,0.0,0.5957623106060606,0.5893643465909091,0.6172916666666667,0.7022395833333334,0.0003255208333333333,0.016106770833333332,0.9963877201080322,0.007224702276289463,0.591128945350647,1.0,0.0,0.6075261831283569,0.0,0.5024596452713013,1.0,0.8079831600189209,0.1920168399810791
9,150,0.3395649194717407,0.23087361454963684,0.21203282475471497,0.03353174775838852,0.2861328125,0.5173057317733765,0.9968272569444443,0.006345486111111114,1.0,0.0,0.46969696969696967,0.5704545454545454,0.5658203125,0.7121875,0.0002734375,0.013333333333333334,0.9962555766105652,0.007488839793950319,0.5873960256576538,1.0,0.0,0.5826400518417358,0.0,0.49928662180900574,1.0,0.8321852684020996,0.1678147315979004
9,160,0.33946704864501953,0.2307375967502594,0.21220077574253082,0.03363027051091194,0.2866796875,0.5162582397460938,0.9968576388888888,0.006284722222222225,1.0,0.0,0.5075757575757575,0.5761363636363637,0.5651953125,0.7125651041666666,0.00022135416666666666,0.014166666666666666,0.9961135983467102,0.007772817742079496,0.5835320353507996,1.0,0.0,0.5568801760673523,0.0,0.4960022568702698,1.0,0.8563660383224487,0.14363396167755127
9,170,0.339785099029541,0.23072293400764465,0.2121652364730835,0.03377426415681839,0.2870182291666667,0.5161026120185852,0.9968098958333332,0.0063802083333333315,1.0,0.0,0.4833096590909091,0.5724964488636364,0.5630338541666666,0.7139453125,0.00022135416666666666,0.0136328125,0.9959731698036194,0.008053695783019066,0.5795708298683167,1.0,0.0,0.5304721593856812,0.0,0.49263522028923035,1.0,0.8805454969406128,0.11945450305938721
9,180,0.33976200222969055,0.23064546287059784,0.21234744787216187,0.03382305055856705,0.2876171875,0.5244300365447998,0.9967643229166666,0.006471354166666665,1.0,0.0,0.4756155303030302,0.5713423295454545,0.5624739583333334,0.7145833333333333,0.00018229166666666667,0.013463541666666667,0.9958418011665344,0.008316385559737682,0.5760197043418884,1.0,0.0,0.5067979097366333,0.0,0.4896167516708374,1.0,0.9045698642730713,0.09543013572692871
9,190,0.3399260640144348,0.23072153329849243,0.21236968040466309,0.0339595191180706,0.2892708333333333,0.5208808183670044,0.9967860243055555,0.006427951388888891,1.0,0.0,0.48567708333333326,0.5728515625,0.5659114583333333,0.7130989583333334,0.00022135416666666666,0.013684895833333334,0.9956754446029663,0.00864914059638977,0.5723375082015991,1.0,0.0,0.4822499752044678,0.0,0.48648688197135925,1.0,0.9285956621170044,0.0714043378829956
9,200,0.33996421098709106,0.23075461387634277,0.21268174052238464,0.03406203165650368,0.2897265625,0.5152602195739746,0.9968272569444443,0.006345486111111114,1.0,0.0,0.48390151515151514,0.5725852272727273,0.5626953125,0.7138671875,0.00024739583333333335,0.013645833333333333,0.9954913258552551,0.009017443284392357,0.5695769190788269,1.0,0.0,0.4638460874557495,0.0,0.48414039611816406,1.0,0.9522465467453003,0.04775345325469971
9,210,0.3402184545993805,0.23061920702457428,0.2121683806180954,0.03401150181889534,0.288046875,0.5217506289482117,0.9968967013888888,0.006206597222222221,1.0,0.0,0.48508522727272724,0.5727627840909091,0.5650260416666667,0.7136328125,0.00015625,0.013671875,0.9955291152000427,0.008941798470914364,0.5659581422805786,1.0,0.0,0.43972086906433105,0.0,0.48106443881988525,1.0,0.9637453556060791,0.0362546443939209
9,220,0.3404271900653839,0.23062393069267273,0.21179673075675964,0.034065131098032,0.28813802083333334,0.5133469700813293,0.9969357638888888,0.006128472222222228,1.0,0.0,0.4809422348484848,0.5721413352272727,0.5664322916666666,0.7141927083333334,0.00013020833333333333,0.013580729166666666,0.996646523475647,0.0067069693468511105,0.5691863298416138,1.0,0.0,0.4612419009208679,0.0,0.48380839824676514,1.0,0.9767399430274963,0.023260056972503662
9,230,0.3406001925468445,0.2305765450000763,0.21153336763381958,0.033833153545856476,0.2876171875,0.5108506083488464,0.9969422743055555,0.006115451388888887,1.0,0.0,0.4590435606060606,0.5688565340909091,0.56234375,0.7137369791666667,0.00022135416666666666,0.013098958333333334,0.9961293935775757,0.00774119608104229,0.5738704204559326,1.0,0.0,0.49246934056282043,0.0,0.4877898693084717,1.0,0.9780157208442688,0.0219842791557312
9,240,0.3405320644378662,0.2305487096309662,0.21139119565486908,0.034111786633729935,0.2876953125,0.5141357183456421,0.9970052083333333,0.005989583333333336,1.0,0.0,0.4773910984848484,0.5716086647727272,0.5650130208333334,0.7156901041666667,0.00013020833333333333,0.013502604166666666,0.9958864450454712,0.008227100595831871,0.5775822401046753,1.0,0.0,0.5172145366668701,0.0,0.49094492197036743,1.0,0.9789188504219055,0.021081149578094482
9,250,0.3403819799423218,0.23047220706939697,0.2116474211215973,0.03392760455608368,0.288984375,0.521350085735321,0.9969856770833332,0.006028645833333337,1.0,0.0,0.4773910984848484,0.5716086647727272,0.5674739583333334,0.7159895833333333,0.0001953125,0.013502604166666666,0.9957195520401001,0.008560888469219208,0.5779669284820557,1.0,0.0,0.5197792649269104,0.0,0.4912719130516052,1.0,0.9794561862945557,0.020543813705444336
9,260,0.3404405415058136,0.23045162856578827,0.21160323917865753,0.03391020745038986,0.28673177083333334,0.5227638483047485,0.9970182291666666,0.005963541666666666,1.0,0.0,0.4590435606060606,0.5688565340909091,0.5645963541666666,0.7160807291666667,0.00016927083333333334,0.013098958333333334,0.9955971837043762,0.008805597200989723,0.580359697341919,1.0,0.0,0.5357311964035034,0.0,0.4933057427406311,1.0,0.9796435832977295,0.020356416702270508
9,270,0.3395639657974243,0.2296089231967926,0.20413710176944733,0.03334783390164375,0.2854296875,0.5185607075691223,0.9970507812499999,0.005898437500000003,1.0,0.0,0.44543087121212116,0.5668146306818181,0.568125,0.7170703125,0.0001953125,0.012799479166666667,0.9954447150230408,0.009110656566917896,0.5815898776054382,1.0,0.0,0.5439326763153076,0.0,0.49435141682624817,1.0,0.9794876575469971,0.02051234245300293
9,280,0.35170695185661316,0.2365136593580246,0.19013261795043945,0.034808699041604996,0.28751302083333335,0.5132092237472534,0.9972417534722221,0.005516493055555554,1.0,0.0,0.5028409090909091,0.5754261363636364,0.52375,0.7196484375,0.0020442708333333333,0.0140625,0.995293378829956,0.009413236752152443,0.5830568075180054,1.0,0.0,0.5537123680114746,0.0,0.49559828639030457,1.0,0.9701834917068481,0.029816508293151855
9,290,0.35000917315483093,0.2401622235774994,0.22823582589626312,0.03623637184500694,0.2779817708333333,0.5323971509933472,0.9964843749999999,0.007031249999999999,1.0,0.0,0.4844933712121211,0.5726740056818181,0.573515625,0.7022005208333333,0.0012109375,0.013658854166666666,0.9951443672180176,0.009711268357932568,0.5844012498855591,1.0,0.0,0.5626747608184814,0.0,0.49674108624458313,1.0,0.9693436622619629,0.03065633773803711
9,300,0.3343341648578644,0.23404043912887573,0.22730112075805664,0.03311705216765404,0.2670442708333333,0.5332938432693481,0.9961328125,0.007734375000000008,1.0,0.0,0.6135179924242424,0.5920276988636364,0.6368359375,0.6861328125,0.0008984375,0.016497395833333334,0.9951349496841431,0.009730076417326927,0.5861091613769531,1.0,0.0,0.5740609169006348,0.0,0.49819278717041016,1.0,0.9592770338058472,0.04072296619415283
9,310,0.3424483835697174,0.2367304414510727,0.1941382884979248,0.033096205443143845,0.27791666666666665,0.5194546580314636,0.996482204861111,0.007035590277777781,1.0,0.0,0.49337121212121215,0.5740056818181818,0.5497526041666667,0.7079947916666667,0.0016536458333333334,0.013854166666666667,0.9789386987686157,0.02053464576601982,0.5860161781311035,1.0,0.0,0.5734409093856812,0.0,0.498113751411438,1.0,0.9457940459251404,0.05420595407485962
9,320,0.36605358123779297,0.2726881802082062,0.24138323962688446,0.04039815813302994,0.25234375,0.5893433690071106,0.9914474826388888,0.017105034722222228,1.0,0.0,0.4519412878787879,0.5677911931818181,0.6076171875,0.6307291666666667,6.510416666666667e-05,0.012942708333333334,0.9777183532714844,0.02297532930970192,0.5845111608505249,1.0,0.0,0.5634075403213501,0.0,0.49683448672294617,1.0,0.9453573226928711,0.054642677307128906
9,330,0.3228379786014557,0.24821364879608154,0.22871221601963043,0.038365643471479416,0.25473958333333335,0.5209380984306335,0.9891406249999999,0.021718750000000002,1.0,0.0,0.7395833333333334,0.6109375,0.6525390625,0.6309114583333333,0.0001171875,0.019270833333333334,0.9778642654418945,0.02268349751830101,0.583893895149231,1.0,0.0,0.5592926740646362,0.0,0.4963098168373108,1.0,0.9422380924224854,0.05776190757751465
9,340,0.3199467062950134,0.24644823372364044,0.22937308251857758,0.03698084503412247,0.26169270833333336,0.5280693173408508,0.9906293402777777,0.018741319444444453,1.0,0.0,0.7898910984848485,0.6184836647727273,0.6336848958333333,0.6277213541666666,0.0001171875,0.020377604166666667,0.978009819984436,0.022392284125089645,0.5841602683067322,1.0,0.0,0.5610682964324951,0.0,0.4965362548828125,1.0,0.938543975353241,0.06145602464675903
9,350,0.3163258731365204,0.24205739796161652,0.23373226821422577,0.03549785166978836,0.2571744791666667,0.5324636101722717,0.9928450520833333,0.014309895833333336,1.0,0.0,0.6496212121212122,0.5974431818181818,0.6427213541666666,0.637265625,5.208333333333334e-05,0.017291666666666667,0.9780641198158264,0.022283777594566345,0.5843082666397095,1.0,0.0,0.5620546936988831,0.0,0.49666205048561096,1.0,0.9354531168937683,0.06454688310623169
9,360,0.3161081075668335,0.23711007833480835,0.23762977123260498,0.036578454077243805,0.2712890625,0.5236780047416687,0.9942578124999999,0.011484375000000002,1.0,0.0,0.8046874999999999,0.620703125,0.6594270833333333,0.6554166666666666,9.114583333333334e-05,0.020703125,0.9756742119789124,0.025075335055589676,0.583724856376648,1.0,0.0,0.5581653714179993,0.0,0.4961661398410797,1.0,0.9333310723304749,0.06666892766952515
9,370,0.3157692849636078,0.23857738077640533,0.24004818499088287,0.03660034015774727,0.26524739583333334,0.5339127779006958,0.9936545138888888,0.012690972222222228,1.0,0.0,0.6798058712121212,0.6019708806818181,0.6330078125,0.6557421875,5.208333333333334e-05,0.017955729166666667,0.9755551815032959,0.025313429534435272,0.5842785835266113,1.0,0.0,0.5618574023246765,0.0,0.4966368079185486,1.0,0.9309695363044739,0.06903046369552612
9,380,0.3159228563308716,0.23863869905471802,0.2400907278060913,0.03667273372411728,0.2658203125,0.5352951288223267,0.9936328124999999,0.012734375000000004,1.0,0.0,0.688683712121212,0.6033025568181818,0.6371484375,0.6602864583333333,6.510416666666667e-05,0.018151041666666666,0.9558593034744263,0.03966548666357994,0.5667517185211182,0.9713096618652344,0.0,0.5406464338302612,0.0,0.48173898458480835,1.0,0.928849458694458,0.07115054130554199
9,390,0.3158496916294098,0.2385728806257248,0.24008098244667053,0.03662413731217384,0.2663671875,0.5314859747886658,0.9936349826388888,0.012730034722222228,1.0,0.0,0.6638257575757576,0.5995738636363637,0.6366666666666667,0.6576692708333334,5.208333333333334e-05,0.017604166666666667,0.9559906721115112,0.0394027978181839,0.5633443593978882,0.9713096618652344,0.0,0.5179303884506226,0.0,0.47884270548820496,1.0,0.926676332950592,0.07332366704940796
9,400,0.33081042766571045,0.24441008269786835,0.2657642364501953,0.03455423191189766,0.274453125,0.5347350835800171,0.9965885416666665,0.006822916666666671,1.0,0.0,0.7247869318181818,0.6087180397727272,0.6550130208333333,0.6505338541666666,0.00048177083333333335,0.0189453125,0.9118130803108215,0.0826549157500267,0.5450757741928101,0.9381375312805176,0.0,0.506713330745697,0.0,0.463314414024353,1.0,0.9243937134742737,0.07560628652572632
9,410,0.16128161549568176,0.22480234503746033,0.06916294991970062,0.007861442863941193,0.0589453125,0.7074489593505859,0.6567048343638965,0.23324142137504705,1.0,0.0,0.47088068181818177,0.5706321022727272,0.35095052083333333,0.08608072916666666,0.0036067708333333334,0.013359375,0.8674077987670898,0.12640263140201569,0.5172374248504639,0.890958309173584,0.0,0.47838878631591797,0.0,0.43965181708335876,0.8376673460006714,0.9224396347999573,0.07756036520004272
9,420,0.6168504953384399,0.34934359788894653,0.2726634442806244,0.014920925721526146,0.15299479166666666,0.48813602328300476,0.9712695312499999,0.05746093750000001,1.0,0.0,0.27438446969696967,0.5411576704545454,0.3516796875,0.3905859375,0.00028645833333333333,0.009036458333333334,0.8563377857208252,0.130591481924057,0.5149630308151245,0.890958309173584,0.0,0.4632260203361511,0.0,0.43771860003471375,0.9511852264404297,0.9208945035934448,0.07910549640655518
9,430,0.41289204359054565,0.26498594880104065,0.24691641330718994,0.016955943778157234,0.20182291666666666,0.6211421489715576,0.9999999999999999,0.0,1.0,0.0,0.39453125000000006,0.5591796875,0.6959244791666667,0.6571614583333333,0.0013541666666666667,0.0116796875,0.8461117744445801,0.13292039930820465,0.5126928687095642,0.890958309173584,0.0,0.44809138774871826,0.0,0.43578895926475525,1.0,0.9196099638938904,0.08039003610610962
9,440,0.3674580454826355,0.23971904814243317,0.2382766455411911,0.01671416684985161,0.209296875,0.5897979140281677,0.9999999999999999,0.0,1.0,0.0,0.49633049242424243,0.5744495738636364,0.7401041666666667,0.67015625,0.0009114583333333333,0.013919270833333334,0.8338583111763,0.13694696128368378,0.5082792639732361,0.890958309173584,0.0,0.41866767406463623,0.0,0.4320373833179474,1.0,0.9184545874595642,0.08154541254043579
9,450,0.3572063446044922,0.2473505437374115,0.24233146011829376,0.01600661501288414,0.202890625,0.588810920715332,0.9981445312499999,0.0037109375000000024,1.0,0.0,0.49810606060606055,0.5747159090909091,0.7211588541666667,0.6558203125,0.0013671875,0.013958333333333333,0.822176456451416,0.1394200623035431,0.5036881566047668,0.890958309173584,0.0,0.3880603015422821,0.0,0.428134948015213,1.0,0.9168491959571838,0.08315080404281616
9,460,0.41355112195014954,0.30492788553237915,0.2936657667160034,0.007198039907962084,0.18358072916666668,0.5730564594268799,0.946797958404674,0.06465134935074947,1.0,0.0,0.39571496212121204,0.5593572443181818,0.5311328125,0.549296875,0.00037760416666666666,0.011705729166666666,0.8126278519630432,0.14068275690078735,0.5001792907714844,0.890958309173584,0.0,0.3646678924560547,0.0,0.42515242099761963,1.0,0.9155424237251282,0.08445757627487183
9,470,0.3559619188308716,0.2622779309749603,0.24312494695186615,0.009238744154572487,0.21575520833333334,0.5441008806228638,0.9945182291666665,0.01096354166666667,1.0,0.0,0.5365767045454546,0.5804865056818181,0.6841145833333333,0.64875,0.0016145833333333333,0.0148046875,0.8038645386695862,0.14117726683616638,0.49551209807395935,0.890958309173584,0.0,0.33355316519737244,0.0,0.42118528485298157,1.0,0.9144982695579529,0.08550173044204712
9,480,0.8909332156181335,0.21808916330337524,0.00461648078635335,0.009084240533411503,0.04513020833333333,0.2117193192243576,0.5834374999999999,0.3072916666666667,0.39750162760416674,0.0,0.0,0.19875081380208337,0.102578125,0.12462239583333333,0.0021875,0.0024609375,0.7952877879142761,0.14158405363559723,0.4917961061000824,0.890958309173584,0.0,0.308779776096344,0.5451157689094543,0.5451157689094543,0.349012553691864,0.9132586121559143,0.0867413878440857
9,490,0.5297874808311462,0.2629762589931488,0.22984842956066132,0.02691465988755226,0.23169270833333333,0.7396430373191833,0.9999999999999999,0.0,1.0,0.0,0.025804924242424237,0.5038707386363637,0.6807291666666667,0.6543359375,0.0006770833333333334,0.0035677083333333333,0.7867426872253418,0.14203684031963348,0.4879828691482544,0.890958309173584,0.0,0.2833581566810608,0.0,0.4147854447364807,1.0,0.9122112989425659,0.08778870105743408
9,500,0.04794132709503174,0.08878511935472488,0.03778623417019844,0.0012169325491413474,0.012942708333333334,0.5245001912117004,0.06875623393031519,0.9153258434076588,0.3033854166666667,0.0,0.24893465909090906,0.1890329071969697,0.1734765625,0.023606770833333332,0.0,0.0084765625,0.7784039378166199,0.14228853583335876,0.48433446884155273,0.890958309173584,0.0,0.2590356469154358,0.1891232281923294,0.4116843044757843,0.5204009413719177,0.9106632471084595,0.08933675289154053
9,510,0.029755515977740288,0.06613312661647797,0.0054383850656449795,0.0025273135397583246,0.016809895833333335,0.8322368860244751,0.06362083084748511,0.9264362750390311,0.009236653645833304,0.0,0.018702651515151502,0.007423724550189378,0.10279947916666667,0.00015625,0.00015625,0.003411458333333333,0.770028829574585,0.1427001655101776,0.48025068640708923,0.890958309173584,0.0,0.2318103015422821,0.6574825644493103,0.6574825644493103,0.2841613292694092,0.9093649983406067,0.09063500165939331
9,520,0.3482494354248047,0.24629463255405426,0.09078557044267654,0.008192828856408596,0.05712239583333333,0.8013999462127686,0.7640125580411579,0.09500150453413443,1.0,0.0,0.17495265151515152,0.5262428977272727,0.7523828125,0.23368489583333332,0.003932291666666666,0.006848958333333334,0.7779402136802673,0.1323065459728241,0.47799742221832275,0.890958309173584,0.0,0.2167884260416031,0.0,0.40629783272743225,1.0,0.9079722762107849,0.09202772378921509
9,530,0.3436198830604553,0.22592949867248535,0.08298271894454956,0.008515539579093456,0.06334635416666666,0.8156555891036987,0.7767014019118578,0.06601212196322327,1.0,0.0,0.13411458333333334,0.5201171875,0.8022526041666667,0.4360546875,0.004661458333333333,0.005950520833333334,0.7709327936172485,0.13018734753131866,0.47719839215278625,0.890958309173584,0.0,0.21146172285079956,0.06624646484851837,0.4056186378002167,0.9094985127449036,0.90682053565979,0.09317946434020996
9,540,0.3215889632701874,0.21583279967308044,0.07751867175102234,0.00753127271309495,0.06001302083333333,0.8216656446456909,0.7318166237648779,0.10627666837812458,1.0,0.0,0.12168560606060605,0.518252840909091,0.8107421875,0.5432682291666666,0.004544270833333333,0.0056770833333333335,0.7627354860305786,0.13073664903640747,0.47556233406066895,0.890958309173584,0.0,0.20055465400218964,0.09907446801662445,0.40422800183296204,0.8743774890899658,0.9055678844451904,0.09443211555480957
9,550,0.3201063275337219,0.20626430213451385,0.06672239303588867,0.007981459610164165,0.06712239583333333,0.7955344319343567,0.7453116832902799,0.07067645810162408,1.0,0.0,0.14713541666666666,0.5220703125,0.8301822916666667,0.6105338541666666,0.0039453125,0.006236979166666667,0.7546229362487793,0.13127422332763672,0.47309768199920654,0.890958309173584,0.0,0.18412360548973083,0.03352496773004532,0.402133047580719,0.9109965562820435,0.9043761491775513,0.09562385082244873
9,560,0.3226228952407837,0.20574907958507538,0.07873127609491348,0.008269323967397213,0.07397135416666667,0.7815102934837341,0.7923239446930433,0.04082638779824006,1.0,0.0,0.1583806818181818,0.5237571022727273,0.8362369791666666,0.6598177083333333,0.0039453125,0.006484375,0.7466503381729126,0.1316140592098236,0.4706752896308899,0.890958309173584,0.0,0.16797438263893127,0.024620145559310913,0.4000740051269531,0.9780680537223816,0.903205156326294,0.09679484367370605
9,570,0.3233456313610077,0.2069086879491806,0.07923436164855957,0.008282680064439774,0.0823828125,0.7770752310752869,0.810228366094727,0.021869510230494688,1.0,0.0,0.1512784090909091,0.5226917613636364,0.8380208333333333,0.6780338541666666,0.0039453125,0.006328125,0.7412978410720825,0.12893787026405334,0.4690646231174469,0.890958309173584,0.0,0.15723642706871033,0.02636261284351349,0.3987049460411072,0.9579989314079285,0.9019540548324585,0.0980459451675415
9,580,0.32088997960090637,0.20702601969242096,0.08086218684911728,0.008303551934659481,0.08427083333333334,0.766960859298706,0.8135431242092578,0.021233172723796295,1.0,0.0,0.15956439393939392,0.5239346590909091,0.8395963541666667,0.6902083333333333,0.0041015625,0.006510416666666667,0.7337377071380615,0.12878504395484924,0.4663758873939514,0.890958309173584,0.0,0.13931164145469666,0.028678253293037415,0.3964195251464844,0.981412947177887,0.9006624221801758,0.09933757781982422
9,590,0.31877613067626953,0.20753991603851318,0.08176705986261368,0.008270434103906155,0.08865885416666666,0.7622764110565186,0.8141859206040066,0.022242862685787956,1.0,0.0,0.15482954545454541,0.5232244318181818,0.8397265625,0.6935546875,0.004153645833333333,0.00640625,0.7458552718162537,0.11449502408504486,0.4819031357765198,0.9196487069129944,0.0,0.14719177782535553,0.04241064190864563,0.40961766242980957,0.968033492565155,0.8995856046676636,0.10041439533233643
9,600,0.3164113759994507,0.20936429500579834,0.08213076740503311,0.008409078232944012,0.08923177083333333,0.7565560936927795,0.8185211462109553,0.018015907532194758,1.0,0.0,0.15305397727272724,0.5229580965909091,0.8374479166666666,0.6898697916666666,0.004244791666666667,0.0063671875,0.7379258275032043,0.11521285772323608,0.4827951192855835,0.9196487069129944,0.0,0.15313851833343506,0.0551871582865715,0.4103758633136749,0.9630162119865417,0.8985469341278076,0.10145306587219238
9,610,0.3149828314781189,0.2099541276693344,0.08209915459156036,0.008492691442370415,0.09520833333333334,0.7537957429885864,0.8207109288320532,0.015466724317975133,1.0,0.0,0.15305397727272724,0.5229580965909091,0.8364583333333333,0.6906770833333333,0.004075520833333333,0.0063671875,0.7743250727653503,0.07236506044864655,0.4987301230430603,0.9528208374977112,0.0,0.14879825711250305,0.037160031497478485,0.423920601606369,0.9630162119865417,0.8977819681167603,0.10221803188323975
9,620,0.31420230865478516,0.20977970957756042,0.08310438692569733,0.008508806116878986,0.09442708333333333,0.749714732170105,0.8228444361695094,0.014975423265884552,1.0,0.0,0.1554214015151515,0.5233132102272727,0.8372265625,0.6903645833333333,0.0041015625,0.006419270833333333,0.8108543753623962,0.029276493936777115,0.5232666730880737,1.0,0.0,0.1551113724708557,0.035840608179569244,0.4447766840457916,0.9697059392929077,0.8998819589614868,0.10011804103851318
9,630,0.31234943866729736,0.20975036919116974,0.08280516415834427,0.008574976585805416,0.10114583333333334,0.7500997185707092,0.824113364442484,0.012958030920566577,1.0,0.0,0.16252367424242423,0.5243785511363637,0.8373046875,0.6882421875,0.00421875,0.006575520833333333,0.8140469789505005,0.02575097046792507,0.5231441259384155,1.0,0.0,0.15429405868053436,0.036042630672454834,0.44467252492904663,0.9897750616073608,0.9002718329429626,0.09972816705703735
9,640,0.312046080827713,0.21035900712013245,0.08427724242210388,0.008621643297374249,0.09890625,0.7406361103057861,0.8278566075369408,0.011535265323955823,1.0,0.0,0.16548295454545453,0.5248224431818181,0.8364322916666667,0.6829817708333333,0.00421875,0.006640625,0.8166921138763428,0.023530956357717514,0.523292064666748,1.0,0.0,0.1552804857492447,0.030926614999771118,0.4447982609272003,0.9981372356414795,0.9001756310462952,0.09982436895370483
9,650,0.31048157811164856,0.21043837070465088,0.08520086854696274,0.008629711344838142,0.10127604166666666,0.7396533489227295,0.8296361269428628,0.011289288267129799,1.0,0.0,0.1512784090909091,0.5226917613636364,0.8364973958333334,0.6812890625,0.004205729166666667,0.006328125,0.8212156295776367,0.019759327173233032,0.5235415101051331,1.0,0.0,0.15694332122802734,0.05409665405750275,0.44501030445098877,0.9579989314079285,0.90000319480896,0.09999680519104004
9,660,0.3092266917228699,0.2107326090335846,0.08561192452907562,0.008644210174679756,0.10186197916666667,0.7413759827613831,0.830720753139112,0.010847250771958639,1.0,0.0,0.15897253787878787,0.5238458806818181,0.8358333333333333,0.6795833333333333,0.004205729166666667,0.006497395833333333,0.825458288192749,0.0173792764544487,0.5236133933067322,1.0,0.0,0.15742243826389313,0.04079509526491165,0.44507139921188354,0.9797405004501343,0.8998907804489136,0.10010921955108643
9,670,0.3080511689186096,0.21066340804100037,0.08653727173805237,0.008722794242203236,0.10403645833333333,0.7348230481147766,0.8343950783700366,0.008451395054779376,1.0,0.0,0.17021780303030298,0.5255326704545454,0.8358723958333333,0.6749088541666667,0.004244791666666667,0.006744791666666666,0.8274351954460144,0.01651039347052574,0.5235837697982788,1.0,0.0,0.15722516179084778,0.025514476001262665,0.44504621624946594,1.0,0.8997176289558411,0.10028237104415894
9,680,0.30647632479667664,0.21124149858951569,0.08697794377803802,0.008745664730668068,0.11194010416666667,0.7337864637374878,0.835754429524097,0.007754124064997897,1.0,0.0,0.16015624999999997,0.5240234375,0.8352864583333334,0.6685416666666667,0.004283854166666667,0.0065234375,0.8289059400558472,0.016457846388220787,0.523596465587616,1.0,0.0,0.15730971097946167,0.03486786037683487,0.4450570046901703,0.9830853343009949,0.899844765663147,0.10015523433685303
9,690,0.30559876561164856,0.21151506900787354,0.08796241134405136,0.008763797581195831,0.10713541666666666,0.7377119064331055,0.8379069426706093,0.007201293256224622,1.0,0.0,0.16548295454545453,0.5248224431818181,0.8348697916666666,0.6659114583333333,0.004270833333333333,0.006640625,0.8300911784172058,0.016469351947307587,0.5235626697540283,1.0,0.0,0.15708422660827637,0.03647342324256897,0.44502827525138855,0.9981372356414795,0.9086264371871948,0.09137356281280518
9,700,0.3064950108528137,0.21271909773349762,0.08944156020879745,0.008505553938448429,0.10421875,0.7299258708953857,0.8334816296963373,0.015074575047303973,1.0,0.0,0.150686553030303,0.5226029829545454,0.8340234375,0.6697916666666667,0.004244791666666667,0.006315104166666667,0.8312690854072571,0.016391504555940628,0.5235710740089417,1.0,0.0,0.1571406126022339,0.059279948472976685,0.4450354278087616,0.9563265442848206,0.9088211059570312,0.09117889404296875
9,710,0.30506062507629395,0.21308976411819458,0.08947248756885529,0.008490875363349915,0.1,0.7335937023162842,0.8331401528761938,0.01552209258079526,1.0,0.0,0.15778882575757575,0.5236683238636364,0.8338802083333333,0.6707291666666667,0.0042578125,0.006471354166666667,0.8321850299835205,0.016607798635959625,0.5235711336135864,1.0,0.0,0.1571406126022339,0.048388317227363586,0.44503548741340637,0.9763956069946289,0.9179553985595703,0.08204460144042969
9,720,0.30617380142211914,0.21449698507785797,0.09119977802038193,0.008292296901345253,0.09846354166666667,0.7381673455238342,0.8307355449598904,0.02157631398337642,1.0,0.0,0.1512784090909091,0.5226917613636364,0.8322395833333334,0.6735807291666667,0.004309895833333333,0.006328125,0.833091139793396,0.01690838113427162,0.5235795378684998,1.0,0.0,0.15719696879386902,0.06519019603729248,0.44504261016845703,0.9579989314079285,0.9301382899284363,0.06986171007156372
9,730,0.3055676519870758,0.2146420180797577,0.09107273072004318,0.008312330581247807,0.09760416666666667,0.7317512035369873,0.8310580308092356,0.020965531059518067,1.0,0.0,0.15778882575757575,0.5236683238636364,0.8322395833333334,0.6720052083333333,0.004322916666666667,0.006471354166666667,0.8337835073471069,0.017324671149253845,0.5235837697982788,1.0,0.0,0.15722516179084778,0.05532175302505493,0.44504621624946594,0.9763956069946289,0.9308276176452637,0.06917238235473633
9,740,0.30484604835510254,0.21524307131767273,0.09095800668001175,0.008363948203623295,0.09712239583333333,0.7324747443199158,0.8322487454731401,0.01939182306026538,1.0,0.0,0.15482954545454541,0.5232244318181818,0.8313671875,0.6651302083333334,0.004361979166666667,0.00640625,0.8344434499740601,0.01789511926472187,0.5235457420349121,1.0,0.0,0.1569714993238449,0.06459787487983704,0.4450138807296753,0.968033492565155,0.9322569370269775,0.06774306297302246
9,750,0.3051837086677551,0.21675850450992584,0.09173828363418579,0.008112023584544659,0.09993489583333333,0.7397050857543945,0.8268102609700266,0.027072451690711596,1.0,0.0,0.1566051136363636,0.5234907670454545,0.8298697916666666,0.6696614583333333,0.004375,0.0064453125,0.8349390029907227,0.018573813140392303,0.5234526991844177,1.0,0.0,0.1563514620065689,0.06291501224040985,0.44493481516838074,0.9730507731437683,0.9344092011451721,0.06559079885482788
9,760,0.30692628026008606,0.21732251346111298,0.09291202574968338,0.008321191184222698,0.10106770833333334,0.7330971360206604,0.8344084074307673,0.020695390724917717,1.0,0.0,0.15719696969696967,0.5235795454545454,0.8263802083333334,0.6694401041666667,0.004427083333333333,0.006458333333333333,0.8353548049926758,0.019247673451900482,0.5234569311141968,1.0,0.0,0.15637964010238647,0.058572664856910706,0.44493839144706726,0.974723219871521,0.9360247850418091,0.06397521495819092
9,770,0.3066044747829437,0.21847274899482727,0.09355542063713074,0.008259382098913193,0.10231770833333333,0.7371171116828918,0.8338389370152918,0.0225798140575246,1.0,0.0,0.1542376893939394,0.523135653409091,0.8259895833333334,0.6706510416666667,0.004388020833333333,0.006393229166666667,0.8357239961624146,0.01996435970067978,0.5233808755874634,1.0,0.0,0.15587234497070312,0.06316684186458588,0.44487375020980835,0.9663610458374023,0.9365147352218628,0.06348526477813721
9,780,0.30696892738342285,0.219386488199234,0.09691073000431061,0.008318874053657055,0.1001953125,0.7309369444847107,0.8411132784825216,0.02076603494948001,1.0,0.0,0.15305397727272724,0.5229580965909091,0.826171875,0.6658984375,0.004479166666666667,0.0063671875,0.8358885645866394,0.020785624161362648,0.5232751965522766,1.0,0.0,0.15516775846481323,0.06545670330524445,0.44478392601013184,0.9630162119865417,0.9374536275863647,0.06254637241363525
9,790,0.3059682548046112,0.21965603530406952,0.09569600969552994,0.008295627310872078,0.09635416666666667,0.7389493584632874,0.8384339048608606,0.021474777107558574,1.0,0.0,0.15482954545454541,0.5232244318181818,0.8259635416666666,0.6626692708333334,0.0044140625,0.00640625,0.8359843492507935,0.021637581288814545,0.5231990814208984,1.0,0.0,0.1546604335308075,0.06210885941982269,0.44471922516822815,0.968033492565155,0.9380542039871216,0.06194579601287842
9,800,0.3051164746284485,0.22010773420333862,0.0955331102013588,0.00832405500113964,0.10436197916666666,0.7308019995689392,0.8389209229229314,0.020608079233547516,1.0,0.0,0.15601325757575757,0.5234019886363637,0.824765625,0.6586848958333333,0.004479166666666667,0.006432291666666667,0.836127758026123,0.0224996879696846,0.5231187343597412,1.0,0.0,0.15412494540214539,0.05846220999956131,0.44465094804763794,0.9713783264160156,0.938754677772522,0.06124532222747803
9,810,0.3055354356765747,0.22152173519134521,0.09585952758789062,0.008260095492005348,0.10186197916666667,0.7338809370994568,0.83775733474663,0.02255806426812962,1.0,0.0,0.15305397727272724,0.5229580965909091,0.8226302083333333,0.6618489583333333,0.004453125,0.0063671875,0.8364538550376892,0.022973354905843735,0.5231441259384155,1.0,0.0,0.15429404377937317,0.0607256218791008,0.44467252492904663,0.9630162119865417,0.9394877552986145,0.0605122447013855
9,820,0.3045254349708557,0.2219155728816986,0.09662564098834991,0.008285650052130222,0.10268229166666666,0.7339820265769958,0.839739444497099,0.021778961825298093,1.0,0.0,0.1542376893939394,0.523135653409091,0.8219791666666667,0.656484375,0.004453125,0.006393229166666667,0.8367924094200134,0.02347090281546116,0.523101806640625,1.0,0.0,0.15401223301887512,0.0578095018863678,0.4446365535259247,0.9663610458374023,0.939978837966919,0.060021162033081055
9,830,0.3038801848888397,0.22188353538513184,0.09624124318361282,0.00822206400334835,0.10106770833333334,0.7339823246002197,0.8373829579727957,0.02371756087352589,1.0,0.0,0.15601325757575757,0.5234019886363637,0.821328125,0.6555078125,0.004466145833333333,0.006432291666666667,0.8371630907058716,0.02377493679523468,0.5231102705001831,1.0,0.0,0.15406858921051025,0.05387023091316223,0.4446437358856201,0.9713783264160156,0.9399624466896057,0.06003755331039429
9,840,0.3053490221500397,0.2233116775751114,0.09722436964511871,0.008182053454220295,0.10076822916666667,0.7357292175292969,0.8379732566890193,0.024937394688405612,1.0,0.0,0.15719696969696967,0.5235795454545454,0.8205989583333333,0.66,0.004466145833333333,0.006458333333333333,0.8374226689338684,0.024252042174339294,0.5230257511138916,1.0,0.0,0.15350492298603058,0.05084984004497528,0.44457191228866577,0.974723219871521,0.9396780729293823,0.060321927070617676
9,850,0.30556607246398926,0.22358301281929016,0.09783735126256943,0.008154157549142838,0.10373697916666667,0.7342299222946167,0.838262183473884,0.025787879599303704,1.0,0.0,0.1524621212121212,0.5228693181818181,0.8197916666666667,0.6568880208333333,0.004453125,0.006354166666666667,0.8379092216491699,0.02451459690928459,0.522991955280304,1.0,0.0,0.15327945351600647,0.05795694887638092,0.44454318284988403,0.9613437652587891,0.9393584728240967,0.06064152717590332
9,860,0.3051815927028656,0.22379295527935028,0.09771978855133057,0.008165556937456131,0.10114583333333334,0.7337741255760193,0.8383690684407558,0.025440337272678915,1.0,0.0,0.15187026515151514,0.5227805397727273,0.8199088541666667,0.655703125,0.004466145833333333,0.006341145833333333,0.8384809494018555,0.0246159415692091,0.5229580998420715,1.0,0.0,0.15305399894714355,0.05913667380809784,0.4445143938064575,0.9596713781356812,0.9395567774772644,0.060443222522735596
9,870,0.30546748638153076,0.22399194538593292,0.09801872074604034,0.008150557987391949,0.1032421875,0.7322956323623657,0.838472542837961,0.025897622335611298,1.0,0.0,0.14831912878787876,0.5222478693181818,0.8191015625,0.6572916666666667,0.004388020833333333,0.006263020833333333,0.8387011289596558,0.025039901956915855,0.5228862762451172,1.0,0.0,0.15257486701011658,0.06419740617275238,0.4444533586502075,0.9496367573738098,0.9395049810409546,0.06049501895904541
9,880,0.3044228255748749,0.22425052523612976,0.09754780679941177,0.008157107047736645,0.10134114583333333,0.7310135960578918,0.8378513180407193,0.025697955861687632,1.0,0.0,0.1554214015151515,0.5233132102272727,0.8184765625,0.6536848958333333,0.004401041666666667,0.006419270833333333,0.8389873504638672,0.02538468688726425,0.5228777527809143,1.0,0.0,0.15251849591732025,0.05108419805765152,0.4444461166858673,0.9697059392929077,0.9389738440513611,0.061026155948638916
9,890,0.30363211035728455,0.22431939840316772,0.09746979922056198,0.008158835582435131,0.09973958333333334,0.7314093112945557,0.8377656805361525,0.025645256633075264,1.0,0.0,0.1495028409090909,0.5224254261363637,0.8167057291666666,0.651484375,0.004375,0.0062890625,0.839011549949646,0.025825873017311096,0.522856593132019,1.0,0.0,0.15237757563591003,0.05895055830478668,0.44442811608314514,0.9529816508293152,0.9387277364730835,0.061272263526916504
9,900,0.30580049753189087,0.2266232669353485,0.09915610402822495,0.008169978857040405,0.10587239583333333,0.734104573726654,0.8409183930377798,0.02530552265120714,1.0,0.0,0.1542376893939394,0.523135653409091,0.81421875,0.64875,0.0044140625,0.006393229166666667,0.8395140171051025,0.025944245979189873,0.5228312611579895,1.0,0.0,0.15220847725868225,0.04744283854961395,0.4444065988063812,0.9663610458374023,0.9382765889167786,0.061723411083221436
9,910,0.30444931983947754,0.22695402801036835,0.09866100549697876,0.008179293014109135,0.10166666666666667,0.7305182814598083,0.8403304260038188,0.025021554447892225,1.0,0.0,0.1542376893939394,0.523135653409091,0.8125,0.6428125,0.0044140625,0.006393229166666667,0.8398780822753906,0.026254180818796158,0.5227805376052856,1.0,0.0,0.15187028050422668,0.045146793127059937,0.44436347484588623,0.9663610458374023,0.9382295608520508,0.06177043914794922
9,920,0.3046410083770752,0.22741329669952393,0.09910718351602554,0.008148163557052612,0.1010546875,0.7286272048950195,0.8402503159424154,0.025970623260591075,1.0,0.0,0.15187026515151514,0.5227805397727273,0.8119270833333333,0.6408463541666667,0.004427083333333333,0.006341145833333333,0.8403581380844116,0.026414480060338974,0.5227679014205933,1.0,0.0,0.1517857164144516,0.0484742596745491,0.4443527162075043,0.9596713781356812,0.9380598068237305,0.06194019317626953
9,930,0.304390013217926,0.22790761291980743,0.09911971539258957,0.008082878775894642,0.1020703125,0.7287186980247498,0.8385199808244074,0.027961012930041385,1.0,0.0,0.1524621212121212,0.5228693181818181,0.8109244791666667,0.6367578125,0.004427083333333333,0.006354166666666667,0.8408551812171936,0.026538023725152016,0.5227255821228027,1.0,0.0,0.15150389075279236,0.046111755073070526,0.4443167448043823,0.9613437652587891,0.9380316734313965,0.061968326568603516
9,940,0.3037013113498688,0.22896087169647217,0.09950349479913712,0.00798370037227869,0.10578125,0.7312185168266296,0.8365085696668048,0.03098474474760088,1.0,0.0,0.14595170454545453,0.5218927556818181,0.8074609375,0.6347005208333333,0.004440104166666667,0.0062109375,0.8414913415908813,0.026544319465756416,0.5226706266403198,1.0,0.0,0.15113750100135803,0.05274016410112381,0.4442700445652008,0.9429470896720886,0.9378586411476135,0.062141358852386475
9,950,0.30659404397010803,0.22808444499969482,0.0998624935746193,0.008183099329471588,0.10658854166666666,0.7302622199058533,0.8424658341758918,0.024905508247817426,1.0,0.0,0.15009469696969693,0.5225142045454545,0.8096614583333334,0.6488151041666667,0.004466145833333333,0.006302083333333333,0.8420995473861694,0.02650625631213188,0.522624135017395,1.0,0.0,0.15082746744155884,0.04851728677749634,0.4442305266857147,0.9546540975570679,0.9377285242080688,0.06227147579193115
9,960,0.3049347400665283,0.22908517718315125,0.09993996471166611,0.008042218163609505,0.10420572916666666,0.7271720170974731,0.838817200580748,0.029200665743612658,1.0,0.0,0.15187026515151514,0.5227805397727273,0.8076953125,0.63734375,0.004401041666666667,0.006341145833333333,0.8427571058273315,0.026365775614976883,0.522624135017395,1.0,0.0,0.15082746744155884,0.04282128065824509,0.4442305266857147,0.9596713781356812,0.9376729726791382,0.062327027320861816
9,970,0.3051583468914032,0.22912190854549408,0.10027336329221725,0.008029167540371418,0.10673177083333334,0.726670503616333,0.839031274890978,0.02959855059843236,1.0,0.0,0.14713541666666666,0.5220703125,0.8081640625,0.6365104166666666,0.004388020833333333,0.006236979166666667,0.8434940576553345,0.026234719902276993,0.5226368308067322,1.0,0.0,0.15091203153133392,0.051633045077323914,0.44424131512641907,0.9462919235229492,0.9377589225769043,0.0622410774230957
9,980,0.3065243065357208,0.22985638678073883,0.10087241977453232,0.008021893911063671,0.10877604166666667,0.7257311940193176,0.8398499166319674,0.0298203075895222,1.0,0.0,0.15305397727272724,0.5229580965909091,0.8070833333333334,0.635546875,0.004440104166666667,0.0063671875,0.8441463708877563,0.026189766824245453,0.5226283669471741,1.0,0.0,0.1508556604385376,0.039957351982593536,0.44423413276672363,0.9630162119865417,0.9378747344017029,0.06212526559829712
9,990,0.3069746792316437,0.2300933301448822,0.10202857851982117,0.008014985360205173,0.10729166666666666,0.7290369272232056,0.8416211416056524,0.030030934140086146,1.0,0.0,0.15009469696969693,0.5225142045454545,0.8061067708333334,0.6348046875,0.0044140625,0.006302083333333333,0.8447374105453491,0.026256266981363297,0.5225861072540283,1.0,0.0,0.15057381987571716,0.043768808245658875,0.4441981911659241,0.9546540975570679,0.9379503726959229,0.06204962730407715
9,1000,0.308586448431015,0.23036400973796844,0.10322423279285431,0.008214091882109642,0.11205729166666667,0.7243895530700684,0.8489864388242448,0.023960613350315768,1.0,0.0,0.1512784090909091,0.5226917613636364,0.8056770833333333,0.6366276041666666,0.004466145833333333,0.006328125,0.8454833030700684,0.02618822641670704,0.5225818157196045,1.0,0.0,0.1505456417798996,0.041148439049720764,0.4441945552825928,0.9579989314079285,0.9380881190299988,0.06191188097000122
9,1010,0.3080969750881195,0.23101569712162018,0.10343476384878159,0.008110571652650833,0.11061197916666667,0.7226198315620422,0.8465653501397897,0.027116717906986776,1.0,0.0,0.14891098484848483,0.5223366477272727,0.8042708333333334,0.6355859375,0.004361979166666667,0.006276041666666667,0.8459942936897278,0.026290209963917732,0.5225226879119873,1.0,0.0,0.1501510590314865,0.04336263984441757,0.4441443085670471,0.9513092041015625,0.9382487535476685,0.06175124645233154
9,1020,0.3082588315010071,0.2305048257112503,0.10356717556715012,0.008149680681526661,0.10852864583333334,0.7253980040550232,0.8478386981377123,0.025924369465650576,1.0,0.0,0.1512784090909091,0.5226917613636364,0.8047916666666667,0.6384895833333334,0.004466145833333333,0.006328125,0.8465375304222107,0.026440754532814026,0.5224888324737549,1.0,0.0,0.1499255895614624,0.039965659379959106,0.4441155195236206,0.9579989314079285,0.9384701251983643,0.06152987480163574
9,1030,0.30884119868278503,0.23042196035385132,0.10414288192987442,0.008200554177165031,0.11100260416666667,0.7219302654266357,0.8501778691073295,0.02437334825716367,1.0,0.0,0.14831912878787876,0.5222478693181818,0.8045833333333333,0.6387760416666667,0.004361979166666667,0.006263020833333333,0.8471693992614746,0.02647128701210022,0.5224719047546387,1.0,0.0,0.14981286227703094,0.04480328410863876,0.44410112500190735,0.9496367573738098,0.9386261105537415,0.061373889446258545
9,1040,0.3085514307022095,0.23091630637645721,0.1042042076587677,0.00821772776544094,0.11083333333333334,0.721868634223938,0.8507424059174745,0.023849763248751793,1.0,0.0,0.14831912878787876,0.5222478693181818,0.8037890625,0.6326302083333334,0.004388020833333333,0.006263020833333333,0.8479329943656921,0.026368191465735435,0.5224508047103882,1.0,0.0,0.14967194199562073,0.04374232143163681,0.44408318400382996,0.9496367573738098,0.93885338306427,0.06114661693572998
9,1050,0.3077653646469116,0.23060020804405212,0.10435553640127182,0.008208271116018295,0.11408854166666667,0.7214870452880859,0.8507447857279714,0.02413807573114951,1.0,0.0,0.150686553030303,0.5226029829545454,0.8042708333333334,0.6305859375,0.004401041666666667,0.006315104166666667,0.8488929867744446,0.026030272245407104,0.522501528263092,1.0,0.0,0.1500101387500763,0.04029303789138794,0.44412630796432495,0.9563265442848206,0.9313340783119202,0.06866592168807983
9,1060,0.3077354431152344,0.2305559664964676,0.10446260869503021,0.008250921033322811,0.11196614583333334,0.7208242416381836,0.8520702510683554,0.02283777337430451,1.0,0.0,0.1524621212121212,0.5228693181818181,0.8030729166666667,0.6273307291666667,0.004440104166666667,0.006354166666666667,0.8495573997497559,0.026012366637587547,0.5225776433944702,1.0,0.0,0.15051744878292084,0.03562331199645996,0.44419100880622864,0.9613437652587891,0.9288251399993896,0.07117486000061035
9,1070,0.3086858093738556,0.23063106834888458,0.10543369501829147,0.00825582817196846,0.11470052083333333,0.719760537147522,0.8538452828623787,0.022688165488766454,1.0,0.0,0.15364583333333331,0.523046875,0.8034635416666667,0.6303645833333333,0.004453125,0.006380208333333333,0.8504544496536255,0.025843005627393723,0.5226029753684998,1.0,0.0,0.15068656206130981,0.03409869968891144,0.44421255588531494,0.9646886587142944,0.9299047589302063,0.0700952410697937
9,1080,0.30793634057044983,0.23086504638195038,0.10562296211719513,0.008181520737707615,0.1162109375,0.7200288772583008,0.852171966939829,0.024953636045499522,1.0,0.0,0.14713541666666666,0.5220703125,0.8031770833333334,0.6295703125,0.004401041666666667,0.006236979166666667,0.8513851165771484,0.025614287704229355,0.5226283669471741,1.0,0.0,0.1508556604385376,0.04497118294239044,0.44423413276672363,0.9462919235229492,0.9310864806175232,0.0689135193824768
9,1090,0.30783289670944214,0.23149040341377258,0.10560843348503113,0.008111302740871906,0.11600260416666666,0.7196463346481323,0.8502634825477792,0.02709442863195405,1.0,0.0,0.1495028409090909,0.5224254261363637,0.8014713541666667,0.6247786458333333,0.004348958333333333,0.0062890625,0.8523069620132446,0.025364574044942856,0.5226367712020874,1.0,0.0,0.15091201663017273,0.03859981894493103,0.4442412555217743,0.9529816508293152,0.9320607781410217,0.06793922185897827
9,1100,0.30847907066345215,0.23111578822135925,0.10598248988389969,0.008205701597034931,0.11787760416666666,0.7201637625694275,0.8534291533074615,0.024216414724544777,1.0,0.0,0.14891098484848483,0.5223366477272727,0.8027213541666667,0.6269921875,0.004375,0.006276041666666667,0.8532030582427979,0.025059152394533157,0.5226748585700989,1.0,0.0,0.1511656790971756,0.037333108484745026,0.4442736506462097,0.9513092041015625,0.9332757592201233,0.06672424077987671
9,1110,0.30800482630729675,0.23166035115718842,0.10661040991544724,0.008099731989204884,0.11455729166666667,0.7173071503639221,0.8516487001676608,0.027447195451070605,1.0,0.0,0.14595170454545453,0.5218927556818181,0.8011067708333334,0.6263932291666666,0.0044140625,0.0062109375,0.8537737727165222,0.025060519576072693,0.5226960182189941,1.0,0.0,0.15130659937858582,0.0442519411444664,0.4442916214466095,0.9429470896720886,0.9343599677085876,0.06564003229141235
9,1120,0.3073916733264923,0.23156295716762543,0.10704618692398071,0.008075597696006298,0.11735677083333333,0.7175154685974121,0.8517386635240537,0.028182997072978694,1.0,0.0,0.1495028409090909,0.5224254261363637,0.7996875,0.62078125,0.0044140625,0.0062890625,0.8544875383377075,0.024871792644262314,0.5227171182632446,1.0,0.0,0.15144751965999603,0.0362168624997139,0.4443095624446869,0.9529816508293152,0.9354798793792725,0.06452012062072754
9,1130,0.30758926272392273,0.23147273063659668,0.1072813868522644,0.008127134293317795,0.11552083333333334,0.7172449231147766,0.8535193833680806,0.02661175935006721,1.0,0.0,0.1495028409090909,0.5224254261363637,0.8004296875,0.6187369791666667,0.0044921875,0.0062890625,0.8550995588302612,0.024796610698103905,0.5227763056755066,1.0,0.0,0.15184208750724792,0.037208348512649536,0.4443598687648773,0.946263313293457,0.9367133975028992,0.06328660249710083
9,1140,0.30744943022727966,0.23151955008506775,0.10746984928846359,0.008153890259563923,0.1191796875,0.7173905968666077,0.8545561627954189,0.02579602867183159,1.0,0.0,0.1495028409090909,0.5224254261363637,0.798984375,0.621484375,0.004440104166666667,0.0062890625,0.8554234504699707,0.025287609547376633,0.5227805376052856,1.0,0.0,0.1518702656030655,0.032587237656116486,0.44436347484588623,0.9529816508293152,0.937961220741272,0.06203877925872803
9,1150,0.30784299969673157,0.23169519007205963,0.10772617906332016,0.008216459304094315,0.11735677083333333,0.717113733291626,0.8566686333276988,0.02388843585078307,1.0,0.0,0.15305397727272724,0.5229580965909091,0.8001171875,0.6187109375,0.004518229166666667,0.0063671875,0.8607759475708008,0.027661949396133423,0.5217211246490479,1.0,0.0,0.14480745792388916,0.03065168857574463,0.44346296787261963,0.9461513161659241,0.9394640922546387,0.06053590774536133
9,1160,0.30770406126976013,0.231501504778862,0.10791148245334625,0.008195431903004646,0.11733072916666666,0.7135970592498779,0.8564180738947181,0.024529515152297343,1.0,0.0,0.16074810606060605,0.524112215909091,0.8005598958333333,0.62078125,0.004453125,0.006536458333333333,0.865307092666626,0.02727898582816124,0.5208714008331299,1.0,0.0,0.13914255797863007,0.017941519618034363,0.44274070858955383,0.9550518989562988,0.9408313035964966,0.05916869640350342
9,1170,0.3099452257156372,0.232454314827919,0.1092224195599556,0.008158874697983265,0.1161328125,0.7134956121444702,0.8576557797828154,0.02564406408587605,1.0,0.0,0.1554214015151515,0.5233132102272727,0.7984244791666667,0.6231640625,0.004479166666666667,0.006419270833333333,0.8716508150100708,0.027592554688453674,0.5230358839035034,1.0,0.0,0.15357255935668945,0.02429768443107605,0.4445805251598358,0.9652960300445557,0.942142128944397,0.05785787105560303
9,1180,0.31008273363113403,0.23237177729606628,0.10932482033967972,0.008186707273125648,0.12334635416666667,0.7142422795295715,0.8585758010358121,0.024795509965681417,1.0,0.0,0.150686553030303,0.5226029829545454,0.7990494791666667,0.6214322916666667,0.004505208333333333,0.006315104166666667,0.8779391050338745,0.027855172753334045,0.5276185274124146,1.0,0.0,0.18412360548973083,0.018628239631652832,0.44847574830055237,0.9563265442848206,0.9403091073036194,0.059690892696380615
9,1190,0.31023988127708435,0.23238007724285126,0.10958489775657654,0.008193898014724255,0.11760416666666666,0.7117031812667847,0.8592088543845945,0.02457628003889467,1.0,0.0,0.1542376893939394,0.523135653409091,0.7987109375,0.6187630208333333,0.004518229166666667,0.006393229166666667,0.8843929767608643,0.027837950736284256,0.5319137573242188,1.0,0.0,0.2127581536769867,0.026726797223091125,0.45212671160697937,0.9463752508163452,0.9415665864944458,0.0584334135055542
9,1200,0.31105563044548035,0.23246966302394867,0.1098131313920021,0.00822535902261734,0.1198046875,0.7122505903244019,0.8604391717429903,0.023617102968983505,1.0,0.0,0.1554214015151515,0.5233132102272727,0.7993489583333333,0.6203385416666667,0.004505208333333333,0.006419270833333333,0.8908467888832092,0.02790066786110401,0.5379887223243713,1.0,0.0,0.2532580494880676,0.020568370819091797,0.4572904407978058,0.9531487226486206,0.9429250359535217,0.05707496404647827
9,1210,0.31086960434913635,0.23281589150428772,0.11032069474458694,0.00821315124630928,0.12384114583333333,0.7150084376335144,0.8609705994030773,0.023989291271058505,1.0,0.0,0.1542376893939394,0.523135653409091,0.7988671875,0.6208072916666667,0.004466145833333333,0.006393229166666667,0.8971487879753113,0.028102705255150795,0.5440679788589478,1.0,0.0,0.29378607869148254,0.011074468493461609,0.4624578058719635,0.9551638960838318,0.944245457649231,0.05575454235076904
9,1220,0.31091058254241943,0.23280954360961914,0.11023148149251938,0.00824056752026081,0.12572916666666667,0.7111250758171082,0.8615551816997787,0.023153429260341113,1.0,0.0,0.15187026515151514,0.5227805397727273,0.7991276041666666,0.619296875,0.004557291666666667,0.006341145833333333,0.9035282731056213,0.028165362775325775,0.5501682758331299,1.0,0.0,0.33445504307746887,0.009769313037395477,0.46764305233955383,0.9486702680587769,0.9456519484519958,0.05434805154800415
9,1230,0.31078171730041504,0.23281680047512054,0.1103401780128479,0.008201465010643005,0.12606770833333333,0.7117290496826172,0.8606900379358046,0.024345578943810786,1.0,0.0,0.15956439393939392,0.5239346590909091,0.7977213541666667,0.6174088541666667,0.0044921875,0.006510416666666667,0.9099023342132568,0.028195256367325783,0.5562432408332825,1.0,0.0,0.3749549388885498,0.0,0.47280678153038025,0.9435363411903381,0.9469559192657471,0.05304408073425293
9,1240,0.3173701763153076,0.2360299676656723,0.11352397501468658,0.007862354628741741,0.12014322916666667,0.70865398645401,0.856979918675899,0.034684310099337146,1.0,0.0,0.14891098484848483,0.5223366477272727,0.7982552083333333,0.6295442708333333,0.0044921875,0.006276041666666667,0.916304349899292,0.028074484318494797,0.5623182058334351,1.0,0.0,0.41545480489730835,0.03085564821958542,0.4779704809188843,0.9513092041015625,0.9483656287193298,0.051634371280670166
9,1250,0.6802699565887451,0.30349254608154297,0.2501164376735687,0.016194403171539307,0.10770833333333334,0.5167246460914612,0.9631445312499999,0.0737109375,1.0,0.0,0.0,0.5,0.44329427083333334,0.47220052083333336,0.014557291666666666,0.00109375,0.9226433038711548,0.028020042926073074,0.5683932304382324,1.0,0.0,0.4559546411037445,0.4736391305923462,0.48313426971435547,0.3162781000137329,0.9497684240341187,0.05023157596588135
9,1260,0.4114479720592499,0.27999237179756165,0.15640075504779816,0.008472057059407234,0.11442708333333333,0.7360508441925049,0.945898493438344,0.016095821359535523,1.0,0.0,0.03172348484848484,0.5047585227272727,0.7335807291666666,0.5552734375,0.0011197916666666667,0.0036979166666666666,0.9289208650588989,0.02797810733318329,0.5744428038597107,1.0,0.0,0.4962853789329529,0.05186021327972412,0.4882763922214508,0.7108016014099121,0.951082706451416,0.048917293548583984
9,1270,0.35054489970207214,0.27071160078048706,0.2301187962293625,0.02626788802444935,0.248671875,0.6604612469673157,0.9852886284722221,0.02942274305555556,1.0,0.0,0.4554924242424242,0.5683238636363637,0.6205859375,0.5944010416666666,6.510416666666667e-05,0.013020833333333334,0.9357580542564392,0.026810036972165108,0.5749374628067017,1.0,0.0,0.4995828866958618,0.0,0.4886968433856964,1.0,0.9523279666900635,0.04767203330993652
9,1280,0.3436036705970764,0.2665427625179291,0.23106083273887634,0.03080037422478199,0.2651953125,0.6006143093109131,0.9858984375,0.02820312500000001,1.0,0.0,0.7952178030303031,0.6192826704545454,0.6207552083333333,0.5873567708333334,0.00020833333333333335,0.020494791666666668,0.9362561106681824,0.03621963411569595,0.5786957740783691,1.0,0.0,0.5246381163597107,0.0,0.49189141392707825,1.0,0.9535163640975952,0.046483635902404785
9,1290,0.3336130678653717,0.27807891368865967,0.2772515118122101,0.030324941501021385,0.22975260416666668,0.5935129523277283,0.9877039930555555,0.024592013888888896,1.0,0.0,0.7484611742424242,0.6122691761363637,0.6092708333333333,0.5237239583333333,0.00024739583333333335,0.019466145833333334,0.9424638152122498,0.03609234094619751,0.5847622156143188,1.0,0.0,0.5650815963745117,0.0,0.49704790115356445,1.0,0.9549767374992371,0.04502326250076294
9,1300,0.32993367314338684,0.27900487184524536,0.2809246778488159,0.03456919267773628,0.24084635416666667,0.60103839635849,0.9857942708333333,0.028411458333333334,1.0,0.0,1.0,0.65,0.5856640625,0.5102473958333333,0.0003125,0.0261328125,0.9484464526176453,0.03636549413204193,0.5897676944732666,1.0,0.0,0.5984510183334351,0.0,0.5013025403022766,1.0,0.956355094909668,0.04364490509033203
9,1310,0.3295387625694275,0.2789963185787201,0.2812958061695099,0.035414230078458786,0.2454296875,0.597571849822998,0.9857703993055554,0.028459201388888897,1.0,0.0,1.0,0.65,0.5788932291666666,0.5111588541666666,0.000390625,0.0279296875,0.9543519020080566,0.03672152757644653,0.5954959988594055,1.0,0.0,0.6366398334503174,0.0,0.5061715841293335,1.0,0.957755446434021,0.042244553565979004
9,1320,0.3289409279823303,0.27830231189727783,0.28118306398391724,0.0356636717915535,0.24451822916666666,0.5997815728187561,0.9856184895833333,0.028763020833333344,1.0,0.0,1.0,0.65,0.5800520833333334,0.5124479166666667,0.00037760416666666666,0.026731770833333335,0.9604283571243286,0.03666693717241287,0.599482536315918,1.0,0.0,0.6632170081138611,0.0,0.5095601677894592,1.0,0.9592611789703369,0.040738821029663086
9,1330,0.3279567062854767,0.27822551131248474,0.2814776301383972,0.035915810614824295,0.24446614583333334,0.5983405709266663,0.9855946180555555,0.028810763888888893,1.0,0.0,1.0,0.65,0.5789322916666667,0.511484375,0.000390625,0.027890625,0.9662678241729736,0.037070877850055695,0.6038834452629089,1.0,0.0,0.6925561428070068,0.0,0.5133009552955627,1.0,0.960635781288147,0.03936421871185303
9,1340,0.3321479260921478,0.2780207097530365,0.2807310223579407,0.0366046205163002,0.255546875,0.5860498547554016,0.9879622395833333,0.024075520833333336,1.0,0.0,1.0,0.65,0.584453125,0.5094791666666667,0.0003385416666666667,0.03515625,0.972364604473114,0.03698568046092987,0.6083477139472961,1.0,0.0,0.7223180532455444,0.0,0.5170955657958984,1.0,0.9620966911315918,0.0379033088684082
9,1350,0.3330884277820587,0.2715425491333008,0.269272118806839,0.035726819187402725,0.2502213541666667,0.5779387354850769,0.9876736111111111,0.024652777777777787,1.0,0.0,1.0,0.65,0.5967578125,0.533125,0.00037760416666666666,0.028372395833333335,0.9781718254089355,0.037340499460697174,0.6112097501754761,1.0,0.0,0.7413983941078186,0.0,0.519528329372406,1.0,0.963466465473175,0.03653353452682495
9,1360,0.3525451719760895,0.27933770418167114,0.2698017656803131,0.036098938435316086,0.2655208333333333,0.594673752784729,0.9884960937499999,0.023007812500000002,1.0,0.0,1.0,0.65,0.58890625,0.5440364583333334,0.0004947916666666667,0.032513020833333336,0.9791653156280518,0.03535347804427147,0.6183526515960693,1.0,0.0,0.7890174388885498,0.0,0.5255997776985168,1.0,0.9649009704589844,0.035099029541015625
9,1370,0.4809287488460541,0.30238696932792664,0.2687942385673523,0.01689729280769825,0.24036458333333333,0.7039695382118225,0.9999999999999999,0.0,1.0,0.0,0.22999526515151514,0.5344992897727273,0.5847135416666667,0.584765625,0.00036458333333333335,0.008059895833333334,0.9809739589691162,0.03612222895026207,0.6252688765525818,1.0,0.0,0.8351258039474487,0.0,0.5314785838127136,1.0,0.9662067890167236,0.03379321098327637
9,1380,0.14909279346466064,0.24709643423557281,0.2543592154979706,0.007250982336699963,0.10337239583333334,0.6533368825912476,0.868114198362682,0.22324558424695234,1.0,0.0,0.6815814393939393,0.6022372159090909,0.2598958333333333,0.20130208333333333,1.3020833333333334e-05,0.017994791666666666,0.9808818101882935,0.03630658611655235,0.6291582584381104,1.0,0.0,0.8610547780990601,0.08713699877262115,0.5347845554351807,0.7293089628219604,0.967351496219635,0.03264850378036499
9,1390,0.34851139783859253,0.2847710847854614,0.24608160555362701,0.019055604934692383,0.23463541666666668,0.6009738445281982,0.9889388020833333,0.022122395833333336,1.0,0.0,1.0,0.65,0.6128776041666667,0.4826302083333333,0.00029947916666666664,0.0282421875,0.9801350831985474,0.035521890968084335,0.628025233745575,1.0,0.0,0.853501558303833,0.0,0.5338214635848999,1.0,0.968552827835083,0.03144717216491699
9,1400,0.32736387848854065,0.27883681654930115,0.2408188283443451,0.017087647691369057,0.1993359375,0.6013817191123962,0.9848437499999999,0.030312500000000006,1.0,0.0,0.854995265151515,0.6282492897727272,0.6094661458333334,0.485234375,0.0003515625,0.021809895833333332,0.9800732135772705,0.034350842237472534,0.6264441013336182,1.0,0.0,0.8429608345031738,0.0,0.5324774980545044,1.0,0.969811201095581,0.030188798904418945
9,1410,0.3271632492542267,0.27875739336013794,0.24000802636146545,0.016874190419912338,0.19751302083333333,0.6055699586868286,0.9844531249999999,0.031093750000000003,1.0,0.0,0.9573863636363636,0.6436079545454545,0.6090494791666666,0.4830859375,0.00028645833333333333,0.0240625,0.9807497262954712,0.03299791365861893,0.6226520538330078,1.0,0.0,0.8176801204681396,0.0,0.5292542576789856,1.0,0.9709278345108032,0.029072165489196777
9,1420,0.3434056043624878,0.27869749069213867,0.24042271077632904,0.018049875274300575,0.1984765625,0.6022266149520874,0.9885785590277777,0.02284288194444445,1.0,0.0,0.7123579545454546,0.6068536931818181,0.6321614583333334,0.5208984375,0.00078125,0.018671875,0.9814273118972778,0.031642716377973557,0.6199844479560852,1.0,0.0,0.7998962998390198,0.0,0.5269867777824402,1.0,0.9719820022583008,0.02801799774169922
9,1430,0.32552370429039,0.27033358812332153,0.22029472887516022,0.0163815189152956,0.19114583333333332,0.5886526703834534,0.9841818576388888,0.03163628472222223,1.0,0.0,0.7679924242424243,0.6151988636363637,0.6121223958333334,0.5294140625,0.0004947916666666667,0.019895833333333335,0.9779194593429565,0.03027305006980896,0.6161584854125977,1.0,0.0,0.7743901014328003,0.0,0.5237347483634949,1.0,0.973076581954956,0.026923418045043945
9,1440,0.34760746359825134,0.28585678339004517,0.2568730115890503,0.010331581346690655,0.18428385416666668,0.5762275457382202,0.9887217881944443,0.02255642361111112,1.0,0.0,0.7845643939393939,0.6176846590909091,0.6203515625,0.47544270833333335,0.0007291666666666667,0.020260416666666666,0.9786053895950317,0.028901107609272003,0.6114786267280579,1.0,0.0,0.7431908845901489,0.0,0.5197568535804749,1.0,0.9742082953453064,0.025791704654693604
9,1450,0.29843607544898987,0.2579534649848938,0.19519492983818054,0.01674746535718441,0.17434895833333333,0.6006544828414917,0.9789322916666666,0.042135416666666675,1.0,0.0,0.5495975378787878,0.5824396306818181,0.591953125,0.5160286458333333,0.0005078125,0.015091145833333333,0.9778134226799011,0.027754653245210648,0.6072468757629395,1.0,0.0,0.7149790525436401,0.0,0.5161598324775696,1.0,0.9752058982849121,0.02479410171508789
9,1460,0.3160443603992462,0.26311054825782776,0.20750175416469574,0.02102334052324295,0.20876302083333334,0.5732964873313904,0.9840082465277777,0.03198350694444445,1.0,0.0,1.0,0.65,0.5972395833333334,0.5207552083333333,0.0008723958333333333,0.031640625,0.9773048162460327,0.02658071182668209,0.6032518148422241,1.0,0.0,0.6883455514907837,0.0,0.512764036655426,1.0,0.9839022755622864,0.016097724437713623
9,1470,0.31428781151771545,0.2632995545864105,0.20597492158412933,0.021307379007339478,0.21053385416666667,0.5726516246795654,0.9838802083333332,0.032239583333333335,1.0,0.0,1.0,0.65,0.5962630208333334,0.5195182291666667,0.0008723958333333333,0.031510416666666666,0.9762617349624634,0.025485102087259293,0.5992567539215088,1.0,0.0,0.6617120504379272,0.0,0.5093682408332825,1.0,0.9877527952194214,0.012247204780578613
9,1480,0.3101522922515869,0.26147130131721497,0.20094303786754608,0.020997432991862297,0.20643229166666666,0.5726222991943359,0.9833528645833333,0.033294270833333334,1.0,0.0,1.0,0.65,0.5975260416666667,0.5132942708333333,0.000703125,0.0307421875,0.9745952486991882,0.025485102087259293,0.6007617712020874,1.0,0.0,0.6717453598976135,0.0,0.5106475353240967,1.0,0.9880256056785583,0.01197439432144165
9,1490,0.3479768931865692,0.19531019032001495,0.16794353723526,0.03417711704969406,0.2725520833333333,0.5384767055511475,0.9702171359612392,0.011724524199962626,1.0,0.0,0.6366003787878788,0.5954900568181818,0.7344661458333334,0.8002473958333334,0.0014322916666666666,0.017005208333333334,0.9791581034660339,0.014854359440505505,0.5990158319473267,1.0,0.0,0.6601055264472961,0.0,0.509163498878479,1.0,0.9883284568786621,0.01167154312133789
9,1500,0.3729209005832672,0.20108534395694733,0.17196626961231232,0.04139114171266556,0.28880208333333335,0.5522803664207458,0.9864044562669901,0.0,1.0,0.0,0.5271070075757575,0.5790660511363637,0.7225651041666666,0.8196875,0.0017578125,0.014596354166666667,0.9796848297119141,0.013800911605358124,0.5942175388336182,1.0,0.0,0.6281170845031738,0.0,0.5050849318504333,1.0,0.987867534160614,0.012132465839385986
9,1510,0.3633540868759155,0.21605341136455536,0.22649651765823364,0.033045388758182526,0.2776822916666667,0.5996186137199402,0.9999999999999999,0.0,1.0,0.0,0.46910511363636365,0.5703657670454545,0.7549739583333334,0.7864322916666666,0.0010026041666666666,0.0133203125,0.980406641960144,0.012357460334897041,0.5906537771224976,1.0,0.0,0.6043583154678345,0.0,0.5020557045936584,1.0,0.9881069660186768,0.011893033981323242
9,1520,0.3733060359954834,0.22938871383666992,0.2312382608652115,0.042700231075286865,0.29858072916666667,0.5807002782821655,0.9999999999999999,0.0,1.0,0.0,0.6265388257575758,0.5939808238636364,0.7380208333333333,0.7706380208333333,0.0006510416666666666,0.016783854166666667,0.9809325933456421,0.01087680459022522,0.586409330368042,1.0,0.0,0.5760619640350342,0.0,0.4984479546546936,1.0,0.9882822036743164,0.011717796325683594
9,1530,0.32988032698631287,0.21337789297103882,0.1279730349779129,0.021582331508398056,0.24744791666666666,0.5521706342697144,0.9119543668856988,0.0,1.0,0.0,0.4643702651515151,0.5696555397727272,0.6718489583333334,0.7566015625,0.000234375,0.013216145833333333,0.9798566102981567,0.00978904776275158,0.5838178396224976,1.0,0.0,0.5587854385375977,0.0,0.4962451756000519,1.0,0.988410472869873,0.011589527130126953
9,1540,0.3831465542316437,0.20689396560192108,0.18284989893436432,0.028872305527329445,0.28170572916666664,0.5098967552185059,0.9999999999999999,0.0,1.0,0.0,0.3448153409090909,0.5517223011363637,0.44890625,0.8091536458333334,0.0021354166666666665,0.0105859375,0.9806098937988281,0.008282558061182499,0.580300509929657,1.0,0.0,0.5353366732597351,0.0,0.4932554364204407,1.0,0.9884915351867676,0.011508464813232422
9,1550,0.37201830744743347,0.22238466143608093,0.16305910050868988,0.031034043058753014,0.2759765625,0.5100598931312561,0.9713307854762444,0.0,1.0,0.0,0.40755208333333337,0.5611328125,0.4783854166666667,0.7762239583333334,0.002395833333333333,0.011966145833333334,0.9793565273284912,0.008595556020736694,0.5761997699737549,1.0,0.0,0.507998526096344,0.0,0.4897698163986206,1.0,0.9885351061820984,0.011464893817901611
9,1560,0.3734591603279114,0.22439512610435486,0.16640479862689972,0.038865379989147186,0.2973177083333333,0.4962243139743805,0.9769927361378302,0.0,1.0,0.0,0.4406960227272727,0.566104403409091,0.4457552083333333,0.77359375,0.0018619791666666667,0.0126953125,0.9800628423690796,0.006960228085517883,0.5738915205001831,1.0,0.0,0.49261027574539185,0.0,0.4878078103065491,1.0,0.9885509610176086,0.011449038982391357
9,1570,0.37021756172180176,0.22211438417434692,0.16025812923908234,0.037665173411369324,0.2923177083333333,0.49081167578697205,0.9665906802507548,0.0,1.0,0.0,0.4406960227272727,0.566104403409091,0.4619270833333333,0.7747395833333334,0.0025390625,0.0126953125,0.98082435131073,0.00543720368295908,0.5671063661575317,1.0,0.0,0.4473755359649658,0.0,0.4820404350757599,1.0,0.9885565042495728,0.011443495750427246
9,1580,0.3693957030773163,0.2214910089969635,0.15932008624076843,0.03831629455089569,0.2942838541666667,0.48690682649612427,0.9650032228689928,0.0,1.0,0.0,0.4406960227272727,0.566104403409091,0.458515625,0.7740885416666666,0.0022395833333333334,0.0126953125,0.9804977178573608,0.0039019854739308357,0.5605409145355225,1.0,0.0,0.4036063551902771,0.0,0.476459801197052,1.0,0.988552987575531,0.011447012424468994
9,1590,0.37016764283180237,0.22167839109897614,0.1586887687444687,0.03853170573711395,0.2968359375,0.4838287830352783,0.9639348394137163,0.0,1.0,0.0,0.4371448863636363,0.5655717329545454,0.4470442708333333,0.773984375,0.0025651041666666665,0.0126171875,0.9779965281486511,0.0038337567821145058,0.5552353858947754,1.0,0.0,0.3682359457015991,0.0,0.47195008397102356,1.0,0.991858184337616,0.008141815662384033
9,1600,0.3925682008266449,0.22574208676815033,0.19306376576423645,0.02397250384092331,0.26684895833333333,0.5250974297523499,0.9999999999999999,0.0,1.0,0.0,0.32824337121212116,0.5492365056818181,0.4210026041666667,0.7663932291666666,0.0008072916666666667,0.010221354166666667,0.974965512752533,0.006468095816671848,0.5514264106750488,1.0,0.0,0.3428425192832947,0.0,0.4687124490737915,1.0,0.9918766021728516,0.008123397827148438
9,1610,0.38476723432540894,0.20625999569892883,0.18828335404396057,0.028179079294204712,0.26858072916666664,0.5242581963539124,0.9999999999999999,0.0,1.0,0.0,0.3560606060606061,0.553409090909091,0.5333854166666666,0.8202604166666667,0.003046875,0.010833333333333334,0.9726395606994629,0.008811462670564651,0.5489828586578369,1.0,0.0,0.3265523314476013,0.0,0.46663543581962585,1.0,0.9919233918190002,0.008076608180999756
9,1620,0.3823617696762085,0.22651702165603638,0.17734096944332123,0.026092814281582832,0.2674739583333333,0.5118605494499207,0.9955001021348514,0.0,1.0,0.0,0.3631628787878788,0.5544744318181818,0.4184114583333333,0.7727473958333333,0.0050651041666666665,0.010989583333333334,0.9726395606994629,0.008811462670564651,0.5471354722976685,1.0,0.0,0.3142361044883728,0.0,0.4650651514530182,1.0,0.991927981376648,0.00807201862335205
9,1630,0.37444189190864563,0.21043050289154053,0.15989963710308075,0.027876686304807663,0.2687630208333333,0.5320010185241699,0.9659840012513673,0.0,1.0,0.0,0.3495501893939394,0.552432528409091,0.4854817708333333,0.8043880208333334,0.0040494791666666665,0.010690104166666667,0.9726395606994629,0.008811462670564651,0.5439773797988892,1.0,0.0,0.29318296909332275,0.0,0.4623807966709137,1.0,0.9905143976211548,0.009485602378845215
9,1640,0.4053157866001129,0.20658428966999054,0.1829911321401596,0.02793561853468418,0.27458333333333335,0.5282585620880127,0.9999999999999999,0.0,1.0,0.0,0.27556818181818177,0.5413352272727273,0.46045572916666666,0.8401953125,0.0028125,0.0090625,0.9754960536956787,0.0104816360399127,0.5412718057632446,1.0,0.0,0.27514541149139404,0.0,0.4600810408592224,1.0,0.990582287311554,0.009417712688446045
9,1650,0.40492722392082214,0.18834824860095978,0.1715519279241562,0.023111362010240555,0.27522135416666665,0.541297197341919,0.9623997598427992,0.029129378497600566,1.0,0.0,0.21046401515151514,0.5315696022727273,0.45666666666666667,0.8644010416666666,0.0048177083333333336,0.0076302083333333335,0.9754960536956787,0.0104816360399127,0.5404220819473267,1.0,0.0,0.26948052644729614,0.0,0.4593587815761566,1.0,0.9906519055366516,0.009348094463348389
9,1660,0.3947475552558899,0.19688259065151215,0.18635420501232147,0.01988784782588482,0.26630208333333333,0.5506159663200378,0.9937651813030243,0.007793523371219668,1.0,0.0,0.22644412878787878,0.5339666193181818,0.5716666666666667,0.8259635416666666,0.0057942708333333336,0.007981770833333334,0.9749459624290466,0.01188233494758606,0.5383251905441284,1.0,0.0,0.2555014491081238,0.0,0.4575764238834381,1.0,0.9907205700874329,0.009279429912567139
9,1670,0.4195880591869354,0.2101428359746933,0.20299871265888214,0.02196028083562851,0.2690234375,0.6083158254623413,0.9999999999999999,0.0,1.0,0.0,0.05007102272727273,0.507510653409091,0.6183072916666666,0.795859375,0.0050651041666666665,0.0041015625,0.9757290482521057,0.012272953987121582,0.5368497967720032,1.0,0.0,0.24566537141799927,0.0,0.4563223421573639,1.0,0.9907883405685425,0.00921165943145752
9,1680,0.3985673189163208,0.20023581385612488,0.1664215624332428,0.02098647691309452,0.23614583333333333,0.589339017868042,0.9770211056562571,0.0,1.0,0.0,0.08084753787878787,0.5121271306818181,0.5833072916666666,0.8522265625,0.0021354166666666665,0.0047786458333333335,0.9752928018569946,0.013795657083392143,0.5351249575614929,1.0,0.0,0.23416642844676971,0.0,0.4548562169075012,1.0,0.9908618927001953,0.009138107299804688
9,1690,0.3904096782207489,0.18725541234016418,0.15418784320354462,0.01935715600848198,0.2536979166666667,0.5701852440834045,0.9308287131786347,0.031861469149589546,1.0,0.0,0.2572206439393939,0.5385830965909091,0.5402473958333334,0.852734375,0.0014192708333333334,0.008658854166666667,0.9769592881202698,0.013795657083392143,0.5335015654563904,1.0,0.0,0.22334393858909607,0.0,0.45347633957862854,1.0,0.9909611344337463,0.009038865566253662
9,1700,0.425199955701828,0.17318174242973328,0.15648353099822998,0.018214594572782516,0.2669401041666667,0.5711544752120972,0.9065663834718557,0.06704564392566681,1.0,0.0,0.10333806818181819,0.5155007102272727,0.6509114583333333,0.8986458333333334,0.0029817708333333332,0.0052734375,0.9786766767501831,0.013795657083392143,0.5317344665527344,1.0,0.0,0.21156318485736847,0.0,0.4519743025302887,0.9472153782844543,0.9910057187080383,0.00899428129196167
9,1710,0.3948902487754822,0.18031571805477142,0.1663665920495987,0.016070516780018806,0.27772135416666666,0.5428969264030457,0.9375595149627097,0.04921070486307146,1.0,0.0,0.18501420454545453,0.5277521306818181,0.6921484375,0.86296875,0.00859375,0.0070703125,0.9786766767501831,0.013795657083392143,0.5306775569915771,1.0,0.0,0.20451727509498596,0.0,0.451075941324234,1.0,0.9910445213317871,0.00895547866821289
9,1720,0.40651312470436096,0.22035935521125793,0.21758143603801727,0.043928347527980804,0.28328125,0.6158241033554077,0.9999999999999999,0.0,1.0,0.0,0.21046401515151514,0.5315696022727273,0.68984375,0.7919401041666667,0.0011197916666666667,0.0076302083333333335,0.9750753045082092,0.016690921038389206,0.5293881893157959,1.0,0.0,0.19592127203941345,0.0,0.4499799609184265,1.0,0.9910736083984375,0.0089263916015625
9,1730,0.44364044070243835,0.23516342043876648,0.19557829201221466,0.025356806814670563,0.2740625,0.5775344371795654,0.9999999999999999,0.0,1.0,0.0,0.18442234848484845,0.5276633522727273,0.4457291666666667,0.7697005208333333,0.0031510416666666666,0.007057291666666667,0.9740809798240662,0.018201708793640137,0.5274942517280579,1.0,0.0,0.18329501152038574,0.0,0.4483701288700104,1.0,0.9911239147186279,0.00887608528137207
9,1740,0.40010130405426025,0.18597054481506348,0.19095353782176971,0.025608951225876808,0.27884114583333336,0.56890469789505,0.9719410896301269,0.035073637962341316,1.0,0.0,0.08558238636363635,0.5128373579545454,0.532734375,0.8606119791666667,0.003411458333333333,0.0048828125,0.9720058441162109,0.018201710656285286,0.5271941423416138,1.0,0.0,0.18129396438598633,0.0,0.4481150209903717,1.0,0.9911882281303406,0.008811771869659424
9,1750,0.40641462802886963,0.2010921984910965,0.1970873773097992,0.028027204796671867,0.2808203125,0.5644928216934204,0.9999999999999999,0.0,1.0,0.0,0.2258522727272727,0.533877840909091,0.4648046875,0.8444401041666667,0.0047786458333333335,0.00796875,0.9720058441162109,0.018201710656285286,0.5274350643157959,1.0,0.0,0.18290042877197266,0.0,0.44831982254981995,1.0,0.9912618398666382,0.008738160133361816
9,1760,0.4056307077407837,0.1882341355085373,0.17013755440711975,0.02640664391219616,0.2816666666666667,0.567791223526001,0.9597779784752772,0.02941466122865678,1.0,0.0,0.11399147727272724,0.5170987215909091,0.5837890625,0.8611979166666667,0.0033984375,0.0055078125,0.9725691080093384,0.016814596951007843,0.5280691981315613,1.0,0.0,0.1871279776096344,0.0,0.4488588273525238,1.0,0.991342306137085,0.008657693862915039
9,1770,0.40542125701904297,0.19671879708766937,0.18683549761772156,0.03554564341902733,0.29265625,0.5525540113449097,0.9934375941753387,0.008203007280826591,1.0,0.0,0.2341382575757575,0.5351207386363637,0.6308203125,0.8379557291666667,0.0052734375,0.008151041666666666,0.9725116491317749,0.01644347608089447,0.5284454822540283,1.0,0.0,0.18963631987571716,0.0,0.44917866587638855,1.0,0.9914212226867676,0.008578777313232422
9,1780,0.3855060338973999,0.18720929324626923,0.16996046900749207,0.03285297006368637,0.281171875,0.5873907208442688,0.9574286109667557,0.03197676688432694,1.0,0.0,0.19921874999999997,0.5298828125,0.6458854166666667,0.8476432291666667,0.0025260416666666665,0.0073828125,0.9725116491317749,0.01644347608089447,0.5303943753242493,1.0,0.0,0.2026289701461792,0.0,0.4508352279663086,1.0,0.9914939403533936,0.008506059646606445
9,1790,0.43084707856178284,0.23675349354743958,0.2111664116382599,0.026456838473677635,0.27588541666666666,0.5820594429969788,0.9999999999999999,0.0,1.0,0.0,0.21342329545454541,0.5320134943181818,0.5397005208333333,0.7837109375,0.005625,0.0076953125,0.9736058712005615,0.01644347608089447,0.5322333574295044,1.0,0.0,0.21488885581493378,0.0,0.4523983597755432,1.0,0.9915634989738464,0.008436501026153564
9,1800,0.39249011874198914,0.201976478099823,0.20061582326889038,0.03911774232983589,0.28546875,0.5781859755516052,0.9999999999999999,0.0,1.0,0.0,0.189749053030303,0.5284623579545454,0.6511328125,0.8194401041666667,0.0044140625,0.007174479166666667,0.9749100208282471,0.014926263131201267,0.5336580276489258,1.0,0.0,0.22438672184944153,0.0,0.4536093473434448,1.0,0.9916459321975708,0.0083540678024292
9,1810,0.4203172028064728,0.2243965119123459,0.21928374469280243,0.03501597046852112,0.28044270833333335,0.5819234251976013,0.9999999999999999,0.0,1.0,0.0,0.18027935606060605,0.527041903409091,0.5138411458333333,0.8105598958333333,0.011197916666666667,0.006966145833333334,0.9787015914916992,0.011733613908290863,0.5353109836578369,1.0,0.0,0.2354065179824829,0.0,0.45501434803009033,1.0,0.9917641282081604,0.0082358717918396
9,1820,0.39030638337135315,0.1756797879934311,0.1640525460243225,0.03903864696621895,0.31061197916666666,0.5312455296516418,0.9243715769511002,0.060800530016422306,1.0,0.0,0.17554450757575754,0.5263316761363637,0.5853776041666666,0.8512630208333334,0.011041666666666667,0.006861979166666666,0.9816749691963196,0.00939024705439806,0.5363087058067322,1.0,0.0,0.24205785989761353,0.0,0.4558624029159546,1.0,0.9919058084487915,0.008094191551208496
9,1830,0.4347325563430786,0.1873093694448471,0.20069155097007751,0.045125916600227356,0.3150390625,0.5583798289299011,0.9746187388896942,0.031726576387882253,1.0,0.0,0.09801136363636363,0.5147017045454545,0.5227864583333334,0.8855208333333333,0.013645833333333333,0.00515625,0.9813919067382812,0.009956343099474907,0.5374585390090942,1.0,0.0,0.24972379207611084,0.15061400830745697,0.45683977007865906,0.8797606825828552,0.9920462369918823,0.007953763008117676
9,1840,0.38832956552505493,0.26168394088745117,0.13414928317070007,0.014562712050974369,0.22221354166666665,0.5470343828201294,0.9224064792119538,0.0,1.0,0.0,0.30752840909090906,0.5461292613636364,0.4880078125,0.6708072916666666,0.0031510416666666666,0.009765625,0.9811327457427979,0.01047469675540924,0.5389551520347595,1.0,0.0,0.25970083475112915,0.0,0.45811188220977783,1.0,0.9921847581863403,0.007815241813659668
9,1850,0.38344720005989075,0.2459370642900467,0.22857904434204102,0.023155463859438896,0.2554166666666667,0.5280398726463318,0.9999999999999999,0.0,1.0,0.0,0.3093039772727272,0.5463955965909091,0.5461197916666667,0.7329036458333333,0.004453125,0.0098046875,0.9822026491165161,0.009336929768323898,0.5411661267280579,1.0,0.0,0.27444082498550415,0.0,0.4599912166595459,1.0,0.992311954498291,0.007688045501708984
9,1860,0.3598327934741974,0.21919944882392883,0.16477090120315552,0.0189443901181221,0.23541666666666666,0.5188989043235779,0.9742276789591863,0.0,1.0,0.0,0.2992424242424242,0.5448863636363637,0.6986979166666667,0.7427473958333334,0.0020572916666666665,0.009583333333333333,0.9819281101226807,0.009886078536510468,0.5423794388771057,1.0,0.0,0.2825295329093933,0.0,0.4610225260257721,1.0,0.9924414157867432,0.007558584213256836
9,1870,0.3813125491142273,0.22094151377677917,0.17560231685638428,0.03458210453391075,0.26069010416666666,0.5528638958930969,0.9925577669877271,0.0,1.0,0.0,0.2791193181818181,0.5418678977272727,0.5163802083333333,0.7906770833333333,0.005078125,0.009140625,0.9816491007804871,0.00965539738535881,0.5441930294036865,1.0,0.0,0.2946203052997589,0.0,0.462564080953598,1.0,0.9925799369812012,0.007420063018798828
9,1880,0.3851377069950104,0.21782279014587402,0.19686618447303772,0.035157330334186554,0.278203125,0.5300645232200623,0.9999999999999999,0.0,1.0,0.0,0.3229166666666666,0.5484375,0.49548177083333333,0.796796875,0.003046875,0.010104166666666666,0.9818949699401855,0.009398085996508598,0.5449962615966797,1.0,0.0,0.2999752163887024,0.0,0.46324682235717773,1.0,0.992728590965271,0.007271409034729004
9,1890,0.40978550910949707,0.25838503241539,0.2304351031780243,0.023664161562919617,0.25765625,0.5614490509033203,0.9999999999999999,0.0,1.0,0.0,0.3383049242424242,0.5507457386363637,0.4588541666666667,0.7126432291666667,0.0011588541666666668,0.010442708333333333,0.9838703870773315,0.00797893013805151,0.5464505553245544,1.0,0.0,0.3096703588962555,0.0,0.46448299288749695,1.0,0.9928410649299622,0.007158935070037842
9,1900,0.3472641408443451,0.20618310570716858,0.15531043708324432,0.028038110584020615,0.273046875,0.48918721079826355,0.9582176627562596,0.0,1.0,0.0,0.45667613636363635,0.5685014204545454,0.5101171875,0.7754036458333333,0.0059244791666666664,0.013046875,0.9837859869003296,0.008147787302732468,0.5473172068595886,1.0,0.0,0.3154480457305908,0.0,0.465219646692276,1.0,0.9929419755935669,0.0070580244064331055
9,1910,0.39648228883743286,0.2412298619747162,0.17183861136436462,0.033231645822525024,0.27631510416666666,0.5268819332122803,0.9861884192320017,0.0,1.0,0.0,0.33475378787878785,0.5502130681818181,0.4380859375,0.7587890625,0.0038671875,0.010364583333333333,0.9837844371795654,0.008150887675583363,0.5483698844909668,1.0,0.0,0.322465717792511,0.0,0.4661144018173218,1.0,0.9937517046928406,0.006248295307159424
9,1920,0.41154929995536804,0.2591676115989685,0.20103539526462555,0.01964014396071434,0.2401171875,0.5468128323554993,0.9999999999999999,0.0,1.0,0.0,0.3246922348484848,0.5487038352272727,0.414921875,0.6965234375,0.0008854166666666666,0.010143229166666667,0.9836242198944092,0.008471241220831871,0.5503314733505249,1.0,0.0,0.3355429470539093,0.0,0.46778175234794617,1.0,0.9938183426856995,0.006181657314300537
9,1930,0.37097519636154175,0.2512505054473877,0.19416876137256622,0.03605902940034866,0.27134114583333335,0.5113131999969482,0.9940559895833332,0.011888020833333339,1.0,0.0,0.37144886363636354,0.5557173295454545,0.3863932291666667,0.7210286458333334,0.0026302083333333334,0.011171875,0.9871376156806946,0.005751862656325102,0.5512995719909668,1.0,0.0,0.341996967792511,0.0,0.4686046540737152,1.0,0.9939154386520386,0.006084561347961426
9,1940,0.37344616651535034,0.2541593015193939,0.1835889369249344,0.03579769656062126,0.2722526041666667,0.4929026663303375,0.9945572916666666,0.010885416666666668,1.0,0.0,0.39393939393939387,0.5590909090909091,0.3895703125,0.717578125,0.0040494791666666665,0.011666666666666667,0.9882535934448242,0.00442646536976099,0.5533499121665955,1.0,0.0,0.35566604137420654,0.0,0.47034743428230286,1.0,0.9940212965011597,0.005978703498840332
9,1950,0.37285125255584717,0.2562413215637207,0.1846102923154831,0.03766521438956261,0.27403645833333334,0.5063011646270752,0.9944097222222221,0.011180555555555555,1.0,0.0,0.395123106060606,0.5592684659090909,0.3781510416666667,0.7110546875,0.0036588541666666666,0.011692708333333333,0.9912067651748657,0.004612477030605078,0.5537219643592834,1.0,0.0,0.35814619064331055,0.0,0.4706636965274811,1.0,0.9941402673721313,0.005859732627868652
9,1960,0.37316659092903137,0.2567076086997986,0.18437455594539642,0.0370592437684536,0.2737760416666667,0.5082241892814636,0.9942339409722222,0.011532118055555561,1.0,0.0,0.39571496212121204,0.5593572443181818,0.37559895833333334,0.7098177083333334,0.0035286458333333333,0.011705729166666666,0.9910765290260315,0.004872893914580345,0.5541278123855591,1.0,0.0,0.36085182428359985,0.0,0.47100865840911865,1.0,0.9942635893821716,0.005736410617828369
9,1970,0.3225788176059723,0.19059373438358307,0.164198637008667,0.022438377141952515,0.24154947916666666,0.5269990563392639,0.9539193568779872,0.024570351541042357,1.0,0.0,0.36789772727272724,0.5551846590909091,0.49170572916666666,0.7650390625,0.0051171875,0.01109375,0.992228090763092,0.005024390295147896,0.5548971891403198,1.0,0.0,0.36598125100135803,0.0,0.47166261076927185,1.0,0.9943814277648926,0.005618572235107422
9,1980,0.38199347257614136,0.23914596438407898,0.20300094783306122,0.03131447359919548,0.2700651041666667,0.5403066277503967,0.9986002604166666,0.0027994791666666654,1.0,0.0,0.34659090909090906,0.5519886363636364,0.4218359375,0.7471875,0.005442708333333333,0.010625,0.9925824403762817,0.005024390295147896,0.5567446351051331,1.0,0.0,0.37829750776290894,0.0,0.4732329547405243,1.0,0.9944977760314941,0.005502223968505859
9,1990,0.36566218733787537,0.21689671277999878,0.1821797490119934,0.01869630254805088,0.24846354166666668,0.5171507000923157,0.9989127604166665,0.002174479166666669,1.0,0.0,0.40281723484848475,0.5604225852272727,0.5241276041666667,0.7695963541666667,0.0035286458333333333,0.011861979166666667,0.9924590587615967,0.005271165631711483,0.5570574998855591,1.0,0.0,0.38038307428359985,0.0,0.4734988808631897,1.0,0.9946110248565674,0.005388975143432617
9,2000,0.3780038058757782,0.23326309025287628,0.18225885927677155,0.022987665608525276,0.2566145833333333,0.5266916751861572,0.9982269965277777,0.003546006944444449,1.0,0.0,0.33475378787878785,0.5502130681818181,0.49075520833333336,0.7633203125,0.0016536458333333334,0.010364583333333333,0.9922492504119873,0.005690725985914469,0.557404100894928,1.0,0.0,0.3826941251754761,0.0,0.47379350662231445,1.0,0.9947136640548706,0.0052863359451293945
9,2010,0.378677099943161,0.22853757441043854,0.1974376142024994,0.01969793625175953,0.2571614583333333,0.5388301610946655,0.9999674479166666,6.510416666667222e-05,1.0,0.0,0.33712121212121204,0.5505681818181818,0.5655208333333334,0.7484244791666667,0.00020833333333333335,0.010416666666666666,0.9941267967224121,0.005914973560720682,0.5562838315963745,1.0,0.0,0.3752254843711853,0.0,0.4728412628173828,1.0,0.9948004484176636,0.005199551582336426
9,2020,0.3521803915500641,0.24844135344028473,0.20360180735588074,0.019236192107200623,0.24141927083333334,0.6242835521697998,0.9966362847222221,0.006727430555555563,1.0,0.0,0.4549005681818182,0.5682350852272727,0.7288932291666667,0.5015494791666667,0.00036458333333333335,0.0130078125,0.9947481751441956,0.0059875184670090675,0.5557131171226501,1.0,0.0,0.371420681476593,0.0,0.4723561704158783,1.0,0.9948513507843018,0.005148649215698242
9,2030,0.3814438283443451,0.25517430901527405,0.20625567436218262,0.025843840092420578,0.25740885416666665,0.5900157690048218,0.9981532118055555,0.0036935763888888886,1.0,0.0,0.3110795454545454,0.5466619318181818,0.6871354166666667,0.6955989583333333,0.0004296875,0.00984375,0.9946346282958984,0.006214659661054611,0.5559794902801514,1.0,0.0,0.37319624423980713,0.0,0.4725825786590576,1.0,0.9949308037757874,0.0050691962242126465
9,2040,0.35183319449424744,0.24482306838035583,0.19694353640079498,0.024586213752627373,0.24626302083333335,0.5765834450721741,0.9980533854166665,0.00389322916666667,1.0,0.0,0.385061553030303,0.5577592329545454,0.7071484375,0.6830208333333333,0.0014583333333333334,0.011471354166666666,0.9941474795341492,0.00578145869076252,0.5557258129119873,1.0,0.0,0.3715052604675293,0.0,0.47236695885658264,1.0,0.9964150786399841,0.003584921360015869
9,2050,0.3507535755634308,0.23716334998607635,0.17194975912570953,0.022333605214953423,0.22045572916666667,0.5493550896644592,0.9844233904435084,0.00390625,1.0,0.0,0.3596117424242424,0.5539417613636364,0.7205729166666667,0.6974348958333333,0.0019270833333333334,0.010911458333333334,0.9943289756774902,0.00541852880269289,0.5553199052810669,1.0,0.0,0.36879962682724,0.0,0.4720219373703003,1.0,0.996429979801178,0.0035700201988220215
9,2060,0.35215282440185547,0.2408248484134674,0.19079406559467316,0.019194120541214943,0.21904947916666667,0.5721350312232971,0.9972656249999999,0.005468750000000005,1.0,0.0,0.3661221590909091,0.5549183238636364,0.7169921875,0.6931770833333334,0.0028255208333333335,0.0110546875,0.9945360422134399,0.005004342179745436,0.5549986362457275,1.0,0.0,0.36665764451026917,0.0,0.47174885869026184,1.0,0.9964302778244019,0.0035697221755981445
9,2070,0.3350368142127991,0.21804310381412506,0.18192075192928314,0.01709725707769394,0.21859375,0.5575072765350342,0.9984092881944444,0.003181423611111114,1.0,0.0,0.4069602272727272,0.5610440340909091,0.745546875,0.7026692708333333,0.006744791666666666,0.011953125,0.9947425127029419,0.004591395612806082,0.5548253059387207,1.0,0.0,0.36550211906433105,0.0,0.4716015160083771,1.0,0.9964277744293213,0.003572225570678711
9,2080,0.3262118399143219,0.22490055859088898,0.21275021135807037,0.021317005157470703,0.23,0.5809726715087891,0.9999999999999999,0.0,1.0,0.0,0.5377604166666666,0.5806640625,0.7750911458333334,0.4683203125,0.014049479166666667,0.014830729166666667,0.9967366456985474,0.0038219245616346598,0.5550071001052856,1.0,0.0,0.3667140007019043,0.0,0.4717560410499573,1.0,0.9964203834533691,0.0035796165466308594
9,2090,0.3580974340438843,0.2366669625043869,0.1888379603624344,0.0242364089936018,0.25881510416666664,0.6028491854667664,0.9974088541666666,0.005182291666666672,1.0,0.0,0.3667140151515151,0.5550071022727272,0.7559375,0.5803125,7.8125e-05,0.011067708333333334,0.9917677640914917,0.00888262689113617,0.5552099943161011,1.0,0.0,0.36806684732437134,0.0,0.47192850708961487,1.0,0.9964059591293335,0.003594040870666504
9,2100,0.3611505925655365,0.2446499615907669,0.21065284311771393,0.02846439927816391,0.2660677083333333,0.6103753447532654,0.9955946180555555,0.008810763888888889,1.0,0.0,0.38683712121212116,0.5580255681818181,0.73328125,0.5400130208333334,0.0006380208333333333,0.011510416666666667,0.9916439056396484,0.00913043599575758,0.5557553768157959,1.0,0.0,0.37170252203941345,0.0,0.47239208221435547,1.0,0.9964126348495483,0.00358736515045166
9,2110,0.37509286403656006,0.25743865966796875,0.23469528555870056,0.02453218773007393,0.24360677083333335,0.6306281685829163,0.9976453993055555,0.0047092013888888895,1.0,0.0,0.2998342803030303,0.5449751420454545,0.7019010416666667,0.4741927083333333,0.00022135416666666666,0.009596354166666666,0.9896613359451294,0.011065961793065071,0.5559836626052856,1.0,0.0,0.3732244372367859,0.0,0.47258612513542175,1.0,0.9964160323143005,0.003583967685699463
9,2120,0.3859245777130127,0.2533954977989197,0.2046113759279251,0.027133023366332054,0.25755208333333335,0.5967659950256348,0.9992382812499999,0.0015234375000000022,1.0,0.0,0.2548532196969696,0.5382279829545454,0.7114973958333334,0.7034375,0.0010546875,0.008606770833333333,0.9886201024055481,0.011324518360197544,0.5563979744911194,1.0,0.0,0.3759864568710327,0.0,0.47293829917907715,1.0,0.9964302778244019,0.0035697221755981445
9,2130,0.3677302598953247,0.2550313472747803,0.22292423248291016,0.0206519216299057,0.23075520833333332,0.5751199722290039,0.997615017361111,0.004769965277777779,1.0,0.0,0.3619791666666667,0.554296875,0.700234375,0.6829557291666667,0.00048177083333333335,0.010963541666666667,0.9887442588806152,0.01107608899474144,0.5554256439208984,1.0,0.0,0.3695042133331299,0.0,0.4721118211746216,1.0,0.9964398145675659,0.003560185432434082
9,2140,0.35149163007736206,0.23519031703472137,0.17126716673374176,0.014399227686226368,0.18783854166666666,0.5801494121551514,0.983825959782315,0.002790798611111117,1.0,0.0,0.3359375,0.550390625,0.7339322916666666,0.6964973958333334,0.0003125,0.010390625,0.988664984703064,0.011234819889068604,0.5555905103683472,1.0,0.0,0.37060338258743286,0.0,0.4722519516944885,1.0,0.9964065551757812,0.00359344482421875
9,2150,0.3632696568965912,0.24713453650474548,0.2023780792951584,0.014741789549589157,0.222265625,0.5868549346923828,0.9983680555555554,0.003263888888888891,1.0,0.0,0.33712121212121204,0.5505681818181818,0.6973307291666667,0.6908854166666667,0.0010286458333333332,0.010416666666666666,0.9886999130249023,0.011164754629135132,0.5548422336578369,1.0,0.0,0.3656148612499237,0.0,0.47161591053009033,1.0,0.9963585138320923,0.003641486167907715
9,2160,0.35625672340393066,0.23879601061344147,0.2071627974510193,0.01849767565727234,0.23856770833333332,0.5747750401496887,0.9987586805555555,0.0024826388888888884,1.0,0.0,0.35014204545454547,0.5525213068181818,0.7284375,0.6946484375,0.0031640625,0.010703125,0.9893795251846313,0.011103164404630661,0.554664671421051,1.0,0.0,0.36443114280700684,0.0,0.47146499156951904,1.0,0.9962899684906006,0.003710031509399414
9,2170,0.3451276123523712,0.24297532439231873,0.20209650695323944,0.017427591606974602,0.20328125,0.5815762281417847,0.9985698784722221,0.0028602430555555542,1.0,0.0,0.37144886363636354,0.5557173295454545,0.6927994791666666,0.6866927083333333,0.0049609375,0.011171875,0.9895097017288208,0.010842747986316681,0.5543264746665955,1.0,0.0,0.36217647790908813,0.0,0.47117751836776733,1.0,0.9962193965911865,0.0037806034088134766
9,2180,0.3540361523628235,0.2565965950489044,0.2221238613128662,0.017186835408210754,0.21916666666666668,0.5676957368850708,0.9957942708333333,0.008411458333333335,1.0,0.0,0.3933475378787879,0.5590021306818181,0.6796744791666667,0.63109375,0.0026041666666666665,0.011653645833333334,0.9894271492958069,0.01100788451731205,0.5542799234390259,1.0,0.0,0.36186641454696655,0.0,0.4711379408836365,1.0,0.9961361289024353,0.0038638710975646973
9,2190,0.3471667170524597,0.24022048711776733,0.1738550364971161,0.005477601662278175,0.12477864583333333,0.539194643497467,0.8942554470697914,0.10907422100100413,1.0,0.0,0.375,0.55625,0.6470703125,0.6989192708333334,0.009986979166666667,0.01125,0.9891344308853149,0.01159340888261795,0.5533921718597412,1.0,0.0,0.355947881937027,0.0,0.47038334608078003,1.0,0.9960419535636902,0.0039580464363098145
9,2200,0.3442429006099701,0.2561306357383728,0.22223630547523499,0.022126637399196625,0.23635416666666667,0.5113932490348816,0.9963107638888888,0.00737847222222223,1.0,0.0,0.4791666666666667,0.571875,0.63625,0.64453125,0.03390625,0.013541666666666667,0.9887830018997192,0.012296119704842567,0.552398681640625,1.0,0.0,0.3493247628211975,0.0,0.4695388972759247,1.0,0.9959324598312378,0.004067540168762207
9,2210,0.35000380873680115,0.22796063125133514,0.17733079195022583,0.007550500798970461,0.181953125,0.5493096113204956,0.9565938757305464,0.04419204881187619,1.0,0.0,0.3667140151515151,0.5550071022727272,0.7731380208333334,0.5768619791666667,0.012994791666666667,0.011067708333333334,0.9884018301963806,0.013058561831712723,0.5519251823425293,1.0,0.0,0.3461681604385376,0.0,0.46913641691207886,1.0,0.9958057999610901,0.004194200038909912
9,2220,0.32117101550102234,0.20212511718273163,0.16868308186531067,0.012279091402888298,0.19805989583333333,0.5878616571426392,0.9781008965541155,0.005494791666666665,1.0,0.0,0.395123106060606,0.5592684659090909,0.7616276041666666,0.6761848958333333,0.0032161458333333334,0.011692708333333333,0.9879382848739624,0.013985522091388702,0.5521915555000305,1.0,0.0,0.3479437232017517,0.0,0.4693628251552582,1.0,0.9956514835357666,0.0043485164642333984
9,2230,0.3637394607067108,0.24625813961029053,0.20651373267173767,0.023839697241783142,0.2364453125,0.6333385109901428,0.9992447916666666,0.0015104166666666716,1.0,0.0,0.31877367424242425,0.5478160511363637,0.7332942708333333,0.4660286458333333,0.0009505208333333334,0.010013020833333334,0.9873892068862915,0.01508381962776184,0.5525593757629395,1.0,0.0,0.35039570927619934,0.0,0.4696754813194275,1.0,0.9954797625541687,0.004520237445831299
9,2240,0.37622642517089844,0.24092796444892883,0.19017715752124786,0.02677110582590103,0.246484375,0.5416988730430603,0.9964865451388888,0.007026909722222224,1.0,0.0,0.33416193181818177,0.5501242897727273,0.5460026041666667,0.733359375,0.0006380208333333333,0.0103515625,0.9867939949035645,0.01610337197780609,0.5520309209823608,1.0,0.0,0.3468727469444275,0.0,0.46922630071640015,1.0,0.9952896237373352,0.004710376262664795
9,2250,0.3611459732055664,0.22455239295959473,0.18566450476646423,0.024574903771281242,0.25223958333333335,0.5504539012908936,0.9987890624999999,0.0024218749999999995,1.0,0.0,0.2803030303030303,0.5420454545454545,0.6612369791666667,0.7558984375,0.0008984375,0.009166666666666667,0.9862478375434875,0.017149584367871284,0.5517730712890625,1.0,0.0,0.3451535701751709,0.0,0.46900713443756104,1.0,0.9950927495956421,0.00490725040435791
9,2260,0.3747084438800812,0.23173102736473083,0.18147626519203186,0.028625523671507835,0.24690104166666665,0.5364580154418945,0.9986935763888888,0.002612847222222224,1.0,0.0,0.33475378787878785,0.5502130681818181,0.5738541666666667,0.7461458333333333,0.0005338541666666666,0.010364583333333333,0.98575758934021,0.018130075186491013,0.5513629913330078,1.0,0.0,0.34241974353790283,0.0,0.46865856647491455,1.0,0.9949025511741638,0.005097448825836182
9,2270,0.39219996333122253,0.22903892397880554,0.187876358628273,0.026927853003144264,0.26220052083333334,0.5285608172416687,0.9999999999999999,0.0,1.0,0.0,0.31877367424242425,0.5478160511363637,0.5129296875,0.7752083333333334,0.000859375,0.010013020833333334,0.9852365851402283,0.019172154366970062,0.5509232878684998,1.0,0.0,0.3394886255264282,0.0,0.46828481554985046,1.0,0.9947163462638855,0.005283653736114502
9,2280,0.3536933958530426,0.23830944299697876,0.1928032636642456,0.022234490141272545,0.23779947916666666,0.5235143899917603,0.9966753472222222,0.00664930555555556,1.0,0.0,0.4004498106060606,0.5600674715909091,0.4664713541666667,0.7093880208333333,9.114583333333334e-05,0.011809895833333334,0.984684944152832,0.020275412127375603,0.5505935549736023,1.0,0.0,0.33729031682014465,0.0,0.4680045247077942,1.0,0.9945318102836609,0.005468189716339111
9,2290,0.32589584589004517,0.23410268127918243,0.1846153736114502,0.02982240729033947,0.22016927083333335,0.5094369649887085,0.9938519965277777,0.012296006944444448,1.0,0.0,0.4134706439393939,0.5620205965909091,0.4543229166666667,0.6554296875,0.007161458333333333,0.012096354166666667,0.9842453002929688,0.021154627203941345,0.5499720573425293,1.0,0.0,0.3331473171710968,0.0,0.4674762487411499,1.0,0.9943370223045349,0.005662977695465088
9,2300,0.3395751714706421,0.24162955582141876,0.2076820582151413,0.030741386115550995,0.2310546875,0.5164397954940796,0.9900303819444444,0.019939236111111112,1.0,0.0,0.22762784090909086,0.5341441761363637,0.4269661458333333,0.6848697916666666,0.009010416666666667,0.0080078125,0.9886555075645447,0.01721123792231083,0.5492026805877686,1.0,0.0,0.3280178904533386,0.0,0.4668222963809967,1.0,0.994178295135498,0.005821704864501953
9,2310,0.3344127833843231,0.24008317291736603,0.18395927548408508,0.04115206375718117,0.25138020833333335,0.4396093785762787,0.9875889756944444,0.024822048611111112,1.0,0.0,0.3205492424242424,0.5480823863636364,0.4193359375,0.6846223958333333,0.010690104166666667,0.010052083333333333,0.9882653951644897,0.017991453409194946,0.5475243330001831,1.0,0.0,0.31682899594306946,0.0,0.4653956890106201,1.0,0.9940119385719299,0.005988061428070068
9,2320,0.34116336703300476,0.24464428424835205,0.19174522161483765,0.04202666133642197,0.257109375,0.4598623514175415,0.9879123263888888,0.024175347222222227,1.0,0.0,0.33712121212121204,0.5505681818181818,0.4191015625,0.6918098958333333,0.0110546875,0.010416666666666666,0.9897127747535706,0.017126116901636124,0.5470255017280579,1.0,0.0,0.31350332498550415,0.0,0.4649716913700104,1.0,0.9938420057296753,0.006157994270324707
9,2330,0.34651973843574524,0.25121623277664185,0.18429066240787506,0.04420684278011322,0.25158854166666667,0.4319256544113159,0.9877061631944444,0.02458767361111111,1.0,0.0,0.3063446969696969,0.5459517045454545,0.4052604166666667,0.6879947916666667,0.009401041666666667,0.009739583333333333,0.988990068435669,0.017961103469133377,0.5462011098861694,1.0,0.0,0.30800753831863403,0.0,0.4642709493637085,1.0,0.9936654567718506,0.006334543228149414
9,2340,0.3440569043159485,0.25283101201057434,0.1789405643939972,0.0439995639026165,0.24639322916666667,0.44653090834617615,0.985116831196679,0.026180555555555565,1.0,0.0,0.28799715909090906,0.5431995738636364,0.4119010416666667,0.6861197916666667,0.008776041666666666,0.0093359375,0.9868078231811523,0.018554896116256714,0.545871376991272,1.0,0.0,0.30580922961235046,0.0,0.4639906883239746,1.0,0.9934785962104797,0.006521403789520264
9,2350,0.34538573026657104,0.24090594053268433,0.17098093032836914,0.040516115725040436,0.2542447916666667,0.46057912707328796,0.9723563166561289,0.02476128472222222,1.0,0.0,0.2998342803030303,0.5449751420454545,0.4065625,0.7034375,0.006705729166666666,0.009596354166666666,0.9861714243888855,0.018917204812169075,0.5450343489646912,1.0,0.0,0.30022886395454407,0.0,0.46327921748161316,1.0,0.9932821393013,0.006717860698699951
9,2360,0.35691729187965393,0.2549763023853302,0.2054740935564041,0.034274227917194366,0.24322916666666666,0.45739832520484924,0.9880729166666666,0.02385416666666667,1.0,0.0,0.2797111742424242,0.5419566761363637,0.41444010416666666,0.6752604166666667,0.008606770833333333,0.009153645833333333,0.985899806022644,0.01946035772562027,0.5449877977371216,1.0,0.0,0.2999188303947449,0.0,0.4632396399974823,1.0,0.9930795431137085,0.006920456886291504
9,2370,0.30079570412635803,0.22033579647541046,0.20492680370807648,0.020285844802856445,0.23388020833333334,0.473750501871109,0.9878168402777777,0.02436631944444445,1.0,0.0,0.28858901515151514,0.5432883522727273,0.5339192708333333,0.6894921875,0.009739583333333333,0.009348958333333334,0.9855862259864807,0.020087633281946182,0.5443283319473267,1.0,0.0,0.29552221298217773,0.0,0.46267908811569214,1.0,0.9928555488586426,0.007144451141357422
9,2380,0.33554717898368835,0.24782975018024445,0.2251163125038147,0.02459750510752201,0.24171875,0.49997857213020325,0.9869856770833333,0.026028645833333336,1.0,0.0,0.3252840909090909,0.5487926136363637,0.5276302083333333,0.69109375,0.010221354166666667,0.01015625,0.9849224090576172,0.02089575305581093,0.5437787771224976,1.0,0.0,0.2918583154678345,0.0,0.4622119665145874,1.0,0.9926224946975708,0.007377505302429199
9,2390,0.3319939076900482,0.2517041563987732,0.2409168779850006,0.024628927931189537,0.23821614583333334,0.5062932372093201,0.9865624999999999,0.026875000000000007,1.0,0.0,0.3063446969696969,0.5459517045454545,0.5137760416666667,0.6878515625,0.015690104166666666,0.009739583333333333,0.9837064743041992,0.021438080817461014,0.5424555540084839,1.0,0.0,0.28303685784339905,0.0,0.4610872268676758,1.0,0.9923785328865051,0.007621467113494873
9,2400,0.3441814184188843,0.25886842608451843,0.24040354788303375,0.03399775177240372,0.2574739583333333,0.48688772320747375,0.9868684895833333,0.02626302083333334,1.0,0.0,0.26728219696969696,0.5400923295454545,0.463671875,0.6946223958333333,0.006354166666666667,0.008880208333333334,0.9810160398483276,0.021544933319091797,0.5409125089645386,1.0,0.0,0.2727498412132263,0.0,0.4597756564617157,1.0,0.9921360015869141,0.007863998413085938
9,2410,0.3708655536174774,0.26093417406082153,0.2142912745475769,0.03809386119246483,0.25665364583333333,0.48936593532562256,0.9881184895833333,0.023763020833333336,1.0,0.0,0.2441998106060606,0.5366299715909091,0.4400390625,0.7061588541666667,0.005872395833333334,0.008372395833333334,0.9777619242668152,0.021403564140200615,0.5407729744911194,1.0,0.0,0.2718197703361511,0.0,0.45965704321861267,1.0,0.9919064044952393,0.008093595504760742
9,2420,0.36335673928260803,0.2708868384361267,0.22147925198078156,0.03531207889318466,0.2369140625,0.47159332036972046,0.986990017361111,0.02601996527777778,1.0,0.0,0.29687499999999994,0.54453125,0.4183984375,0.6340885416666666,0.013216145833333333,0.00953125,0.9748274683952332,0.02094225399196148,0.5398809909820557,1.0,0.0,0.2658730447292328,0.0,0.4588988423347473,1.0,0.9917013645172119,0.008298635482788086
9,2430,0.34709227085113525,0.24102316796779633,0.16489501297473907,0.03662034124135971,0.25197916666666664,0.4538356065750122,0.9629229573204987,0.023029513888888895,1.0,0.0,0.2797111742424242,0.5419566761363637,0.46123697916666667,0.6931901041666667,0.009231770833333333,0.009153645833333333,0.9724084138870239,0.020543981343507767,0.538853645324707,1.0,0.0,0.25902441143989563,0.0,0.45802560448646545,1.0,0.9915182590484619,0.008481740951538086
9,2440,0.3544769883155823,0.22326669096946716,0.15660472214221954,0.022906620055437088,0.2581640625,0.4838654100894928,0.9534179739564913,0.013980034722222222,1.0,0.0,0.2726089015151515,0.5408913352272727,0.5046614583333333,0.7464192708333334,0.0082421875,0.008997395833333333,0.9690418839454651,0.020187046378850937,0.538058876991272,1.0,0.0,0.25372588634490967,0.0,0.4573500454425812,1.0,0.9913560152053833,0.0086439847946167
9,2450,0.37157461047172546,0.23592893779277802,0.17435123026371002,0.032702453434467316,0.269140625,0.5063306093215942,0.9831228351898681,0.014635416666666672,1.0,0.0,0.2169744318181818,0.5325461647727273,0.4933203125,0.743515625,0.005013020833333334,0.0077734375,0.9673989415168762,0.01964244246482849,0.5372429490089417,1.0,0.0,0.2482864409685135,0.0,0.4566565155982971,1.0,0.9912187457084656,0.008781254291534424
9,2460,0.36956506967544556,0.24497509002685547,0.18682001531124115,0.02314794808626175,0.2390234375,0.5039594769477844,0.9930859374999998,0.013828125000000009,1.0,0.0,0.2737926136363636,0.5410688920454545,0.5019921875,0.7109765625,0.008450520833333334,0.0090234375,0.9684049487113953,0.018577836453914642,0.537399411201477,1.0,0.0,0.24932923913002014,0.0,0.4567895233631134,1.0,0.9910915493965149,0.008908450603485107
9,2470,0.3696613013744354,0.25083571672439575,0.18658287823200226,0.02925093285739422,0.24755208333333334,0.49866002798080444,0.992107204861111,0.015785590277777782,1.0,0.0,0.2424242424242424,0.5363636363636364,0.43928385416666665,0.6937109375,0.007083333333333333,0.008333333333333333,0.9689728617668152,0.017441924661397934,0.5378729104995728,1.0,0.0,0.25248581171035767,0.0,0.45719197392463684,1.0,0.9909508228302002,0.009049177169799805
9,2480,0.357893705368042,0.24191132187843323,0.1767764538526535,0.030820535495877266,0.24381510416666666,0.5025711059570312,0.9860595250027812,0.01697048611111111,1.0,0.0,0.24183238636363633,0.5362748579545454,0.4609244791666667,0.7045833333333333,0.0115625,0.0083203125,0.9693328142166138,0.01672205701470375,0.5388959646224976,1.0,0.0,0.25930625200271606,0.0,0.4580615758895874,1.0,0.9908088445663452,0.009191155433654785
9,2490,0.3606489598751068,0.24496614933013916,0.16827629506587982,0.030468562617897987,0.24944010416666668,0.4684455394744873,0.9711407867354206,0.018038194444444444,1.0,0.0,0.21519886363636362,0.5322798295454545,0.51046875,0.7006380208333334,0.011536458333333333,0.007734375,0.9696743488311768,0.016038980334997177,0.5397498607635498,1.0,0.0,0.2649993300437927,0.0,0.45878738164901733,1.0,0.9906682968139648,0.009331703186035156
9,2500,0.3594527542591095,0.2283669412136078,0.1472773551940918,0.02953687123954296,0.25783854166666664,0.48704609274864197,0.9373532512045313,0.014539930555555565,1.0,0.0,0.19744318181818177,0.5296164772727273,0.54734375,0.7478125,0.0059765625,0.00734375,0.968555212020874,0.015925098210573196,0.5396019220352173,1.0,0.0,0.2640129327774048,0.0,0.45866164565086365,1.0,0.9905285239219666,0.009471476078033447
9,2510,0.3490653336048126,0.2212444245815277,0.13874226808547974,0.021821457892656326,0.2492578125,0.46620601415634155,0.9216939798583331,0.01697048611111111,1.0,0.0,0.20809659090909088,0.5312144886363637,0.5402864583333333,0.7359375,0.004166666666666667,0.007578125,0.9670259952545166,0.015810392796993256,0.5399781465530396,1.0,0.0,0.26652124524116516,0.0,0.4589814245700836,1.0,0.9903589487075806,0.009641051292419434
9,2520,0.36367589235305786,0.22441142797470093,0.14072424173355103,0.0253320150077343,0.2552083333333333,0.4636293649673462,0.9259660578589153,0.015134548611111116,1.0,0.0,0.19566761363636365,0.5293501420454545,0.46639322916666665,0.7604166666666666,0.0021744791666666666,0.0073046875,0.9636986255645752,0.015849042683839798,0.5400246977806091,1.0,0.0,0.26683127880096436,0.0,0.4590210020542145,1.0,0.9902054667472839,0.009794533252716064
9,2530,0.3652162551879883,0.23284578323364258,0.14751024544239044,0.02191115915775299,0.25342447916666666,0.4665283262729645,0.9371115224687463,0.015811631944444453,1.0,0.0,0.19330018939393936,0.5289950284090909,0.45329427083333335,0.7587630208333334,0.0016796875,0.007252604166666667,0.9613252282142639,0.015458416193723679,0.5392637252807617,1.0,0.0,0.2617582082748413,0.0,0.45837417244911194,1.0,0.9900633692741394,0.009936630725860596
9,2540,0.36231759190559387,0.2347959578037262,0.1360103338956833,0.0237176101654768,0.25821614583333335,0.5097025632858276,0.9170099427251734,0.01709201388888889,1.0,0.0,0.19507575757575757,0.5292613636363637,0.4283854166666667,0.734609375,0.003841145833333333,0.007291666666666667,0.9597220420837402,0.015122149139642715,0.5388325452804565,1.0,0.0,0.2588834762573242,0.0,0.45800766348838806,1.0,0.9899394512176514,0.010060548782348633
9,2550,0.36876392364501953,0.2395043820142746,0.15517422556877136,0.030282024294137955,0.2568359375,0.5183535814285278,0.9506151891569805,0.014743923611111119,1.0,0.0,0.17376893939393936,0.5260653409090909,0.5068489583333333,0.7240104166666667,0.0020833333333333333,0.006822916666666666,0.9580602049827576,0.015288112685084343,0.5385788679122925,1.0,0.0,0.257192462682724,0.0,0.4577920436859131,1.0,0.9898494482040405,0.010150551795959473
9,2560,0.3674592971801758,0.23738586902618408,0.17685824632644653,0.027917686849832535,0.24596354166666667,0.5263074636459351,0.993480929146465,0.0024045138888888953,1.0,0.0,0.32173295454545453,0.5482599431818181,0.4980338541666667,0.7458203125,0.0013541666666666667,0.010078125,0.9572028517723083,0.015472883358597755,0.5384224653244019,1.0,0.0,0.25614967942237854,0.0,0.4576590955257416,1.0,0.9897867441177368,0.010213255882263184
9,2570,0.3770381510257721,0.23044753074645996,0.19964168965816498,0.03606069087982178,0.2583984375,0.5210201144218445,0.9999999999999999,0.0,1.0,0.0,0.34599905303030304,0.5518998579545454,0.46748697916666665,0.7623567708333333,0.0014322916666666666,0.010611979166666667,0.9545294642448425,0.01583147421479225,0.5377206802368164,1.0,0.0,0.2514711618423462,0.0,0.45706260204315186,1.0,0.9897325038909912,0.010267496109008789
9,2580,0.3404723107814789,0.22950416803359985,0.18928448855876923,0.03052348457276821,0.2398046875,0.5323949456214905,0.9953754340277777,0.009249131944444444,1.0,0.0,0.4318181818181818,0.5647727272727273,0.4826171875,0.716015625,0.0011197916666666667,0.0125,0.9535020589828491,0.016321098431944847,0.5381645560264587,1.0,0.0,0.25443047285079956,0.0,0.4574398994445801,1.0,0.9896907806396484,0.010309219360351562
9,2590,0.32061004638671875,0.22074201703071594,0.1802046298980713,0.029851876199245453,0.23764322916666666,0.5027734637260437,0.9941579861111111,0.011684027777777783,1.0,0.0,0.44483901515151514,0.5667258522727273,0.47403645833333335,0.7035286458333333,0.0007161458333333333,0.012786458333333334,0.9517157077789307,0.01677951216697693,0.538375973701477,1.0,0.0,0.25583964586257935,0.0,0.4576195776462555,1.0,0.9896634817123413,0.010336518287658691
9,2600,0.33889344334602356,0.22932331264019012,0.16540643572807312,0.026166114956140518,0.243515625,0.48104622960090637,0.9630614454522091,0.02448350694444445,1.0,0.0,0.2856297348484848,0.5428444602272727,0.4299088541666667,0.6975390625,0.001015625,0.009283854166666666,0.9514510631561279,0.01685495302081108,0.5383548140525818,1.0,0.0,0.2556987404823303,0.0,0.4576016068458557,1.0,0.9896597862243652,0.010340213775634766
9,2610,0.3348643481731415,0.22309745848178864,0.16031131148338318,0.028129927814006805,0.26002604166666665,0.46409788727760315,0.954753597638546,0.02385416666666667,1.0,0.0,0.3199573863636363,0.5479936079545454,0.4455078125,0.723125,0.0011067708333333333,0.0100390625,0.9529764652252197,0.016903109848499298,0.5386507511138916,1.0,0.0,0.257671594619751,0.0,0.45785313844680786,1.0,0.9896820783615112,0.01031792163848877
9,2620,0.32726070284843445,0.2295939028263092,0.13895052671432495,0.0259067602455616,0.24069010416666667,0.4824412167072296,0.9182443342045841,0.024574652777777782,1.0,0.0,0.2507102272727273,0.5376065340909091,0.49932291666666667,0.7023697916666667,0.00022135416666666666,0.008515625,0.956306517124176,0.016868386417627335,0.5387732982635498,1.0,0.0,0.2584889233112335,0.0,0.45795732736587524,1.0,0.9897205829620361,0.010279417037963867
9,2630,0.35283681750297546,0.22736084461212158,0.14812451601028442,0.0327359177172184,0.26645833333333335,0.4759391248226166,0.9371484531092849,0.017816840277777784,1.0,0.0,0.1903409090909091,0.5285511363636364,0.5542838541666667,0.7479947916666667,0.0020572916666666665,0.0071875,0.9590757489204407,0.016921089962124825,0.5389678478240967,1.0,0.0,0.25978535413742065,0.0,0.4581226706504822,1.0,0.9897767305374146,0.01022326946258545
9,2640,0.3471004366874695,0.23425614833831787,0.14291462302207947,0.03324953094124794,0.26299479166666667,0.48214125633239746,0.9292561902959123,0.01596788194444445,1.0,0.0,0.21934185606060605,0.532901278409091,0.5057682291666666,0.7401432291666666,0.0021354166666666665,0.007825520833333334,0.9614999294281006,0.016869213432073593,0.5392299294471741,1.0,0.0,0.261532723903656,0.0,0.4583454430103302,1.0,0.9898506999015808,0.01014930009841919
9,2650,0.34439823031425476,0.22498200833797455,0.13701269030570984,0.030964365229010582,0.26024739583333334,0.4745124876499176,0.9185196062438509,0.01746527777777778,1.0,0.0,0.23709753787878787,0.5355646306818181,0.4076953125,0.7341796875,0.002421875,0.008216145833333334,0.964562177658081,0.01680700294673443,0.5395004749298096,1.0,0.0,0.2633364796638489,0.0,0.45857542753219604,1.0,0.9899464845657349,0.010053515434265137
9,2660,0.36183056235313416,0.24059456586837769,0.16485817730426788,0.03204153850674629,0.26104166666666667,0.4710463881492615,0.9651175644764534,0.018515625,1.0,0.0,0.19507575757575757,0.5292613636363637,0.4051171875,0.7293880208333333,0.0018359375,0.007291666666666667,0.9652992486953735,0.01692439615726471,0.5397752523422241,1.0,0.0,0.2651684284210205,0.0,0.4588089883327484,1.0,0.9900550842285156,0.009944915771484375
9,2670,0.3542153537273407,0.23353520035743713,0.14905065298080444,0.030057525262236595,0.25385416666666666,0.49029138684272766,0.936944928495293,0.021358506944444453,1.0,0.0,0.17554450757575754,0.5263316761363637,0.48389322916666666,0.71859375,0.0012239583333333334,0.006861979166666666,0.962610125541687,0.017958208918571472,0.5394285917282104,1.0,0.0,0.2628573775291443,0.0,0.4585143029689789,1.0,0.9901634454727173,0.009836554527282715
9,2680,0.34849873185157776,0.24318334460258484,0.17028824985027313,0.032865121960639954,0.2505859375,0.4751172959804535,0.97053087634918,0.026067708333333342,1.0,0.0,0.3045691287878788,0.5456853693181818,0.4794791666666667,0.7009505208333333,0.0016145833333333333,0.009700520833333334,0.9619733095169067,0.019231978803873062,0.5396188497543335,1.0,0.0,0.26412564516067505,0.0,0.4586760401725769,1.0,0.990283191204071,0.009716808795928955
9,2690,0.33701813220977783,0.23929524421691895,0.15745362639427185,0.03099440596997738,0.2585807291666667,0.4541478455066681,0.948545987402272,0.02659722222222223,1.0,0.0,0.2714251893939394,0.540713778409091,0.412890625,0.7052083333333333,0.0007161458333333333,0.008971354166666667,0.9615530371665955,0.020072339102625847,0.5387986898422241,1.0,0.0,0.2586579918861389,0.0,0.45797890424728394,1.0,0.9904029965400696,0.00959700345993042
9,2700,0.3458024561405182,0.22563377022743225,0.16546067595481873,0.03639288246631622,0.2691927083333333,0.4547902047634125,0.9655837921607188,0.019622395833333334,1.0,0.0,0.21223958333333331,0.5318359375,0.41359375,0.7443229166666666,0.0023307291666666667,0.0076692708333333335,0.9611901640892029,0.020798198878765106,0.5375473499298096,1.0,0.0,0.25031566619873047,0.0,0.4569152593612671,1.0,0.9905228018760681,0.009477198123931885
9,2710,0.357009619474411,0.22683440148830414,0.16650554537773132,0.03635106980800629,0.279296875,0.46105948090553284,0.9693876230003488,0.01555121527777778,1.0,0.0,0.23887310606060602,0.5358309659090909,0.4134244791666667,0.76296875,0.0030338541666666665,0.008255208333333333,0.9623175859451294,0.02089533768594265,0.5372768044471741,1.0,0.0,0.2485119104385376,0.0,0.45668530464172363,1.0,0.9906415343284607,0.009358465671539307
9,2720,0.35807764530181885,0.22859199345111847,0.1798495352268219,0.033831194043159485,0.28095052083333333,0.4735218286514282,0.9916247075847071,0.01624131944444445,1.0,0.0,0.22526041666666663,0.5337890625,0.4477734375,0.7613541666666667,0.002421875,0.007955729166666667,0.9640979170799255,0.020508019253611565,0.5368582606315613,1.0,0.0,0.2457217127084732,0.0,0.4563295245170593,1.0,0.9907413721084595,0.009258627891540527
9,2730,0.35805174708366394,0.23098787665367126,0.17541448771953583,0.03418956324458122,0.2791015625,0.48969075083732605,0.9841192425723768,0.01624131944444445,1.0,0.0,0.2228929924242424,0.5334339488636364,0.4455859375,0.7578385416666666,0.00265625,0.007903645833333334,0.9676019549369812,0.020115947350859642,0.5370653867721558,1.0,0.0,0.2471027374267578,0.0,0.45650559663772583,1.0,0.9908246397972107,0.009175360202789307
9,2740,0.36409932374954224,0.23283958435058594,0.1772705614566803,0.03035437874495983,0.2747526041666667,0.49141132831573486,0.9880198390463479,0.01472222222222222,1.0,0.0,0.22999526515151514,0.5344992897727273,0.44588541666666665,0.7634505208333333,0.0016015625,0.008059895833333334,0.9694496989250183,0.019928282126784325,0.5377925634384155,1.0,0.0,0.25195032358169556,0.0,0.45712369680404663,1.0,0.9908902645111084,0.009109735488891602
9,2750,0.36430439352989197,0.2432507425546646,0.17362448573112488,0.0420418418943882,0.2745703125,0.4903617799282074,0.9813178730214762,0.015785590277777782,1.0,0.0,0.23295454545454544,0.5349431818181818,0.451875,0.7409375,0.001640625,0.008125,0.9725254774093628,0.019753845408558846,0.5386803150177002,1.0,0.0,0.25786885619163513,0.0,0.4578782916069031,1.0,0.9909517168998718,0.009048283100128174
9,2760,0.3662518858909607,0.23217113316059113,0.165048286318779,0.02562515251338482,0.26265625,0.4673943519592285,0.9660924992296431,0.017209201388888894,1.0,0.0,0.21223958333333331,0.5318359375,0.49916666666666665,0.7425130208333334,0.0030338541666666665,0.0076692708333333335,0.9761176705360413,0.019497767090797424,0.5391327142715454,1.0,0.0,0.26088449358940125,0.0,0.4582628309726715,1.0,0.9910062551498413,0.008993744850158691
9,2770,0.34487515687942505,0.239782452583313,0.1499040275812149,0.020797280594706535,0.253984375,0.4510939121246338,0.9370110627015431,0.024114583333333342,1.0,0.0,0.27320075757575757,0.5409801136363637,0.5154947916666667,0.70515625,0.005390625,0.009010416666666667,0.9768531322479248,0.019068701192736626,0.5401557683944702,1.0,0.0,0.26770496368408203,0.0,0.4591324031352997,1.0,0.9910463094711304,0.008953690528869629
9,2780,0.340828001499176,0.25131896138191223,0.18711422383785248,0.023285087198019028,0.2280078125,0.483486533164978,0.9866254340277777,0.02674913194444445,1.0,0.0,0.3726325757575757,0.5558948863636364,0.4522395833333333,0.6869140625,0.0030989583333333333,0.011197916666666667,0.9781454205513,0.018611937761306763,0.5410984754562378,1.0,0.0,0.27398988604545593,0.0,0.45993372797966003,1.0,0.9910911917686462,0.00890880823135376
9,2790,0.35383525490760803,0.2574314475059509,0.21645404398441315,0.021311050280928612,0.24524739583333333,0.45470672845840454,0.9865516493055555,0.02689670138888889,1.0,0.0,0.316998106060606,0.5475497159090909,0.3706770833333333,0.6776822916666667,0.0016276041666666667,0.009973958333333333,0.9792761206626892,0.0179156344383955,0.5414746999740601,1.0,0.0,0.2764982283115387,0.0,0.46025350689888,1.0,0.9911336898803711,0.008866310119628906
9,2800,0.35336625576019287,0.24683994054794312,0.1935369372367859,0.029440466314554214,0.25774739583333334,0.4759830832481384,0.9865364583333333,0.026927083333333338,1.0,0.0,0.26964962121212116,0.5404474431818181,0.42084635416666666,0.6933072916666667,0.0008333333333333334,0.008932291666666667,0.9813966155052185,0.01720651611685753,0.5417537689208984,1.0,0.0,0.2783583700656891,0.0,0.46049070358276367,1.0,0.9911532402038574,0.008846759796142578
9,2810,0.3435746133327484,0.24076057970523834,0.19376294314861298,0.01656467653810978,0.22313802083333334,0.4792214035987854,0.9867382812499998,0.02652343750000001,1.0,0.0,0.247750946969697,0.5371626420454545,0.5355989583333334,0.6962369791666667,0.0007161458333333333,0.008450520833333334,0.9827733635902405,0.01679646223783493,0.5426415205001831,1.0,0.0,0.28427693247795105,0.0,0.4612452983856201,1.0,0.9911372661590576,0.008862733840942383
9,2820,0.38025450706481934,0.256630003452301,0.20091088116168976,0.012857888825237751,0.19805989583333333,0.5818386077880859,0.9921397569444443,0.01572048611111112,1.0,0.0,0.26136363636363635,0.5392045454545454,0.591328125,0.6973307291666667,3.90625e-05,0.00875,0.9821665287017822,0.016640212386846542,0.5435124039649963,1.0,0.0,0.29008275270462036,0.0,0.4619855582714081,1.0,0.9910832643508911,0.008916735649108887
9,2830,0.3491944968700409,0.24675771594047546,0.2040327787399292,0.012925427407026291,0.1909375,0.5875471234321594,0.9918294270833332,0.01634114583333334,1.0,0.0,0.2797111742424242,0.5419566761363637,0.7101692708333334,0.6456640625,5.208333333333334e-05,0.009153645833333333,0.9822593331336975,0.01647879369556904,0.5441296100616455,1.0,0.0,0.29419755935668945,0.0,0.4625101685523987,1.0,0.9909890294075012,0.00901097059249878
9,2840,0.3421740233898163,0.2164410650730133,0.16988849639892578,0.011157870292663574,0.2080078125,0.5558788180351257,0.9759502906473273,0.013875868055555558,1.0,0.0,0.29214015151515155,0.5438210227272727,0.5707291666666666,0.74578125,0.0014973958333333334,0.009427083333333334,0.9827830791473389,0.01617022231221199,0.5452457070350647,1.0,0.0,0.30163803696632385,0.0,0.4634588658809662,1.0,0.9908475279808044,0.009152472019195557
9,2850,0.35144397616386414,0.2288089543581009,0.18251611292362213,0.017642110586166382,0.20990885416666666,0.5772653818130493,0.9938476562499999,0.012304687500000005,1.0,0.0,0.34363162878787873,0.5515447443181818,0.45947916666666666,0.7425651041666667,0.0022395833333333334,0.010559895833333333,0.9830827116966248,0.016010871157050133,0.546061635017395,1.0,0.0,0.30707746744155884,0.0,0.46415239572525024,1.0,0.9906615018844604,0.00933849811553955
9,2860,0.36432167887687683,0.23102489113807678,0.1832665354013443,0.01697855070233345,0.21756510416666666,0.5021598935127258,0.9939561631944444,0.01208767361111111,1.0,0.0,0.3004261363636363,0.5450639204545454,0.4583203125,0.7553776041666667,0.0023828125,0.009609375,0.9836862087249756,0.01583147421479225,0.5468353033065796,1.0,0.0,0.3122350573539734,0.0,0.46481001377105713,1.0,0.990424633026123,0.009575366973876953
9,2870,0.3698325455188751,0.22486114501953125,0.17132195830345154,0.01672319509088993,0.2258203125,0.513390302658081,0.9805614791160975,0.009505208333333341,1.0,0.0,0.3383049242424242,0.5507457386363637,0.446328125,0.7658463541666667,0.0012760416666666666,0.010442708333333333,0.9849852323532104,0.01564318686723709,0.5476385354995728,1.0,0.0,0.31758996844291687,0.0,0.46549275517463684,1.0,0.9901641011238098,0.009835898876190186
9,2880,0.3675636947154999,0.23619021475315094,0.16225247085094452,0.017697837203741074,0.2274609375,0.5018577575683594,0.9640824733738207,0.01176649305555556,1.0,0.0,0.30752840909090906,0.5461292613636364,0.4719921875,0.7384114583333333,0.00037760416666666666,0.009765625,0.9876816272735596,0.015101066790521145,0.5479598045349121,1.0,0.0,0.3197319209575653,0.0,0.4657658338546753,1.0,0.9899070262908936,0.010092973709106445
9,2890,0.37322694063186646,0.2392340749502182,0.19268055260181427,0.018396608531475067,0.22424479166666667,0.5852342844009399,0.9942773437499999,0.011445312499999999,1.0,0.0,0.35724431818181807,0.5535866477272727,0.47533854166666667,0.7427604166666667,0.00028645833333333333,0.010859375,0.988050639629364,0.014363013207912445,0.5477356910705566,1.0,0.0,0.31823819875717163,0.0,0.46557533740997314,1.0,0.9896310567855835,0.010368943214416504
9,2900,0.36072686314582825,0.2273738831281662,0.17936715483665466,0.018147626891732216,0.22944010416666666,0.5084792971611023,0.9930761666786977,0.011705729166666672,1.0,0.0,0.31048768939393934,0.5465731534090909,0.4518359375,0.7578515625,0.0021354166666666665,0.009830729166666666,0.9883836507797241,0.013697090558707714,0.5474609136581421,1.0,0.0,0.31640625,0.0,0.4653417766094208,1.0,0.9893390536308289,0.010660946369171143
9,2910,0.3717591464519501,0.23722265660762787,0.19257362186908722,0.01734570413827896,0.2253125,0.5153997540473938,0.9944943576388888,0.01101128472222223,1.0,0.0,0.3365293560606061,0.550479403409091,0.46166666666666667,0.74515625,0.000703125,0.010403645833333334,0.9874424934387207,0.014467904344201088,0.5477103590965271,1.0,0.0,0.31806910037994385,0.0,0.46555382013320923,1.0,0.9890319108963013,0.01096808910369873
9,2920,0.34394705295562744,0.22731202840805054,0.15800504386425018,0.01615115813910961,0.2151953125,0.4956603944301605,0.9566427839006113,0.012269965277777777,1.0,0.0,0.36079545454545453,0.5541193181818181,0.45674479166666665,0.7355598958333334,0.0016927083333333334,0.0109375,0.9842174053192139,0.017864661291241646,0.5481922626495361,1.0,0.0,0.3212820291519165,0.0,0.4659634232521057,1.0,0.9887270331382751,0.011272966861724854
9,2930,0.37143364548683167,0.24186259508132935,0.2084047645330429,0.019392328336834908,0.22354166666666667,0.5251600742340088,0.9935742187499998,0.012851562500000009,1.0,0.0,0.3116714015151515,0.5467507102272727,0.43333333333333335,0.7523697916666666,0.0022526041666666666,0.009856770833333334,0.9799529314041138,0.02234598621726036,0.5487037897109985,1.0,0.0,0.3246922492980957,0.0,0.4663982391357422,1.0,0.9884403944015503,0.011559605598449707
9,2940,0.36126747727394104,0.25090309977531433,0.23048774898052216,0.012492909096181393,0.207421875,0.46456003189086914,0.9951193576388888,0.009761284722222228,1.0,0.0,0.37914299242424243,0.5568714488636364,0.3990625,0.719609375,0.0026041666666666665,0.011341145833333333,0.9764193892478943,0.026294885203242302,0.548991322517395,1.0,0.0,0.32660871744155884,0.0,0.4666426479816437,1.0,0.988145112991333,0.011854887008666992
9,2950,0.3349675238132477,0.22510479390621185,0.19919665157794952,0.012228704988956451,0.2053125,0.4623742699623108,0.9943120659722221,0.011375868055555554,1.0,0.0,0.3442234848484848,0.5516335227272727,0.4555859375,0.7411067708333333,0.0031510416666666666,0.010572916666666666,0.9752004742622375,0.028602933511137962,0.5490632057189941,1.0,0.0,0.3270878791809082,0.0,0.46670374274253845,1.0,0.9878498911857605,0.012150108814239502
9,2960,0.3556275963783264,0.24207648634910583,0.20613403618335724,0.012672984972596169,0.202421875,0.544155478477478,0.9939908854166666,0.012018229166666672,1.0,0.0,0.3412642045454545,0.5511896306818181,0.4022395833333333,0.7247135416666667,0.00328125,0.0105078125,0.9732378721237183,0.03085826337337494,0.5486488342285156,1.0,0.0,0.3243258595466614,0.0,0.4663515090942383,1.0,0.9875354766845703,0.012464523315429688
9,2970,0.36474302411079407,0.2370905727148056,0.1998176872730255,0.014099741354584694,0.21455729166666668,0.49564605951309204,0.9933723958333333,0.013255208333333336,1.0,0.0,0.3246922348484848,0.5487038352272727,0.37865885416666667,0.7443880208333333,0.0022135416666666666,0.010143229166666667,0.9709559679031372,0.03347982466220856,0.5485812425613403,1.0,0.0,0.32387492060661316,0.0,0.4662940800189972,1.0,0.9871999621391296,0.012800037860870361
9,2980,0.3635942041873932,0.2350325882434845,0.18105636537075043,0.01511138305068016,0.221875,0.5151061415672302,0.9936349826388888,0.012730034722222228,1.0,0.0,0.3181818181818182,0.5477272727272727,0.4072395833333333,0.744765625,0.0012239583333333334,0.01,0.9698307514190674,0.03563620150089264,0.5482430458068848,1.0,0.0,0.32162022590637207,0.0,0.4660066068172455,1.0,0.9868670105934143,0.013132989406585693
9,2990,0.36310628056526184,0.23468559980392456,0.1876099556684494,0.0130393011495471,0.2091015625,0.5090780854225159,0.9943749999999999,0.011250000000000003,1.0,0.0,0.3412642045454545,0.5511896306818181,0.48828125,0.7496484375,0.0008984375,0.0105078125,0.9691540598869324,0.03805512562394142,0.5479936599731445,1.0,0.0,0.3199574053287506,0.0,0.4657946228981018,1.0,0.9865385890007019,0.013461410999298096
9,3000,0.3765708804130554,0.24532867968082428,0.2139081358909607,0.010910631157457829,0.2018359375,0.5964943170547485,0.9935438368055555,0.012912326388888895,1.0,0.0,0.27852746212121204,0.5417791193181818,0.4892447916666667,0.7428385416666666,0.00036458333333333335,0.009127604166666666,0.9652305841445923,0.042554352432489395,0.5473552942276001,1.0,0.0,0.3157016634941101,0.0,0.46525201201438904,1.0,0.9861853122711182,0.013814687728881836
9,3010,0.37099340558052063,0.24594007432460785,0.20590254664421082,0.007992723025381565,0.17778645833333334,0.5118768215179443,0.9667732388584757,0.04311417774920702,1.0,0.0,0.3045691287878788,0.5456853693181818,0.4916015625,0.7376432291666667,0.000390625,0.009700520833333334,0.9610583782196045,0.0473988875746727,0.5469409227371216,1.0,0.0,0.31293970346450806,0.0,0.46489980816841125,1.0,0.985678493976593,0.014321506023406982
9,3020,0.36370113492012024,0.2504573166370392,0.20913009345531464,0.006232661195099354,0.15296875,0.5994260907173157,0.9190117032187902,0.09785532857081916,1.0,0.0,0.31522253787878785,0.5472833806818181,0.5202473958333333,0.7279166666666667,5.208333333333334e-05,0.009934895833333334,0.9578151106834412,0.051150135695934296,0.546433687210083,1.0,0.0,0.30955764651298523,0.0,0.46446865797042847,1.0,0.985068142414093,0.014931857585906982
9,3030,0.3278912305831909,0.21563325822353363,0.17655527591705322,0.005834679584950209,0.13915364583333334,0.5013481378555298,0.9025849098999854,0.10982832396832018,1.0,0.0,0.3329782196969697,0.5499467329545454,0.59421875,0.743828125,0.00028645833333333333,0.010325520833333334,0.9561524391174316,0.055124007165431976,0.5455416440963745,1.0,0.0,0.3036109209060669,0.0,0.46371039748191833,1.0,0.9843542575836182,0.015645742416381836
9,3040,0.37025102972984314,0.23623856902122498,0.1869276463985443,0.006174081936478615,0.16680989583333333,0.5046552419662476,0.9176266965173125,0.09926801768866012,1.0,0.0,0.3199573863636363,0.5479936079545454,0.5411458333333333,0.7452734375,0.0001171875,0.0100390625,0.952730655670166,0.059074629098176956,0.5450470447540283,1.0,0.0,0.30031341314315796,0.0,0.4632900059223175,1.0,0.9835177063941956,0.016482293605804443
9,3050,0.37630853056907654,0.24272698163986206,0.19663971662521362,0.007405234035104513,0.18399739583333333,0.5133147835731506,0.950351616897113,0.06234487189722012,1.0,0.0,0.30220170454545453,0.5453302556818181,0.49877604166666667,0.7369140625,2.604166666666667e-05,0.0096484375,0.9494263529777527,0.06294167041778564,0.5442099571228027,1.0,0.0,0.29473304748535156,0.0,0.4625784754753113,1.0,0.9826157093048096,0.01738429069519043
9,3060,0.3650357127189636,0.24777328968048096,0.20699313282966614,0.007486675400286913,0.1732421875,0.48949044942855835,0.952634285383714,0.05966659094653719,1.0,0.0,0.2856297348484848,0.5428444602272727,0.4503125,0.7249348958333334,0.0003385416666666667,0.009283854166666666,0.9458673000335693,0.0672130286693573,0.543064296245575,1.0,0.0,0.2870952785015106,0.0,0.46160465478897095,1.0,0.9816436767578125,0.0183563232421875
9,3070,0.370754599571228,0.2498244345188141,0.21110686659812927,0.007239681668579578,0.17299479166666668,0.5120066404342651,0.9460358360946824,0.06714046403382044,1.0,0.0,0.2909564393939394,0.543643465909091,0.4786458333333333,0.726875,0.00015625,0.009401041666666667,0.9437751770019531,0.06992705166339874,0.5424174666404724,1.0,0.0,0.2827832102775574,0.0,0.46105486154556274,1.0,0.9806121587753296,0.01938784122467041
9,3080,0.3604561388492584,0.24130581319332123,0.19131173193454742,0.007647083606570959,0.181796875,0.5880210399627686,0.9569314097697901,0.05478911768584473,1.0,0.0,0.2909564393939394,0.543643465909091,0.49731770833333333,0.734921875,0.00024739583333333335,0.009401041666666667,0.9421166777610779,0.07211621850728989,0.5417664647102356,1.0,0.0,0.278442919254303,0.0,0.4605015218257904,1.0,0.9794611930847168,0.020538806915283203
9,3090,0.3852527141571045,0.25464361906051636,0.21871444582939148,0.007373278960585594,0.17162760416666667,0.5119215846061707,0.9498718897961989,0.0625639036406831,1.0,0.0,0.2726089015151515,0.5408913352272727,0.4735026041666667,0.7276822916666666,0.00018229166666666667,0.008997395833333333,0.9392796754837036,0.07565534859895706,0.5411365628242493,1.0,0.0,0.2742435336112976,0.0,0.45996609330177307,1.0,0.9781907796859741,0.02180922031402588
9,3100,0.37597188353538513,0.24470612406730652,0.2046128362417221,0.00596599280834198,0.16368489583333334,0.5094397664070129,0.9118853973308554,0.1059290387023109,1.0,0.0,0.26787405303030304,0.5401811079545454,0.49540364583333335,0.74109375,0.00018229166666666667,0.008893229166666667,0.9370442628860474,0.0785100981593132,0.5401049852371216,1.0,0.0,0.26736676692962646,0.0,0.4590892493724823,1.0,0.9757512807846069,0.024248719215393066
9,3110,0.3791528344154358,0.25117188692092896,0.2125895619392395,0.005735404323786497,0.15153645833333335,0.5221020579338074,0.9054579915968464,0.11344094625989677,1.0,0.0,0.2524857954545454,0.5378728693181818,0.5059375,0.7348567708333333,0.0001171875,0.0085546875,0.9349464178085327,0.08112657070159912,0.5392933487892151,1.0,0.0,0.26195549964904785,0.0,0.45839935541152954,1.0,0.9732493162155151,0.026750683784484863
9,3120,0.3705637454986572,0.2460765689611435,0.2092858999967575,0.006521058268845081,0.16889322916666666,0.5275760889053345,0.9263867724906945,0.08978756124794804,1.0,0.0,0.26550662878787873,0.5398259943181818,0.5458723958333334,0.7363932291666667,0.00014322916666666667,0.008841145833333333,0.9360053539276123,0.08012014627456665,0.5381392240524292,1.0,0.0,0.2542613744735718,0.0,0.4574183523654938,1.0,0.9710522890090942,0.02894771099090576
9,3130,0.367502361536026,0.24447840452194214,0.20027659833431244,0.00637483736500144,0.16169270833333332,0.513285219669342,0.9217259254092527,0.09572121007786938,1.0,0.0,0.23591382575757575,0.5353870738636364,0.529609375,0.7370052083333334,5.208333333333334e-05,0.008190104166666667,0.9394217729568481,0.07634061574935913,0.5368329286575317,1.0,0.0,0.24555262923240662,0.0,0.4563080072402954,1.0,0.968475341796875,0.031524658203125
9,3140,0.3682240843772888,0.248512864112854,0.21156272292137146,0.0063781761564314365,0.16584635416666665,0.512101411819458,0.9217178464903014,0.09581473015622313,1.0,0.0,0.2424242424242424,0.5363636363636364,0.5175651041666667,0.7346484375,5.208333333333334e-05,0.008333333333333333,0.9410871267318726,0.07486927509307861,0.5353871583938599,1.0,0.0,0.23591382801532745,0.0,0.4550791084766388,1.0,0.9658819437026978,0.034118056297302246
9,3150,0.35084468126296997,0.24209195375442505,0.19186265766620636,0.006515189073979855,0.1583203125,0.5092896819114685,0.92572800420366,0.090969104282457,1.0,0.0,0.2619554924242424,0.5392933238636364,0.5397395833333334,0.7228645833333334,6.510416666666667e-05,0.008763020833333333,0.9424946904182434,0.07360777258872986,0.5346684455871582,1.0,0.0,0.23112261295318604,0.0,0.4544681906700134,1.0,0.9638090133666992,0.03619098663330078
9,3160,0.35677292943000793,0.24342267215251923,0.19320128858089447,0.006419912446290255,0.17263020833333334,0.4683561623096466,0.919571541580687,0.10107440035022935,1.0,0.0,0.18383049242424238,0.5275745738636364,0.4903645833333333,0.72359375,0.0040625,0.007044270833333333,0.9425382614135742,0.07370159029960632,0.5334171056747437,1.0,0.0,0.2227802574634552,0.0,0.4534045457839966,1.0,0.9615907669067383,0.03840923309326172
9,3170,0.3493545651435852,0.25378698110580444,0.19946947693824768,0.007667565252631903,0.17274739583333334,0.47735926508903503,0.9500568722081459,0.06901276753493521,1.0,0.0,0.2507102272727273,0.5376065340909091,0.4948046875,0.6856510416666667,0.0007161458333333333,0.008515625,0.9427472949028015,0.07361603528261185,0.5321234464645386,1.0,0.0,0.21415606141090393,0.0,0.4523049294948578,1.0,0.9590144753456116,0.04098552465438843
9,3180,0.3508549928665161,0.24994885921478271,0.18075524270534515,0.00797783862799406,0.18606770833333333,0.5063968896865845,0.9585440402564802,0.05922769257470681,1.0,0.0,0.23354640151515152,0.5350319602272727,0.5046354166666667,0.6944661458333333,0.0010416666666666667,0.008138020833333334,0.9436955451965332,0.07266953587532043,0.530872106552124,1.0,0.0,0.2058137208223343,0.0,0.45124131441116333,1.0,0.9561166763305664,0.043883323669433594
9,3190,0.3481619358062744,0.25046467781066895,0.20008522272109985,0.007065067067742348,0.16955729166666667,0.49901193380355835,0.9340572173154451,0.08705175352411543,1.0,0.0,0.22999526515151514,0.5344992897727273,0.502578125,0.689453125,0.0009635416666666667,0.008059895833333334,0.9452551007270813,0.07104329764842987,0.5298574566841125,1.0,0.0,0.19904965162277222,0.0,0.4503788650035858,1.0,0.9532483220100403,0.04675167798995972
9,3200,0.35707205533981323,0.25549954175949097,0.20883938670158386,0.0075353337451815605,0.16904947916666666,0.5139408707618713,0.9474315066457925,0.07119959787725594,1.0,0.0,0.19685132575757575,0.5295276988636364,0.5049479166666667,0.6908333333333333,0.0011328125,0.007330729166666667,0.9434797763824463,0.07326438277959824,0.5288681983947754,1.0,0.0,0.19245469570159912,0.0,0.449537992477417,1.0,0.945255696773529,0.05474430322647095
9,3210,0.3513524830341339,0.2455018013715744,0.20681717991828918,0.007568765431642532,0.17015625,0.515068769454956,0.9494894786368863,0.06785829053257861,1.0,0.0,0.16489109848484848,0.5247336647727273,0.5398046875,0.7204817708333333,0.0032421875,0.006627604166666667,0.926547110080719,0.0878995731472969,0.5288893580436707,1.0,0.0,0.19259560108184814,0.0,0.4495559632778168,1.0,0.9354764819145203,0.06452351808547974
9,3220,0.3773467242717743,0.25818824768066406,0.21356754004955292,0.009617970325052738,0.1801171875,0.5350369215011597,0.9890104166666666,0.021979166666666675,1.0,0.0,0.1429924242424242,0.5214488636363637,0.5017057291666667,0.7249479166666667,0.0037890625,0.006145833333333333,0.9151926040649414,0.0980905070900917,0.528652548789978,1.0,0.0,0.19101732969284058,0.0,0.4493546783924103,1.0,0.928084135055542,0.07191586494445801
9,3230,0.36684277653694153,0.24410824477672577,0.19637531042099,0.00915131252259016,0.17772135416666668,0.549163818359375,0.9907573784722221,0.018485243055555555,1.0,0.0,0.13233901515151514,0.5198508522727273,0.5445572916666667,0.7369661458333333,0.002486979166666667,0.005911458333333334,0.9023545980453491,0.10979627817869186,0.5281664133071899,1.0,0.0,0.18777620792388916,0.0,0.4489414691925049,1.0,0.9224584102630615,0.07754158973693848
9,3240,0.36960890889167786,0.25098299980163574,0.22758039832115173,0.007016694638878107,0.17759114583333332,0.5358558893203735,0.9375575975268111,0.07893016853013901,1.0,0.0,0.13056344696969696,0.5195845170454545,0.5685286458333333,0.7329296875,0.0017317708333333334,0.005872395833333334,0.8869606256484985,0.12122675031423569,0.5285215377807617,1.0,0.0,0.1901436299085617,0.0,0.44924330711364746,1.0,0.9166885614395142,0.08331143856048584
9,3250,0.36865541338920593,0.28198936581611633,0.23703476786613464,0.007582125719636679,0.1630078125,0.5005220770835876,0.9471851649712821,0.07277648551243188,1.0,0.0,0.21934185606060605,0.532901278409091,0.4602864583333333,0.6499869791666667,0.00010416666666666667,0.007825520833333334,0.8791841864585876,0.12697692215442657,0.5291641354560852,1.0,0.0,0.19442754983901978,0.0,0.44978952407836914,1.0,0.9107133746147156,0.08928662538528442
9,3260,0.3619179129600525,0.24974466860294342,0.21321101486682892,0.007569238543510437,0.17776041666666667,0.5091235637664795,0.9512664947987894,0.06431522055693112,1.0,0.0,0.1270123106060606,0.5190518465909091,0.5817317708333334,0.7175390625,0.0022265625,0.0057942708333333336,0.8708105087280273,0.13387730717658997,0.5295404195785522,1.0,0.0,0.19693589210510254,0.0,0.4501093626022339,1.0,0.9037340879440308,0.09626591205596924
9,3270,0.3873545825481415,0.27158793807029724,0.24046461284160614,0.0077880495227873325,0.1690234375,0.5620772242546082,0.9570241860449717,0.05786984856000678,1.0,0.0,0.10452178030303029,0.5156782670454545,0.5706901041666667,0.6880598958333334,0.0012369791666666666,0.005299479166666667,0.864425778388977,0.14059822261333466,0.5298236608505249,1.0,0.0,0.1988241821527481,0.0,0.4503501355648041,1.0,0.8968299031257629,0.10317009687423706
9,3280,0.3591545522212982,0.2540690302848816,0.19499149918556213,0.008100754581391811,0.17263020833333334,0.5477331280708313,0.9659498582643059,0.047264109137783526,1.0,0.0,0.11576704545454543,0.5173650568181818,0.6379036458333334,0.7181510416666667,0.0003255208333333333,0.005546875,0.8501168489456177,0.1503554880619049,0.5293290019035339,1.0,0.0,0.19552668929100037,0.0,0.4499296545982361,1.0,0.890606701374054,0.10939329862594604
9,3290,0.37358540296554565,0.2681805491447449,0.2273024171590805,0.013778270222246647,0.1767578125,0.5516126751899719,0.9896809895833333,0.02063802083333334,1.0,0.0,0.14891098484848483,0.5223366477272727,0.6680859375,0.6792708333333334,7.8125e-05,0.006276041666666667,0.8361793756484985,0.15720419585704803,0.5291937589645386,1.0,0.0,0.19462481141090393,0.0,0.44981470704078674,1.0,0.8845190405845642,0.11548095941543579
9,3300,0.4779452085494995,0.37323349714279175,0.2898855209350586,0.006168264430016279,0.0962109375,0.5364567041397095,0.912589974714529,0.1092066654127828,1.0,0.0,0.13411458333333334,0.5201171875,0.39803385416666665,0.20296875,3.90625e-05,0.005950520833333334,0.8279008269309998,0.1616983413696289,0.5285892486572266,1.0,0.0,0.19059456884860992,0.0,0.4493008852005005,0.9094985127449036,0.8784874677658081,0.1215125322341919
9,3310,0.1518467664718628,0.18922878801822662,0.10675663501024246,0.004485975485295057,0.0371484375,0.6232330203056335,0.5563002661621823,0.41326800955639265,1.0,0.0,0.2708333333333333,0.540625,0.4737109375,0.03411458333333333,0.0016015625,0.008958333333333334,0.8191916942596436,0.1659073531627655,0.5290923118591309,1.0,0.0,0.1939484179019928,0.0,0.44972848892211914,1.0,0.8725137710571289,0.1274862289428711
9,3320,0.17447054386138916,0.21319548785686493,0.13115189969539642,0.004511864855885506,0.05188802083333333,0.6401460766792297,0.6670125826867714,0.3274507095870846,1.0,0.0,0.21934185606060605,0.532901278409091,0.5009375,0.018515625,0.0021744791666666666,0.007825520833333334,0.8026444911956787,0.17811506986618042,0.5270365476608276,0.995026171207428,0.0,0.1968231499195099,0.0,0.4479810893535614,1.0,0.8664960861206055,0.13350391387939453
9,3330,0.18558701872825623,0.19659733772277832,0.13555631041526794,0.00444922037422657,0.04350260416666667,0.6576278805732727,0.6567889647386784,0.3356086442315917,1.0,0.0,0.19744318181818177,0.5296164772727273,0.5915234375,0.015729166666666666,0.001966145833333333,0.00734375,0.7817891240119934,0.1933695673942566,0.5219863057136536,0.982363760471344,0.0,0.20536278188228607,0.0,0.44368836283683777,1.0,0.860552966594696,0.13944703340530396
9,3340,0.17152808606624603,0.1846085637807846,0.09758066385984421,0.005323218647390604,0.0474609375,0.6256566643714905,0.5984521724937427,0.335760879480001,1.0,0.0,0.2856297348484848,0.5428444602272727,0.5380729166666667,0.011875,0.0016666666666666668,0.009283854166666666,0.7607652544975281,0.2098349630832672,0.5172537565231323,0.970920205116272,0.0,0.21195775270462036,0.0,0.43966570496559143,1.0,0.8546384572982788,0.1453615427017212
9,3350,0.20717249810695648,0.19264499843120575,0.13639375567436218,0.005467046983540058,0.06938802083333333,0.6235995292663574,0.7584128304437805,0.21656856999865165,1.0,0.0,0.33238636363636365,0.5498579545454545,0.6182552083333334,0.0047395833333333335,0.0013151041666666667,0.0103125,0.7422647476196289,0.22396056354045868,0.5129083395004272,0.9600733518600464,0.0,0.21914458274841309,0.0,0.43597209453582764,1.0,0.8488396406173706,0.1511603593826294
9,3360,0.20474541187286377,0.18855750560760498,0.14099612832069397,0.0051950146444141865,0.0690234375,0.6445551514625549,0.7498811918501901,0.23587724497190374,1.0,0.0,0.31463068181818177,0.5471946022727273,0.6205729166666667,0.007135416666666667,0.0012630208333333332,0.009921875,0.7236893773078918,0.23820284008979797,0.5081890821456909,0.9496625065803528,0.0,0.2223857045173645,0.0,0.43196073174476624,1.0,0.8431013822555542,0.1568986177444458
9,3370,0.22059310972690582,0.2234315127134323,0.16680385172367096,0.004864336457103491,0.061184895833333336,0.6452877521514893,0.7854911111456598,0.24221343828666134,1.0,0.0,0.22348484848484848,0.5335227272727273,0.5900911458333333,0.009153645833333333,0.0014713541666666666,0.007916666666666667,0.7052162885665894,0.25258201360702515,0.5040063858032227,0.9394453763961792,0.0,0.22855791449546814,0.0,0.42840543389320374,1.0,0.8374824523925781,0.16251754760742188
9,3380,0.1959935575723648,0.20607900619506836,0.1005462184548378,0.005007427651435137,0.053385416666666664,0.6568653583526611,0.6495702969303367,0.27391527153223083,1.0,0.0,0.18146306818181818,0.5272194602272727,0.5870052083333334,0.0234765625,0.0027604166666666667,0.0069921875,0.6903740167617798,0.26282405853271484,0.5022680759429932,0.9303715229034424,0.0,0.24721546471118927,0.0,0.4269278645515442,1.0,0.831956148147583,0.168043851852417
9,3390,0.20060203969478607,0.23132829368114471,0.07374278455972672,0.006834277883172035,0.05748697916666667,0.6229371428489685,0.6658557391718997,0.2030506827623702,1.0,0.0,0.21460700757575754,0.5321910511363637,0.5705989583333333,0.045989583333333334,0.0057552083333333335,0.007721354166666666,0.6771097183227539,0.2713847756385803,0.5009658336639404,0.9208422899246216,0.0,0.2702978551387787,0.0,0.4258209764957428,1.0,0.8264690041542053,0.17353099584579468
9,3400,0.23998454213142395,0.2961941957473755,0.11562760174274445,0.007877263240516186,0.057955729166666664,0.6192655563354492,0.7602088865766693,0.1814289646158032,1.0,0.0,0.14535984848484848,0.5218039772727273,0.49861979166666665,0.07444010416666667,0.006809895833333334,0.006197916666666667,0.6624634265899658,0.2814446687698364,0.49924132227897644,0.911626935005188,0.0,0.2895190715789795,0.190083310008049,0.424355149269104,0.5872135162353516,0.821006715297699,0.17899328470230103
9,3410,0.22028635442256927,0.293891966342926,0.10107439011335373,0.009010897018015385,0.06204427083333333,0.5478426218032837,0.7645398866875559,0.1595886752136752,1.0,0.0,0.26728219696969696,0.5400923295454545,0.4050651041666667,0.08626302083333333,0.007213541666666667,0.008880208333333334,0.652263879776001,0.28647381067276,0.4984425902366638,0.902529776096344,0.0,0.31451794505119324,0.1243763417005539,0.4236762225627899,0.43422025442123413,0.815593421459198,0.184406578540802
9,3420,0.16990186274051666,0.2762853801250458,0.07852600514888763,0.006756292190402746,0.048984375,0.6471906304359436,0.6019973438510535,0.324220362654492,0.895548502604167,0.0,0.22526041666666663,0.4815633138020835,0.27415364583333335,0.112421875,0.0063671875,0.007955729166666667,0.6586542725563049,0.27738213539123535,0.49626219272613525,0.8931128978729248,0.0,0.3313717544078827,0.33659234642982483,0.4218228757381439,0.6529680490493774,0.810329794883728,0.18967020511627197
9,3430,0.13670966029167175,0.24004893004894257,0.05350304767489433,0.00610204366967082,0.0555078125,0.6363525390625,0.5510481118535391,0.34232401517837036,0.7340901692708334,0.0,0.3223248106060606,0.41539380622632577,0.22579427083333334,0.10911458333333333,0.0036979166666666666,0.010091145833333334,0.6600991487503052,0.27206289768218994,0.4948117136955261,0.8838452100753784,0.0,0.3525940179824829,0.0,0.42058995366096497,0.7781410217285156,0.8051741123199463,0.1948258876800537
9,3440,0.136784628033638,0.2418309450149536,0.06399421393871307,0.005573259200900793,0.053515625,0.6509357690811157,0.5492570860572555,0.3642584602993036,0.7596842447916667,0.0,0.2708333333333333,0.4204671223958334,0.23005208333333332,0.113046875,0.00375,0.008958333333333334,0.6614953279495239,0.26696375012397766,0.4933992028236389,0.8746958374977112,0.0,0.3736753463745117,0.011192485690116882,0.4193893373012543,0.7677241563796997,0.8001981973648071,0.19980180263519287
9,3450,0.1340738832950592,0.2404998540878296,0.06949342042207718,0.005332503467798233,0.052643229166666666,0.6699138283729553,0.5490459088385042,0.3755675912074231,0.7722167968750001,0.0,0.28148674242424243,0.42833140980113643,0.23006510416666667,0.11704427083333334,0.0038541666666666668,0.009192708333333334,0.6663080453872681,0.26115578413009644,0.49192142486572266,0.865703284740448,0.0,0.39379847049713135,0.07599733769893646,0.4181332290172577,0.7468904256820679,0.7953436374664307,0.20465636253356934
9,3460,0.1345648616552353,0.24041599035263062,0.07243579626083374,0.0053636617958545685,0.053346354166666665,0.670210063457489,0.5571035235205714,0.371863902865076,0.7813720703125,0.0,0.287405303030303,0.43379683061079544,0.23192708333333334,0.11811197916666667,0.0044140625,0.009322916666666667,0.6636922955513,0.26082637906074524,0.489982545375824,0.8567863702774048,0.0,0.41059592366218567,0.13646379113197327,0.41648516058921814,0.6616979837417603,0.7905557155609131,0.20944428443908691
9,3470,0.13564638793468475,0.24154242873191833,0.0733107253909111,0.005432628560811281,0.054283854166666666,0.6707985997200012,0.563330133670748,0.3662776838740568,0.7854410807291667,0.0,0.25662878787878785,0.43121485854640157,0.23282552083333333,0.118515625,0.0044140625,0.008645833333333333,0.6614450216293335,0.259616494178772,0.4883456826210022,0.8478055000305176,0.0,0.42961984872817993,0.13812944293022156,0.4150938391685486,0.6638697385787964,0.785858690738678,0.21414130926132202
9,3480,0.1396455317735672,0.23343324661254883,0.07401522248983383,0.006745510268956423,0.06967447916666666,0.5798196196556091,0.6453371275614265,0.2729531930196213,0.8094482421875001,0.0,0.49633049242424243,0.47917369495738643,0.24075520833333333,0.11826822916666667,0.0046875,0.013919270833333334,0.6576583981513977,0.25793275237083435,0.48740753531455994,0.8391481637954712,0.0,0.45222312211990356,0.13712354004383087,0.414296418428421,0.6830388307571411,0.781205415725708,0.218794584274292
9,3490,0.14246335625648499,0.23476678133010864,0.07541880011558533,0.007510323543101549,0.07606770833333333,0.5636695623397827,0.6873987938342696,0.2270388935681464,0.7998860677083335,0.0,0.6004971590909092,0.4900176077178031,0.238828125,0.11713541666666667,0.004596354166666667,0.0162109375,0.6601346135139465,0.2549892067909241,0.4870852530002594,0.8311476707458496,0.0,0.4767428934574127,0.24616949260234833,0.4140224754810333,0.6783803105354309,0.7767078876495361,0.22329211235046387
9,3500,0.1431952714920044,0.23534244298934937,0.07508467882871628,0.007569518871605396,0.07364583333333333,0.5609403848648071,0.6821097596689877,0.23189615046439668,0.8064778645833334,0.0,0.5525568181818181,0.4861224550189394,0.24092447916666668,0.1171484375,0.0044921875,0.01515625,0.661635160446167,0.2556122839450836,0.4863898456096649,0.8232886791229248,0.0,0.4983033239841461,0.21352671086788177,0.4134313762187958,0.6834479570388794,0.772336483001709,0.22766351699829102
9,3510,0.14365997910499573,0.23603658378124237,0.07570439577102661,0.00758775882422924,0.07891927083333333,0.5624952912330627,0.6983988108291636,0.21481895392046563,0.8089599609375002,0.0,0.6590909090909092,0.5033436168323865,0.24151041666666667,0.11735677083333333,0.0040625,0.0175,0.6589692831039429,0.2568773329257965,0.4863649904727936,0.8156040906906128,0.0,0.5237531661987305,0.1811620593070984,0.4134102463722229,0.6848644614219666,0.7690978050231934,0.23090219497680664
9,3520,0.14385583996772766,0.23638617992401123,0.07502218335866928,0.007606936153024435,0.07631510416666666,0.5612220168113708,0.6904995296982326,0.2223425858860072,0.8022460937500001,0.0,0.6247632575757576,0.49483753551136367,0.24014322916666667,0.11657552083333333,0.004153645833333333,0.016744791666666668,0.6561228632926941,0.25912007689476013,0.4854877293109894,0.8079562783241272,0.0,0.5433971881866455,0.1983143389225006,0.41266459226608276,0.6815594434738159,0.7659345865249634,0.23406541347503662
9,3530,0.14408184587955475,0.23663252592086792,0.07561396807432175,0.0076047508046031,0.07841145833333334,0.5632938742637634,0.6973540054927065,0.21574621823833573,0.8053792317708334,0.0,0.6650094696969697,0.5024410363399622,0.241484375,0.11623697916666667,0.003997395833333334,0.017630208333333335,0.661074161529541,0.25346362590789795,0.48765257000923157,0.8053443431854248,0.0,0.5665359497070312,0.17568044364452362,0.4145047068595886,0.684801459312439,0.7625043392181396,0.23749566078186035
9,3540,0.1443522721529007,0.23683986067771912,0.07582937926054001,0.007608019281178713,0.074140625,0.5614442825317383,0.6861095235915186,0.22852717853660898,0.8078613281250002,0.0,0.640151515151515,0.49995339133522737,0.242265625,0.11625,0.0037239583333333335,0.017083333333333332,0.6684068441390991,0.24696972966194153,0.49311181902885437,0.8107755184173584,0.0,0.5848270654678345,0.1517709344625473,0.41914504766464233,0.686690092086792,0.7594684958457947,0.24053150415420532
9,3550,0.14498615264892578,0.23725196719169617,0.07607712596654892,0.007635538000613451,0.07845052083333333,0.5587482452392578,0.6995190307862509,0.2137932946837154,0.8111572265625,0.0,0.7082149621212122,0.5118108575994318,0.24364583333333334,0.11592447916666666,0.0036197916666666666,0.018580729166666667,0.6758367419242859,0.2394079566001892,0.4983610212802887,0.81499183177948,0.0,0.6057674884796143,0.1353543996810913,0.42360687255859375,0.6900266408920288,0.7564891576766968,0.24351084232330322
9,3560,0.14527298510074615,0.23745396733283997,0.07625673711299896,0.007608048152178526,0.0801953125,0.5587339401245117,0.7034826577821975,0.20965109800268722,0.8127441406249999,0.0,0.6851325757575758,0.5091419566761363,0.24388020833333332,0.11619791666666666,0.0034895833333333333,0.018072916666666668,0.6833114624023438,0.23127292096614838,0.503378689289093,0.818744957447052,0.0,0.626707911491394,0.11649899184703827,0.4278719127178192,0.6905931234359741,0.752985417842865,0.247014582157135
9,3570,0.14553560316562653,0.23762811720371246,0.07629533857107162,0.0076507641933858395,0.07923177083333334,0.5575750470161438,0.7026881473882046,0.2104695061689224,0.8114013671875001,0.0,0.7141335227272727,0.512820712002841,0.2458203125,0.113828125,0.003841145833333333,0.0187109375,0.6903379559516907,0.22337454557418823,0.5080974102020264,0.8221455216407776,0.0,0.6468310356140137,0.15669472515583038,0.4318827986717224,0.695283055305481,0.7496998310089111,0.25030016899108887
9,3580,0.14579498767852783,0.2377205491065979,0.07648488134145737,0.00766887329518795,0.0803515625,0.5588201880455017,0.7059715622346029,0.2068548326331587,0.8181966145833335,0.0,0.6981534090909091,0.5138213186553031,0.24696614583333334,0.11485677083333333,0.003424479166666667,0.018359375,0.6971511840820312,0.21566897630691528,0.51256263256073,0.8252166509628296,0.0,0.6663622856140137,0.10911881923675537,0.43567824363708496,0.6980528831481934,0.746788740158081,0.25321125984191895
9,3590,0.1460721641778946,0.23771098256111145,0.07668206840753555,0.007681661285459995,0.0781640625,0.5579478740692139,0.7015707316465656,0.21210097250916737,0.8319905598958335,0.0,0.6963778409090909,0.5204519560842804,0.2476953125,0.11854166666666667,0.003463541666666667,0.0183203125,0.7000517845153809,0.21237614750862122,0.5151010751724243,0.827359676361084,0.0,0.6761419773101807,0.1167837530374527,0.4378359317779541,0.6998157501220703,0.7442283630371094,0.2557716369628906
9,3600,0.14640624821186066,0.23809191584587097,0.07641365379095078,0.0076414719223976135,0.07713541666666666,0.5590009689331055,0.6973676340186599,0.2161354192931726,0.8349609375000002,0.0,0.6673768939393938,0.5175870028409092,0.24869791666666666,0.11848958333333333,0.003411458333333333,0.017682291666666666,0.7010247707366943,0.2112177312374115,0.5173148512840271,0.8302059769630432,0.0,0.6814123392105103,0.10989762842655182,0.4397176504135132,0.7022393941879272,0.741653323173523,0.25834667682647705
9,3610,0.1465303748846054,0.23808586597442627,0.07622747123241425,0.007642339915037155,0.0796484375,0.5591657161712646,0.7042259502876841,0.20799463986362643,0.838623046875,0.0,0.6798058712121212,0.5212824041193181,0.24944010416666668,0.11891927083333333,0.003359375,0.017955729166666667,0.702273964881897,0.2098705917596817,0.519790530204773,0.8325446844100952,0.0,0.690121054649353,0.10335937142372131,0.44182196259498596,0.7040334939956665,0.7442327737808228,0.25576722621917725
9,3620,0.14640973508358002,0.23810400068759918,0.07584899663925171,0.007650325074791908,0.080234375,0.5596894025802612,0.7047645679525045,0.20668682021298382,0.8393961588541666,0.0,0.6798058712121212,0.5216689601089015,0.2496484375,0.11895833333333333,0.0036067708333333334,0.017955729166666667,0.7028056383132935,0.20932357013225555,0.5213451385498047,0.8348252773284912,0.0,0.6928831338882446,0.12886770069599152,0.443143367767334,0.7045371532440186,0.7486273050308228,0.25137269496917725
9,3630,0.1465788334608078,0.23800574243068695,0.07596985995769501,0.007683129515498877,0.08014322916666666,0.5595406293869019,0.7059750930724982,0.20543494871446513,0.8406982421875002,0.0,0.7111742424242424,0.5270252574573865,0.24984375,0.1191796875,0.0034765625,0.018645833333333334,0.7037724256515503,0.20841336250305176,0.523362398147583,0.8376678228378296,0.0,0.6968569755554199,0.11526122689247131,0.44485804438591003,0.7050092816352844,0.7507168054580688,0.24928319454193115
9,3640,0.14653289318084717,0.237933948636055,0.07572570443153381,0.00765976682305336,0.08208333333333333,0.5595271587371826,0.7050327591037958,0.2059519134231699,0.84814453125,0.0,0.7064393939393939,0.5300381747159091,0.2521484375,0.1192578125,0.0035677083333333333,0.018541666666666668,0.7043715715408325,0.20785430073738098,0.5248609185218811,0.8401828408241272,0.0,0.6984634399414062,0.11942140758037567,0.44613179564476013,0.710580587387085,0.7510636448860168,0.24893635511398315
9,3650,0.1465701162815094,0.23783382773399353,0.07566658407449722,0.007696730084717274,0.07973958333333334,0.563622236251831,0.7052857179645887,0.20546133620963075,0.8482259114583333,0.0,0.7105823863636362,0.5307003136837121,0.25178385416666665,0.1196484375,0.0032942708333333335,0.0186328125,0.7055616974830627,0.2066243439912796,0.5266216397285461,0.8425796627998352,0.0,0.702211856842041,0.09329497814178467,0.4476284086704254,0.7096992135047913,0.7515634894371033,0.24843651056289673
9,3660,0.1469852477312088,0.2382873296737671,0.07572978734970093,0.007691387552767992,0.08169270833333334,0.5579904913902283,0.7060160678931858,0.20473179039663983,0.8510335286458335,0.0,0.7212357954545454,0.5337021336410985,0.25180989583333335,0.12052083333333333,0.00328125,0.0188671875,0.7060997486114502,0.20608359575271606,0.5274157524108887,0.8446161150932312,0.0,0.7007181644439697,0.0900307297706604,0.4483034014701843,0.7097622156143188,0.7523407936096191,0.24765920639038086
9,3670,0.1472090482711792,0.2383383959531784,0.07567185163497925,0.0076927305199205875,0.07947916666666667,0.5586310625076294,0.704659315415685,0.2059982714898091,0.8527832031250003,0.0,0.7099905303030303,0.5328901811079547,0.2524869791666667,0.12040364583333334,0.0033463541666666667,0.018619791666666666,0.7064393162727356,0.20574532449245453,0.5287436842918396,0.8462573289871216,0.0,0.7041001319885254,0.09790249168872833,0.4494321346282959,0.7113989591598511,0.754148006439209,0.24585199356079102
9,3680,0.1471947580575943,0.23818963766098022,0.07591387629508972,0.007686624303460121,0.0801953125,0.5584697723388672,0.7064081418712437,0.20446034474545702,0.8499348958333335,0.0,0.6667850378787878,0.5249852035984849,0.25200520833333334,0.11997395833333334,0.00328125,0.017669270833333334,0.7067310810089111,0.20538485050201416,0.5301049947738647,0.8486754894256592,0.0,0.7051148414611816,0.0916125625371933,0.45058926939964294,0.7102344036102295,0.7559316158294678,0.24406838417053223
9,3690,0.14728881418704987,0.23822683095932007,0.07551812380552292,0.007702460512518883,0.0821875,0.5591650605201721,0.7062500863460319,0.20380392238255438,0.8544514973958335,0.0,0.7017045454545454,0.5324814305160985,0.2534765625,0.11994791666666667,0.0030729166666666665,0.0184375,0.7068758606910706,0.20518654584884644,0.5315830111503601,0.8507099151611328,0.0,0.7081868052482605,0.06642892956733704,0.45184558629989624,0.7137911319732666,0.7570590972900391,0.24294090270996094
9,3700,0.14755459129810333,0.23831556737422943,0.07594198733568192,0.007729875855147839,0.0804296875,0.556017279624939,0.7078309656357812,0.20271201237692907,0.859659830729167,0.0,0.7111742424242424,0.5365060517282199,0.25419270833333335,0.1208984375,0.0030989583333333333,0.018645833333333334,0.7072386741638184,0.20473712682724,0.5322598218917847,0.8519790768623352,0.0,0.7084686756134033,0.06927661597728729,0.4524208605289459,0.7155224084854126,0.7580426931381226,0.24195730686187744
9,3710,0.14758053421974182,0.23840363323688507,0.07663974910974503,0.0077107916586101055,0.081953125,0.5579684972763062,0.7083435282243655,0.2036063476372258,0.8555908203125002,0.0,0.7354403409090909,0.5381114612926138,0.2529427083333333,0.12084635416666667,0.0032421875,0.0191796875,0.7077319025993347,0.20415347814559937,0.5333836078643799,0.8534148931503296,0.0,0.7111742496490479,0.08512608706951141,0.45337608456611633,0.7125006318092346,0.7590311765670776,0.24096882343292236
9,3720,0.14764399826526642,0.2384370118379593,0.07725883275270462,0.007713689934462309,0.08234375,0.5599964261054993,0.709562282828175,0.20333135362411658,0.8568522135416667,0.0,0.717092803030303,0.5359900272253788,0.25345052083333336,0.1207421875,0.0031640625,0.018776041666666667,0.707927942276001,0.2039257287979126,0.5340772867202759,0.8545910120010376,0.0,0.711878776550293,0.07568910717964172,0.4539656937122345,0.7137281894683838,0.7599937915802002,0.2400062084197998
9,3730,0.14769995212554932,0.2384892702102661,0.07793083786964417,0.007718072738498449,0.081015625,0.5557708740234375,0.7108019187099794,0.20322811349428846,0.8619384765625003,0.0,0.7082149621212122,0.537201482599432,0.25442708333333336,0.12139322916666667,0.0031640625,0.018580729166666667,0.7080954313278198,0.20372706651687622,0.5349864959716797,0.8560035228729248,0.0,0.71323162317276,0.07589705288410187,0.4547385275363922,0.7160888910293579,0.761030912399292,0.238969087600708
9,3740,0.14774316549301147,0.23855866491794586,0.07782480120658875,0.007709035649895668,0.07984375,0.5565194487571716,0.7099364705725787,0.20400610510793382,0.8581949869791669,0.0,0.6987452651515151,0.5339092832623107,0.25393229166666664,0.12069010416666667,0.0032552083333333335,0.018372395833333333,0.7082231044769287,0.20357313752174377,0.536048173904419,0.8572474718093872,0.0,0.7161627411842346,0.08626483380794525,0.455640971660614,0.7148928046226501,0.7619678974151611,0.23803210258483887
9,3750,0.14795491099357605,0.2386779934167862,0.07788429409265518,0.007727914024144411,0.0809765625,0.556515634059906,0.7111022041722035,0.202698039575543,0.8581949869791669,0.0,0.7188683712121211,0.5369277491714016,0.253984375,0.12063802083333333,0.0033463541666666667,0.018815104166666666,0.7083906531333923,0.20338770747184753,0.5366700887680054,0.858237624168396,0.0,0.7170082330703735,0.09590223431587219,0.45616957545280457,0.715018630027771,0.7628595232963562,0.2371404767036438
9,3760,0.1479044109582901,0.23872672021389008,0.0775628611445427,0.0077391560189425945,0.08186197916666667,0.5565986037254333,0.7108186225772484,0.20243776110947373,0.853922526041667,0.0,0.6768465909090909,0.5284882516571972,0.25274739583333333,0.1205078125,0.0034765625,0.017890625,0.7085665464401245,0.2032044678926468,0.5373660326004028,0.859342098236084,0.0,0.7179664969444275,0.11034727096557617,0.4567611515522003,0.712028443813324,0.7636257410049438,0.23637425899505615
9,3770,0.1478555053472519,0.23876459896564484,0.07751719653606415,0.007732855621725321,0.08319010416666667,0.5610803961753845,0.7106135416006498,0.2025473811127104,0.8472086588541669,0.0,0.756155303030303,0.5370276248816288,0.2547265625,0.11638020833333333,0.0033333333333333335,0.019635416666666666,0.7087161540985107,0.2030453383922577,0.537671685218811,0.8604523539543152,0.0,0.7163037061691284,0.09129650890827179,0.45702093839645386,0.7168128490447998,0.7643194198608398,0.23568058013916016
9,3780,0.14771635830402374,0.23845678567886353,0.07663010060787201,0.007722454145550728,0.08111979166666666,0.5565481185913086,0.7088158772315164,0.2028992215109873,0.8621826171875001,0.0,0.7354403409090909,0.5414073597301137,0.25462239583333335,0.12127604166666667,0.0030859375,0.0191796875,0.7089735269546509,0.20279112458229065,0.5383400321006775,0.8615606427192688,0.0,0.717064619064331,0.06731592118740082,0.4575890302658081,0.7165610790252686,0.7649287581443787,0.23507124185562134
9,3790,0.14780156314373016,0.23842525482177734,0.07667829841375351,0.007723315618932247,0.08524739583333334,0.5613577961921692,0.7090117012829751,0.20269066541195724,0.8609212239583335,0.0,0.7626657196969697,0.5448604699337122,0.2548697916666667,0.120625,0.0030338541666666665,0.019778645833333334,0.7091354131698608,0.2026088386774063,0.5395973324775696,0.8628239631652832,0.0,0.7212358117103577,0.05352050065994263,0.45865774154663086,0.7171590924263,0.7654144167900085,0.23458558320999146
9,3800,0.14779116213321686,0.23831574618816376,0.07677732408046722,0.007723070681095123,0.08131510416666667,0.5559569001197815,0.7091900727886543,0.20266341080672048,0.8586425781250002,0.0,0.7022964015151515,0.5346657492897728,0.25490885416666664,0.11985677083333333,0.002903645833333333,0.018450520833333334,0.709316074848175,0.20243564248085022,0.5404958724975586,0.8638431429862976,0.0,0.7238287329673767,0.04751943051815033,0.4594215154647827,0.717253565788269,0.7658539414405823,0.23414605855941772
9,3810,0.14774049818515778,0.2381889373064041,0.07653440535068512,0.007684497162699699,0.08239583333333333,0.5584602952003479,0.707724549029615,0.20387849520902002,0.8651123046875002,0.0,0.7241950757575757,0.5411854137073865,0.25555989583333333,0.12127604166666667,0.00296875,0.018932291666666667,0.7094354629516602,0.20228484272956848,0.5410758256912231,0.864732563495636,0.0,0.7247306108474731,0.05358327180147171,0.4599144756793976,0.7188273668289185,0.7662283182144165,0.2337716817855835
9,3820,0.14768452942371368,0.23804010450839996,0.07659164816141129,0.007700808811932802,0.08131510416666667,0.5594810247421265,0.708343686508774,0.20321191799662866,0.8633219401041667,0.0,0.6946022727272726,0.5358513109611742,0.2552994791666667,0.12096354166666666,0.003359375,0.01828125,0.7095571756362915,0.2020641267299652,0.5416508913040161,0.8660094141960144,0.0,0.7243078351020813,0.09553216397762299,0.4604032635688782,0.7181978225708008,0.7665979266166687,0.2334020733833313
9,3830,0.1477721631526947,0.23785078525543213,0.0762627050280571,0.0077134245075285435,0.08092447916666666,0.5582664012908936,0.7082817333957038,0.20251479313090484,0.8690592447916667,0.0,0.7082149621212122,0.5407618667140152,0.25678385416666666,0.12131510416666667,0.0030208333333333333,0.018580729166666667,0.7096019387245178,0.2018475979566574,0.5425163507461548,0.8670809268951416,0.0,0.7265061140060425,0.05749508738517761,0.46113890409469604,0.7217860817909241,0.7669821381568909,0.23301786184310913
9,3840,0.14764273166656494,0.237770676612854,0.07627986371517181,0.007729779928922653,0.0855859375,0.5611908435821533,0.7086562591902983,0.20220278417918736,0.8668212890625,0.0,0.7727272727272727,0.549319735440341,0.2566015625,0.12078125,0.0030208333333333333,0.02,0.7095789909362793,0.20162026584148407,0.5430541038513184,0.8680633306503296,0.0,0.7268161773681641,0.05116589367389679,0.4615960121154785,0.7213454246520996,0.7673214673995972,0.23267853260040283
9,3850,0.1476384699344635,0.23770000040531158,0.07614773511886597,0.007733682170510292,0.08098958333333334,0.5559282302856445,0.7085503720702271,0.20205777173240977,0.8689371744791669,0.0,0.7241950757575757,0.5430978486032197,0.2561979166666667,0.12186197916666666,0.0027734375,0.018932291666666667,0.7096155881881714,0.20133109390735626,0.5438368320465088,0.869096040725708,0.0,0.7285916805267334,0.031930431723594666,0.4622613191604614,0.7203697562217712,0.7675943374633789,0.2324056625366211
9,3860,0.14766825735569,0.23765096068382263,0.07623066753149033,0.007739432621747255,0.08123697916666667,0.560401976108551,0.7089795482402044,0.20161335587491427,0.8714192708333337,0.0,0.7307054924242424,0.5453154592803032,0.2576041666666667,0.12125,0.002903645833333333,0.019075520833333335,0.7095612287521362,0.20112395286560059,0.5445169806480408,0.8704310655593872,0.0,0.7286763191223145,0.04391893744468689,0.4628394544124603,0.7237690687179565,0.7678910493850708,0.2321089506149292
9,3870,0.14753013849258423,0.23734913766384125,0.07620694488286972,0.007748743519186974,0.08104166666666666,0.5572441816329956,0.7091588248404732,0.20139025093942153,0.8743489583333335,0.0,0.686316287878788,0.5401219223484849,0.2574609375,0.12233072916666667,0.0026822916666666666,0.018098958333333335,0.7095345258712769,0.20090046525001526,0.5455268025398254,0.871723473072052,0.0,0.7311000823974609,0.020536333322525024,0.46369779109954834,0.7234228849411011,0.7681461572647095,0.23185384273529053
9,3880,0.1475045084953308,0.2372179627418518,0.07638522237539291,0.007769293151795864,0.08424479166666667,0.558334469795227,0.7100639401523489,0.20065957108345941,0.8760579427083333,0.0,0.7259706439393939,0.5469245679450757,0.258125,0.12221354166666666,0.0027083333333333334,0.018971354166666666,0.7094477415084839,0.2007366418838501,0.5460214614868164,0.8736514449119568,0.0,0.7279716730117798,0.021719448268413544,0.46411824226379395,0.7250281572341919,0.7684007287025452,0.23159927129745483
9,3890,0.14762021601200104,0.23718638718128204,0.07630772888660431,0.007757232990115881,0.08345052083333333,0.5572111010551453,0.7098067146506916,0.2006322936617787,0.8764648437500002,0.0,0.7543797348484848,0.5513893821022728,0.25829427083333334,0.12217447916666667,0.0027864583333333335,0.019596354166666666,0.709454357624054,0.2005569338798523,0.5464125871658325,0.8746957778930664,0.0,0.7270979881286621,0.03051675856113434,0.4644507169723511,0.7254374027252197,0.7687053680419922,0.2312946319580078
9,3900,0.1474202275276184,0.23709344863891602,0.07615116238594055,0.007780472282320261,0.0827734375,0.5565098524093628,0.7100437213849663,0.20016683421110312,0.8758544921875001,0.0,0.756155303030303,0.5513505415482955,0.2574869791666667,0.12278645833333333,0.0026953125,0.019635416666666666,0.7093969583511353,0.20040109753608704,0.5467789173126221,0.8757750988006592,0.0,0.7259424924850464,0.021888278424739838,0.4647620916366577,0.7234858274459839,0.7690242528915405,0.23097574710845947
9,3910,0.147513285279274,0.23703262209892273,0.07604103535413742,0.007795167155563831,0.08311197916666667,0.5599813461303711,0.710338410814249,0.19954520867183442,0.8783365885416666,0.0,0.7301136363636364,0.5486853397253788,0.2586848958333333,0.1223828125,0.0027864583333333335,0.0190625,0.7093007564544678,0.20026150345802307,0.547331690788269,0.8767284154891968,0.0,0.7264498472213745,0.029994919896125793,0.4652319550514221,0.7263816595077515,0.7693397998809814,0.23066020011901855
9,3920,0.14746864140033722,0.23692242801189423,0.07606391608715057,0.007815567776560783,0.081328125,0.5579329133033752,0.7109005942610197,0.19897098157504386,0.8824055989583334,0.0,0.7265625,0.5501871744791667,0.25904947916666665,0.1233203125,0.0026692708333333334,0.018984375,0.7092917561531067,0.20002102851867676,0.547989010810852,0.877730131149292,0.0,0.7274925708770752,0.017027631402015686,0.46579065918922424,0.7272629737854004,0.7696931958198547,0.23030680418014526
9,3930,0.1473328322172165,0.23679083585739136,0.0757773369550705,0.007814989425241947,0.083671875,0.5557976365089417,0.7105020939764229,0.19878462118164794,0.8793538411458334,0.0,0.7632575757575757,0.554165556936553,0.2594270833333333,0.12196614583333333,0.0025651041666666665,0.019791666666666666,0.7092447876930237,0.19980426132678986,0.5491217374801636,0.878989577293396,0.0,0.7308464050292969,0.005429647862911224,0.4667534828186035,0.7281757593154907,0.7699383497238159,0.23006165027618408
9,3940,0.1473115235567093,0.23670430481433868,0.0754973292350769,0.007825832813978195,0.0809765625,0.5576671361923218,0.7103191549435789,0.19845403006164036,0.8825683593749999,0.0,0.7147253787878787,0.5484929865056818,0.2588671875,0.1235546875,0.0027864583333333335,0.018723958333333332,0.70916748046875,0.19965031743049622,0.5497862100601196,0.8796929121017456,0.0,0.7329319715499878,0.029751434922218323,0.4673182964324951,0.7268223166465759,0.7701122760772705,0.2298877239227295
9,3950,0.14734195172786713,0.23665577173233032,0.07551267743110657,0.007834499701857567,0.08368489583333333,0.5592954158782959,0.7107056932684056,0.1979337192861853,0.8798828125000003,0.0,0.7360321969696969,0.5503462357954547,0.2593229166666667,0.12223958333333333,0.0027734375,0.019192708333333332,0.7090831398963928,0.19946810603141785,0.5499706268310547,0.8807295560836792,0.0,0.7307054996490479,0.027755945920944214,0.4674750566482544,0.7279239892959595,0.7703766226768494,0.22962337732315063
9,3960,0.14720220863819122,0.23652954399585724,0.07526875287294388,0.007823753170669079,0.08338541666666667,0.5560630559921265,0.7099611735160349,0.1983481629877313,0.8862304687500001,0.0,0.7206439393939394,0.551211825284091,0.25946614583333333,0.12412760416666667,0.0028385416666666667,0.01885416666666667,0.708975076675415,0.19930577278137207,0.5506841540336609,0.8817254900932312,0.0,0.7321429252624512,0.03449816256761551,0.468081533908844,0.7282702326774597,0.7707276344299316,0.22927236557006836
9,3970,0.14719970524311066,0.23644734919071198,0.07519963383674622,0.007833313196897507,0.0830859375,0.5586571097373962,0.7102569413479601,0.19774419877344998,0.8810628255208336,0.0,0.727746212121212,0.5496933445785986,0.25946614583333333,0.12247395833333333,0.0027864583333333335,0.019010416666666665,0.708856463432312,0.19914458692073822,0.5513834953308105,0.8823378086090088,0.0,0.7347639799118042,0.028951317071914673,0.46867597103118896,0.7282702326774597,0.7712510824203491,0.22874891757965088
9,3980,0.1471535563468933,0.2364041656255722,0.07501773536205292,0.007792175747454166,0.08204427083333334,0.5587148070335388,0.7087911720198035,0.1991068962497036,0.8876953125000001,0.0,0.6904592803030302,0.5474165482954546,0.26067708333333334,0.12338541666666666,0.002734375,0.018190104166666665,0.7086896896362305,0.19900378584861755,0.5520246028900146,0.8828589916229248,0.0,0.7373005151748657,0.02178691327571869,0.46922093629837036,0.7311974763870239,0.7717866897583008,0.22821331024169922
9,3990,0.14694158732891083,0.23621952533721924,0.07507995516061783,0.007797974161803722,0.080859375,0.556922197341919,0.708954378027785,0.19912542782441225,0.8841145833333336,0.0,0.717092803030303,0.5496212121212123,0.25971354166666666,0.123203125,0.0027994791666666667,0.018776041666666667,0.7084605693817139,0.19889742136001587,0.5523150563240051,0.8835837244987488,0.0,0.7368213534355164,0.030007585883140564,0.46946781873703003,0.7288682460784912,0.7724493741989136,0.22755062580108643
9,4000,0.14700709283351898,0.23608103394508362,0.0745859146118164,0.007783669512718916,0.08263020833333333,0.5611546635627747,0.7078061407219409,0.1994183160078921,0.8835856119791667,0.0,0.7383996212121212,0.5525527491714015,0.2597786458333333,0.12296875,0.0027994791666666667,0.019244791666666667,0.7082729935646057,0.19876067340373993,0.5526825785636902,0.8844033479690552,0.0,0.7365395426750183,0.029920563101768494,0.46978020668029785,0.7290257215499878,0.7753841876983643,0.22461581230163574
9,4010,0.14674662053585052,0.23595507442951202,0.07430309802293777,0.007783639244735241,0.0822265625,0.5587058663368225,0.7071704659652145,0.19973173881227246,0.8786621093750003,0.0,0.7129498106060606,0.5462735262784093,0.2588932291666667,0.12227864583333334,0.0026041666666666665,0.018684895833333333,0.7080916166305542,0.19861288368701935,0.5530109405517578,0.8851783275604248,0.0,0.7361449599266052,0.010302886366844177,0.4700593054294586,0.7268852591514587,0.7782353162765503,0.2217646837234497
9,4020,0.1467588245868683,0.2356930524110794,0.07410098612308502,0.007805720902979374,0.08484375,0.5581198334693909,0.7075358825368773,0.19882848280211932,0.8861490885416669,0.0,0.7460937499999999,0.5549886067708334,0.2598828125,0.12368489583333334,0.002578125,0.0194140625,0.7078648805618286,0.19852232933044434,0.5534658432006836,0.8860290050506592,0.0,0.7363422513008118,0.006140097975730896,0.47044599056243896,0.7292774319648743,0.7800968885421753,0.2199031114578247
9,4030,0.14676159620285034,0.23561814427375793,0.07394786179065704,0.00780541030690074,0.085078125,0.5597951412200928,0.70735739168015,0.19866000080587173,0.8897705078125003,0.0,0.7650331439393939,0.5596402254971593,0.26079427083333334,0.12393229166666667,0.0026171875,0.01983072916666667,0.7075831890106201,0.19847118854522705,0.5540066957473755,0.8865695595741272,0.0,0.7381459474563599,0.009150058031082153,0.47090569138526917,0.7314808368682861,0.7796580791473389,0.22034192085266113
9,4040,0.14666084945201874,0.2355753481388092,0.07386508584022522,0.0077840113081038,0.08270833333333333,0.5568946599960327,0.7066583807948004,0.199282027361334,0.8838297526041669,0.0,0.7520123106060606,0.5547167228929926,0.2598046875,0.12302083333333333,0.0026041666666666665,0.019544270833333332,0.7072792053222656,0.19843509793281555,0.5543684959411621,0.8872593641281128,0.0,0.7382587194442749,0.0090852752327919,0.4712132215499878,0.7290886640548706,0.7791691422462463,0.22083085775375366
9,4050,0.14653798937797546,0.23541705310344696,0.07349655032157898,0.007818270474672318,0.084296875,0.559418261051178,0.7068844092286128,0.19837642946459738,0.8885904947916666,0.0,0.7259706439393939,0.5531908439867423,0.260078125,0.12427083333333333,0.0025260416666666665,0.018971354166666666,0.7070027589797974,0.1984313726425171,0.5548946261405945,0.8880072832107544,0.0,0.7392733097076416,0.0003997981548309326,0.47166043519973755,0.7297496795654297,0.7798610925674438,0.22013890743255615
9,4060,0.14659829437732697,0.23526933789253235,0.07336969673633575,0.007796397898346186,0.08489583333333334,0.5587060451507568,0.7062803913508917,0.19864831102603095,0.8898518880208336,0.0,0.7543797348484848,0.5580829042376895,0.2609375,0.12381510416666666,0.0026041666666666665,0.019596354166666666,0.7066926956176758,0.1984281986951828,0.5553452968597412,0.8887649178504944,0.0,0.7397524118423462,0.0075720250606536865,0.472043514251709,0.7318271398544312,0.7842920422554016,0.2157079577445984
9,4070,0.146555557847023,0.23535040020942688,0.07324385643005371,0.007814721204340458,0.0852734375,0.5597940683364868,0.7064895872806531,0.19822856253704563,0.8842773437500001,0.0,0.7857481060606061,0.560000887784091,0.2597526041666667,0.12321614583333333,0.002447916666666667,0.020286458333333333,0.7064497470855713,0.1983737051486969,0.5557326674461365,0.889404296875,0.0,0.7402033805847168,0.0,0.47237277030944824,0.7289627194404602,0.788776695728302,0.211223304271698
9,4080,0.14663025736808777,0.23525278270244598,0.07289764285087585,0.007802296429872513,0.08279947916666666,0.5608776807785034,0.7056571453253081,0.19843375552556702,0.8852945963541669,0.0,0.7395833333333334,0.5535847981770834,0.26057291666666665,0.12272135416666667,0.0025130208333333333,0.019270833333333334,0.7061465382575989,0.19837090373039246,0.5561655759811401,0.8901348114013672,0.0,0.7406543493270874,0.0,0.4727407395839691,0.7309457063674927,0.7933700084686279,0.20662999153137207
9,4090,0.14652515947818756,0.23511074483394623,0.07270490378141403,0.00779515178874135,0.08459635416666667,0.5574427247047424,0.7052521332439089,0.19842588550585316,0.8912760416666666,0.0,0.7159090909090908,0.5530243844696969,0.2619270833333333,0.12328125,0.0024739583333333332,0.01875,0.7058940529823303,0.19831746816635132,0.5569021701812744,0.8906017541885376,0.0,0.7440081834793091,0.0,0.4733668565750122,0.7342193126678467,0.7980475425720215,0.20195245742797852
9,4100,0.1464029848575592,0.23487675189971924,0.0727229043841362,0.007816977798938751,0.08497395833333334,0.5613768696784973,0.7058681716857068,0.1977604583656885,0.8936767578125002,0.0,0.7484611742424242,0.5591075550426138,0.2618229166666667,0.12415364583333334,0.0025911458333333333,0.019466145833333334,0.7146992683410645,0.19489216804504395,0.5583930611610413,0.8961201310157776,0.0,0.7355530858039856,0.0050025805830955505,0.4746341109275818,0.7339674234390259,0.8028253316879272,0.19717466831207275
9,4110,0.14645451307296753,0.23469693958759308,0.07263630628585815,0.007831153459846973,0.08428385416666667,0.5576766729354858,0.7062343221398065,0.19706351663745675,0.8921305338541665,0.0,0.7478693181818182,0.558245664654356,0.2619921875,0.12348958333333333,0.0025,0.019453125,0.7177352905273438,0.1958400309085846,0.5576982498168945,0.9016636610031128,0.0,0.7124425172805786,0.0,0.47404351830482483,0.7343766689300537,0.8076691031455994,0.19233089685440063
9,4120,0.14637908339500427,0.23448242247104645,0.07257493585348129,0.007808431051671505,0.08399739583333334,0.5570217967033386,0.7055772625109304,0.1976434257620476,0.8961995442708334,0.0,0.7342566287878788,0.5582382664535985,0.2633203125,0.12346354166666666,0.0025390625,0.019153645833333333,0.7139455676078796,0.2002260386943817,0.5534510612487793,0.8977012634277344,0.0,0.6973360776901245,0.0,0.47043341398239136,0.7375872135162354,0.8125663995742798,0.18743360042572021
9,4130,0.1463630497455597,0.23454096913337708,0.07232064753770828,0.0078053842298686504,0.08524739583333334,0.5576189160346985,0.7049848892996063,0.19789690694844897,0.8937581380208335,0.0,0.7644412878787878,0.5615452621922349,0.26276041666666666,0.1232421875,0.0025520833333333333,0.019817708333333333,0.7053115367889404,0.20940111577510834,0.5453300476074219,0.8889082670211792,0.0,0.6725063323974609,0.0,0.4635305404663086,0.7362338304519653,0.8175865411758423,0.18241345882415771
9,4140,0.146400585770607,0.2345280796289444,0.07189992815256119,0.00779756298288703,0.08634114583333333,0.5608214139938354,0.7041173177863878,0.19802685265588324,0.8938395182291667,0.0,0.765625,0.5617635091145834,0.2628255208333333,0.123203125,0.002395833333333333,0.01984375,0.7002465724945068,0.21429982781410217,0.5367254018783569,0.8766450881958008,0.0,0.6560189127922058,0.0,0.45621660351753235,0.7363910675048828,0.8227598667144775,0.17724013328552246
9,4150,0.1464395523071289,0.23435550928115845,0.07235313951969147,0.007780707906931639,0.08532552083333333,0.5570253729820251,0.7045145467921008,0.19837579636726033,0.8982747395833336,0.0,0.7360321969696969,0.5595421993371213,0.263359375,0.12408854166666666,0.002486979166666667,0.019192708333333332,0.7094265222549438,0.21215564012527466,0.5409709215164185,0.88217693567276,0.0,0.6658831834793091,0.0,0.4598253071308136,0.7376816272735596,0.8280792832374573,0.17192071676254272
9,4160,0.1463858187198639,0.2342837154865265,0.07189906388521194,0.0077974009327590466,0.08395833333333333,0.5577869415283203,0.7041939727715218,0.1978668626530101,0.8957926432291667,0.0,0.7460937499999999,0.5598103841145834,0.2630078125,0.12364583333333333,0.0024088541666666668,0.0194140625,0.7226427793502808,0.20419248938560486,0.5420932173728943,0.8874821662902832,0.0,0.6556807160377502,0.0,0.46077924966812134,0.736831784248352,0.8334091305732727,0.1665908694267273
9,4170,0.14651893079280853,0.23422737419605255,0.0720483735203743,0.007804348599165678,0.08546875,0.5576114058494568,0.7048587458661189,0.19720365466635803,0.899658203125,0.0,0.7301136363636364,0.5593461470170454,0.26421875,0.123671875,0.002486979166666667,0.0190625,0.7360438704490662,0.19590410590171814,0.5425132513046265,0.8927273750305176,0.0,0.640997052192688,0.0,0.4611362814903259,0.7397590279579163,0.8387283682823181,0.16127163171768188
9,4180,0.14644351601600647,0.23418813943862915,0.07165507972240448,0.007799073122441769,0.082734375,0.5589032173156738,0.7038910442883021,0.19768567292691086,0.8964029947916669,0.0,0.7372159090909091,0.5587838837594697,0.26317708333333334,0.123671875,0.0022395833333333334,0.01921875,0.7494902014732361,0.18752533197402954,0.5415863394737244,0.898237943649292,0.0,0.6164491176605225,0.0,0.4603483974933624,0.7372410297393799,0.8440314531326294,0.1559685468673706
9,4190,0.14647330343723297,0.2340821772813797,0.07168606668710709,0.007772745098918676,0.08565104166666666,0.5576117634773254,0.7034888582714236,0.19798488434868533,0.8975016276041669,0.0,0.7608901515151515,0.5628843365293561,0.263984375,0.12321614583333333,0.0022786458333333335,0.019739583333333335,0.762948215007782,0.17919278144836426,0.5410453081130981,0.9037001132965088,0.0,0.594635009765625,0.0,0.4598885178565979,0.7391924858093262,0.8492820262908936,0.15071797370910645
9,4200,0.22597752511501312,0.2689126133918762,0.16080200672149658,0.008132527582347393,0.1186328125,0.5631728768348694,0.8938641741793243,0.12719385758425972,1.0,0.0,0.5395359848484849,0.5809303977272727,0.4140234375,0.14970052083333332,0.0015755208333333333,0.014869791666666667,0.7763762474060059,0.1709589958190918,0.5397530794143677,0.9088774919509888,0.0,0.5687624216079712,0.0,0.458790123462677,0.917860746383667,0.8545372486114502,0.1454627513885498
9,4210,0.1826934665441513,0.26118549704551697,0.12566952407360077,0.006683912128210068,0.08013020833333333,0.6196824312210083,0.7715617060113356,0.21932337261554674,1.0,0.0,0.2530776515151515,0.5379616477272727,0.3012239583333333,0.12361979166666667,0.0015104166666666666,0.008567708333333333,0.7874538898468018,0.1626041829586029,0.5384502410888672,0.9139404296875,0.0,0.543199896812439,0.0,0.457682728767395,0.9040143489837646,0.8597906231880188,0.1402093768119812
9,4220,0.12814898788928986,0.2135898768901825,0.0733819454908371,0.006700476165860891,0.06421875,0.5917311906814575,0.6275866097190248,0.2918378693309036,0.7954508463541667,0.0,0.39571496212121204,0.45708266749526516,0.26350260416666665,0.09104166666666667,0.003372395833333333,0.011705729166666666,0.7980333566665649,0.15428955852985382,0.5368163585662842,0.9190771579742432,0.0,0.5151853561401367,0.0,0.45629391074180603,0.8432462811470032,0.8650685548782349,0.13493144512176514
9,4230,0.12034660577774048,0.21897390484809875,0.06409257650375366,0.005309503059834242,0.048216145833333335,0.6650490164756775,0.5262220279631831,0.39150520136267297,0.7014973958333334,0.0,0.22466856060606055,0.38444898200757577,0.24138020833333335,0.08309895833333333,0.00421875,0.007942708333333333,0.8099707365036011,0.14592210948467255,0.5354365110397339,0.924019992351532,0.0,0.48951005935668945,0.10105662047863007,0.4551210403442383,0.6845496892929077,0.8703163862228394,0.12968361377716064
9,4240,0.12725123763084412,0.2209831178188324,0.06181393563747406,0.007096912246197462,0.05872395833333333,0.5692716240882874,0.6009926554936685,0.3015325866934795,0.6322428385416667,0.0,0.41879734848484834,0.37894102154356063,0.22768229166666668,0.07463541666666666,0.008619791666666666,0.012213541666666666,0.8218905925750732,0.13751530647277832,0.5337511897087097,0.9290790557861328,0.0,0.4614109992980957,0.06844773888587952,0.45368853211402893,0.6514366269111633,0.8755253553390503,0.12447464466094971
9,4250,0.2492227405309677,0.2841825783252716,0.2041742205619812,0.006977155804634094,0.119375,0.5771024823188782,0.8994373377293429,0.1542545444047871,1.0,0.0,0.9591619318181818,0.6438742897727272,0.38751302083333333,0.106796875,0.0036197916666666666,0.0241015625,0.8336876034736633,0.1291329264640808,0.5323387384414673,0.9341343641281128,0.0,0.4351438581943512,0.018350444734096527,0.4524879455566406,0.7015368938446045,0.8807736039161682,0.11922639608383179
9,4260,0.3293755054473877,0.25777170062065125,0.24022561311721802,0.0171091016381979,0.21819010416666668,0.48603761196136475,0.9844249131944444,0.03115017361111111,1.0,0.0,0.5117187499999999,0.5767578125,0.6459765625,0.3735807291666667,0.01703125,0.0142578125,0.844797670841217,0.12076222151517868,0.5309094786643982,0.9389784336090088,0.0,0.4094685912132263,0.0,0.4512730836868286,1.0,0.886009693145752,0.11399030685424805
9,4270,0.30531981587409973,0.2296205759048462,0.21331177651882172,0.01654299721121788,0.22747395833333334,0.4604331851005554,0.9877039930555555,0.024592013888888896,1.0,0.0,0.4460227272727271,0.5669034090909091,0.6890494791666667,0.5061197916666667,0.021536458333333335,0.0128125,0.8570947051048279,0.11240728199481964,0.529395580291748,0.9439406991004944,0.0,0.3828350603580475,0.0,0.4499862492084503,1.0,0.8912186622619629,0.10878133773803711
9,4280,0.3196439743041992,0.2262105941772461,0.19947732985019684,0.011523839086294174,0.2032421875,0.5608171820640564,0.9888628472222222,0.02227430555555556,1.0,0.0,0.27024147727272724,0.5405362215909091,0.7106770833333333,0.53484375,0.0002734375,0.0089453125,0.8708066940307617,0.10370136052370071,0.5283012390136719,0.9487189054489136,0.0,0.35961174964904785,0.0,0.44905605912208557,1.0,0.8964452743530273,0.10355472564697266
9,4290,0.32667794823646545,0.24758031964302063,0.1939438134431839,0.011985852383077145,0.19885416666666667,0.598270058631897,0.9882747395833332,0.023450520833333335,1.0,0.0,0.28148674242424243,0.5422230113636364,0.6691666666666667,0.455390625,2.604166666666667e-05,0.009192708333333334,0.8842843770980835,0.09489373862743378,0.5275253057479858,0.953652024269104,0.0,0.33799490332603455,0.0,0.4483965337276459,1.0,0.9016472697257996,0.09835273027420044
9,4300,0.3784886300563812,0.2624867856502533,0.2057441622018814,0.017565947026014328,0.22946614583333333,0.5991485714912415,0.9872417534722221,0.02551649305555556,1.0,0.0,0.17258522727272724,0.5258877840909091,0.6598046875,0.5942057291666667,7.8125e-05,0.006796875,0.8980578184127808,0.085995614528656,0.5265244841575623,0.9585329294204712,0.0,0.31505343317985535,0.0,0.4475458264350891,1.0,0.9068021774291992,0.09319782257080078
9,4310,0.35962143540382385,0.23774975538253784,0.15024882555007935,0.019258741289377213,0.23946614583333334,0.5794447660446167,0.9384973447343222,0.022309027777777782,1.0,0.0,0.21164772727272724,0.5317471590909091,0.6800520833333333,0.6708723958333334,0.00016927083333333334,0.00765625,0.9026942253112793,0.08028391748666763,0.5247108936309814,0.9585329294204712,0.0,0.30296266078948975,0.0,0.4460042715072632,1.0,0.9118846654891968,0.08811533451080322
9,4320,0.358875572681427,0.24959781765937805,0.1443280726671219,0.020445359870791435,0.22165364583333333,0.591693103313446,0.9284038243640182,0.02245659722222223,1.0,0.0,0.15956439393939392,0.5239346590909091,0.6706770833333333,0.64484375,0.00015625,0.006510416666666667,0.9131583571434021,0.07008858770132065,0.525044858455658,0.9585329294204712,0.0,0.30518919229507446,0.0,0.446288138628006,1.0,0.9169381856918335,0.0830618143081665
9,4330,0.34592700004577637,0.23515534400939941,0.1606331616640091,0.01901593804359436,0.23485677083333334,0.6180026531219482,0.9562618088416566,0.02192708333333334,1.0,0.0,0.19507575757575757,0.5292613636363637,0.715625,0.6764713541666667,0.0001171875,0.007291666666666667,0.9296859502792358,0.05644410476088524,0.5292555689811707,0.968273401260376,0.0,0.30079254508018494,0.0,0.44986724853515625,1.0,0.9219884276390076,0.07801157236099243
9,4340,0.34925416111946106,0.24707923829555511,0.15989752113819122,0.022805240005254745,0.23096354166666666,0.6116364598274231,0.9553033370543749,0.021354166666666667,1.0,0.0,0.17436079545454544,0.5261541193181818,0.6728515625,0.6742057291666667,9.114583333333334e-05,0.0068359375,0.9493086338043213,0.038026902824640274,0.5368573665618896,0.9824877977371216,0.0,0.3040900230407715,0.0,0.45632877945899963,1.0,0.9271230697631836,0.0728769302368164
9,4350,0.34365159273147583,0.24299141764640808,0.15804874897003174,0.021820828318595886,0.226015625,0.5905109643936157,0.9518534651373185,0.02199652777777779,1.0,0.0,0.2140151515151515,0.5321022727272727,0.6061458333333334,0.6670833333333334,0.0003385416666666667,0.0077083333333333335,0.9648787379264832,0.02384057641029358,0.5447426438331604,1.0,0.0,0.2982841730117798,0.0,0.46303126215934753,1.0,0.932298481464386,0.06770151853561401
9,4360,0.3282468020915985,0.23215065896511078,0.1499352753162384,0.02104514092206955,0.23389322916666666,0.575808584690094,0.9378256622338906,0.02259114583333334,1.0,0.0,0.19685132575757575,0.5295276988636364,0.6450911458333334,0.6773046875,0.00046875,0.007330729166666667,0.9658915996551514,0.016631118953227997,0.5400585532188416,1.0,0.0,0.26705673336982727,0.0,0.459049791097641,1.0,0.9373974800109863,0.06260251998901367
9,4370,0.33669513463974,0.23596715927124023,0.16442258656024933,0.026511624455451965,0.23701822916666668,0.5763238668441772,0.9624316261874305,0.02241319444444445,1.0,0.0,0.1867897727272727,0.528018465909091,0.6017447916666666,0.6776041666666667,0.00026041666666666666,0.007109375,0.9642658233642578,0.015307126566767693,0.5387268662452698,1.0,0.0,0.2581788897514343,0.0,0.45791783928871155,1.0,0.9424156546592712,0.05758434534072876
9,4380,0.35745805501937866,0.2417343109846115,0.1866464614868164,0.032999880611896515,0.23899739583333332,0.6079946756362915,0.9928103298611111,0.014379340277777784,1.0,0.0,0.2424242424242424,0.5363636363636364,0.6012239583333333,0.7038020833333334,0.0001171875,0.008333333333333333,0.9611547589302063,0.014268146827816963,0.5379363298416138,1.0,0.0,0.2529085576534271,0.0,0.4572458863258362,1.0,0.9472823739051819,0.052717626094818115
9,4390,0.34128692746162415,0.22632195055484772,0.17603200674057007,0.03051809035241604,0.24897135416666666,0.5996015667915344,0.9869220872618194,0.012725694444444447,1.0,0.0,0.28326231060606055,0.5424893465909091,0.6684635416666667,0.7043619791666667,5.208333333333334e-05,0.009231770833333333,0.9579059481620789,0.013325479812920094,0.5380969643592834,1.0,0.0,0.25397953391075134,0.0,0.4573824405670166,1.0,0.952070951461792,0.04792904853820801
9,4400,0.3496735990047455,0.22998185455799103,0.178991436958313,0.02558441460132599,0.240234375,0.6574693322181702,0.9927311350341536,0.011124131944444449,1.0,0.0,0.2791193181818181,0.5418678977272727,0.6384895833333334,0.723203125,2.604166666666667e-05,0.009140625,0.9534264802932739,0.01232990249991417,0.5384816527366638,1.0,0.0,0.25654423236846924,0.0,0.4577094316482544,1.0,0.9567242860794067,0.04327571392059326
9,4410,0.3568519353866577,0.21974918246269226,0.17695902287960052,0.023140372708439827,0.25220052083333333,0.6025745868682861,0.9912295990825719,0.007248263888888894,1.0,0.0,0.2856297348484848,0.5428444602272727,0.6712890625,0.7585416666666667,7.8125e-05,0.009283854166666666,0.9528601169586182,0.011199982836842537,0.5394666790962219,1.0,0.0,0.26311102509498596,0.0,0.4585466980934143,1.0,0.9591206312179565,0.04087936878204346
9,4420,0.37265726923942566,0.23343215882778168,0.17640644311904907,0.02620266005396843,0.2509635416666667,0.6100145578384399,0.9913079189642882,0.005221354166666664,1.0,0.0,0.2998342803030303,0.5449751420454545,0.6221354166666667,0.7531901041666667,0.00010416666666666667,0.009596354166666666,0.9520937204360962,0.010250082239508629,0.5402149558067322,1.0,0.0,0.26809951663017273,0.0,0.4591827392578125,1.0,0.9615909457206726,0.03840905427932739
9,4430,0.3684154450893402,0.21911045908927917,0.1665973961353302,0.023811323568224907,0.2594140625,0.5952800512313843,0.9746667606606442,0.005303819444444451,1.0,0.0,0.30338541666666663,0.5455078125,0.5907682291666667,0.76125,2.604166666666667e-05,0.009674479166666666,0.9513819813728333,0.009290054440498352,0.5411365032196045,1.0,0.0,0.2742435336112976,0.0,0.4599660336971283,1.0,0.96503084897995,0.03496915102005005
9,4440,0.3660423159599304,0.2138698846101761,0.1449420154094696,0.022452589124441147,0.25709635416666665,0.5699838995933533,0.9382991411950853,0.004743923611111117,1.0,0.0,0.29391571969696967,0.5440873579545454,0.6097395833333333,0.7648828125,3.90625e-05,0.009466145833333333,0.948762834072113,0.008374669589102268,0.5419144034385681,1.0,0.0,0.2794293463230133,0.0,0.4606272578239441,1.0,0.9707778692245483,0.02922213077545166
9,4450,0.3599412441253662,0.2112857699394226,0.13850291073322296,0.02321402169764042,0.26067708333333334,0.577431321144104,0.9279642607921208,0.0036197916666666687,1.0,0.0,0.29687499999999994,0.54453125,0.6337239583333333,0.7649739583333334,3.90625e-05,0.00953125,0.9498021602630615,0.007496279664337635,0.5428571701049805,1.0,0.0,0.2857142984867096,0.0,0.46142861247062683,1.0,0.976553201675415,0.02344679832458496
9,4460,0.373801589012146,0.23030710220336914,0.13398894667625427,0.024712299928069115,0.2573828125,0.6475785970687866,0.9207071891401569,0.00285590277777778,1.0,0.0,0.30338541666666663,0.5455078125,0.6074479166666666,0.7569401041666667,9.114583333333334e-05,0.009674479166666666,0.9484885931015015,0.006617683917284012,0.5434109568595886,1.0,0.0,0.28940635919570923,0.0,0.4618993401527405,1.0,0.9811410307884216,0.01885896921157837
9,4470,0.3774735629558563,0.2211756855249405,0.1516108363866806,0.023141685873270035,0.2550390625,0.5912078022956848,0.9502836229556646,0.0033463541666666676,1.0,0.0,0.3252840909090909,0.5487926136363637,0.6306901041666667,0.7660286458333333,7.8125e-05,0.01015625,0.9474923014640808,0.005627273581922054,0.544040858745575,1.0,0.0,0.2936056852340698,0.0,0.4624347388744354,1.0,0.9820020198822021,0.01799798011779785
9,4480,0.3612770736217499,0.2128140926361084,0.1349472999572754,0.022949447855353355,0.2574739583333333,0.5848976373672485,0.9223702504084661,0.0027734375000000033,1.0,0.0,0.3353456439393939,0.5503018465909091,0.6683333333333333,0.7620182291666666,0.00014322916666666667,0.010377604166666667,0.9440741539001465,0.004682126455008984,0.5450385808944702,1.0,0.0,0.30025702714920044,0.0,0.4632827937602997,1.0,0.9827648401260376,0.017235159873962402
9,4490,0.3604801893234253,0.2136051505804062,0.1338369995355606,0.02276964671909809,0.25502604166666665,0.5880199074745178,0.9206388499084701,0.002478298611111115,1.0,0.0,0.2927320075757575,0.5439098011363637,0.69328125,0.7584114583333333,0.00018229166666666667,0.009440104166666666,0.9434819221496582,0.004182787612080574,0.5455247163772583,1.0,0.0,0.30349814891815186,0.0,0.46369603276252747,1.0,0.98344886302948,0.01655113697052002
9,4500,0.3710455000400543,0.2327578067779541,0.11823605000972748,0.024038273841142654,0.26098958333333333,0.6498012542724609,0.8942046909352652,0.002543402777777778,1.0,0.0,0.3353456439393939,0.5503018465909091,0.672265625,0.7491666666666666,9.114583333333334e-05,0.010377604166666667,0.9419294595718384,0.0037971229758113623,0.5455839037895203,1.0,0.0,0.30389273166656494,0.0,0.4637463390827179,1.0,0.9840190410614014,0.015980958938598633
9,4510,0.3706536293029785,0.2225891500711441,0.1659613400697708,0.02509417198598385,0.258515625,0.596407413482666,0.9753481705881591,0.0017881944444444464,1.0,0.0,0.31048768939393934,0.5465731534090909,0.6272395833333333,0.7662239583333333,0.0001171875,0.009830729166666666,0.9396011233329773,0.0034608549904078245,0.5453387498855591,1.0,0.0,0.30225807428359985,0.0,0.46353796124458313,1.0,0.9844719767570496,0.01552802324295044
9,4520,0.3596573770046234,0.21317781507968903,0.13484562933444977,0.024485960602760315,0.2603125,0.6352894306182861,0.9224043556258209,0.0023611111111111107,1.0,0.0,0.31640624999999994,0.5474609375,0.6597786458333333,0.7621484375,0.0001171875,0.0099609375,0.9382349848747253,0.0032986111473292112,0.5450301170349121,1.0,0.0,0.3002006709575653,0.0,0.46327561140060425,1.0,0.9848706722259521,0.015129327774047852
9,4530,0.35125023126602173,0.20942679047584534,0.129539355635643,0.023127222433686256,0.2558203125,0.659275472164154,0.9134570599111737,0.0022960069444444473,1.0,0.0,0.28858901515151514,0.5432883522727273,0.6881770833333334,0.768515625,7.8125e-05,0.009348958333333334,0.9385665655136108,0.0032146992161870003,0.5449920892715454,1.0,0.0,0.29994702339172363,0.0,0.4632432758808136,1.0,0.9851796627044678,0.014820337295532227
9,4540,0.3712763488292694,0.2372370809316635,0.12245246767997742,0.025243178009986877,0.2591015625,0.5891520977020264,0.9012598718537225,0.0027039930555555576,1.0,0.0,0.3039772727272727,0.545596590909091,0.6083463541666667,0.73859375,2.604166666666667e-05,0.0096875,0.9372801780700684,0.002962136175483465,0.5449497699737549,1.0,0.0,0.2996651828289032,0.0,0.46320730447769165,1.0,0.985345721244812,0.014654278755187988
9,4550,0.3595801889896393,0.21631138026714325,0.1673441082239151,0.02541983686387539,0.25372395833333333,0.6201007962226868,0.9771283439387622,0.002907986111111113,1.0,0.0,0.3063446969696969,0.5459517045454545,0.6059244791666667,0.7564453125,6.510416666666667e-05,0.009739583333333333,0.9371758103370667,0.002736235037446022,0.545017421245575,1.0,0.0,0.3001161217689514,0.0,0.4632648229598999,1.0,0.9853440523147583,0.0146559476852417
9,4560,0.3547104001045227,0.21121087670326233,0.13629725575447083,0.020572636276483536,0.25731770833333334,0.5755090713500977,0.9242685062661131,0.003546006944444449,1.0,0.0,0.29154829545454547,0.5437322443181818,0.6479036458333334,0.7574739583333333,5.208333333333334e-05,0.0094140625,0.9372168183326721,0.002638682257384062,0.5451231002807617,1.0,0.0,0.3008207082748413,0.0,0.4633546471595764,1.0,0.9852156043052673,0.014784395694732666
9,4570,0.3524594008922577,0.20902730524539948,0.13142770528793335,0.018666202202439308,0.248515625,0.5885782241821289,0.9169044646646223,0.0017925347222222205,1.0,0.0,0.2850378787878788,0.5427556818181818,0.6476822916666667,0.7591796875,6.510416666666667e-05,0.009270833333333334,0.9386325478553772,0.0025828788056969643,0.5449497699737549,1.0,0.0,0.2996651828289032,0.0,0.46320730447769165,1.0,0.9850713014602661,0.014928698539733887
9,4580,0.3712555170059204,0.23791491985321045,0.1161419004201889,0.02339918166399002,0.247109375,0.6085129976272583,0.8906498947816018,0.002565104166666665,1.0,0.0,0.326467803030303,0.5489701704545454,0.6084244791666666,0.7488411458333334,9.114583333333334e-05,0.010182291666666666,0.9363466501235962,0.00248470576480031,0.5449666976928711,1.0,0.0,0.29977792501449585,0.0,0.4632216989994049,1.0,0.9849410057067871,0.01505899429321289
9,4590,0.37608447670936584,0.23074151575565338,0.1695525050163269,0.025908520445227623,0.2522265625,0.6651194095611572,0.9803730092904507,0.00389322916666667,1.0,0.0,0.31048768939393934,0.5465731534090909,0.5923697916666667,0.7496223958333333,3.90625e-05,0.009830729166666666,0.9352346062660217,0.0023526372388005257,0.5450723767280579,1.0,0.0,0.30048251152038574,0.0,0.4633115231990814,1.0,0.9848327040672302,0.015167295932769775
9,4600,0.3687294125556946,0.22280673682689667,0.15437473356723785,0.025941701605916023,0.260546875,0.602910041809082,0.9543207964428471,0.004626736111111113,1.0,0.0,0.29154829545454547,0.5437322443181818,0.6010026041666666,0.76296875,9.114583333333334e-05,0.0094140625,0.9337096214294434,0.0022561177611351013,0.5455120205879211,1.0,0.0,0.30341359972953796,0.0,0.4636852443218231,1.0,0.9847481846809387,0.01525181531906128
9,4610,0.37092238664627075,0.22444956004619598,0.14801257848739624,0.025739876553416252,0.26037760416666667,0.6228103637695312,0.943836190517132,0.004062500000000006,1.0,0.0,0.2447916666666666,0.53671875,0.6450130208333333,0.7679296875,3.90625e-05,0.008385416666666666,0.9375565052032471,0.002135003451257944,0.5458544492721558,1.0,0.0,0.3056964874267578,0.0,0.46397629380226135,1.0,0.9846992492675781,0.015300750732421875
9,4620,0.38031241297721863,0.242184579372406,0.1589999794960022,0.027548830956220627,0.2581640625,0.614046573638916,0.9625409308457986,0.003841145833333337,1.0,0.0,0.2424242424242424,0.5363636363636364,0.6463541666666667,0.7429036458333333,9.114583333333334e-05,0.008333333333333333,0.9363880157470703,0.002049851231276989,0.5460573434829712,1.0,0.0,0.3070492744445801,0.0,0.46414875984191895,1.0,0.9846514463424683,0.015348553657531738
9,4630,0.381806343793869,0.22483976185321808,0.1880740225315094,0.02421404980123043,0.26395833333333335,0.5992960333824158,0.9982703993055555,0.0034592013888888884,1.0,0.0,0.29450757575757575,0.5441761363636364,0.57921875,0.7709505208333334,7.8125e-05,0.009479166666666667,0.9363927841186523,0.0019374173134565353,0.5465688705444336,1.0,0.0,0.3104594945907593,0.0,0.46458354592323303,1.0,0.9845995306968689,0.015400469303131104
9,4640,0.3772461712360382,0.21148934960365295,0.14906735718250275,0.026225334033370018,0.2684505208333333,0.5911462306976318,0.947652450616543,0.0,1.0,0.0,0.297466856060606,0.5446200284090909,0.5841927083333334,0.7833463541666666,5.208333333333334e-05,0.009544270833333333,0.9364017844200134,0.0018280836520716548,0.5468564033508301,1.0,0.0,0.3123759925365448,0.0,0.4648279547691345,1.0,0.9845473766326904,0.01545262336730957
9,4650,0.3753024637699127,0.2129102647304535,0.14224585890769958,0.028417028486728668,0.27489583333333334,0.5816745162010193,0.9361083766130301,0.0,1.0,0.0,0.30338541666666663,0.5455078125,0.5765755208333333,0.783671875,2.604166666666667e-05,0.009674479166666666,0.9400904774665833,0.001699322136119008,0.547511637210846,1.0,0.0,0.31674444675445557,0.0,0.46538490056991577,1.0,0.9845058917999268,0.015494108200073242
9,4660,0.37936100363731384,0.22360225021839142,0.13840624690055847,0.02910957671701908,0.27501302083333334,0.6387417912483215,0.9288249814000904,0.001571180555555561,1.0,0.0,0.3116714015151515,0.5467507102272727,0.6222526041666666,0.7659505208333334,0.00014322916666666667,0.009856770833333334,0.9381372928619385,0.0015608465764671564,0.5479555130004883,1.0,0.0,0.31970375776290894,0.0,0.465762197971344,1.0,0.9844620823860168,0.015537917613983154
9,4670,0.3583710193634033,0.20698018372058868,0.15121154487133026,0.025411223992705345,0.26305989583333333,0.5894524455070496,0.9504390620472085,0.0016840277777777823,1.0,0.0,0.2791193181818181,0.5418678977272727,0.5485677083333333,0.7792838541666667,0.00015625,0.009140625,0.9382514953613281,0.001391989178955555,0.5483740568161011,1.0,0.0,0.32249391078948975,0.0,0.4661179482936859,1.0,0.984422504901886,0.015577495098114014
9,4680,0.35030028223991394,0.2090642750263214,0.12263579666614532,0.02636319398880005,0.26921875,0.5664809942245483,0.9022797563239041,0.0012847222222222197,1.0,0.0,0.3276515151515151,0.5491477272727272,0.6583333333333333,0.7697526041666667,0.00010416666666666667,0.010208333333333333,0.9377613067626953,0.001306630321778357,0.5488221645355225,1.0,0.0,0.3254813849925995,0.0,0.46649885177612305,1.0,0.9843817949295044,0.015618205070495605
9,4690,0.34978580474853516,0.20921428501605988,0.12032799422740936,0.025729065760970116,0.26861979166666666,0.5642164945602417,0.8990166056156158,0.0,1.0,0.0,0.35014204545454547,0.5525213068181818,0.6416276041666666,0.7703255208333334,0.00014322916666666667,0.010703125,0.9419741034507751,0.0011844824766740203,0.5489532947540283,1.0,0.0,0.32635506987571716,0.0,0.466610312461853,1.0,0.9843554496765137,0.015644550323486328
9,4700,0.36309003829956055,0.22762912511825562,0.11431389302015305,0.026389965787529945,0.26712239583333336,0.593325674533844,0.8886132014358146,0.0004513888888888948,1.0,0.0,0.3542850378787878,0.5531427556818181,0.6379166666666667,0.751796875,9.114583333333334e-05,0.010794270833333333,0.9402302503585815,0.0009990906110033393,0.5492069125175476,1.0,0.0,0.3280460834503174,0.0,0.4668259024620056,1.0,0.9843330979347229,0.0156669020652771
9,4710,0.3685991168022156,0.2240844964981079,0.16522100567817688,0.02117772027850151,0.25951822916666667,0.5787585973739624,0.974989394224607,0.0,1.0,0.0,0.38328598484848486,0.5574928977272727,0.5768098958333333,0.7691276041666667,6.510416666666667e-05,0.011432291666666667,0.9382615089416504,0.0007787698414176702,0.5492111444473267,1.0,0.0,0.32807427644729614,0.0,0.46682947874069214,1.0,0.9843177795410156,0.015682220458984375
9,4720,0.36436089873313904,0.21338047087192535,0.15093320608139038,0.021384693682193756,0.2596875,0.5824381113052368,0.9508100410608143,0.0,1.0,0.0,0.3388967803030303,0.5508345170454545,0.6140364583333333,0.77734375,7.8125e-05,0.010455729166666667,0.9362087249755859,0.0005853174952790141,0.549714207649231,1.0,0.0,0.3314281105995178,0.0,0.4672570824623108,1.0,0.98431795835495,0.01568204164505005
9,4730,0.36798951029777527,0.21182861924171448,0.13420744240283966,0.022953595966100693,0.26709635416666666,0.5702106952667236,0.9225049025278825,0.0,1.0,0.0,0.3880208333333333,0.558203125,0.6165625,0.7808723958333333,9.114583333333334e-05,0.011536458333333333,0.9359461665153503,0.0004024057707283646,0.5500143766403198,1.0,0.0,0.33342915773391724,0.0,0.46751222014427185,1.0,0.9843285083770752,0.015671491622924805
9,4740,0.36471614241600037,0.22218140959739685,0.1289728879928589,0.02022687904536724,0.256171875,0.5758804082870483,0.913646425834069,0.0,1.0,0.0,0.32883522727272724,0.5493252840909091,0.5716276041666667,0.7668229166666667,0.00020833333333333335,0.010234375,0.9344436526298523,0.0002376818738412112,0.5499552488327026,1.0,0.0,0.33303460478782654,0.0,0.4674619734287262,1.0,0.9843334555625916,0.015666544437408447
9,4750,0.37399613857269287,0.22561036050319672,0.16742724180221558,0.02244969829916954,0.25795572916666665,0.5861122608184814,0.9787230245883648,0.0,1.0,0.0,0.39571496212121204,0.5593572443181818,0.586796875,0.76671875,0.00015625,0.011705729166666666,0.9339138865470886,0.0002376818738412112,0.5499509572982788,1.0,0.0,0.3330063819885254,0.0,0.4674583375453949,1.0,0.9843553900718689,0.015644609928131104
9,4760,0.36193224787712097,0.21669131517410278,0.14224670827388763,0.023259829729795456,0.25796875,0.5857836008071899,0.9361098140019636,0.0,1.0,0.0,0.36848958333333326,0.5552734375,0.6347786458333333,0.7609765625,0.00016927083333333334,0.011106770833333333,0.9343761205673218,0.0002376818738412112,0.5497860908508301,1.0,0.0,0.3319072723388672,0.0,0.46731817722320557,1.0,0.9843902587890625,0.0156097412109375
9,4770,0.3614071011543274,0.20797285437583923,0.1366679072380066,0.026587406173348427,0.27032552083333333,0.5893442630767822,0.926668766095088,0.0,1.0,0.0,0.35014204545454547,0.5525213068181818,0.6729557291666667,0.7747526041666667,0.00015625,0.010703125,0.9356378316879272,0.0001628637546673417,0.5497099757194519,1.0,0.0,0.33139994740486145,0.0,0.46725350618362427,1.0,0.9844197630882263,0.015580236911773682
9,4780,0.35411372780799866,0.2069414108991623,0.12481507658958435,0.025680895894765854,0.27544270833333334,0.606444776058197,0.9066101296131427,0.0,1.0,0.0,0.34777462121212116,0.5521661931818181,0.6818229166666666,0.7701822916666666,3.90625e-05,0.010651041666666666,0.9368147850036621,8.26719551696442e-05,0.5500440001487732,1.0,0.0,0.3336264491081238,0.0,0.46753740310668945,1.0,0.9844267964363098,0.015573203563690186
9,4790,0.37486618757247925,0.22252486646175385,0.16766056418418884,0.02266884222626686,0.26559895833333336,0.605799674987793,0.9791178778501658,0.0,1.0,0.0,0.3448153409090909,0.5517223011363637,0.617890625,0.7667708333333333,7.8125e-05,0.0105859375,0.937688946723938,2.1494708562386222e-05,0.5501158237457275,1.0,0.0,0.33410555124282837,0.0,0.46759846806526184,1.0,0.9844471216201782,0.015552878379821777
9,4800,0.3682231605052948,0.21117953956127167,0.14676254987716675,0.02397945150732994,0.26717447916666665,0.5897470712661743,0.943752007484436,0.0,1.0,0.0,0.34599905303030304,0.5518998579545454,0.6382161458333333,0.7730208333333334,0.00014322916666666667,0.010611979166666667,0.9387232065200806,2.1494708562386222e-05,0.5502172708511353,1.0,0.0,0.3347820043563843,0.0,0.46768468618392944,1.0,0.9844708442687988,0.015529155731201172
9,4810,0.36130422353744507,0.2058795839548111,0.12857750058174133,0.018708689138293266,0.26373697916666666,0.608447253704071,0.912977308676793,0.0,1.0,0.0,0.29214015151515155,0.5438210227272727,0.70796875,0.7642317708333334,9.114583333333334e-05,0.009427083333333334,0.9404552578926086,0.0,0.5500819683074951,1.0,0.0,0.33388012647628784,0.0,0.4675696790218353,1.0,0.9845036864280701,0.015496313571929932
9,4820,0.3535890579223633,0.2068329006433487,0.12133927643299103,0.023695258423686028,0.26774739583333335,0.6045781373977661,0.9007280062712156,0.0,1.0,0.0,0.31522253787878785,0.5472833806818181,0.707421875,0.7648567708333334,0.00016927083333333334,0.009934895833333334,0.9405605792999268,0.0,0.549490213394165,1.0,0.0,0.32993438839912415,0.0,0.4670667052268982,1.0,0.9845025539398193,0.015497446060180664
9,4830,0.38441649079322815,0.24208252131938934,0.15460650622844696,0.02173677831888199,0.24901041666666668,0.6742313504219055,0.9570263951558332,0.0,1.0,0.0,0.2844460227272727,0.542666903409091,0.5791145833333333,0.741328125,0.00010416666666666667,0.0092578125,0.9394619464874268,0.0,0.5489448308944702,1.0,0.0,0.32629871368408203,0.0,0.4666031301021576,1.0,0.9845150113105774,0.015484988689422607
9,4840,0.37832963466644287,0.22517113387584686,0.16033302247524261,0.022705407813191414,0.2584765625,0.6031423807144165,0.9667174226504106,0.0,1.0,0.0,0.2862215909090909,0.5429332386363637,0.5708463541666666,0.7647395833333334,2.604166666666667e-05,0.009296875,0.9391273260116577,0.0,0.5480485558509827,1.0,0.0,0.32032376527786255,0.0,0.46584129333496094,1.0,0.9845377206802368,0.015462279319763184
9,4850,0.3672443926334381,0.21827957034111023,0.14249324798583984,0.020887434482574463,0.262890625,0.594977855682373,0.9365270350529596,0.0,1.0,0.0,0.29687499999999994,0.54453125,0.613125,0.7625260416666667,5.208333333333334e-05,0.00953125,0.9386074542999268,0.0,0.5476554036140442,1.0,0.0,0.3177027106285095,0.0,0.4655071198940277,1.0,0.9845640659332275,0.015435934066772461
9,4860,0.36960479617118835,0.2214631885290146,0.14798128604888916,0.01729009672999382,0.255625,0.6075148582458496,0.9458144840827355,0.0,1.0,0.0,0.2803030303030303,0.5420454545454545,0.641015625,0.755703125,5.208333333333334e-05,0.009166666666666667,0.9396206140518188,0.0,0.5466788411140442,1.0,0.0,0.3111923038959503,0.0,0.46467703580856323,1.0,0.9845693111419678,0.015430688858032227
9,4870,0.3799591064453125,0.2300565242767334,0.15359961986541748,0.023693328723311424,0.25927083333333334,0.6503734588623047,0.9553224336183989,0.0,1.0,0.0,0.3010179924242424,0.5451526988636364,0.6244140625,0.7632942708333333,0.00013020833333333333,0.009622395833333333,0.9393537044525146,0.0,0.5461419224739075,1.0,0.0,0.30761298537254333,0.0,0.46422064304351807,1.0,0.9845770597457886,0.015422940254211426
9,4880,0.3731083571910858,0.21570715308189392,0.16531877219676971,0.018471453338861465,0.2577994791666667,0.6038768291473389,0.9751548452560718,0.0,1.0,0.0,0.32587594696969696,0.5488813920454545,0.6162630208333333,0.7671223958333333,9.114583333333334e-05,0.010169270833333334,0.9385548830032349,0.0,0.5457065105438232,1.0,0.0,0.3047100603580475,0.0,0.46385055780410767,1.0,0.9846001863479614,0.015399813652038574
9,4890,0.373087614774704,0.21249209344387054,0.13310422003269196,0.018901241943240166,0.2623567708333333,0.589418351650238,0.9206379108245556,0.0,1.0,0.0,0.3377130681818181,0.5506569602272727,0.6184375,0.7735546875,0.00013020833333333333,0.0104296875,0.9378759264945984,0.0,0.545457124710083,1.0,0.0,0.303047239780426,0.0,0.463638573884964,1.0,0.9846341013908386,0.015365898609161377
9,4900,0.36763033270835876,0.20642128586769104,0.13316121697425842,0.018644828349351883,0.26947916666666666,0.6471853852272034,0.9207343671872065,0.0,1.0,0.0,0.36434659090909083,0.5546519886363637,0.6618098958333334,0.7676432291666667,9.114583333333334e-05,0.011015625,0.9381471276283264,0.0,0.5454190373420715,1.0,0.0,0.30279356241226196,0.0,0.46360620856285095,1.0,0.9846522808074951,0.015347719192504883
9,4910,0.3769818842411041,0.22827620804309845,0.13567432761192322,0.02615332044661045,0.2640104166666667,0.6156168580055237,0.924987323650947,0.0,1.0,0.0,0.3353456439393939,0.5503018465909091,0.6689322916666667,0.7588802083333334,0.0004427083333333333,0.010377604166666667,0.9379059076309204,0.0,0.5451695919036865,1.0,0.0,0.3011307120323181,0.0,0.4633941650390625,1.0,0.9846668839454651,0.015333116054534912
9,4920,0.3727121651172638,0.21224667131900787,0.16652779281139374,0.024411052465438843,0.26502604166666666,0.6581292748451233,0.9772008801423585,0.0,1.0,0.0,0.3004261363636363,0.5450639204545454,0.6743489583333333,0.7719140625,0.0001953125,0.009609375,0.9382396340370178,0.0,0.545254111289978,1.0,0.0,0.301694393157959,0.0,0.46346601843833923,1.0,0.9846941828727722,0.015305817127227783
9,4930,0.3687092959880829,0.20548486709594727,0.13730046153068542,0.022480838000774384,0.2738671875,0.619749128818512,0.9277392425903906,0.0,1.0,0.0,0.26254734848484845,0.5393821022727273,0.6477473958333333,0.7810546875,0.00010416666666666667,0.008776041666666666,0.9386481046676636,0.0,0.5456008315086365,1.0,0.0,0.3040054738521576,0.0,0.46376073360443115,1.0,0.9847380518913269,0.015261948108673096
9,4940,0.3706871569156647,0.20927557349205017,0.13005536794662476,0.021311840042471886,0.275390625,0.6121189594268799,0.9154783149865958,0.0,1.0,0.0,0.26254734848484845,0.5393821022727273,0.7038932291666666,0.7749088541666667,6.510416666666667e-05,0.008776041666666666,0.9380987882614136,0.0,0.5458460450172424,1.0,0.0,0.3056401014328003,0.0,0.4639691412448883,1.0,0.9847815036773682,0.015218496322631836
9,4950,0.3871685266494751,0.23431412875652313,0.12252102047204971,0.024799300357699394,0.26977864583333333,0.6771902441978455,0.9027278807988534,0.0,1.0,0.0,0.2737926136363636,0.5410688920454545,0.6731510416666666,0.7559505208333334,7.8125e-05,0.0090234375,0.9396836757659912,0.0,0.5462307333946228,1.0,0.0,0.3082048296928406,0.0,0.4642961323261261,1.0,0.9848245978355408,0.015175402164459229
9,4960,0.3798416554927826,0.21822142601013184,0.18193784356117249,0.023892981931567192,0.26467447916666664,0.6129899024963379,0.9999999999999999,0.0,1.0,0.0,0.2589962121212121,0.5388494318181818,0.6396875,0.7719791666666667,7.8125e-05,0.008697916666666666,0.9417967200279236,0.0,0.5461165904998779,1.0,0.0,0.30744385719299316,0.0,0.46419912576675415,1.0,0.9848709106445312,0.01512908935546875
9,4970,0.3717285692691803,0.20881932973861694,0.13893462717533112,0.022299043834209442,0.2672526041666667,0.6539016366004944,0.9305047536813295,0.0,1.0,0.0,0.2933238636363636,0.5439985795454545,0.6717578125,0.7773307291666667,0.000234375,0.009453125,0.9410068988800049,0.0,0.5461588501930237,1.0,0.0,0.3077256679534912,0.0,0.4642350375652313,1.0,0.9849121570587158,0.01508784294128418
9,4980,0.36904072761535645,0.2087910920381546,0.1267554610967636,0.020930062979459763,0.276484375,0.6385378241539001,0.9098938572406768,0.0,1.0,0.0,0.28918087121212116,0.5433771306818181,0.6697395833333334,0.7750651041666666,7.8125e-05,0.009361979166666666,0.9387480020523071,0.0,0.5462349653244019,1.0,0.0,0.30823302268981934,0.0,0.464299738407135,1.0,0.9849504232406616,0.015049576759338379
9,4990,0.37140360474586487,0.22886939346790314,0.11638948321342468,0.02220708690583706,0.26337239583333333,0.6123415231704712,0.8923514331304109,0.0,1.0,0.0,0.3128551136363636,0.5469282670454545,0.6429947916666666,0.7376041666666666,6.510416666666667e-05,0.0098828125,0.9386792778968811,0.0,0.546188473701477,1.0,0.0,0.30792295932769775,0.0,0.4642602205276489,1.0,0.9849903583526611,0.015009641647338867
9,5000,0.37487950921058655,0.22093327343463898,0.17102591693401337,0.020845377817749977,0.264609375,0.5945342183113098,0.9848130901960225,0.0,1.0,0.0,0.33948863636363635,0.5509232954545454,0.645703125,0.7635807291666666,7.8125e-05,0.01046875,0.9381954073905945,0.0,0.5457445383071899,1.0,0.0,0.30496370792388916,0.0,0.4638828635215759,1.0,0.985021710395813,0.014978289604187012
9,5010,0.3662116527557373,0.21229571104049683,0.14376966655254364,0.019064363092184067,0.2634765625,0.634543240070343,0.9386871280119969,0.0,1.0,0.0,0.3110795454545454,0.5466619318181818,0.6625,0.7680208333333334,6.510416666666667e-05,0.00984375,0.9381798505783081,0.0,0.54526686668396,1.0,0.0,0.3017789423465729,0.0,0.46347683668136597,1.0,0.9850558042526245,0.014944195747375488
9,5020,0.3653686046600342,0.20998968183994293,0.1327182799577713,0.018085695803165436,0.2679296875,0.5881510376930237,0.9199847814669976,0.0,1.0,0.0,0.3039772727272727,0.545596590909091,0.6773046875,0.7718880208333333,3.90625e-05,0.0096875,0.936523973941803,0.0,0.5453387498855591,1.0,0.0,0.30225807428359985,0.0,0.46353796124458313,1.0,0.9850801825523376,0.014919817447662354
9,5030,0.3631506860256195,0.20491904020309448,0.12640854716300964,0.016122881323099136,0.2626953125,0.5750512480735779,0.9093067721220164,0.0,1.0,0.0,0.3637547348484848,0.5545632102272727,0.6837630208333333,0.7610807291666667,7.8125e-05,0.011002604166666667,0.9376096725463867,0.0,0.5458967685699463,1.0,0.0,0.30597829818725586,0.0,0.4640122652053833,1.0,0.9851172566413879,0.01488274335861206
9,5040,0.3796314597129822,0.23446956276893616,0.14778991043567657,0.023742586374282837,0.24828125,0.6195242404937744,0.9454906176603758,0.0,1.0,0.0,0.31877367424242425,0.5478160511363637,0.6738932291666667,0.7335286458333333,0.00022135416666666666,0.010013020833333334,0.9393526315689087,0.0,0.5467507243156433,1.0,0.0,0.3116714060306549,0.0,0.464738130569458,1.0,0.985149621963501,0.014850378036499023
9,5050,0.38171595335006714,0.22806957364082336,0.19548027217388153,0.02233271859586239,0.2587760416666667,0.5992147922515869,0.9999999999999999,0.0,1.0,0.0,0.3400804924242424,0.5510120738636364,0.7138802083333333,0.7300390625,0.00015625,0.010481770833333333,0.9399889707565308,0.0,0.5473129749298096,1.0,0.0,0.3154197931289673,0.0,0.4652160406112671,1.0,0.9851856231689453,0.014814376831054688
9,5060,0.37546631693840027,0.2084168642759323,0.16871434450149536,0.01866537146270275,0.26555989583333334,0.636568546295166,0.980901198387146,0.0,1.0,0.0,0.28089488636363635,0.5421342329545454,0.6961067708333334,0.7816796875,7.8125e-05,0.0091796875,0.9402708411216736,0.0,0.5481669306755066,1.0,0.0,0.3211129307746887,0.0,0.4659419059753418,1.0,0.9852346777915955,0.014765322208404541
9,5070,0.36746519804000854,0.20251543819904327,0.1381804645061493,0.018604429438710213,0.27033854166666665,0.5812413096427917,0.9292284783950219,0.0,1.0,0.0,0.2862215909090909,0.5429332386363637,0.6980729166666667,0.7723828125,0.0001171875,0.009296875,0.9387807846069336,0.0,0.5486277341842651,1.0,0.0,0.32418495416641235,0.0,0.4663335978984833,1.0,0.9852895140647888,0.014710485935211182
9,5080,0.3786560595035553,0.22957517206668854,0.1255677193403244,0.024353699758648872,0.2559895833333333,0.6016395092010498,0.9078838327297797,0.0,1.0,0.0,0.3116714015151515,0.5467507102272727,0.6351302083333333,0.7529166666666667,0.00016927083333333334,0.009856770833333334,0.9414820671081543,0.0,0.5489152669906616,1.0,0.0,0.3261014223098755,0.0,0.4665779769420624,1.0,0.9853346943855286,0.014665305614471436
9,5090,0.3704513609409332,0.21297048032283783,0.16446761786937714,0.021935878321528435,0.26174479166666664,0.5820083618164062,0.9737144302404844,0.0,1.0,0.0,0.31936553030303033,0.5479048295454545,0.6642578125,0.7657682291666666,7.8125e-05,0.010026041666666667,0.9428004026412964,0.0,0.5491604208946228,1.0,0.0,0.3277360796928406,0.0,0.46678638458251953,1.0,0.9853848218917847,0.014615178108215332
9,5100,0.37040501832962036,0.2151981145143509,0.1270989626646042,0.020045340061187744,0.25752604166666665,0.6363139748573303,0.9104751675862531,0.0,1.0,0.0,0.27556818181818177,0.5413352272727273,0.6001432291666666,0.778671875,0.00018229166666666667,0.0090625,0.9444859027862549,0.0,0.5492872595787048,1.0,0.0,0.3285815715789795,0.0,0.4668941795825958,1.0,0.9854428172111511,0.014557182788848877
9,5110,0.3689503073692322,0.20633497834205627,0.1329682320356369,0.020630666986107826,0.2628255208333333,0.5564846992492676,0.9204077772910778,0.0,1.0,0.0,0.297466856060606,0.5446200284090909,0.6101822916666667,0.7860286458333333,0.000234375,0.009544270833333333,0.942213773727417,0.0,0.5491942167282104,1.0,0.0,0.3279615342617035,0.0,0.4668150842189789,1.0,0.9855060577392578,0.014493942260742188
9,5120,0.3721337914466858,0.23163333535194397,0.11512666195631027,0.02389705926179886,0.2593359375,0.6218303442001343,0.8902143510029866,0.0,1.0,0.0,0.34540719696969696,0.5518110795454545,0.6013541666666666,0.7408723958333333,0.00015625,0.010598958333333333,0.9424294829368591,0.0,0.5492703318595886,1.0,0.0,0.32846885919570923,0.0,0.46687978506088257,1.0,0.9855728149414062,0.01442718505859375
9,5130,0.392061710357666,0.23418019711971283,0.18148191273212433,0.027895698323845863,0.2655078125,0.5843198895454407,0.9999999999999999,0.0,1.0,0.0,0.37855113636363624,0.5567826704545454,0.5500260416666667,0.7663802083333333,3.90625e-05,0.011328125,0.9431756734848022,0.0,0.5495620369911194,1.0,0.0,0.3304135203361511,0.0,0.4671277403831482,1.0,0.9856539964675903,0.014346003532409668
9,5140,0.3830210864543915,0.21072277426719666,0.15892882645130157,0.02193124033510685,0.2666145833333333,0.5750488638877869,0.9643410909175872,0.0,1.0,0.0,0.3821022727272727,0.557315340909091,0.5660026041666667,0.7878125,0.0001953125,0.01140625,0.9429858326911926,0.00018900314171332866,0.5491604804992676,1.0,0.0,0.3277360796928406,0.0,0.4667864143848419,1.0,0.9857507348060608,0.014249265193939209
9,5150,0.3771960139274597,0.20054222643375397,0.1379515677690506,0.019655397161841393,0.263125,0.5702259540557861,0.9288411146860857,0.0,1.0,0.0,0.3412642045454545,0.5511896306818181,0.5900651041666667,0.7982421875,9.114583333333334e-05,0.0105078125,0.9414893984794617,0.00018900314171332866,0.5490082502365112,1.0,0.0,0.3267214596271515,0.0,0.46665701270103455,1.0,0.9858787059783936,0.014121294021606445
9,5160,0.37992966175079346,0.20642727613449097,0.1260187327861786,0.01950405351817608,0.2635416666666667,0.5760035514831543,0.9086470862535331,0.0,1.0,0.0,0.3933475378787879,0.5590021306818181,0.6120052083333334,0.7941796875,0.00018229166666666667,0.011653645833333334,0.9414894580841064,0.00018900314171332866,0.5488475561141968,1.0,0.0,0.32565051317214966,0.0,0.46652042865753174,1.0,0.9860219359397888,0.013978064060211182
9,5170,0.40556466579437256,0.2402779906988144,0.16151028871536255,0.023356717079877853,0.2610546875,0.6177399754524231,0.9687097193644597,0.0,1.0,0.0,0.32350852272727265,0.5485262784090909,0.6545052083333334,0.7756901041666666,0.00013020833333333333,0.0101171875,0.9411191344261169,0.00018900314171332866,0.5492491722106934,1.0,0.0,0.3283279538154602,0.0,0.4668618142604828,1.0,0.9861523509025574,0.013847649097442627
9,5180,0.39447030425071716,0.21264494955539703,0.17245469987392426,0.025657551363110542,0.27826822916666666,0.6003339886665344,0.9872310305558717,0.0,1.0,0.0,0.3335700757575757,0.5500355113636364,0.6537760416666667,0.7937630208333334,7.8125e-05,0.010338541666666666,0.9419418573379517,0.00018900314171332866,0.5495197772979736,1.0,0.0,0.3301316797733307,0.0,0.467091828584671,1.0,0.9862954020500183,0.01370459794998169
9,5190,0.38818052411079407,0.20066431164741516,0.14311489462852478,0.024875599890947342,0.29256510416666665,0.594918429851532,0.9375790524482727,0.0,1.0,0.0,0.32350852272727265,0.5485262784090909,0.6658854166666667,0.807109375,3.90625e-05,0.0101171875,0.9433961510658264,0.00018900314171332866,0.549655020236969,1.0,0.0,0.33103352785110474,0.0,0.46720677614212036,1.0,0.9864491820335388,0.013550817966461182
9,5200,0.38677144050598145,0.20453914999961853,0.13730475306510925,0.025885913521051407,0.2945703125,0.6079979538917542,0.927746505187108,0.0,1.0,0.0,0.3306107954545454,0.5495916193181818,0.6570703125,0.8022786458333333,3.90625e-05,0.0102734375,0.9429054856300354,0.00018900314171332866,0.549714207649231,1.0,0.0,0.3314281105995178,0.0,0.4672570824623108,1.0,0.9866030812263489,0.013396918773651123
9,5210,0.38302263617515564,0.2164047509431839,0.14283190667629242,0.030784359201788902,0.28967447916666667,0.5866793394088745,0.9371001497598795,0.0,1.0,0.0,0.326467803030303,0.5489701704545454,0.6312239583333333,0.7831770833333334,0.00010416666666666667,0.010182291666666666,0.9443822503089905,0.00018900314171332866,0.5500904321670532,1.0,0.0,0.3339364528656006,0.0,0.46757689118385315,1.0,0.9867705702781677,0.013229429721832275
9,5220,0.36893269419670105,0.2081240713596344,0.146445631980896,0.02338198572397232,0.28608072916666666,0.5703034400939941,0.943215684890747,0.0,1.0,0.0,0.32173295454545453,0.5482599431818181,0.5922265625,0.7920572916666667,0.0003255208333333333,0.010078125,0.9445270299911499,0.00018900314171332866,0.5501200556755066,1.0,0.0,0.3341337740421295,0.0,0.46760207414627075,1.0,0.9869475364685059,0.01305246353149414
9,5230,0.37159982323646545,0.20369304716587067,0.14197754859924316,0.020723257213830948,0.2860416666666667,0.5680133104324341,0.9356543130141038,0.0,1.0,0.0,0.3448153409090909,0.5517223011363637,0.63625,0.7977604166666666,0.0001171875,0.0105859375,0.9467099905014038,0.00018900314171332866,0.5496846437454224,1.0,0.0,0.3312308192253113,0.0,0.46723195910453796,1.0,0.9871388673782349,0.012861132621765137
9,5240,0.37022268772125244,0.19841237366199493,0.12592945992946625,0.01687205396592617,0.2764453125,0.5803654193878174,0.9053207564353943,0.003969065845012698,1.0,0.0,0.30752840909090906,0.5461292613636364,0.7226041666666667,0.8032552083333333,0.00015625,0.009765625,0.9448510408401489,0.00018900314171332866,0.5494056344032288,1.0,0.0,0.32937073707580566,0.0,0.4669947922229767,1.0,0.9873211979866028,0.012678802013397217
9,5250,0.3657626807689667,0.22178149223327637,0.1292203813791275,0.02150249108672142,0.26209635416666666,0.6564829349517822,0.9140652607954466,0.0,1.0,0.0,0.297466856060606,0.5446200284090909,0.7003125,0.7565494791666667,9.114583333333334e-05,0.009544270833333333,0.9450994729995728,0.00018900314171332866,0.5490293502807617,1.0,0.0,0.3268623948097229,0.0,0.46667495369911194,1.0,0.9874902963638306,0.012509703636169434
9,5260,0.3965502381324768,0.2318422943353653,0.1913328915834427,0.023744046688079834,0.263671875,0.6095909476280212,0.9999999999999999,0.0,1.0,0.0,0.3175899621212121,0.5476384943181818,0.6012369791666666,0.76203125,3.90625e-05,0.009986979166666667,0.9467296600341797,0.00018900314171332866,0.5489786267280579,1.0,0.0,0.32652419805526733,0.0,0.46663185954093933,1.0,0.9876437187194824,0.012356281280517578
9,5270,0.39265626668930054,0.21185021102428436,0.16411948204040527,0.02328849956393242,0.2755989583333333,0.589467465877533,0.9731252772991473,0.0,1.0,0.0,0.33712121212121204,0.5505681818181818,0.6450520833333333,0.7789973958333334,6.510416666666667e-05,0.010416666666666666,0.9486792087554932,0.00018900314171332866,0.548555850982666,1.0,0.0,0.323705792427063,0.0,0.4662724733352661,1.0,0.9877831339836121,0.01221686601638794
9,5280,0.3914424777030945,0.20802806317806244,0.14838945865631104,0.02291047014296055,0.28790364583333333,0.6030312180519104,0.9465052377260649,0.0,1.0,0.0,0.32410037878787873,0.5486150568181818,0.6593489583333333,0.7935416666666667,2.604166666666667e-05,0.010130208333333333,0.9468404054641724,0.00018900314171332866,0.5488771796226501,1.0,0.0,0.3258477449417114,0.0,0.46654561161994934,1.0,0.9879232048988342,0.012076795101165771
9,5290,0.3898690342903137,0.21363434195518494,0.1436142921447754,0.02555120177567005,0.2911197916666667,0.5908957123756409,0.9384241867065429,0.0,1.0,0.0,0.3306107954545454,0.5495916193181818,0.65796875,0.7826692708333334,0.00024739583333333335,0.0102734375,0.946861743927002,0.00018900314171332866,0.5490801334381104,1.0,0.0,0.32720059156417847,0.0,0.4667181372642517,1.0,0.9880379438400269,0.011962056159973145
9,5300,0.39143264293670654,0.21417155861854553,0.15837861597537994,0.025065600872039795,0.282578125,0.5876424908638,0.9634099654967968,0.0,1.0,0.0,0.3276515151515151,0.5491477272727272,0.6201171875,0.7908333333333334,0.00010416666666666667,0.010208333333333333,0.9474595785140991,0.00018900314171332866,0.5491857528686523,1.0,0.0,0.32790517807006836,0.0,0.46680790185928345,1.0,0.9881376624107361,0.011862337589263916
9,5310,0.38020196557044983,0.20563779771327972,0.1454245150089264,0.01913006231188774,0.27791666666666665,0.5771049857139587,0.941487640784337,0.0,1.0,0.0,0.32824337121212116,0.5492365056818181,0.6133854166666667,0.7958723958333334,9.114583333333334e-05,0.010221354166666667,0.9486026763916016,0.00018900314171332866,0.5493844747543335,1.0,0.0,0.32922980189323425,0.0,0.4669768214225769,1.0,0.9882194995880127,0.011780500411987305
9,5320,0.381122887134552,0.20893503725528717,0.13476520776748657,0.021663863211870193,0.27298177083333336,0.6161123514175415,0.9234488131449773,0.0,1.0,0.0,0.30160984848484845,0.5452414772727273,0.571171875,0.7993619791666666,7.8125e-05,0.009635416666666667,0.9489269852638245,0.00018900314171332866,0.549591600894928,1.0,0.0,0.3306107819080353,0.0,0.467152863740921,1.0,0.9883061647415161,0.011693835258483887
9,5330,0.37462061643600464,0.2105843871831894,0.14221523702144623,0.02203081175684929,0.2797265625,0.6458564400672913,0.9360565549593706,0.0,1.0,0.0,0.2844460227272727,0.542666903409091,0.6262109375,0.7875130208333333,5.208333333333334e-05,0.0092578125,0.9516309499740601,0.00018900314171332866,0.5496719479560852,1.0,0.0,0.3311462998390198,0.0,0.4672211706638336,1.0,0.9883877038955688,0.011612296104431152
9,5340,0.3775450885295868,0.22208432853221893,0.156932070851326,0.024464940652251244,0.26787760416666667,0.6336694359779358,0.9609619660560901,0.0,1.0,0.0,0.33948863636363635,0.5509232954545454,0.6474609375,0.7712630208333333,0.00022135416666666666,0.01046875,0.9546321630477905,0.0003148711984977126,0.5504159927368164,1.0,0.0,0.3361065983772278,0.0,0.4678536057472229,1.0,0.9884648323059082,0.011535167694091797
9,5350,0.36989349126815796,0.21120746433734894,0.1620120108127594,0.020842881873250008,0.27295572916666666,0.5781875848770142,0.9695587875292851,0.0,1.0,0.0,0.3294270833333333,0.5494140625,0.6743229166666667,0.7775260416666666,0.00014322916666666667,0.010247395833333334,0.9591406583786011,0.00012586805678438395,0.5500101447105408,1.0,0.0,0.3334009647369385,0.0,0.4675086438655853,1.0,0.9885297417640686,0.011470258235931396
9,5360,0.36221957206726074,0.207208514213562,0.15817995369434357,0.017486130818724632,0.26684895833333333,0.62845778465271,0.9630737677904276,0.0,1.0,0.0,0.33416193181818177,0.5501242897727273,0.6844270833333334,0.7866145833333333,0.00020833333333333335,0.0103515625,0.9632328152656555,0.00012586805678438395,0.5499848127365112,1.0,0.0,0.3332318663597107,0.0,0.467487096786499,1.0,0.9885880351066589,0.011411964893341064
9,5370,0.3678288459777832,0.20742414891719818,0.15021121501922607,0.01733768917620182,0.2751822916666667,0.5759746432304382,0.9495882100325365,0.0,1.0,0.0,0.33416193181818177,0.5501242897727273,0.6838411458333333,0.7881510416666667,0.00010416666666666667,0.0103515625,0.9632328152656555,0.00012586805678438395,0.5503019094467163,1.0,0.0,0.33534565567970276,0.0,0.46775662899017334,1.0,0.988624095916748,0.011375904083251953
9,5380,0.37585923075675964,0.22877278923988342,0.13869251310825348,0.021813495084643364,0.2625390625,0.5838871002197266,0.9300950221831982,0.0,1.0,0.0,0.36848958333333326,0.5552734375,0.6261197916666666,0.7652083333333334,7.8125e-05,0.011106770833333333,0.9645125269889832,0.00012586805678438395,0.5495070815086365,1.0,0.0,0.3300471305847168,0.0,0.4670810401439667,1.0,0.9886475205421448,0.011352479457855225
9,5390,0.37520188093185425,0.21951469779014587,0.17271974682807922,0.018566157668828964,0.2675,0.6147161722183228,0.987679571555211,0.0,1.0,0.0,0.3619791666666667,0.554296875,0.5730208333333333,0.7635677083333333,3.90625e-05,0.010963541666666667,0.9643025398254395,0.00084995775250718,0.5487714409828186,1.0,0.0,0.32514315843582153,0.0,0.46645572781562805,1.0,0.9886549711227417,0.0113450288772583
9,5400,0.3681904077529907,0.213182732462883,0.15053260326385498,0.020203620195388794,0.27291666666666664,0.5623301863670349,0.950132097831139,0.0,1.0,0.0,0.3383049242424242,0.5507457386363637,0.5808463541666666,0.7673046875,0.0001171875,0.010442708333333333,0.9642584323883057,0.00084995775250718,0.5481457710266113,1.0,0.0,0.3209719955921173,0.0,0.46592390537261963,1.0,0.9886562824249268,0.011343717575073242
9,5410,0.3682432174682617,0.21194705367088318,0.1514897495508194,0.019544392824172974,0.27010416666666665,0.562731921672821,0.9517518838552327,0.0,1.0,0.0,0.3584280303030302,0.5537642045454545,0.5991276041666667,0.7679947916666666,0.00022135416666666666,0.010885416666666667,0.9660007953643799,0.00084995775250718,0.5475074052810669,1.0,0.0,0.3167162537574768,0.0,0.46538129448890686,1.0,0.9886569380760193,0.011343061923980713
9,5420,0.3749068081378937,0.23258553445339203,0.14685657620429993,0.02188548631966114,0.26807291666666666,0.6556589007377625,0.943911128961123,0.0,1.0,0.0,0.35546874999999994,0.5533203125,0.642421875,0.7343229166666667,0.00015625,0.0108203125,0.9675514698028564,0.00084995775250718,0.5469917058944702,1.0,0.0,0.31327787041664124,0.0,0.46494296193122864,1.0,0.9886261820793152,0.011373817920684814
9,5430,0.3954852521419525,0.24181365966796875,0.20211336016654968,0.018586911261081696,0.2461328125,0.6336296796798706,0.9999999999999999,0.0,1.0,0.0,0.3329782196969697,0.5499467329545454,0.685546875,0.7480598958333333,0.0035026041666666665,0.010325520833333334,0.9682388305664062,0.00084995775250718,0.5467760562896729,1.0,0.0,0.3118405044078827,0.0,0.4647596478462219,1.0,0.9885996580123901,0.011400341987609863
9,5440,0.39418524503707886,0.2584633231163025,0.2354094684123993,0.025566093623638153,0.2519401041666667,0.6265820264816284,0.9986783854166665,0.0026432291666666687,1.0,0.0,0.4489820075757576,0.5673473011363637,0.6964713541666666,0.6537630208333334,0.010325520833333334,0.012877604166666667,0.9679787755012512,0.0011679782764986157,0.546729564666748,1.0,0.0,0.3115304708480835,0.0,0.46472012996673584,1.0,0.9885655641555786,0.011434435844421387
9,5450,0.4150349497795105,0.2212725430727005,0.22350002825260162,0.016209548339247704,0.244296875,0.6780080199241638,0.9999999999999999,0.0,1.0,0.0,0.2507102272727273,0.5376065340909091,0.7972786458333333,0.6487760416666667,0.0005208333333333333,0.008515625,0.9675533175468445,0.0011679783929139376,0.5462772250175476,1.0,0.0,0.3085148334503174,0.0,0.4643356502056122,1.0,0.988542914390564,0.011457085609436035
9,5460,0.3784220814704895,0.24158073961734772,0.2189718633890152,0.018562398850917816,0.23485677083333334,0.7035951018333435,0.9999999999999999,0.0,1.0,0.0,0.29391571969696967,0.5440873579545454,0.7439192708333333,0.5663932291666667,0.0001953125,0.009466145833333333,0.9657402038574219,0.001496044686064124,0.5461673140525818,1.0,0.0,0.30778205394744873,0.0,0.46424221992492676,1.0,0.9885101914405823,0.011489808559417725
9,5470,0.3738950490951538,0.2532065212726593,0.19842739403247833,0.017672330141067505,0.22713541666666667,0.654765248298645,0.9999999999999999,0.0,1.0,0.0,0.3619791666666667,0.554296875,0.716015625,0.552109375,3.90625e-05,0.010963541666666667,0.9637484550476074,0.0015053097158670425,0.5460996627807617,1.0,0.0,0.3073311448097229,0.0,0.4641847312450409,1.0,0.9884815216064453,0.011518478393554688
9,5480,0.393897145986557,0.2189399003982544,0.2019907683134079,0.0178428553044796,0.2573958333333333,0.662695050239563,0.9999999999999999,0.0,1.0,0.0,0.2258522727272727,0.533877840909091,0.8037760416666667,0.7467447916666666,2.604166666666667e-05,0.00796875,0.9623489379882812,0.0015053097158670425,0.545993983745575,1.0,0.0,0.3066265285015106,0.0,0.4640949070453644,1.0,0.9884432554244995,0.011556744575500488
9,5490,0.3763289749622345,0.1939176470041275,0.15297189354896545,0.015068214386701584,0.24368489583333333,0.6481525897979736,0.9420954215526581,0.015205882489681282,1.0,0.0,0.2211174242424242,0.5331676136363637,0.7532421875,0.7924609375,0.00010416666666666667,0.007864583333333333,0.9608991742134094,0.0015053097158670425,0.5453429222106934,1.0,0.0,0.3022862672805786,0.0,0.46354150772094727,1.0,0.9884160161018372,0.011583983898162842
9,5500,0.3788210153579712,0.21993514895439148,0.14306625723838806,0.014485849067568779,0.22397135416666666,0.6042653322219849,0.9374967430188105,0.0,1.0,0.0,0.24301609848484845,0.5364524147727273,0.6507291666666667,0.7483723958333334,5.208333333333334e-05,0.008346354166666667,0.9597620368003845,0.0015053097158670425,0.544713020324707,1.0,0.0,0.29808691143989563,0.0,0.46300607919692993,1.0,0.9883988499641418,0.011601150035858154
9,5510,0.3903041481971741,0.2296522855758667,0.1852385550737381,0.017635678872466087,0.23270833333333332,0.659512460231781,0.9999999999999999,0.0,1.0,0.0,0.23828124999999994,0.5357421875,0.5999739583333333,0.7665104166666666,3.90625e-05,0.0082421875,0.9585106372833252,0.0015053097158670425,0.5445989370346069,1.0,0.0,0.2973259389400482,0.0,0.46290910243988037,1.0,0.9883736371994019,0.011626362800598145
9,5520,0.37939390540122986,0.20361432433128357,0.16466721892356873,0.01679486408829689,0.24674479166666666,0.6266674399375916,0.9740522166398854,0.0,1.0,0.0,0.25603693181818177,0.5384055397727273,0.6424348958333334,0.7960807291666666,0.00010416666666666667,0.0086328125,0.9571022987365723,0.0016920813359320164,0.5448272228240967,1.0,0.0,0.29884785413742065,0.0,0.46310314536094666,1.0,0.9883587956428528,0.011641204357147217
9,5530,0.3792385458946228,0.20286135375499725,0.14329518377780914,0.01612343080341816,0.2481640625,0.6312462687492371,0.9378841571624462,0.0,1.0,0.0,0.2714251893939394,0.540713778409091,0.6677083333333333,0.8000911458333333,5.208333333333334e-05,0.008971354166666667,0.9564845561981201,0.0016920813359320164,0.5451569557189941,1.0,0.0,0.3010461926460266,0.0,0.46338343620300293,1.0,0.9883532524108887,0.011646747589111328
9,5540,0.37671560049057007,0.1973286271095276,0.14214491844177246,0.017641792073845863,0.25677083333333334,0.6462935209274292,0.9305948085051315,0.0066784322261810684,1.0,0.0,0.2779356060606061,0.541690340909091,0.6470703125,0.8064453125,0.00024739583333333335,0.009114583333333334,0.9564844369888306,0.0016920813359320164,0.5452964305877686,1.0,0.0,0.3019762635231018,0.0,0.4635019898414612,1.0,0.9883350729942322,0.011664927005767822
9,5550,0.3860762119293213,0.21413639187812805,0.15165261924266815,0.01696670800447464,0.249765625,0.6103437542915344,0.9520275094875922,0.0,1.0,0.0,0.27616003787878785,0.5414240056818181,0.6285546875,0.7935807291666667,0.00018229166666666667,0.009075520833333333,0.9541892409324646,0.001575307222083211,0.5446919202804565,1.0,0.0,0.2979459762573242,0.0,0.46298813819885254,1.0,0.9882823824882507,0.011717617511749268
9,5560,0.3688509166240692,0.19724424183368683,0.14277015626430511,0.015463653951883316,0.24029947916666666,0.570339560508728,0.9314841327300437,0.006889395415782967,1.0,0.0,0.3140388257575757,0.5471058238636364,0.6049609375,0.7984375,0.00018229166666666667,0.009908854166666667,0.9516105651855469,0.001577117945998907,0.5450977683067322,1.0,0.0,0.3006516098976135,0.0,0.4633331298828125,1.0,0.9882110953330994,0.011788904666900635
9,5570,0.3683573007583618,0.19992217421531677,0.13355568051338196,0.014525096863508224,0.24061197916666666,0.5599310994148254,0.9212462692994338,0.00019456446170807993,1.0,0.0,0.3246922348484848,0.5487038352272727,0.6185807291666666,0.7954817708333334,0.00016927083333333334,0.010143229166666667,0.9480074048042297,0.0016849274979904294,0.5450766086578369,1.0,0.0,0.3005107045173645,0.0,0.46331512928009033,1.0,0.9881108999252319,0.011889100074768066
9,5580,0.3669295907020569,0.2019096314907074,0.13284403085708618,0.01477276161313057,0.24497395833333332,0.5683082342147827,0.9201975906812226,0.0,1.0,0.0,0.31936553030303033,0.5479048295454545,0.5970052083333334,0.7974609375,1.3020833333333334e-05,0.010026041666666667,0.9455486536026001,0.0016849274979904294,0.5446834564208984,1.0,0.0,0.2978896200656891,0.0,0.4629809558391571,1.0,0.988012433052063,0.011987566947937012
9,5590,0.3888985812664032,0.21068702638149261,0.12070246785879135,0.017366761341691017,0.24052083333333332,0.6078996062278748,0.8996503302225699,0.0,1.0,0.0,0.27734375,0.5416015625,0.653671875,0.8110416666666667,0.0001171875,0.0091015625,0.9437648057937622,0.0016849274979904294,0.5450512170791626,1.0,0.0,0.3003416061401367,0.0,0.46329355239868164,1.0,0.9879006743431091,0.01209932565689087
9,5600,0.38680949807167053,0.2013067901134491,0.15860846638679504,0.016428502276539803,0.23841145833333333,0.5797151923179626,0.9637989431161146,0.0,1.0,0.0,0.2737926136363636,0.5410688920454545,0.6101432291666666,0.8130338541666666,7.8125e-05,0.0090234375,0.9439144134521484,0.0009608378168195486,0.5456938147544861,1.0,0.0,0.3046255111694336,0.0,0.4638397693634033,1.0,0.9877937436103821,0.01220625638961792
9,5610,0.36774832010269165,0.20041465759277344,0.13500459492206573,0.014700648374855518,0.23298177083333332,0.5601174831390381,0.9238539298681113,0.0,1.0,0.0,0.3223248106060606,0.5483487215909091,0.61625,0.8002864583333333,3.90625e-05,0.010091145833333334,0.9435076117515564,0.0013936577597633004,0.5463913679122925,1.0,0.0,0.3092758059501648,0.0,0.4644326865673065,1.0,0.9876920580863953,0.012307941913604736
9,5620,0.37577834725379944,0.1984311193227768,0.13586761057376862,0.015138921327888966,0.24513020833333332,0.5581162571907043,0.9221766565396236,0.003922201693058036,1.0,0.0,0.39038825757575757,0.5585582386363637,0.6073828125,0.81234375,6.510416666666667e-05,0.011588541666666667,0.9398125410079956,0.0013936576433479786,0.5469959378242493,1.0,0.0,0.3133060336112976,0.0,0.46494656801223755,1.0,0.9875811338424683,0.012418866157531738
9,5630,0.37456807494163513,0.2170996218919754,0.13919015228748322,0.020017465576529503,0.243515625,0.5841671824455261,0.9309371807942023,0.0,1.0,0.0,0.4016335227272726,0.5602450284090909,0.6120442708333333,0.7749348958333333,0.00020833333333333335,0.0118359375,0.9406545162200928,0.0013936576433479786,0.5473594665527344,1.0,0.0,0.31572985649108887,0.0,0.4652555584907532,1.0,0.9874601364135742,0.012539863586425781
9,5640,0.3902253806591034,0.21933399140834808,0.18016661703586578,0.016681170091032982,0.24059895833333333,0.5436006784439087,0.9999999999999999,0.0,1.0,0.0,0.35250946969696967,0.5528764204545454,0.5116015625,0.7813411458333334,0.0003255208333333333,0.010755208333333334,0.9416001439094543,0.0013936576433479786,0.5474863052368164,1.0,0.0,0.3165753483772278,0.0,0.46536338329315186,1.0,0.9873193502426147,0.012680649757385254
9,5650,0.3668467700481415,0.20054413378238678,0.1507938951253891,0.015976423397660255,0.242890625,0.5369125604629517,0.9504787979472397,0.00019097222222222432,1.0,0.0,0.36434659090909083,0.5546519886363637,0.5542578125,0.7865885416666667,0.0003125,0.011015625,0.9414931535720825,0.001075637061148882,0.5478625893592834,1.0,0.0,0.31908372044563293,0.0,0.4656832218170166,1.0,0.9871853590011597,0.012814640998840332
9,5660,0.37350228428840637,0.19998478889465332,0.14801914989948273,0.01371439266949892,0.2318359375,0.5447621941566467,0.945848139157662,3.802776336672142e-05,1.0,0.0,0.30752840909090906,0.5461292613636364,0.5432291666666667,0.8064192708333333,0.0002734375,0.009765625,0.9401017427444458,0.0011070524342358112,0.548200786113739,1.0,0.0,0.321338415145874,0.0,0.4659706950187683,1.0,0.9870568513870239,0.012943148612976074
9,5670,0.377975195646286,0.19909439980983734,0.13635827600955963,0.017083467915654182,0.2531510416666667,0.6088176369667053,0.9243335744050832,0.002264000475406663,1.0,0.0,0.2909564393939394,0.543643465909091,0.5907552083333333,0.8027473958333333,0.00018229166666666667,0.009401041666666667,0.9422672390937805,0.0007969670696184039,0.5483614206314087,1.0,0.0,0.32240936160087585,0.0,0.46610721945762634,1.0,0.9869445562362671,0.01305544376373291
9,5680,0.3977709412574768,0.22436043620109558,0.14948849380016327,0.017307059839367867,0.24497395833333332,0.5910582542419434,0.9483651433541224,0.0,1.0,0.0,0.306936553030303,0.5460404829545454,0.6004947916666666,0.797578125,0.0001171875,0.009752604166666666,0.9426479339599609,0.0007877021562308073,0.5485305190086365,1.0,0.0,0.3235367238521576,0.0,0.4662509560585022,1.0,0.9868317246437073,0.013168275356292725
9,5690,0.38465365767478943,0.2034127116203308,0.15786415338516235,0.016965510323643684,0.247890625,0.6331859230995178,0.962539336497967,0.0,1.0,0.0,0.27734375,0.5416015625,0.6090364583333333,0.8151822916666667,5.208333333333334e-05,0.0091015625,0.9426721334457397,0.000927004381082952,0.5489954948425293,1.0,0.0,0.3266369104385376,0.0,0.4666461944580078,1.0,0.9867441654205322,0.013255834579467773
9,5700,0.3704938292503357,0.20291805267333984,0.14763988554477692,0.016076186671853065,0.24330729166666668,0.575893223285675,0.9452367293834686,0.0,1.0,0.0,0.3110795454545454,0.5466619318181818,0.640234375,0.8014583333333334,3.90625e-05,0.00984375,0.9443491101264954,0.0009559396421536803,0.5497606992721558,1.0,0.0,0.3317381739616394,0.0,0.4672966003417969,1.0,0.9866738319396973,0.013326168060302734
9,5710,0.3825802206993103,0.19636431336402893,0.14231495559215546,0.01779838837683201,0.25697916666666665,0.559497594833374,0.9289539361917055,0.009089216589927717,1.0,0.0,0.3406723484848484,0.5511008522727272,0.6609505208333334,0.8153385416666666,5.208333333333334e-05,0.010494791666666666,0.9436540007591248,0.001011536456644535,0.5506654381752014,1.0,0.0,0.33776944875717163,0.0,0.46806564927101135,1.0,0.9866104125976562,0.01338958740234375
9,5720,0.39215850830078125,0.23483681678771973,0.13414785265922546,0.02274969220161438,0.25244791666666666,0.5894994735717773,0.9224040583463816,0.0,1.0,0.0,0.3229166666666666,0.5484375,0.5897265625,0.7772005208333334,9.114583333333334e-05,0.010104166666666666,0.9465367794036865,0.0011138430563732982,0.5507415533065796,1.0,0.0,0.338276743888855,0.0,0.46813032031059265,1.0,0.9865516424179077,0.013448357582092285
9,5730,0.3844052851200104,0.21182683110237122,0.17511475086212158,0.01891971006989479,0.25147135416666666,0.5603482127189636,0.9917326553051288,0.0,1.0,0.0,0.306936553030303,0.5460404829545454,0.5645963541666666,0.79265625,3.90625e-05,0.009752604166666666,0.9483429193496704,0.0009969293605536222,0.5502341985702515,1.0,0.0,0.33489471673965454,0.0,0.4676990807056427,1.0,0.9865046143531799,0.013495385646820068
9,5740,0.37291809916496277,0.20400893688201904,0.15503007173538208,0.01831747777760029,0.2488671875,0.5627550482749939,0.9577431983214159,0.0,1.0,0.0,0.28918087121212116,0.5433771306818181,0.5689583333333333,0.79734375,1.3020833333333334e-05,0.009361979166666666,0.9489845633506775,0.0010266912868246436,0.5496507883071899,1.0,0.0,0.33100536465644836,0.0,0.46720317006111145,1.0,0.9864683747291565,0.013531625270843506
9,5750,0.3734239637851715,0.20121581852436066,0.13765980303287506,0.017232414335012436,0.25591145833333334,0.5648406147956848,0.9283473589787116,0.0,1.0,0.0,0.3306107954545454,0.5495916193181818,0.62765625,0.7950130208333334,1.3020833333333334e-05,0.0102734375,0.9463245868682861,0.0011577262775972486,0.5494605302810669,1.0,0.0,0.32973712682724,0.0,0.4670414626598358,1.0,0.9864356517791748,0.013564348220825195
9,5760,0.3700045645236969,0.22307389974594116,0.1345817744731903,0.01804760843515396,0.245859375,0.575970470905304,0.9228085264589033,0.0006597222222222237,1.0,0.0,0.32350852272727265,0.5485262784090909,0.6262890625,0.7553776041666667,6.510416666666667e-05,0.0101171875,0.9479372501373291,0.0013340243604034185,0.5491900444030762,1.0,0.0,0.3279333710670471,0.0,0.46681153774261475,1.0,0.9864104986190796,0.01358950138092041
9,5770,0.37606582045555115,0.21230259537696838,0.16649658977985382,0.015807880088686943,0.24063802083333333,0.5442728400230408,0.9769592729287271,0.00037760416666666563,1.0,0.0,0.3365293560606061,0.550479403409091,0.5453385416666666,0.7822916666666667,7.8125e-05,0.010403645833333334,0.9473504424095154,0.0015355865471065044,0.5495366454124451,1.0,0.0,0.33024442195892334,0.0,0.4671061635017395,1.0,0.98640376329422,0.01359623670578003
9,5780,0.36367955803871155,0.20051263272762299,0.13818788528442383,0.014888403937220573,0.242265625,0.5384242534637451,0.9292410366351788,0.0,1.0,0.0,0.34836647727272724,0.5522549715909091,0.5513671875,0.7856901041666666,1.3020833333333334e-05,0.0106640625,0.9477076530456543,0.0016507843974977732,0.549777626991272,1.0,0.0,0.33185088634490967,0.0,0.46731099486351013,1.0,0.9864360690116882,0.013563930988311768
9,5790,0.361306756734848,0.20461894571781158,0.13400878012180328,0.013720987364649773,0.23657552083333333,0.5184375047683716,0.9207060312104021,0.0029253472222222267,1.0,0.0,0.38446969696969685,0.5576704545454545,0.531015625,0.78234375,2.604166666666667e-05,0.011458333333333333,0.9468804597854614,0.001867178245447576,0.5502004027366638,1.0,0.0,0.33466923236846924,0.0,0.46767035126686096,1.0,0.9864897131919861,0.013510286808013916
9,5800,0.361737459897995,0.20219860970973969,0.1416914016008377,0.015236460603773594,0.24619791666666666,0.5289908647537231,0.9348662448031271,0.0006076388888888915,1.0,0.0,0.38446969696969685,0.5576704545454545,0.5516927083333333,0.7833072916666667,1.3020833333333334e-05,0.011458333333333333,0.9472615718841553,0.002080058678984642,0.5510332584381104,1.0,0.0,0.3402214050292969,0.0,0.4683782756328583,1.0,0.986554741859436,0.013445258140563965
9,5810,0.3903822898864746,0.23641492426395416,0.15032808482646942,0.01873999834060669,0.24256510416666666,0.5622041821479797,0.9492022223452218,0.0011675347222222243,1.0,0.0,0.4004498106060606,0.5600674715909091,0.5760546875,0.7661328125,2.604166666666667e-05,0.011809895833333334,0.9481562376022339,0.0022976924665272236,0.5515152215957642,1.0,0.0,0.34343433380126953,0.0,0.46878793835639954,1.0,0.9866049289703369,0.013395071029663086
9,5820,0.37950342893600464,0.2178204506635666,0.17141181230545044,0.019726986065506935,0.23803385416666667,0.5528968572616577,0.9843919251515314,0.0021484374999999984,1.0,0.0,0.3329782196969697,0.5499467329545454,0.576796875,0.773828125,0.0,0.010325520833333334,0.9483038783073425,0.0020785797387361526,0.5519125461578369,1.0,0.0,0.3460836112499237,0.0,0.4691256880760193,1.0,0.9866571426391602,0.013342857360839844
9,5830,0.3731330335140228,0.20911800861358643,0.15685971081256866,0.019832175225019455,0.24986979166666667,0.5561532378196716,0.960106003661441,0.001467013888888887,1.0,0.0,0.31936553030303033,0.5479048295454545,0.5687109375,0.7789453125,0.0,0.010026041666666667,0.9482789635658264,0.0022825729101896286,0.5523775815963745,1.0,0.0,0.3491837978363037,0.0,0.4695209562778473,1.0,0.9867284893989563,0.013271510601043701
9,5840,0.3709602355957031,0.20871132612228394,0.1473367065191269,0.019611414521932602,0.25415364583333333,0.5628070831298828,0.9444111571862147,0.0006250000000000053,1.0,0.0,0.3199573863636363,0.5479936079545454,0.5972265625,0.7742578125,0.0,0.0100390625,0.9458044767379761,0.002502273302525282,0.5528130531311035,1.0,0.0,0.35208672285079956,0.0,0.46989110112190247,1.0,0.9867947101593018,0.013205289840698242
9,5850,0.3762455880641937,0.23148538172245026,0.14780493080615997,0.02101871557533741,0.24979166666666666,0.5990502834320068,0.9441401686933305,0.0027517361111111163,1.0,0.0,0.32587594696969696,0.5488813920454545,0.57984375,0.7562890625,3.90625e-05,0.010169270833333334,0.9466449022293091,0.002740161959081888,0.5533921718597412,1.0,0.0,0.355947881937027,0.0,0.47038334608078003,1.0,0.9868451952934265,0.013154804706573486
9,5860,0.3805082440376282,0.21765580773353577,0.1718997061252594,0.015331119298934937,0.2442578125,0.5409125685691833,0.9843451957824901,0.00389322916666667,1.0,0.0,0.326467803030303,0.5489701704545454,0.5570182291666667,0.7767708333333333,1.3020833333333334e-05,0.010182291666666666,0.9472155570983887,0.0030078126583248377,0.553874135017395,1.0,0.0,0.35916081070899963,0.0,0.4707930386066437,1.0,0.9869005084037781,0.013099491596221924
9,5870,0.3589113652706146,0.20255036652088165,0.14198099076747894,0.015289808623492718,0.244140625,0.5334822535514832,0.9335247215552207,0.004270833333333335,1.0,0.0,0.3560606060606061,0.553409090909091,0.5490494791666667,0.7896354166666667,0.0,0.010833333333333334,0.9480109214782715,0.0032297868747264147,0.5539290904998779,1.0,0.0,0.35952720046043396,0.0,0.4708397388458252,1.0,0.9869694113731384,0.013030588626861572
9,5880,0.3564116060733795,0.20477411150932312,0.14110377430915833,0.014786736108362675,0.24322916666666666,0.5495795011520386,0.9318340382005416,0.004683159722222228,1.0,0.0,0.3246922348484848,0.5487038352272727,0.592734375,0.7810286458333333,0.0,0.010143229166666667,0.9460529685020447,0.0035383598878979683,0.5542207956314087,1.0,0.0,0.36147186160087585,0.0,0.4710876941680908,1.0,0.9870239496231079,0.01297605037689209
9,5890,0.35867202281951904,0.20992521941661835,0.14056652784347534,0.017723457887768745,0.24787760416666665,0.537794291973114,0.9309942963184455,0.004544270833333336,1.0,0.0,0.3661221590909091,0.5549183238636364,0.5826432291666667,0.7661979166666667,2.604166666666667e-05,0.0110546875,0.9489127993583679,0.003805183805525303,0.5542038679122925,1.0,0.0,0.3613591194152832,0.0,0.47107329964637756,1.0,0.9870738983154297,0.012926101684570312
9,5900,0.38234665989875793,0.2274150401353836,0.16391456127166748,0.017267005518078804,0.24436197916666666,0.5451284050941467,0.9705432452503433,0.004470486111111116,1.0,0.0,0.39393939393939387,0.5590909090909091,0.5500651041666667,0.7646223958333334,0.0,0.011666666666666667,0.9503479599952698,0.003954819869250059,0.5541447401046753,1.0,0.0,0.3609645664691925,0.0,0.4710230529308319,1.0,0.9871178865432739,0.012882113456726074
9,5910,0.37209564447402954,0.21091324090957642,0.16009248793125153,0.016872845590114594,0.24459635416666667,0.535399854183197,0.9640252079413487,0.004570312499999998,1.0,0.0,0.37855113636363624,0.5567826704545454,0.5549739583333333,0.7706901041666666,0.0,0.011328125,0.9504526257514954,0.004234044812619686,0.5538234114646912,1.0,0.0,0.3588225841522217,0.0,0.4707499146461487,1.0,0.9871533513069153,0.012846648693084717
9,5920,0.35812023282051086,0.20553584396839142,0.14117589592933655,0.017213482409715652,0.25048177083333334,0.5356138348579407,0.9320537464231509,0.004487847222222221,1.0,0.0,0.3963068181818182,0.5594460227272727,0.5648567708333333,0.7703125,1.3020833333333334e-05,0.01171875,0.9500691294670105,0.004517402499914169,0.5532822608947754,1.0,0.0,0.3552151024341583,0.0,0.470289945602417,1.0,0.9871935844421387,0.012806415557861328
9,5930,0.35637167096138,0.20654846727848053,0.13510450720787048,0.016690686345100403,0.25014322916666665,0.547343909740448,0.9218810851146013,0.004283854166666666,1.0,0.0,0.3880208333333333,0.558203125,0.5758333333333333,0.7653515625,0.0,0.011536458333333333,0.9506126642227173,0.004749917425215244,0.5531216263771057,1.0,0.0,0.3541441261768341,0.0,0.4701533913612366,1.0,0.9872153997421265,0.012784600257873535
9,5940,0.37259092926979065,0.23229166865348816,0.14577187597751617,0.019392559304833412,0.24798177083333334,0.5536224842071533,0.9397686247846,0.0046137152777777826,1.0,0.0,0.36789772727272724,0.5551846590909091,0.5775390625,0.75140625,3.90625e-05,0.01109375,0.9518831968307495,0.005024388432502747,0.5529271364212036,1.0,0.0,0.352847695350647,0.0,0.469988077878952,1.0,0.9872047305107117,0.01279526948928833
9,5950,0.3693343997001648,0.2158481925725937,0.16693568229675293,0.018740909174084663,0.24654947916666667,0.534195601940155,0.9753933247949325,0.0049956597222222225,1.0,0.0,0.37026515151515155,0.5555397727272727,0.569375,0.7634765625,2.604166666666667e-05,0.011145833333333334,0.9525766372680664,0.005350322462618351,0.5529017448425293,1.0,0.0,0.3526785969734192,0.0,0.46996650099754333,1.0,0.9871829748153687,0.012817025184631348
9,5960,0.35548970103263855,0.20681887865066528,0.14640100300312042,0.015907298773527145,0.2423828125,0.5348899364471436,0.9403298290672465,0.0056206597222222265,1.0,0.0,0.3980823863636363,0.5597123579545454,0.5518489583333334,0.7675911458333333,1.3020833333333334e-05,0.0117578125,0.9517050385475159,0.0056783235631883144,0.5534344911575317,1.0,0.0,0.3562297224998474,0.0,0.470419317483902,1.0,0.9871742725372314,0.012825727462768555
9,5970,0.3530864417552948,0.211332768201828,0.1458287537097931,0.016789959743618965,0.24623697916666668,0.5540169477462769,0.9395111467695643,0.005321180555555555,1.0,0.0,0.3312026515151515,0.5496803977272727,0.5599609375,0.7634114583333333,2.604166666666667e-05,0.010286458333333333,0.9522432088851929,0.005907531827688217,0.5538656711578369,1.0,0.0,0.3591044545173645,0.0,0.47078582644462585,1.0,0.9871514439582825,0.01284855604171753
9,5980,0.3503612279891968,0.22623629868030548,0.14411525428295135,0.018687540665268898,0.24111979166666667,0.5568204522132874,0.9358431493420887,0.006857638888888889,1.0,0.0,0.37736742424242425,0.5566051136363637,0.5712630208333334,0.7315885416666666,0.00016927083333333334,0.011302083333333334,0.9550522565841675,0.006052414420992136,0.5539713501930237,1.0,0.0,0.3598090410232544,0.0,0.47087565064430237,1.0,0.9871071577072144,0.012892842292785645
9,5990,0.3672773838043213,0.2220962941646576,0.17533130943775177,0.01883528381586075,0.24631510416666666,0.6148731708526611,0.9892974897429474,0.005603298611111113,1.0,0.0,0.34599905303030304,0.5518998579545454,0.5304296875,0.754765625,1.3020833333333334e-05,0.010611979166666667,0.9561204314231873,0.006142113357782364,0.5544363856315613,1.0,0.0,0.3629092276096344,0.0,0.47127094864845276,1.0,0.98703932762146,0.012960672378540039
9,6000,0.35362112522125244,0.20784839987754822,0.15274593234062195,0.017786182463169098,0.24766927083333334,0.5427631139755249,0.9508438774866934,0.006067708333333338,1.0,0.0,0.37618371212121215,0.5564275568181818,0.5639713541666667,0.7648567708333334,2.604166666666667e-05,0.011276041666666667,0.9562804102897644,0.006322338245809078,0.5546224117279053,1.0,0.0,0.3641493320465088,0.0,0.4714290499687195,1.0,0.986974835395813,0.013025164604187012
9,6010,0.35370343923568726,0.2088390737771988,0.14472277462482452,0.014616833068430424,0.23911458333333332,0.5435804128646851,0.937064403050985,0.006471354166666665,1.0,0.0,0.33948863636363635,0.5509232954545454,0.5567838541666666,0.7677213541666666,2.604166666666667e-05,0.01046875,0.9544135332107544,0.006596602499485016,0.5542926788330078,1.0,0.0,0.36195099353790283,0.0,0.4711487889289856,1.0,0.9869111776351929,0.013088822364807129
9,6020,0.3478314280509949,0.2169264853000641,0.14732757210731506,0.01564992032945156,0.22526041666666666,0.5605221390724182,0.9411491711730632,0.007118055555555558,1.0,0.0,0.3246922348484848,0.5487038352272727,0.6202864583333333,0.7480208333333334,2.604166666666667e-05,0.010143229166666667,0.954245924949646,0.006868386175483465,0.5540051460266113,1.0,0.0,0.3600345253944397,0.0,0.4709043800830841,1.0,0.9868395328521729,0.013160467147827148
9,6030,0.3687436282634735,0.22825567424297333,0.17959927022457123,0.01761048100888729,0.23897135416666668,0.5667347311973572,0.9958062169185051,0.007031249999999999,1.0,0.0,0.31048768939393934,0.5465731534090909,0.5641666666666667,0.7539583333333333,1.3020833333333334e-05,0.009830729166666666,0.9537957906723022,0.007074859458953142,0.5536416172981262,1.0,0.0,0.3576107323169708,0.0,0.4705953896045685,1.0,0.9867572784423828,0.013242721557617188
9,6040,0.3638787269592285,0.21949639916419983,0.17432881891727448,0.01690804399549961,0.23450520833333333,0.5745903253555298,0.9867871652403449,0.0072309027777777805,1.0,0.0,0.29214015151515155,0.5438210227272727,0.5850260416666667,0.7563932291666666,0.0,0.009427083333333334,0.9538446068763733,0.0072416504845023155,0.5539460182189941,1.0,0.0,0.3596399426460266,0.0,0.47085413336753845,1.0,0.986682116985321,0.013317883014678955
9,6050,0.35570260882377625,0.21089714765548706,0.1579640954732895,0.01795138232409954,0.24151041666666667,0.5593593716621399,0.958973660234712,0.007469618055555554,1.0,0.0,0.31640624999999994,0.5474609375,0.5928776041666667,0.7565755208333333,0.0,0.0099609375,0.9523237943649292,0.007473131641745567,0.5544195175170898,1.0,0.0,0.36279648542404175,0.0,0.4712566137313843,1.0,0.9866330623626709,0.013366937637329102
9,6060,0.34687963128089905,0.226461261510849,0.13902390003204346,0.021394476294517517,0.23678385416666667,0.5702398419380188,0.925835952351236,0.009639756944444449,1.0,0.0,0.4004498106060606,0.5600674715909091,0.6635026041666666,0.6918619791666667,3.90625e-05,0.011809895833333334,0.9531651735305786,0.007591559551656246,0.5543814301490784,1.0,0.0,0.3625428378582001,0.0,0.47122421860694885,1.0,0.9865882992744446,0.01341170072555542
9,6070,0.35623830556869507,0.23584076762199402,0.1977405846118927,0.020904967561364174,0.24938802083333333,0.6169894933700562,0.9956467013888888,0.008706597222222223,1.0,0.0,0.38683712121212116,0.5580255681818181,0.6754817708333334,0.69109375,9.114583333333334e-05,0.011510416666666667,0.9540402889251709,0.007667617406696081,0.5541150569915771,1.0,0.0,0.36076730489730835,0.0,0.47099781036376953,1.0,0.9865195751190186,0.013480424880981445
9,6080,0.35900577902793884,0.21813838183879852,0.17773732542991638,0.01887340471148491,0.2515234375,0.6166560053825378,0.9925141743920807,0.007313368055555557,1.0,0.0,0.3708570075757575,0.5556285511363637,0.6429166666666667,0.7433333333333333,0.0,0.011158854166666666,0.9539568424224854,0.007700479589402676,0.5542038679122925,1.0,0.0,0.3613591492176056,0.0,0.47107329964637756,1.0,0.9864401817321777,0.013559818267822266
9,6090,0.35583287477493286,0.21423356235027313,0.15491551160812378,0.018247051164507866,0.25811197916666667,0.5235064625740051,0.954265907197936,0.006566840277777783,1.0,0.0,0.38979640151515144,0.5584694602272727,0.5783072916666666,0.74859375,1.3020833333333334e-05,0.011575520833333333,0.9536032676696777,0.0076595572754740715,0.5539163947105408,1.0,0.0,0.35944265127182007,0.0,0.47082895040512085,1.0,0.9863791465759277,0.013620853424072266
9,6100,0.35660064220428467,0.2161949723958969,0.1436706930398941,0.0176223237067461,0.25623697916666666,0.5299028754234314,0.9343551378474277,0.008328993055555558,1.0,0.0,0.39216382575757575,0.5588245738636364,0.5290494791666667,0.7485416666666667,5.208333333333334e-05,0.011627604166666666,0.9525867700576782,0.007707713171839714,0.5540348291397095,1.0,0.0,0.36023175716400146,0.0,0.4709296226501465,1.0,0.9863203763961792,0.0136796236038208
9,6110,0.3610013723373413,0.23048144578933716,0.1424494832754135,0.01772938296198845,0.23802083333333332,0.5293585062026978,0.9313379543357425,0.010230034722222225,1.0,0.0,0.34777462121212116,0.5521661931818181,0.5224348958333334,0.7289453125,0.0,0.010651041666666666,0.9529049396514893,0.0077897654846310616,0.553874135017395,1.0,0.0,0.35916078090667725,0.0,0.4707930386066437,1.0,0.9862546920776367,0.013745307922363281
9,6120,0.3560788631439209,0.22054310142993927,0.15969908237457275,0.015983641147613525,0.24095052083333332,0.5210824608802795,0.9605057120526956,0.010277777777777785,1.0,0.0,0.3383049242424242,0.5507457386363637,0.4977083333333333,0.7444010416666667,0.0,0.010442708333333333,0.9530197381973267,0.007917286828160286,0.553683876991272,1.0,0.0,0.35789254307746887,0.0,0.47063130140304565,1.0,0.9861904382705688,0.013809561729431152
9,6130,0.34492477774620056,0.20523853600025177,0.13687054812908173,0.016157908365130424,0.2416796875,0.6101362705230713,0.9225998044727195,0.008823784722222228,1.0,0.0,0.34540719696969696,0.5518110795454545,0.5169661458333333,0.7618489583333333,3.90625e-05,0.010598958333333333,0.9528886079788208,0.008057622238993645,0.5537261962890625,1.0,0.0,0.3581743836402893,0.0,0.4706672728061676,1.0,0.9861358404159546,0.01386415958404541
9,6140,0.3474622964859009,0.21182748675346375,0.13674518465995789,0.016182594001293182,0.2439453125,0.5152516961097717,0.9229063141040313,0.00778645833333334,1.0,0.0,0.43063446969696967,0.5645951704545454,0.5407682291666667,0.7482161458333333,1.3020833333333334e-05,0.012473958333333333,0.9494626522064209,0.008185557089745998,0.5540178418159485,1.0,0.0,0.3601190447807312,0.0,0.47091516852378845,1.0,0.9860885143280029,0.01391148567199707
9,6150,0.3469323515892029,0.22244571149349213,0.1283363252878189,0.018127378076314926,0.23954427083333332,0.5283727049827576,0.9078317526772491,0.009474826388888895,1.0,0.0,0.43418560606060597,0.5651278409090909,0.5686848958333334,0.7193619791666667,0.00016927083333333334,0.012552083333333333,0.9482971429824829,0.008222347125411034,0.5548422336578369,1.0,0.0,0.3656148910522461,0.0,0.47161591053009033,1.0,0.9860553741455078,0.013944625854492188
9,6160,0.36606577038764954,0.2276306003332138,0.17811088263988495,0.017970915883779526,0.2424609375,0.5317897200584412,0.9930617127153608,0.007482638888888893,1.0,0.0,0.36493844696969696,0.5547407670454545,0.5283072916666667,0.7491927083333333,1.3020833333333334e-05,0.011028645833333333,0.9477084875106812,0.008227307349443436,0.5554298162460327,1.0,0.0,0.36953240633010864,0.0,0.4721153676509857,1.0,0.9860224723815918,0.013977527618408203
9,6170,0.3572157919406891,0.21547411382198334,0.15773320198059082,0.015941452234983444,0.24319010416666667,0.6025635004043579,0.9587087854564699,0.007217881944444449,1.0,0.0,0.36079545454545453,0.5541193181818181,0.5137239583333333,0.755546875,1.3020833333333334e-05,0.0109375,0.9469166398048401,0.008096065372228622,0.5554002523422241,1.0,0.0,0.3693351149559021,0.0,0.4720902144908905,1.0,0.9859972596168518,0.014002740383148193
9,6180,0.3544406294822693,0.21100671589374542,0.1449962556362152,0.016432104632258415,0.23953125,0.5872121453285217,0.9377572517924838,0.006011284722222223,1.0,0.0,0.34363162878787873,0.5515447443181818,0.5343229166666666,0.7603776041666667,0.00013020833333333333,0.010559895833333333,0.9426826238632202,0.008059483021497726,0.5552481412887573,1.0,0.0,0.368320494890213,0.0,0.4719609320163727,1.0,0.9859822988510132,0.014017701148986816
9,6190,0.3489718437194824,0.206938236951828,0.13947415351867676,0.016519051045179367,0.23919270833333334,0.5281625986099243,0.9284186663179316,0.005998263888888893,1.0,0.0,0.33712121212121204,0.5505681818181818,0.555,0.7603255208333334,0.00015625,0.010416666666666666,0.9391980171203613,0.008170056156814098,0.5555017590522766,1.0,0.0,0.37001150846481323,0.0,0.47217652201652527,1.0,0.9859631657600403,0.014036834239959717
9,6200,0.37688812613487244,0.22985194623470306,0.1630162000656128,0.019860057160258293,0.2479296875,0.5491564273834229,0.9679508930597549,0.0066145833333333326,1.0,0.0,0.36257102272727265,0.5543856534090909,0.5479166666666667,0.7580859375,0.0,0.0109765625,0.938908040523529,0.008366402238607407,0.5554129481315613,1.0,0.0,0.3694196343421936,0.0,0.47210103273391724,1.0,0.9859538674354553,0.014046132564544678
9,6210,0.3656825125217438,0.21558475494384766,0.15720318257808685,0.020693544298410416,0.24493489583333333,0.5290609002113342,0.9575253712112067,0.007790798611111114,1.0,0.0,0.35369318181818177,0.5530539772727273,0.5180989583333333,0.7616927083333334,5.208333333333334e-05,0.01078125,0.9393665790557861,0.008418899029493332,0.5553452968597412,1.0,0.0,0.3689687252044678,0.0,0.472043514251709,1.0,0.9859427213668823,0.014057278633117676
9,6220,0.35979747772216797,0.21565859019756317,0.14693857729434967,0.02176215872168541,0.2613671875,0.5197879076004028,0.9394752472588139,0.009149305555555562,1.0,0.0,0.3128551136363636,0.5469282670454545,0.50671875,0.7594401041666666,2.604166666666667e-05,0.0098828125,0.938811182975769,0.008338707499206066,0.5553030371665955,1.0,0.0,0.36868685483932495,0.0,0.4720076024532318,1.0,0.9859403967857361,0.014059603214263916
9,6230,0.35416725277900696,0.21464291214942932,0.14657096564769745,0.021982721984386444,0.26141927083333333,0.5283826589584351,0.938395235935847,0.010065104166666672,1.0,0.0,0.3306107954545454,0.5495916193181818,0.5144401041666666,0.7537890625,5.208333333333334e-05,0.0102734375,0.9372769594192505,0.008219659328460693,0.5552184581756592,1.0,0.0,0.36812320351600647,0.0,0.4719356894493103,1.0,0.9859421253204346,0.01405787467956543
9,6240,0.34756729006767273,0.21679607033729553,0.13788102567195892,0.020498009398579597,0.25546875,0.5491043329238892,0.9238627947803236,0.00971788194444445,1.0,0.0,0.3513257575757575,0.5526988636363637,0.548359375,0.7379817708333334,6.510416666666667e-05,0.010729166666666666,0.9383130073547363,0.008186177350580692,0.5552734136581421,1.0,0.0,0.3684895932674408,0.0,0.4719824194908142,1.0,0.9859490990638733,0.014050900936126709
9,6250,0.3690318763256073,0.22609154880046844,0.16009403765201569,0.019378386437892914,0.2574739583333333,0.5219294428825378,0.9623112506846078,0.008003472222222224,1.0,0.0,0.40755208333333337,0.5611328125,0.5277213541666667,0.7500130208333333,1.3020833333333334e-05,0.011966145833333334,0.9400210976600647,0.008168816566467285,0.5546689033508301,1.0,0.0,0.3644593358039856,0.0,0.47146856784820557,1.0,0.9859714508056641,0.014028549194335938
9,6260,0.3610270619392395,0.21053849160671234,0.15069018304347992,0.020105190575122833,0.25842447916666667,0.5173376202583313,0.9466118789432395,0.0075737847222222265,1.0,0.0,0.3986742424242423,0.5598011363636364,0.5445703125,0.7603645833333333,1.3020833333333334e-05,0.011770833333333333,0.9414286613464355,0.00805720966309309,0.5543180108070374,1.0,0.0,0.3621200919151306,0.0,0.4711703360080719,1.0,0.9860075116157532,0.013992488384246826
9,6270,0.3515259325504303,0.20667478442192078,0.12838312983512878,0.021773090586066246,0.2573046875,0.5274280905723572,0.9092065332893633,0.0068836805555555595,1.0,0.0,0.3963068181818182,0.5594460227272727,0.5601692708333333,0.7616796875,2.604166666666667e-05,0.01171875,0.9380170702934265,0.008155382238328457,0.5542630553245544,1.0,0.0,0.3617537021636963,0.0,0.471123605966568,1.0,0.9860443472862244,0.013955652713775635
9,6280,0.35436904430389404,0.21561801433563232,0.12723296880722046,0.022306639701128006,0.25388020833333336,0.5313230156898499,0.9067327631844414,0.007938368055555561,1.0,0.0,0.3655303030303029,0.5548295454545454,0.5581510416666666,0.7554947916666667,0.00036458333333333335,0.011041666666666667,0.9369660019874573,0.008158482611179352,0.5543941259384155,1.0,0.0,0.36262738704681396,0.0,0.4712350070476532,1.0,0.986078143119812,0.013921856880187988
9,6290,0.3565523028373718,0.227289080619812,0.1351822018623352,0.027460524812340736,0.2569921875,0.6155048608779907,0.9193367871260032,0.009635416666666667,1.0,0.0,0.4063683712121212,0.5609552556818181,0.6052213541666667,0.733515625,2.604166666666667e-05,0.011940104166666667,0.937917947769165,0.008249834179878235,0.5545843839645386,1.0,0.0,0.3638956546783447,0.0,0.4713967442512512,1.0,0.986109733581543,0.013890266418457031
9,6300,0.36711546778678894,0.23502326011657715,0.15253567695617676,0.02106638252735138,0.2543489583333333,0.6128977537155151,0.9481768627655813,0.010690104166666669,1.0,0.0,0.37736742424242425,0.5566051136363637,0.573046875,0.7466145833333333,1.3020833333333334e-05,0.011302083333333334,0.9411048293113708,0.00840773805975914,0.5553368330001831,1.0,0.0,0.36891233921051025,0.0,0.47203633189201355,1.0,0.9861428737640381,0.013857126235961914
9,6310,0.35617566108703613,0.2175595462322235,0.1496863067150116,0.02443852089345455,0.2615885416666667,0.5387837886810303,0.9439841918660026,0.009431423611111111,1.0,0.0,0.38269412878787873,0.5574041193181818,0.6018489583333333,0.755078125,2.604166666666667e-05,0.011419270833333333,0.9414092302322388,0.008511697873473167,0.5556877255439758,1.0,0.0,0.37125158309936523,0.0,0.4723345935344696,1.0,0.9861629605293274,0.013837039470672607
9,6320,0.34879830479621887,0.2124769538640976,0.13506004214286804,0.025557642802596092,0.26829427083333335,0.5507495999336243,0.9196747601541699,0.008546006944444445,1.0,0.0,0.34185606060606055,0.5512784090909091,0.5798958333333334,0.7594270833333333,0.0,0.010520833333333333,0.9416385293006897,0.008533813059329987,0.5557257533073425,1.0,0.0,0.3715052604675293,0.0,0.47236689925193787,1.0,0.9861665368080139,0.013833463191986084
9,6330,0.3518911898136139,0.21649451553821564,0.13992269337177277,0.0312371626496315,0.27709635416666667,0.6055469512939453,0.9282879768171882,0.007777777777777783,1.0,0.0,0.326467803030303,0.5489701704545454,0.559453125,0.7604557291666667,5.208333333333334e-05,0.010182291666666666,0.9426698088645935,0.008427578955888748,0.5562584400177002,1.0,0.0,0.3750563859939575,0.0,0.4728196859359741,1.0,0.9861603379249573,0.013839662075042725
9,6340,0.35934457182884216,0.2278001606464386,0.14951874315738678,0.029435131698846817,0.27598958333333334,0.5416497588157654,0.9443560047129281,0.00812065972222222,1.0,0.0,0.35310132575757575,0.5529651988636364,0.5672916666666666,0.74484375,0.00014322916666666667,0.010768229166666667,0.9443099498748779,0.008381076157093048,0.5565670728683472,1.0,0.0,0.37711378931999207,0.0,0.473082035779953,1.0,0.9861473441123962,0.01385265588760376
9,6350,0.3628312051296234,0.22177335619926453,0.1578327715396881,0.026318013668060303,0.27272135416666665,0.5239604711532593,0.9587752912594721,0.007421875000000005,1.0,0.0,0.34599905303030304,0.5518998579545454,0.5317578125,0.755,0.000234375,0.010611979166666667,0.9477534294128418,0.008282490074634552,0.556740403175354,1.0,0.0,0.3782693147659302,0.0,0.4732293486595154,1.0,0.986158013343811,0.013841986656188965
9,6360,0.3522891700267792,0.21422986686229706,0.14511120319366455,0.02669375017285347,0.2754817708333333,0.5298036932945251,0.9373918825948341,0.00713107638888889,1.0,0.0,0.385061553030303,0.5577592329545454,0.5319791666666667,0.7585286458333333,0.00014322916666666667,0.011471354166666666,0.9483391642570496,0.008264095522463322,0.5566558837890625,1.0,0.0,0.3777056336402893,0.0,0.47315752506256104,1.0,0.9861624836921692,0.01383751630783081
9,6370,0.35233768820762634,0.2160470336675644,0.13638508319854736,0.03034668043255806,0.2760546875,0.5090205669403076,0.9214180053808749,0.009544270833333333,1.0,0.0,0.35724431818181807,0.5535866477272727,0.5269140625,0.7582291666666666,0.00014322916666666667,0.010859375,0.9486191272735596,0.008291584439575672,0.5566431879997253,1.0,0.0,0.3776211142539978,0.0,0.4731467366218567,1.0,0.9861586689949036,0.013841331005096436
9,6380,0.35959431529045105,0.21975335478782654,0.144709512591362,0.03283001109957695,0.2793880208333333,0.5337226390838623,0.9366361436375187,0.007282986111111112,1.0,0.0,0.37914299242424243,0.5568714488636364,0.48063802083333335,0.7648177083333333,0.00013020833333333333,0.011341145833333333,0.9507580995559692,0.008325892500579357,0.5565164089202881,1.0,0.0,0.3767755925655365,0.0,0.4730389714241028,1.0,0.9861524701118469,0.013847529888153076
9,6390,0.36818358302116394,0.2503114342689514,0.15737538039684296,0.031076602637767792,0.27141927083333334,0.5564106106758118,0.957747338460042,0.007929687500000004,1.0,0.0,0.37026515151515155,0.5555397727272727,0.5790755208333334,0.7073046875,6.510416666666667e-05,0.011145833333333334,0.9528173208236694,0.008328992873430252,0.5567868947982788,1.0,0.0,0.378579318523407,0.0,0.47326886653900146,1.0,0.9861664772033691,0.01383352279663086
9,6400,0.36346641182899475,0.23061659932136536,0.19819502532482147,0.027126869186758995,0.27325520833333333,0.5215430855751038,0.9953428819444443,0.009314236111111115,1.0,0.0,0.4424715909090909,0.5663707386363637,0.5440364583333334,0.7370052083333334,0.00016927083333333334,0.012734375,0.9554329514503479,0.008216146379709244,0.556613564491272,1.0,0.0,0.37742379307746887,0.0,0.4731215536594391,1.0,0.9862121343612671,0.01378786563873291
9,6410,0.35723572969436646,0.2224147617816925,0.16743925213813782,0.03151974827051163,0.2755078125,0.586586058139801,0.9743444782444555,0.008797743055555557,1.0,0.0,0.41169507575757563,0.5617542613636364,0.5226041666666666,0.7503385416666667,0.00010416666666666667,0.012057291666666666,0.9551317691802979,0.008047495037317276,0.5567657947540283,1.0,0.0,0.37843841314315796,0.0,0.4732509255409241,1.0,0.9862561821937561,0.013743817806243896
9,6420,0.3497004806995392,0.21638034284114838,0.16018569469451904,0.03287353366613388,0.27899739583333333,0.5294134616851807,0.9623404945471348,0.008255208333333338,1.0,0.0,0.35901988636363635,0.5538529829545454,0.522734375,0.7550911458333334,0.00028645833333333333,0.0108984375,0.9545775651931763,0.007935888133943081,0.5569602251052856,1.0,0.0,0.3797348439693451,0.0,0.47341620922088623,1.0,0.986298143863678,0.013701856136322021
9,6430,0.3628954291343689,0.2210099846124649,0.15907680988311768,0.033795151859521866,0.27903645833333335,0.5179290771484375,0.9611323230286948,0.006918402777777777,1.0,0.0,0.3874289772727273,0.5581143465909091,0.5384505208333333,0.7666796875,0.00028645833333333333,0.0115234375,0.9549312591552734,0.007866856642067432,0.5573407411575317,1.0,0.0,0.3822713792324066,0.0,0.4737396538257599,1.0,0.9863457083702087,0.01365429162979126
9,6440,0.3735957443714142,0.24220815300941467,0.1666349321603775,0.03088497743010521,0.2727994791666667,0.533432126045227,0.9728379220534593,0.009088541666666672,1.0,0.0,0.37381628787878785,0.5560724431818181,0.5414583333333334,0.7319401041666667,0.00016927083333333334,0.011223958333333334,0.9552441239356995,0.007857349701225758,0.557471752166748,1.0,0.0,0.3831450641155243,0.0,0.4738509953022003,1.0,0.9864059090614319,0.013594090938568115
9,6450,0.372418612241745,0.2325523942708969,0.18539604544639587,0.03177298605442047,0.27825520833333334,0.549016535282135,0.9961762152777777,0.007647569444444446,1.0,0.0,0.37559185606060597,0.5563387784090909,0.5454947916666667,0.7508984375,0.00013020833333333333,0.011263020833333333,0.9577354192733765,0.007787491660565138,0.5574759840965271,1.0,0.0,0.38317325711250305,0.0,0.47385460138320923,1.0,0.9864768385887146,0.0135231614112854
9,6460,0.36575883626937866,0.22674798965454102,0.16724804043769836,0.03441782295703888,0.28052083333333333,0.5409250855445862,0.9746111669907203,0.007617187500000003,1.0,0.0,0.39571496212121204,0.5593572443181818,0.5403776041666667,0.7604166666666666,0.0001953125,0.011705729166666666,0.9583451747894287,0.007749669719487429,0.5578944683074951,1.0,0.0,0.38596343994140625,0.0,0.47421032190322876,1.0,0.9865365624427795,0.013463437557220459
9,6470,0.35941755771636963,0.22338730096817017,0.15433496236801147,0.03164650499820709,0.2758203125,0.52669757604599,0.9524913385586862,0.008151041666666664,1.0,0.0,0.3968986742424242,0.5595348011363637,0.5138151041666666,0.761171875,0.0001171875,0.011731770833333334,0.9592729806900024,0.00776145001873374,0.5579283237457275,1.0,0.0,0.38618892431259155,0.0,0.4742390811443329,1.0,0.9865844249725342,0.01341557502746582
9,6480,0.3572549819946289,0.2169790416955948,0.15513870120048523,0.03051658719778061,0.2844921875,0.5316845774650574,0.9541249494674877,0.007604166666666672,1.0,0.0,0.37855113636363624,0.5567826704545454,0.5216666666666666,0.7624479166666667,0.0001953125,0.011328125,0.9595785140991211,0.0076304152607917786,0.5580425262451172,1.0,0.0,0.3869498670101166,0.0,0.4743361473083496,1.0,0.9866559505462646,0.013344049453735352
9,6490,0.3577025234699249,0.22798007726669312,0.15280498564243317,0.030913015827536583,0.2790755208333333,0.5449433326721191,0.9499759318991604,0.008003472222222224,1.0,0.0,0.40340909090909094,0.5605113636363637,0.5535807291666667,0.7312239583333333,0.0003255208333333333,0.011875,0.9591222405433655,0.00766513729467988,0.5581609010696411,1.0,0.0,0.38773900270462036,0.0,0.47443678975105286,1.0,0.9867401123046875,0.0132598876953125
9,6500,0.3571071922779083,0.21597328782081604,0.16693948209285736,0.025328483432531357,0.27958333333333335,0.521808385848999,0.9742647725802203,0.007265624999999998,1.0,0.0,0.3821022727272727,0.557315340909091,0.5572135416666667,0.7552473958333333,0.00010416666666666667,0.01140625,0.9590325951576233,0.007655423600226641,0.5580382347106934,1.0,0.0,0.3869216740131378,0.0,0.4743325114250183,1.0,0.9868320226669312,0.013167977333068848
9,6510,0.350287526845932,0.20984205603599548,0.147751584649086,0.023759718984365463,0.27252604166666666,0.5445553064346313,0.9418515398869147,0.007148437500000004,1.0,0.0,0.3986742424242423,0.5598011363636364,0.6212630208333333,0.7615234375,0.0001171875,0.011770833333333333,0.9558298587799072,0.00758597906678915,0.5575225353240967,1.0,0.0,0.38348329067230225,0.0,0.4738941788673401,1.0,0.986911952495575,0.013088047504425049
9,6520,0.3482215702533722,0.2057669758796692,0.14211738109588623,0.02237624116241932,0.27466145833333333,0.533676028251648,0.9323471158182519,0.007087673611111115,1.0,0.0,0.4099195075757575,0.5614879261363637,0.6217578125,0.7671354166666666,0.00015625,0.012018229166666667,0.9533858895301819,0.007526868488639593,0.557112455368042,1.0,0.0,0.3807494640350342,0.0,0.4735456109046936,1.0,0.9870011806488037,0.012998819351196289
9,6530,0.34870991110801697,0.20536597073078156,0.13902010023593903,0.020468734204769135,0.2634375,0.5986364483833313,0.9271012233159481,0.007096354166666672,1.0,0.0,0.395123106060606,0.5592684659090909,0.6018229166666667,0.7657552083333333,2.604166666666667e-05,0.011692708333333333,0.951831042766571,0.007488219067454338,0.5570617318153381,1.0,0.0,0.3804112672805786,0.0,0.4735024869441986,1.0,0.9870975613594055,0.012902438640594482
9,6540,0.3606703281402588,0.23726053535938263,0.14374670386314392,0.02990957535803318,0.2643359375,0.5781174302101135,0.9348592055760896,0.0075781250000000015,1.0,0.0,0.3448153409090909,0.5517223011363637,0.5903385416666667,0.7085286458333333,3.90625e-05,0.0105859375,0.9505842924118042,0.007625247817486525,0.5573153495788574,1.0,0.0,0.38210228085517883,0.0,0.4737180471420288,1.0,0.9871958494186401,0.012804150581359863
9,6550,0.3645533323287964,0.2249595671892166,0.19955486059188843,0.02963431365787983,0.2790885416666667,0.5654705762863159,0.9966731770833333,0.006653645833333333,1.0,0.0,0.35369318181818177,0.5530539772727273,0.5731901041666667,0.7369270833333333,7.8125e-05,0.01078125,0.950994074344635,0.007618014235049486,0.5575985908508301,1.0,0.0,0.3839905858039856,0.0,0.473958820104599,1.0,0.9872924089431763,0.01270759105682373
9,6560,0.3531138002872467,0.20920799672603607,0.16516447067260742,0.025706080719828606,0.2734375,0.5360520482063293,0.9715799175164639,0.006627604166666672,1.0,0.0,0.40459280303030304,0.5606889204545454,0.6300911458333334,0.7539453125,3.90625e-05,0.011901041666666667,0.9488080739974976,0.007682498544454575,0.557776153087616,1.0,0.0,0.3851742744445801,0.0,0.4741097390651703,1.0,0.9873672723770142,0.01263272762298584
9,6570,0.34925538301467896,0.20547504723072052,0.15669751167297363,0.02549215592443943,0.27033854166666665,0.5423290133476257,0.9568757836431521,0.00737847222222223,1.0,0.0,0.38979640151515144,0.5584694602272727,0.5921614583333333,0.7581380208333334,0.0001171875,0.011575520833333333,0.9468814730644226,0.007744502276182175,0.5578945279121399,1.0,0.0,0.38596343994140625,0.0,0.47421035170555115,1.0,0.9874370098114014,0.012562990188598633
9,6580,0.3423517346382141,0.20049716532230377,0.13936319947242737,0.025774115696549416,0.26786458333333335,0.6153975129127502,0.9278337625153044,0.006792534722222226,1.0,0.0,0.3732244318181818,0.5559836647727273,0.5922135416666666,0.7628125,9.114583333333334e-05,0.0112109375,0.945773720741272,0.007767443545162678,0.5580171346664429,1.0,0.0,0.3867807686328888,0.0,0.4743145704269409,1.0,0.9875075817108154,0.01249241828918457
9,6590,0.35478729009628296,0.22557185590267181,0.1392636001110077,0.02647807076573372,0.2631119791666667,0.6100074648857117,0.9270554007220473,0.008012152777777781,1.0,0.0,0.39571496212121204,0.5593572443181818,0.5862890625,0.7409635416666667,0.00024739583333333335,0.011705729166666666,0.9449111223220825,0.007878843694925308,0.5585201978683472,1.0,0.0,0.39013463258743286,0.0,0.47474217414855957,1.0,0.987572968006134,0.012427031993865967
9,6600,0.35400012135505676,0.2109355628490448,0.15620306134223938,0.027704698964953423,0.27118489583333333,0.5410583019256592,0.9558654104338752,0.007725694444444451,1.0,0.0,0.35310132575757575,0.5529651988636364,0.5293880208333334,0.7583984375,0.00010416666666666667,0.010768229166666667,0.9465766549110413,0.007923487573862076,0.5588922500610352,1.0,0.0,0.39261478185653687,0.0,0.4750584363937378,1.0,0.9876291751861572,0.012370824813842773
9,6610,0.35086995363235474,0.2064015120267868,0.1398259401321411,0.025620240718126297,0.26700520833333335,0.5184657573699951,0.9280851780655037,0.007855902777777776,1.0,0.0,0.37026515151515155,0.5555397727272727,0.5446354166666667,0.7629036458333334,6.510416666666667e-05,0.011145833333333334,0.9459928870201111,0.008015872910618782,0.5587273836135864,1.0,0.0,0.3915156126022339,0.0,0.47491827607154846,1.0,0.9876684546470642,0.012331545352935791
9,6620,0.3437724709510803,0.2030470371246338,0.1367446333169937,0.023345421999692917,0.2652864583333333,0.5339298248291016,0.923020398423203,0.007556423611111113,1.0,0.0,0.3542850378787878,0.5531427556818181,0.5655729166666666,0.7667447916666666,9.114583333333334e-05,0.010794270833333333,0.94611656665802,0.008098751306533813,0.5584145188331604,1.0,0.0,0.3894300162792206,0.0,0.47465234994888306,1.0,0.9877088069915771,0.012291193008422852
9,6630,0.3411470055580139,0.20294338464736938,0.1406519114971161,0.02368355356156826,0.26610677083333334,0.5201735496520996,0.9296891389545212,0.007443576388888893,1.0,0.0,0.3519176136363636,0.5527876420454545,0.5819661458333333,0.7650651041666666,2.604166666666667e-05,0.0107421875,0.9465650320053101,0.008201058022677898,0.5582876801490784,1.0,0.0,0.3885844945907593,0.0,0.47454455494880676,1.0,0.9877517819404602,0.012248218059539795
9,6640,0.35324880480766296,0.2298928201198578,0.14445562660694122,0.0278407484292984,0.25703125,0.5364624261856079,0.9349499800164476,0.009796006944444446,1.0,0.0,0.42294034090909083,0.5634410511363637,0.5636848958333334,0.7399479166666667,0.00024739583333333335,0.0123046875,0.9472530484199524,0.008487103506922722,0.5583046078681946,1.0,0.0,0.38869723677635193,0.0,0.47455891966819763,1.0,0.9878020286560059,0.01219797134399414
9,6650,0.36060604453086853,0.2209104746580124,0.17167553305625916,0.026224130764603615,0.2665885416666667,0.5326806306838989,0.981444124584524,0.00893663194444445,1.0,0.0,0.4134706439393939,0.5620205965909091,0.609140625,0.7501953125,2.604166666666667e-05,0.012096354166666667,0.9501172304153442,0.008601810783147812,0.5588583946228027,1.0,0.0,0.39238929748535156,0.0,0.4750296473503113,1.0,0.9878679513931274,0.012132048606872559
9,6660,0.3521147072315216,0.21226133406162262,0.1532737761735916,0.025261741131544113,0.26494791666666667,0.532068133354187,0.9502701377766765,0.009001736111111113,1.0,0.0,0.4004498106060606,0.5600674715909091,0.6044661458333334,0.7572786458333334,5.208333333333334e-05,0.011809895833333334,0.9500464200973511,0.008743386715650558,0.5594037771224976,1.0,0.0,0.39602500200271606,0.0,0.4754932224750519,1.0,0.9879182577133179,0.012081742286682129
9,6670,0.34741953015327454,0.20943118631839752,0.14372479915618896,0.023395264521241188,0.2535546875,0.5194332003593445,0.9341515631553455,0.008919270833333336,1.0,0.0,0.41228693181818177,0.5618430397727272,0.5841536458333333,0.7577864583333334,0.0,0.0120703125,0.9496068358421326,0.008868427947163582,0.5592726469039917,1.0,0.0,0.3951513171195984,0.0,0.4753817617893219,1.0,0.9879578351974487,0.01204216480255127
9,6680,0.34491094946861267,0.2128303050994873,0.14073072373867035,0.021800709888339043,0.2547265625,0.5136141180992126,0.929227895461596,0.008632812500000003,1.0,0.0,0.41406249999999994,0.562109375,0.5619140625,0.7531510416666667,5.208333333333334e-05,0.012109375,0.9500489234924316,0.008927125483751297,0.5593234300613403,1.0,0.0,0.39548951387405396,0.0,0.4754249155521393,1.0,0.9879918098449707,0.012008190155029297
9,6690,0.34844285249710083,0.23189586400985718,0.14512638747692108,0.026590175926685333,0.25307291666666665,0.5244134068489075,0.9360113290741913,0.009943576388888896,1.0,0.0,0.4489820075757576,0.5673473011363637,0.5613671875,0.7363020833333334,0.0004296875,0.012877604166666667,0.9511426687240601,0.009076347574591637,0.5593191981315613,1.0,0.0,0.3954613208770752,0.0,0.47542133927345276,1.0,0.9880197048187256,0.011980295181274414
9,6700,0.35381510853767395,0.22120405733585358,0.17374952137470245,0.02522236853837967,0.2665104166666667,0.5270698070526123,0.984951780830693,0.008940972222222223,1.0,0.0,0.4554924242424242,0.5683238636363637,0.541171875,0.7479947916666667,0.00020833333333333335,0.013020833333333334,0.9533306956291199,0.009114997461438179,0.559065580368042,1.0,0.0,0.3937702775001526,0.0,0.47520574927330017,1.0,0.988059937953949,0.011940062046051025
9,6710,0.3525593876838684,0.2148015797138214,0.1602696031332016,0.023660102859139442,0.2606380208333333,0.5194894671440125,0.9620072330267002,0.009205729166666668,1.0,0.0,0.35901988636363635,0.5538529829545454,0.5513020833333333,0.7529817708333333,6.510416666666667e-05,0.0108984375,0.954508900642395,0.009122231043875217,0.5592050552368164,1.0,0.0,0.3947003483772278,0.0,0.4753243029117584,1.0,0.9881055355072021,0.011894464492797852
9,6720,0.34471824765205383,0.20893292129039764,0.14979952573776245,0.021634168922901154,0.2650911458333333,0.5229774713516235,0.9444470606502304,0.00888888888888889,1.0,0.0,0.35487689393939387,0.5532315340909091,0.5580338541666666,0.756171875,3.90625e-05,0.010807291666666666,0.9562762379646301,0.009113756939768791,0.5591036081314087,1.0,0.0,0.39402395486831665,0.0,0.4752380847930908,1.0,0.9881711006164551,0.011828899383544922
9,6730,0.34586888551712036,0.21329821646213531,0.14831800758838654,0.021652601659297943,0.2665104166666667,0.5134874582290649,0.941766264978637,0.009236111111111112,1.0,0.0,0.39216382575757575,0.5588245738636364,0.564921875,0.7519791666666666,9.114583333333334e-05,0.011627604166666666,0.9576748609542847,0.009088128805160522,0.5591036081314087,1.0,0.0,0.39402395486831665,0.0,0.4752380847930908,1.0,0.9882512092590332,0.011748790740966797
9,6740,0.33962735533714294,0.23048290610313416,0.14933271706104279,0.025088774040341377,0.24782552083333334,0.6287263035774231,0.9415498718746708,0.013103298611111112,1.0,0.0,0.39749053030303033,0.5596235795454545,0.5779557291666667,0.71953125,0.00040364583333333333,0.011744791666666667,0.9590350985527039,0.009057126939296722,0.5590655207633972,1.0,0.0,0.3937702775001526,0.0,0.4752057194709778,1.0,0.9883397221565247,0.011660277843475342
9,6750,0.3437921404838562,0.22370535135269165,0.1929328292608261,0.022939471527934074,0.257578125,0.6162230968475342,0.9950065104166665,0.00998697916666667,1.0,0.0,0.4223484848484848,0.5633522727272727,0.5784635416666667,0.7465234375,0.00014322916666666667,0.012291666666666666,0.9603602886199951,0.00890997052192688,0.5586428046226501,1.0,0.0,0.390951931476593,0.0,0.47484639286994934,1.0,0.9884337186813354,0.01156628131866455
9,6760,0.34137019515037537,0.21361343562602997,0.18207523226737976,0.023205207660794258,0.26403645833333333,0.529833197593689,0.9951866319444443,0.009626736111111117,1.0,0.0,0.43004261363636354,0.5645063920454545,0.5887630208333333,0.7576171875,2.604166666666667e-05,0.0124609375,0.9602131843566895,0.008764468133449554,0.5583088397979736,1.0,0.0,0.3887254297733307,0.0,0.47456252574920654,1.0,0.9885324239730835,0.011467576026916504
9,6770,0.33629974722862244,0.20925931632518768,0.1604841947555542,0.022919416427612305,0.2638671875,0.5348765254020691,0.9623465165521345,0.009253472222222225,1.0,0.0,0.38624526515151514,0.5579367897727273,0.5977473958333334,0.7612890625,7.8125e-05,0.011497395833333333,0.9599192142486572,0.00861565861850977,0.5579241514205933,1.0,0.0,0.3861607313156128,0.0,0.47423553466796875,1.0,0.988639235496521,0.011360764503479004
9,6780,0.34590718150138855,0.2132597267627716,0.1625480055809021,0.022032402455806732,0.2709244791666667,0.5353988409042358,0.9661603000428941,0.008611111111111116,1.0,0.0,0.3968986742424242,0.5595348011363637,0.5922005208333333,0.7616796875,7.8125e-05,0.011731770833333334,0.9602533578872681,0.008432126604020596,0.5573703050613403,1.0,0.0,0.38246867060661316,0.0,0.4737647771835327,1.0,0.9887638092041016,0.011236190795898438
9,6790,0.3478141725063324,0.22457639873027802,0.1538608968257904,0.023232657462358475,0.2669270833333333,0.5163671970367432,0.9508014869893717,0.009926215277777782,1.0,0.0,0.3726325757575757,0.5558948863636364,0.6086458333333333,0.736171875,0.00029947916666666664,0.011197916666666667,0.9614319205284119,0.008197544142603874,0.556863009929657,1.0,0.0,0.37908661365509033,0.0,0.47333356738090515,1.0,0.9889024496078491,0.011097550392150879
9,6800,0.35854285955429077,0.2253827601671219,0.16665521264076233,0.02805880829691887,0.2698046875,0.5603846907615662,0.9730046213386405,0.008823784722222228,1.0,0.0,0.3602035984848485,0.5540305397727273,0.615234375,0.7497526041666667,0.00022135416666666666,0.010924479166666667,0.9618695378303528,0.007924727164208889,0.5561569929122925,1.0,0.0,0.374379962682724,0.0,0.4727334678173065,1.0,0.9890437722206116,0.010956227779388428
9,6810,0.3602646589279175,0.21943171322345734,0.17086823284626007,0.02893270179629326,0.2761458333333333,0.6267930865287781,0.9806074381180298,0.007877604166666673,1.0,0.0,0.3726325757575757,0.5558948863636364,0.6065494791666667,0.7595572916666666,3.90625e-05,0.011197916666666667,0.9616532325744629,0.007681878283619881,0.5555989742279053,1.0,0.0,0.3706597089767456,0.0,0.47225913405418396,1.0,0.9891898036003113,0.01081019639968872
9,6820,0.35641202330589294,0.2136450558900833,0.16170454025268555,0.027704337611794472,0.2759505208333333,0.5705804228782654,0.9651994770408694,0.007677951388888892,1.0,0.0,0.3560606060606061,0.553409090909091,0.6440885416666666,0.7648697916666667,5.208333333333334e-05,0.010833333333333334,0.9615083932876587,0.007412160746753216,0.5556074380874634,1.0,0.0,0.3707160949707031,0.0,0.4722663462162018,1.0,0.9893378615379333,0.01066213846206665
9,6830,0.3529500663280487,0.21174684166908264,0.15394209325313568,0.02698124572634697,0.27502604166666667,0.5725201964378357,0.9523928893835116,0.007018229166666667,1.0,0.0,0.3542850378787878,0.5531427556818181,0.648046875,0.7648307291666666,1.3020833333333334e-05,0.010794270833333333,0.9613198041915894,0.007182539440691471,0.5554341077804565,1.0,0.0,0.369560569524765,0.0,0.472119003534317,1.0,0.989484965801239,0.010515034198760986
9,6840,0.3469619154930115,0.20868980884552002,0.15733841061592102,0.02476218156516552,0.27438802083333336,0.5762636065483093,0.9582533506042936,0.006792534722222226,1.0,0.0,0.34659090909090906,0.5519886363636364,0.6720963541666667,0.7682291666666666,0.0,0.010625,0.9628273248672485,0.006975032854825258,0.5555694103240967,1.0,0.0,0.37046244740486145,0.0,0.47223401069641113,1.0,0.9896416664123535,0.010358333587646484
9,6850,0.35848039388656616,0.22359171509742737,0.1599869281053543,0.026553567498922348,0.27186197916666666,0.6219955682754517,0.962778859902651,0.006705729166666666,1.0,0.0,0.3637547348484848,0.5545632102272727,0.6450520833333333,0.7604166666666666,0.0004427083333333333,0.011002604166666667,0.9655144810676575,0.006543485447764397,0.5553157329559326,1.0,0.0,0.36877143383026123,0.0,0.47201839089393616,1.0,0.9898014068603516,0.010198593139648438
9,6860,0.36009207367897034,0.21264570951461792,0.16894710063934326,0.021272826939821243,0.2693359375,0.6067038178443909,0.9783545551952133,0.005881076388888889,1.0,0.0,0.3667140151515151,0.5550071022727272,0.6589973958333334,0.7665494791666667,0.00016927083333333334,0.011067708333333334,0.9653947949409485,0.006327091716229916,0.5550747513771057,1.0,0.0,0.3671649694442749,0.0,0.4718135595321655,1.0,0.9899436235427856,0.010056376457214355
9,6870,0.3495498299598694,0.20576439797878265,0.148702934384346,0.020501546561717987,0.26131510416666665,0.559975802898407,0.9440973670564146,0.005876736111111114,1.0,0.0,0.34659090909090906,0.5519886363636364,0.691015625,0.7737369791666666,6.510416666666667e-05,0.010625,0.9641903638839722,0.006110077723860741,0.554474413394928,1.0,0.0,0.3631628751754761,0.0,0.471303254365921,1.0,0.9900878667831421,0.00991213321685791
9,6880,0.3459150791168213,0.20501084625720978,0.1467326134443283,0.019016310572624207,0.26264322916666666,0.5721474885940552,0.94116879374553,0.005065104166666667,1.0,0.0,0.33475378787878785,0.5502130681818181,0.6747135416666666,0.7734505208333333,0.0001171875,0.010364583333333333,0.9641136527061462,0.005936673376709223,0.5541108846664429,1.0,0.0,0.3607391119003296,0.0,0.4709942638874054,1.0,0.9902395009994507,0.009760499000549316
9,6890,0.3485546410083771,0.20565007627010345,0.15390010178089142,0.018794434145092964,0.2628515625,0.5661366581916809,0.9539776428642436,0.0037065972222222287,1.0,0.0,0.3430397727272727,0.551455965909091,0.6884765625,0.7751822916666666,0.00018229166666666667,0.010546875,0.9634077548980713,0.005770502611994743,0.5536796450614929,1.0,0.0,0.3578643798828125,0.0,0.47062772512435913,1.0,0.9903935194015503,0.009606480598449707
9,6900,0.35330021381378174,0.22376638650894165,0.14886440336704254,0.022970926016569138,0.25233072916666666,0.5864015221595764,0.9452017854523455,0.00421440972222222,1.0,0.0,0.35014204545454547,0.5525213068181818,0.6956901041666667,0.7542057291666666,9.114583333333334e-05,0.010703125,0.9648825526237488,0.005550801753997803,0.5535824298858643,1.0,0.0,0.35721611976623535,0.0,0.47054508328437805,1.0,0.9905469417572021,0.009453058242797852
9,6910,0.35415738821029663,0.21871836483478546,0.16955816745758057,0.023202436044812202,0.26319010416666666,0.5715481638908386,0.9804086335500082,0.003841145833333337,1.0,0.0,0.37736742424242425,0.5566051136363637,0.6816927083333333,0.7565625,0.00014322916666666667,0.011302083333333334,0.9656032919883728,0.005384011194109917,0.5535993576049805,1.0,0.0,0.357328861951828,0.0,0.4705594778060913,1.0,0.9906690120697021,0.009330987930297852
9,6920,0.3473203778266907,0.2151864469051361,0.1567993462085724,0.022190457209944725,0.2566276041666667,0.5797832608222961,0.9589665217888662,0.003541666666666665,1.0,0.0,0.3602035984848485,0.5540305397727273,0.6956119791666666,0.7550390625,0.0001171875,0.010924479166666667,0.9656567573547363,0.005285425111651421,0.5538022518157959,1.0,0.0,0.35868167877197266,0.0,0.4707319140434265,1.0,0.990772008895874,0.009227991104125977
9,6930,0.3356824517250061,0.21490176022052765,0.14603476226329803,0.021092433482408524,0.2491796875,0.6517128348350525,0.9404869467682309,0.00406684027777778,1.0,0.0,0.3306107954545454,0.5495916193181818,0.7279817708333334,0.7378645833333334,9.114583333333334e-05,0.0102734375,0.9655786752700806,0.005186218768358231,0.5540136098861694,1.0,0.0,0.36009085178375244,0.0,0.47091159224510193,1.0,0.9908638596534729,0.0091361403465271
9,6940,0.32522842288017273,0.22241495549678802,0.16573746502399445,0.022924335673451424,0.244375,0.597066342830658,0.9734241662371872,0.004878472222222227,1.0,0.0,0.4111032196969696,0.5616654829545454,0.7361067708333333,0.7166796875,9.114583333333334e-05,0.012044270833333334,0.9654055833816528,0.00511512067168951,0.5541743040084839,1.0,0.0,0.36116182804107666,0.0,0.47104817628860474,1.0,0.9909518361091614,0.009048163890838623
9,6950,0.32709363102912903,0.22600820660591125,0.18857023119926453,0.023914480581879616,0.23627604166666666,0.6100096106529236,0.9979796006944444,0.00404079861111111,1.0,0.0,0.3619791666666667,0.554296875,0.7282552083333333,0.7215625,9.114583333333334e-05,0.010963541666666667,0.9649800658226013,0.005072131287306547,0.5543053150177002,1.0,0.0,0.36203551292419434,0.0,0.47115951776504517,1.0,0.9910402297973633,0.008959770202636719
9,6960,0.33323198556900024,0.220499187707901,0.1771717518568039,0.022639164701104164,0.23604166666666668,0.602912187576294,0.9924923797448476,0.005442708333333334,1.0,0.0,0.3886126893939393,0.5582919034090909,0.7338151041666666,0.7217057291666666,6.510416666666667e-05,0.011549479166666666,0.9661343693733215,0.005009714048355818,0.5541362166404724,1.0,0.0,0.3609082102775574,0.0,0.4710158109664917,1.0,0.9911283850669861,0.008871614933013916
9,6970,0.32121512293815613,0.20824667811393738,0.16370771825313568,0.022823503240942955,0.24483072916666668,0.6607992053031921,0.9698937240523151,0.005069444444444451,1.0,0.0,0.34599905303030304,0.5518998579545454,0.7411067708333333,0.7371223958333334,3.90625e-05,0.010611979166666667,0.9652370810508728,0.004974165000021458,0.553937554359436,1.0,0.0,0.3595835566520691,0.0,0.47084692120552063,1.0,0.9912145137786865,0.008785486221313477
9,6980,0.3177933394908905,0.2081165909767151,0.15845650434494019,0.023730408400297165,0.25078125,0.6032137870788574,0.9607357870004116,0.00561197916666667,1.0,0.0,0.3353456439393939,0.5503018465909091,0.74,0.7306770833333334,0.00013020833333333333,0.010377604166666667,0.9661891460418701,0.004958250559866428,0.5536035299301147,1.0,0.0,0.35735708475112915,0.0,0.47056302428245544,1.0,0.9913061261177063,0.008693873882293701
9,6990,0.3284847140312195,0.21571564674377441,0.15275727212429047,0.023069234564900398,0.253125,0.600441575050354,0.9513361581676028,0.005121527777777784,1.0,0.0,0.3365293560606061,0.550479403409091,0.748203125,0.7382552083333334,6.510416666666667e-05,0.010403645833333334,0.9673970341682434,0.004942749626934528,0.5535316467285156,1.0,0.0,0.3568779528141022,0.0,0.4705018997192383,1.0,0.9913990497589111,0.008600950241088867
9,7000,0.3305344581604004,0.2200818508863449,0.17079868912696838,0.02259543538093567,0.2525130208333333,0.592068076133728,0.9817723008302541,0.005312499999999998,1.0,0.0,0.35901988636363635,0.5538529829545454,0.7357421875,0.7395572916666666,5.208333333333334e-05,0.0108984375,0.9669855833053589,0.005130001809448004,0.5538825988769531,1.0,0.0,0.35921716690063477,0.0,0.4708002209663391,1.0,0.991486668586731,0.008513331413269043
9,7010,0.3417198061943054,0.22130034863948822,0.1745646744966507,0.027063077315688133,0.2620572916666667,0.592223584651947,0.988141166562708,0.005321180555555555,1.0,0.0,0.36257102272727265,0.5543856534090909,0.7416536458333334,0.7278125,5.208333333333334e-05,0.0109765625,0.9694469571113586,0.005208746530115604,0.5541743040084839,1.0,0.0,0.36116185784339905,0.0,0.47104817628860474,1.0,0.9915790557861328,0.008420944213867188
9,7020,0.33876022696495056,0.21453341841697693,0.17091867327690125,0.0264581385999918,0.2616276041666667,0.5887056589126587,0.9817279550968072,0.005807291666666669,1.0,0.0,0.40104166666666663,0.56015625,0.7563671875,0.7324479166666666,1.3020833333333334e-05,0.011822916666666667,0.9692041873931885,0.005343708675354719,0.5542081594467163,1.0,0.0,0.36138731241226196,0.0,0.47107693552970886,1.0,0.9916659593582153,0.008334040641784668
9,7030,0.3322077989578247,0.207283616065979,0.16012035310268402,0.02380681410431862,0.2612760416666667,0.6524329781532288,0.9635602116075336,0.005594618055555556,1.0,0.0,0.385653409090909,0.5578480113636364,0.7554296875,0.7354947916666666,5.208333333333334e-05,0.011484375,0.969197690486908,0.0054999589920043945,0.5542672872543335,1.0,0.0,0.36178189516067505,0.0,0.4711272120475769,1.0,0.9917507767677307,0.008249223232269287
9,7040,0.34002557396888733,0.20972955226898193,0.15135347843170166,0.02550743892788887,0.25971354166666666,0.601016640663147,0.948758684386555,0.005525173611111111,1.0,0.0,0.3767755681818181,0.5565163352272727,0.7588020833333333,0.7523307291666667,0.0,0.0112890625,0.9711971879005432,0.005549355410039425,0.5544533133506775,1.0,0.0,0.36302196979522705,0.0,0.471285343170166,1.0,0.9918293952941895,0.008170604705810547
9,7050,0.33853304386138916,0.21664483845233917,0.15179114043712616,0.02233879081904888,0.2510677083333333,0.6497199535369873,0.9493170514982989,0.005889756944444446,1.0,0.0,0.36493844696969696,0.5547407670454545,0.7111588541666667,0.7349088541666666,5.208333333333334e-05,0.011028645833333333,0.97231125831604,0.005620039999485016,0.5544828772544861,1.0,0.0,0.3632192611694336,0.0,0.47131046652793884,1.0,0.9918825626373291,0.008117437362670898
9,7060,0.3503766357898712,0.21619808673858643,0.1739238202571869,0.01918959617614746,0.2555859375,0.6268709301948547,0.9870197516425043,0.005394965277777785,1.0,0.0,0.3400804924242424,0.5510120738636364,0.6590234375,0.7473828125,0.0,0.010481770833333333,0.9722740054130554,0.005694444291293621,0.5547957420349121,1.0,0.0,0.3653048276901245,0.0,0.47157639265060425,1.0,0.9919053912162781,0.008094608783721924
9,7070,0.34764012694358826,0.21370384097099304,0.15759173035621643,0.01990063302218914,0.2597786458333333,0.5680848956108093,0.9595110386049646,0.005134548611111114,1.0,0.0,0.3388967803030303,0.5508345170454545,0.7284114583333333,0.7488020833333333,0.0,0.010455729166666667,0.9724912047386169,0.005715939216315746,0.5546773672103882,1.0,0.0,0.3645157217979431,0.0,0.4714757800102234,1.0,0.991915762424469,0.008084237575531006
9,7080,0.34246471524238586,0.21001236140727997,0.1604182869195938,0.01860562339425087,0.25915364583333333,0.5763660669326782,0.9640904489643553,0.005542534722222225,1.0,0.0,0.2998342803030303,0.5449751420454545,0.7210026041666666,0.7521875,0.0,0.009596354166666666,0.9732325077056885,0.0057560354471206665,0.5548845529556274,1.0,0.0,0.36589670181274414,0.0,0.4716518819332123,1.0,0.9919232726097107,0.008076727390289307
9,7090,0.348846971988678,0.2089240998029709,0.16162554919719696,0.020196901634335518,0.26634114583333335,0.5865201354026794,0.9665349838978206,0.004739583333333335,1.0,0.0,0.3246922348484848,0.5487038352272727,0.708515625,0.7577473958333333,0.0,0.010143229166666667,0.9740323424339294,0.00573206041008234,0.5553115010261536,1.0,0.0,0.36874324083328247,0.0,0.47201478481292725,1.0,0.9919289350509644,0.008071064949035645
9,7100,0.3477989137172699,0.22727268934249878,0.14995700120925903,0.02372862957417965,0.26166666666666666,0.5764882564544678,0.945338557601994,0.0076388888888888895,1.0,0.0,0.39216382575757575,0.5588245738636364,0.6684244791666667,0.7172916666666667,0.0001953125,0.011627604166666666,0.9750230312347412,0.005899677984416485,0.5558568835258484,1.0,0.0,0.372378945350647,0.0,0.47247835993766785,1.0,0.9919263124465942,0.008073687553405762
9,7110,0.3503965139389038,0.21898964047431946,0.1798964887857437,0.021012431010603905,0.26233072916666667,0.5539106130599976,0.9968907993980962,0.005868055555555557,1.0,0.0,0.3909801136363636,0.5586470170454545,0.6637760416666667,0.7329166666666667,1.3020833333333334e-05,0.0116015625,0.9722440838813782,0.0063256449066102505,0.5549183487892151,1.0,0.0,0.36612218618392944,0.0,0.471680611371994,1.0,0.9919163584709167,0.008083641529083252
9,7120,0.34681814908981323,0.21686312556266785,0.16738207638263702,0.020020434632897377,0.26446614583333333,0.5611268877983093,0.9753089171902745,0.006675347222222221,1.0,0.0,0.3821022727272727,0.557315340909091,0.6669010416666666,0.7442708333333333,1.3020833333333334e-05,0.01140625,0.9705671072006226,0.007037037052214146,0.5534852147102356,1.0,0.0,0.356567919254303,0.0,0.470462441444397,1.0,0.9919182658195496,0.00808173418045044
9,7130,0.3370157778263092,0.21236321330070496,0.15768884122371674,0.0204106867313385,0.26502604166666666,0.5613734722137451,0.9588311960452641,0.006822916666666671,1.0,0.0,0.36848958333333326,0.5552734375,0.6623177083333334,0.74578125,0.0,0.011106770833333333,0.9708527326583862,0.007929481565952301,0.5525298118591309,1.0,0.0,0.3501984477043152,0.0,0.46965035796165466,1.0,0.9919286966323853,0.008071303367614746
9,7140,0.3357919156551361,0.22345420718193054,0.17115281522274017,0.021510517224669456,0.25458333333333333,0.568861722946167,0.9824757578128422,0.00510416666666667,1.0,0.0,0.3566524621212121,0.5534978693181818,0.6716536458333333,0.7352604166666666,0.00020833333333333335,0.010846354166666667,0.9720041751861572,0.008830606006085873,0.5517518520355225,1.0,0.0,0.3450126349925995,0.0,0.4689890742301941,1.0,0.9919363856315613,0.00806361436843872
9,7150,0.3311944603919983,0.23720769584178925,0.18784736096858978,0.022363809868693352,0.2448828125,0.5965713262557983,0.9968185763888888,0.006362847222222228,1.0,0.0,0.4152462121212121,0.5622869318181818,0.6783333333333333,0.7036979166666667,0.000234375,0.012135416666666666,0.9738315343856812,0.009792907163500786,0.5508641004562378,1.0,0.0,0.3390941023826599,0.0,0.46823450922966003,1.0,0.9919408559799194,0.008059144020080566
9,7160,0.33628350496292114,0.22117604315280914,0.20566533505916595,0.021658068522810936,0.25201822916666666,0.5733874440193176,0.9971983506944444,0.005603298611111113,1.0,0.0,0.405776515151515,0.5608664772727272,0.6946223958333333,0.7321614583333333,0.00015625,0.011927083333333333,0.9755832552909851,0.010836020112037659,0.5500439405441284,1.0,0.0,0.3336264491081238,0.0,0.46753737330436707,1.0,0.991947591304779,0.008052408695220947
9,7170,0.334990531206131,0.21583616733551025,0.19001956284046173,0.02059197425842285,0.25751302083333333,0.5744377374649048,0.9970529513888888,0.005894097222222228,1.0,0.0,0.37204071969696967,0.5558061079545454,0.6918359375,0.7410546875,0.00013020833333333333,0.011184895833333333,0.9755723476409912,0.011836972087621689,0.5497691631317139,1.0,0.0,0.33179450035095215,0.0,0.4673038125038147,1.0,0.9919478893280029,0.00805211067199707
9,7180,0.3310239613056183,0.21676601469516754,0.17315542697906494,0.02079823613166809,0.25665364583333333,0.5580176711082458,0.9854611472594431,0.005911458333333333,1.0,0.0,0.375,0.55625,0.7226822916666666,0.7386588541666667,7.8125e-05,0.01125,0.9767374992370605,0.013118386268615723,0.5495747327804565,1.0,0.0,0.330498069524765,0.0,0.46713852882385254,1.0,0.9919539093971252,0.008046090602874756
9,7190,0.3344939947128296,0.2163691222667694,0.1682332307100296,0.021833624690771103,0.26016927083333335,0.5704644918441772,0.977532752344751,0.005108506944444443,1.0,0.0,0.395123106060606,0.5592684659090909,0.7036848958333334,0.7465104166666666,0.00022135416666666666,0.011692708333333333,0.9777861833572388,0.01417700108140707,0.5492576360702515,1.0,0.0,0.32838431000709534,0.0,0.4668689966201782,1.0,0.9919558763504028,0.008044123649597168
9,7200,0.3367779552936554,0.23461557924747467,0.16609077155590057,0.024336928501725197,0.2412109375,0.583237886428833,0.9721405591822077,0.00864149305555556,1.0,0.0,0.4128787878787878,0.5619318181818181,0.6937890625,0.7177734375,0.00024739583333333335,0.012083333333333333,0.978671133518219,0.015368510037660599,0.5495578050613403,1.0,0.0,0.33038532733917236,0.0,0.4671241343021393,1.0,0.9919512867927551,0.008048713207244873
9,7210,0.3332858383655548,0.2110108733177185,0.1389571875333786,0.014346488751471043,0.217734375,0.5288341045379639,0.9234140264987946,0.014257812500000007,1.0,0.0,0.22762784090909086,0.5341441761363637,0.6231640625,0.7340885416666667,0.0006119791666666667,0.0080078125,0.9804925918579102,0.016567666083574295,0.5495831966400146,1.0,0.0,0.33055442571640015,0.0,0.46714574098587036,1.0,0.9919511079788208,0.0080488920211792
9,7220,0.3511323630809784,0.25537577271461487,0.15816904604434967,0.015497884713113308,0.199453125,0.5698645710945129,0.9529251003571044,0.02026041666666667,1.0,0.0,0.16193181818181815,0.5242897727272727,0.629375,0.6741796875,0.0010807291666666667,0.0065625,0.9799173474311829,0.017734995111823082,0.5485897064208984,1.0,0.0,0.3239312767982483,0.0,0.4663012623786926,1.0,0.9919382929801941,0.008061707019805908
9,7230,0.29368022084236145,0.2362309843301773,0.2202283889055252,0.016493815928697586,0.216328125,0.576703667640686,0.9877256944444444,0.02454861111111111,1.0,0.0,0.26728219696969696,0.5400923295454545,0.6674088541666666,0.6345703125,0.0005989583333333333,0.008880208333333334,0.9799036383628845,0.0186251662671566,0.5476173758506775,1.0,0.0,0.31744903326034546,0.0,0.46547478437423706,1.0,0.9919288158416748,0.008071184158325195
9,7240,0.3306855261325836,0.2551233768463135,0.2025158554315567,0.0301541518419981,0.22881510416666667,0.5873177647590637,0.9877408854166666,0.02451822916666667,1.0,0.0,0.2767518939393939,0.5415127840909091,0.6601822916666666,0.6646744791666667,0.00014322916666666667,0.009088541666666667,0.9791063070297241,0.01940641552209854,0.5467675924301147,1.0,0.0,0.31178414821624756,0.0,0.4647524654865265,1.0,0.9919231534004211,0.008076846599578857
9,7250,0.3267737030982971,0.24383459985256195,0.20610788464546204,0.023368168622255325,0.2246484375,0.5680439472198486,0.9871332465277777,0.025733506944444453,1.0,0.0,0.2524857954545454,0.5378728693181818,0.6748177083333333,0.6786328125,0.0007682291666666666,0.0085546875,0.9768909811973572,0.02033688873052597,0.5459770560264587,1.0,0.0,0.30651378631591797,0.0,0.4640805125236511,1.0,0.9919187426567078,0.008081257343292236
9,7260,0.33003976941108704,0.2442997694015503,0.1985584944486618,0.017454292625188828,0.1994140625,0.5828924775123596,0.9861024305555555,0.0277951388888889,1.0,0.0,0.2501183712121212,0.5375177556818181,0.6461197916666667,0.6801953125,0.0004557291666666667,0.008502604166666667,0.97515869140625,0.02130187675356865,0.5448187589645386,1.0,0.0,0.29879146814346313,0.0,0.4630959630012512,1.0,0.9919188022613525,0.008081197738647461
9,7270,0.33630841970443726,0.2627924084663391,0.21712040901184082,0.01671290025115013,0.2226953125,0.5327298045158386,0.9867925347222222,0.026414930555555563,1.0,0.0,0.30160984848484845,0.5452414772727273,0.6513932291666666,0.6330338541666667,0.008567708333333333,0.009635416666666667,0.973511278629303,0.02234850451350212,0.543799877166748,1.0,0.0,0.2919992208480835,0.0,0.4622299075126648,1.0,0.9919270277023315,0.008072972297668457
9,7280,0.32421520352363586,0.2589899003505707,0.23609016835689545,0.022340325638651848,0.22907552083333332,0.5693546533584595,0.9839778645833333,0.03204427083333333,1.0,0.0,0.3116714015151515,0.5467507102272727,0.6463671875,0.4946484375,0.0026953125,0.009856770833333334,0.9722808003425598,0.023249007761478424,0.5430178046226501,1.0,0.0,0.2867852449417114,0.0,0.46156513690948486,1.0,0.9919338226318359,0.008066177368164062
9,7290,0.32142817974090576,0.23699763417243958,0.2073749303817749,0.01312442496418953,0.19813802083333334,0.5606780648231506,0.98611328125,0.027773437499999998,1.0,0.0,0.2554450757575757,0.5383167613636364,0.6924479166666667,0.454765625,0.00013020833333333333,0.008619791666666666,0.9723418951034546,0.024230116978287697,0.5423287153244019,1.0,0.0,0.28219133615493774,0.0,0.4609794318675995,1.0,0.9919369220733643,0.008063077926635742
9,7300,0.3250589370727539,0.2570621073246002,0.22158905863761902,0.011866819113492966,0.18984375,0.5616422295570374,0.9851193576388888,0.029761284722222225,1.0,0.0,0.3667140151515151,0.5550071022727272,0.64828125,0.3810677083333333,0.00010416666666666667,0.011067708333333334,0.9707795977592468,0.025264756754040718,0.5416396260261536,1.0,0.0,0.27759742736816406,0.0,0.4603936970233917,1.0,0.9919277429580688,0.008072257041931152
9,7310,0.307840496301651,0.2555895149707794,0.18293610215187073,0.011972776614129543,0.19454427083333334,0.5770736932754517,0.9835894097222222,0.032821180555555565,1.0,0.0,0.39571496212121204,0.5593572443181818,0.6408203125,0.36919270833333334,2.604166666666667e-05,0.011705729166666666,0.9714771509170532,0.026111524552106857,0.5406081080436707,1.0,0.0,0.27072060108184814,0.0,0.4595169126987457,1.0,0.9919188618659973,0.008081138134002686
9,7320,0.33699852228164673,0.24486985802650452,0.1897827684879303,0.015606679953634739,0.21434895833333334,0.5794919729232788,0.9848090277777777,0.030381944444444448,1.0,0.0,0.25189393939393934,0.5377840909090909,0.6934765625,0.5494661458333333,0.00018229166666666667,0.008541666666666666,0.9744617938995361,0.026757191866636276,0.5407137870788574,1.0,0.0,0.27142518758773804,0.0,0.45960673689842224,1.0,0.9919286370277405,0.008071362972259521
9,7330,0.33736202120780945,0.23528112471103668,0.17273569107055664,0.013710838742554188,0.21376302083333334,0.5600316524505615,0.9750220923138481,0.025368923611111118,1.0,0.0,0.24597537878787876,0.5368963068181818,0.6998697916666666,0.6433723958333334,0.00015625,0.008411458333333333,0.9760777950286865,0.027043651789426804,0.5417622327804565,1.0,0.0,0.2784147262573242,0.0,0.4604979157447815,1.0,0.9919500350952148,0.008049964904785156
9,7340,0.33960434794425964,0.2340480238199234,0.15264151990413666,0.01441488228738308,0.22141927083333332,0.5477058291435242,0.9420864503505901,0.023229166666666676,1.0,0.0,0.24952651515151514,0.5374289772727273,0.6089973958333333,0.6798046875,0.00036458333333333335,0.008489583333333333,0.9756042957305908,0.027100693434476852,0.5417917966842651,1.0,0.0,0.27861201763153076,0.0,0.4605230391025543,1.0,0.9919710159301758,0.008028984069824219
9,7350,0.33603814244270325,0.23486000299453735,0.14943638443946838,0.01466932613402605,0.22178385416666666,0.5582394003868103,0.9359549096710661,0.02464409722222223,1.0,0.0,0.24597537878787876,0.5368963068181818,0.5981770833333333,0.682578125,0.0004296875,0.008411458333333333,0.974976658821106,0.027193699032068253,0.5420200824737549,1.0,0.0,0.2801339328289032,0.0,0.4607170820236206,1.0,0.9919888973236084,0.008011102676391602
9,7360,0.33754679560661316,0.24802613258361816,0.16449056565761566,0.013380615040659904,0.1938671875,0.557915449142456,0.9604394628757085,0.026627604166666676,1.0,0.0,0.2530776515151515,0.5379616477272727,0.5726041666666667,0.6593489583333333,0.0001953125,0.008567708333333333,0.974951446056366,0.02724413014948368,0.5423709750175476,1.0,0.0,0.2824731767177582,0.0,0.46101534366607666,1.0,0.9919986724853516,0.008001327514648438
9,7370,0.31362801790237427,0.2339523285627365,0.16605199873447418,0.012263833545148373,0.18809895833333334,0.5331865549087524,0.9626044575271444,0.027582465277777787,1.0,0.0,0.26313920454545453,0.5394708806818181,0.5441276041666666,0.661328125,0.0004296875,0.0087890625,0.9750152826309204,0.027116401121020317,0.5427260994911194,1.0,0.0,0.28484058380126953,0.0,0.4613172113895416,1.0,0.9920005798339844,0.007999420166015625
9,7380,0.32558852434158325,0.23789770901203156,0.17031815648078918,0.015668777748942375,0.20696614583333334,0.5465962886810303,0.9712129979867201,0.024804687500000006,1.0,0.0,0.26254734848484845,0.5393821022727273,0.6283984375,0.6805859375,0.0003385416666666667,0.008776041666666666,0.9750539064407349,0.027039309963583946,0.542692244052887,1.0,0.0,0.284615159034729,0.0,0.4612884223461151,1.0,0.9920048117637634,0.007995188236236572
9,7390,0.31384286284446716,0.23338572680950165,0.19653968513011932,0.014374632388353348,0.20225260416666666,0.536176323890686,0.9867426215277777,0.026514756944444454,1.0,0.0,0.27852746212121204,0.5417791193181818,0.6031380208333333,0.6720052083333333,0.00046875,0.009127604166666666,0.9752136468887329,0.02671978250145912,0.5427979230880737,1.0,0.0,0.2853197455406189,0.0,0.4613782465457916,1.0,0.9920023679733276,0.007997632026672363
9,7400,0.3140096664428711,0.23398014903068542,0.15526646375656128,0.01639193296432495,0.21041666666666667,0.532026469707489,0.9447252776072576,0.026835937500000004,1.0,0.0,0.2986505681818182,0.5447975852272727,0.6078255208333333,0.6697135416666666,0.0005078125,0.0095703125,0.9752967953681946,0.026553407311439514,0.5430939197540283,1.0,0.0,0.28729256987571716,0.0,0.46162983775138855,1.0,0.9919940233230591,0.008005976676940918
9,7410,0.31725260615348816,0.24424995481967926,0.20020714402198792,0.014775075949728489,0.19522135416666667,0.5333036184310913,0.9867881944444443,0.02642361111111112,1.0,0.0,0.268465909090909,0.5402698863636364,0.569765625,0.6689583333333333,0.0007552083333333333,0.00890625,0.9754235744476318,0.026299811899662018,0.5423202514648438,1.0,0.0,0.2821349799633026,0.0,0.46097221970558167,1.0,0.9919813871383667,0.0080186128616333
9,7420,0.30606576800346375,0.2400500327348709,0.20782580971717834,0.016524076461791992,0.20203125,0.5843791961669922,0.9860915798611111,0.027816840277777782,1.0,0.0,0.2424242424242424,0.5363636363636364,0.5971744791666667,0.64234375,0.0009114583333333333,0.008333333333333333,0.9756237268447876,0.02589947171509266,0.5413098335266113,1.0,0.0,0.2753990888595581,0.0,0.46011337637901306,1.0,0.9919577836990356,0.008042216300964355
9,7430,0.3083708584308624,0.23042985796928406,0.20029285550117493,0.01801443286240101,0.2032421875,0.513375461101532,0.9868619791666666,0.026276041666666666,1.0,0.0,0.3087121212121212,0.5463068181818181,0.60890625,0.6841015625,0.0009505208333333334,0.009791666666666667,0.975757360458374,0.025632234290242195,0.5414662957191467,1.0,0.0,0.27644187211990356,0.0,0.46024635434150696,1.0,0.9919403195381165,0.008059680461883545
9,7440,0.31489962339401245,0.22383281588554382,0.17447829246520996,0.01685851253569126,0.20328125,0.5495399832725525,0.9777823079753126,0.025746527777777778,1.0,0.0,0.2714251893939394,0.540713778409091,0.5831119791666667,0.704453125,0.0008723958333333333,0.008971354166666667,0.9763355851173401,0.025646701455116272,0.541715681552887,1.0,0.0,0.2781047224998474,0.0,0.46045833826065063,1.0,0.9919250011444092,0.00807499885559082
9,7450,0.3207222521305084,0.2328907549381256,0.17278845608234406,0.018183069303631783,0.2062890625,0.5148068070411682,0.9745601716714029,0.02647135416666667,1.0,0.0,0.3087121212121212,0.5463068181818181,0.5633984375,0.6847395833333333,0.0010416666666666667,0.009791666666666667,0.9785232543945312,0.025680802762508392,0.5419989824295044,1.0,0.0,0.2799929976463318,0.0,0.4606991410255432,1.0,0.9919168949127197,0.008083105087280273
9,7460,0.3220841586589813,0.23822884261608124,0.1906673014163971,0.019275909289717674,0.21447916666666667,0.5042849779129028,0.9866037326388888,0.02679253472222223,1.0,0.0,0.30160984848484845,0.5452414772727273,0.5615234375,0.6801692708333333,0.001015625,0.009635416666666667,0.9803906679153442,0.02579241245985031,0.5422356724739075,1.0,0.0,0.28157132863998413,0.0,0.46090033650398254,1.0,0.9919242262840271,0.0080757737159729
9,7470,0.3239046335220337,0.23837213218212128,0.1986604481935501,0.01874876581132412,0.20350260416666666,0.5239178538322449,0.9874435763888888,0.02511284722222223,1.0,0.0,0.2998342803030303,0.5449751420454545,0.5316536458333333,0.6754427083333333,0.00125,0.009596354166666666,0.9816566705703735,0.025760170072317123,0.5424597859382629,1.0,0.0,0.2830650210380554,0.0,0.4610908329486847,1.0,0.991948127746582,0.008051872253417969
9,7480,0.31682565808296204,0.23014937341213226,0.18288692831993103,0.01921132020652294,0.20735677083333334,0.520304262638092,0.9876019965277777,0.02479600694444445,1.0,0.0,0.29687499999999994,0.54453125,0.5552473958333334,0.6871484375,0.0012239583333333334,0.00953125,0.9815762042999268,0.02566385641694069,0.5424978137016296,1.0,0.0,0.2833186984062195,0.0,0.46112316846847534,1.0,0.991984486579895,0.00801551342010498
9,7490,0.31427353620529175,0.23096852004528046,0.18819153308868408,0.024278266355395317,0.20766927083333334,0.5211606621742249,0.9873328993055555,0.025334201388888894,1.0,0.0,0.326467803030303,0.5489701704545454,0.5822786458333333,0.6930729166666667,0.001171875,0.010182291666666666,0.9816951155662537,0.025650836527347565,0.5425823330879211,1.0,0.0,0.28388237953186035,0.0,0.4611949920654297,1.0,0.9920384287834167,0.007961571216583252
9,7500,0.3169727325439453,0.22924017906188965,0.190813347697258,0.024985408410429955,0.20735677083333334,0.5200743675231934,0.9878602430555554,0.024279513888888896,1.0,0.0,0.29687499999999994,0.54453125,0.5916666666666667,0.7116927083333333,0.0018098958333333333,0.00953125,0.980485737323761,0.02562272734940052,0.54233717918396,1.0,0.0,0.28224772214889526,0.0,0.4609866142272949,1.0,0.9920983910560608,0.007901608943939209
9,7510,0.31923380494117737,0.24819828569889069,0.20538011193275452,0.019967135041952133,0.18720052083333333,0.5329585671424866,0.9877821180555555,0.024435763888888892,1.0,0.0,0.258404356060606,0.5387606534090909,0.5854296875,0.6757942708333333,0.0018098958333333333,0.008684895833333333,0.981456995010376,0.025628307834267616,0.5419228672981262,1.0,0.0,0.27948570251464844,0.0,0.4606344401836395,1.0,0.9921780228614807,0.007821977138519287
9,7520,0.3130095899105072,0.2338917851448059,0.218880295753479,0.018187694251537323,0.18690104166666666,0.5380188226699829,0.9877929687499999,0.0244140625,1.0,0.0,0.25426136363636365,0.5381392045454545,0.5462369791666667,0.6809505208333333,0.0015234375,0.00859375,0.9815199971199036,0.02550223097205162,0.541656494140625,1.0,0.0,0.2777101397514343,0.0,0.4604080319404602,1.0,0.9922622442245483,0.00773775577545166
9,7530,0.3100522756576538,0.23169930279254913,0.20635464787483215,0.019316695630550385,0.19485677083333333,0.5432232618331909,0.987615017361111,0.024769965277777778,1.0,0.0,0.2737926136363636,0.5410688920454545,0.5450911458333333,0.6839583333333333,0.0012760416666666666,0.0090234375,0.9814127683639526,0.025375744327902794,0.541597306728363,1.0,0.0,0.27731555700302124,0.0,0.4603577256202698,1.0,0.9923291206359863,0.007670879364013672
9,7540,0.3062440752983093,0.22790196537971497,0.19740253686904907,0.020415177568793297,0.190546875,0.5276209115982056,0.9871636284722222,0.025672743055555558,1.0,0.0,0.28089488636363635,0.5421342329545454,0.5850651041666667,0.6948046875,0.0009505208333333334,0.0091796875,0.9812622666358948,0.025353215634822845,0.541115403175354,1.0,0.0,0.2741026282310486,0.0,0.4599480926990509,1.0,0.992388129234314,0.007611870765686035
9,7550,0.3057555556297302,0.22551009058952332,0.1875917911529541,0.019905606284737587,0.19705729166666666,0.5075536966323853,0.9880273437499999,0.023945312500000003,1.0,0.0,0.28918087121212116,0.5433771306818181,0.59140625,0.6928515625,0.0017317708333333334,0.009361979166666666,0.9815413951873779,0.025345776230096817,0.5411956906318665,1.0,0.0,0.2746381163597107,0.0,0.4600163400173187,1.0,0.9924514889717102,0.007548511028289795
9,7560,0.3083138167858124,0.23438559472560883,0.17330239713191986,0.02172836661338806,0.19028645833333332,0.5267117023468018,0.9751716715352147,0.026987847222222222,1.0,0.0,0.2791193181818181,0.5418678977272727,0.5522916666666666,0.6800651041666667,0.0009505208333333334,0.009140625,0.9816336035728455,0.02531498111784458,0.540802538394928,1.0,0.0,0.27201706171035767,0.0,0.4596821665763855,1.0,0.9925203323364258,0.007479667663574219
9,7570,0.3289273679256439,0.23691287636756897,0.18893137574195862,0.02030947245657444,0.189921875,0.5154981017112732,0.9870247395833333,0.025950520833333338,1.0,0.0,0.2844460227272727,0.542666903409091,0.5247395833333334,0.6982291666666667,0.001484375,0.0092578125,0.9816684722900391,0.025245122611522675,0.5403248071670532,1.0,0.0,0.2688322961330414,0.0,0.45927610993385315,1.0,0.9925888180732727,0.007411181926727295
9,7580,0.3201724886894226,0.225243479013443,0.16445580124855042,0.02079162932932377,0.1937109375,0.5250461101531982,0.9609144849654956,0.025559895833333342,1.0,0.0,0.268465909090909,0.5402698863636364,0.5329036458333334,0.7106380208333334,0.0011979166666666666,0.00890625,0.9816449880599976,0.025292247533798218,0.5400880575180054,1.0,0.0,0.2672539949417114,0.0,0.45907485485076904,1.0,0.9926486015319824,0.007351398468017578
9,7590,0.32361698150634766,0.22727927565574646,0.1717139035463333,0.021242091432213783,0.20665364583333334,0.5148131251335144,0.9737117502322564,0.024531250000000004,1.0,0.0,0.27438446969696967,0.5411576704545454,0.550703125,0.70984375,0.0012630208333333332,0.009036458333333334,0.9812533855438232,0.02540529891848564,0.5398555994033813,1.0,0.0,0.2657039165496826,0.0,0.4588772654533386,1.0,0.9927077889442444,0.007292211055755615
9,7600,0.3175221383571625,0.22422775626182556,0.16481736302375793,0.02240607887506485,0.20776041666666667,0.5170206427574158,0.961344067072257,0.025924479166666677,1.0,0.0,0.2441998106060606,0.5366299715909091,0.5429557291666667,0.7055729166666667,0.0009895833333333334,0.008372395833333334,0.9809492230415344,0.025485698133707047,0.5395089387893677,1.0,0.0,0.2633928656578064,0.0,0.4585826098918915,1.0,0.9927677512168884,0.007232248783111572
9,7610,0.3196587562561035,0.22931571304798126,0.16735345125198364,0.022344879806041718,0.2051953125,0.5224102139472961,0.9651215857725878,0.02695312500000001,1.0,0.0,0.24064867424242425,0.5360973011363637,0.5531380208333333,0.6946484375,0.0009765625,0.008294270833333334,0.9806621074676514,0.02551773190498352,0.5391495823860168,1.0,0.0,0.2609972357749939,0.0,0.45827716588974,1.0,0.9928292036056519,0.0071707963943481445
9,7620,0.3337375521659851,0.24017974734306335,0.18960770964622498,0.02187272347509861,0.20251302083333333,0.5406540036201477,0.9881119791666666,0.023776041666666664,1.0,0.0,0.2311789772727272,0.5346768465909091,0.5523697916666667,0.7030598958333333,0.001875,0.0080859375,0.9802323579788208,0.02559131197631359,0.5391327142715454,1.0,0.0,0.26088452339172363,0.0,0.4582628309726715,1.0,0.9928918480873108,0.007108151912689209
9,7630,0.3285265564918518,0.23492024838924408,0.17788442969322205,0.02118743397295475,0.20346354166666666,0.5310720801353455,0.9838395089573331,0.025160590277777783,1.0,0.0,0.2341382575757575,0.5351207386363637,0.5175130208333333,0.6933203125,0.0009895833333333334,0.008151041666666666,0.98021000623703,0.02563595399260521,0.5392975807189941,1.0,0.0,0.2619836926460266,0.0,0.45840296149253845,1.0,0.9929553866386414,0.007044613361358643
9,7640,0.323826402425766,0.23012040555477142,0.1779920607805252,0.02338980697095394,0.19697916666666668,0.5347175598144531,0.983700473318752,0.025802951388888898,1.0,0.0,0.24124053030303025,0.5361860795454545,0.5112630208333333,0.7090364583333333,0.0008984375,0.008307291666666666,0.9802035093307495,0.025648975744843483,0.5393694043159485,1.0,0.0,0.2624627947807312,0.0,0.45846399664878845,1.0,0.9930155277252197,0.0069844722747802734
9,7650,0.31991052627563477,0.2251843959093094,0.17789648473262787,0.0241972878575325,0.20540364583333334,0.5233511328697205,0.9836450660432505,0.02559027777777778,1.0,0.0,0.2826704545454545,0.5424005681818181,0.6008463541666667,0.7102994791666667,0.000859375,0.00921875,0.9802315831184387,0.025592759251594543,0.5393017530441284,1.0,0.0,0.26201188564300537,0.0,0.4584065079689026,1.0,0.9930711388587952,0.006928861141204834
9,7660,0.3192240595817566,0.2279464155435562,0.17374148964881897,0.021712344139814377,0.20764322916666667,0.5395896434783936,0.9764963484014201,0.025824652777777787,1.0,0.0,0.25366950757575757,0.5380504261363637,0.577421875,0.7078776041666667,0.00078125,0.008580729166666667,0.9802200198173523,0.025615908205509186,0.5395215749740601,1.0,0.0,0.2634774148464203,0.0,0.45859333872795105,1.0,0.9931076169013977,0.006892383098602295
9,7670,0.32531026005744934,0.23846478760242462,0.18428587913513184,0.022282756865024567,0.214453125,0.5416097640991211,0.9873372395833333,0.025325520833333337,1.0,0.0,0.2347301136363636,0.5352095170454545,0.5728385416666667,0.7041927083333334,0.0010546875,0.0081640625,0.9807811379432678,0.0255731251090765,0.5399105548858643,1.0,0.0,0.26607030630111694,0.0,0.45892399549484253,1.0,0.9931223392486572,0.0068776607513427734
9,7680,0.3302665054798126,0.235160231590271,0.1845322847366333,0.018765375018119812,0.21419270833333334,0.5224700570106506,0.9869487847222221,0.026102430555555556,1.0,0.0,0.2666903409090909,0.5400035511363637,0.5640364583333334,0.6990625,0.000859375,0.0088671875,0.9807742834091187,0.025586765259504318,0.5403375625610352,1.0,0.0,0.2689168453216553,0.0,0.4592869281768799,1.0,0.9931226968765259,0.006877303123474121
9,7690,0.32383060455322266,0.2338506430387497,0.1758420616388321,0.01898939162492752,0.2175,0.522915780544281,0.97937841948281,0.02717013888888889,1.0,0.0,0.2643229166666667,0.5396484375,0.6105598958333334,0.6908723958333334,0.0009895833333333334,0.008815104166666667,0.982046365737915,0.02554790861904621,0.5406250357627869,1.0,0.0,0.2708333134651184,0.0,0.459531307220459,1.0,0.9931177496910095,0.0068822503089904785
9,7700,0.31987935304641724,0.22912372648715973,0.17672446370124817,0.02461618185043335,0.22587239583333332,0.5157442688941956,0.980945500002967,0.02702256944444445,1.0,0.0,0.2779356060606061,0.541690340909091,0.6218880208333334,0.698046875,0.0010546875,0.009114583333333334,0.9827051758766174,0.025565890595316887,0.5409843325614929,1.0,0.0,0.2732289433479309,0.0,0.4598366916179657,1.0,0.9931122064590454,0.00688779354095459
9,7710,0.32303765416145325,0.2277970016002655,0.17663630843162537,0.02406836487352848,0.22645833333333334,0.5421246886253357,0.9818314704120668,0.024952256944444445,1.0,0.0,0.24656723484848483,0.5369850852272727,0.5976692708333333,0.7088671875,0.0013151041666666667,0.008424479166666667,0.9839510917663574,0.025521039962768555,0.5415635108947754,1.0,0.0,0.2770901024341583,0.0,0.46032899618148804,1.0,0.9931118488311768,0.006888151168823242
9,7720,0.31614115834236145,0.23663988709449768,0.17512308061122894,0.0257688220590353,0.2151171875,0.526695966720581,0.9787563004147293,0.025980902777777783,1.0,0.0,0.25603693181818177,0.5384055397727273,0.5747395833333333,0.6857552083333334,0.00109375,0.0086328125,0.9850116968154907,0.02543795481324196,0.5423033237457275,1.0,0.0,0.28202223777770996,0.0,0.4609578251838684,1.0,0.9931058883666992,0.006894111633300781
9,7730,0.3240596055984497,0.24564388394355774,0.20615091919898987,0.025057604536414146,0.2118359375,0.5170775055885315,0.98732421875,0.025351562500000004,1.0,0.0,0.27734375,0.5416015625,0.5707291666666666,0.6697395833333334,0.0013541666666666667,0.0091015625,0.9849477410316467,0.025565888732671738,0.5431023836135864,1.0,0.0,0.2873489260673523,0.0,0.46163704991340637,1.0,0.993099570274353,0.006900429725646973
9,7740,0.319381445646286,0.23440106213092804,0.19981442391872406,0.026550261303782463,0.21825520833333334,0.5037780404090881,0.987478298611111,0.02504340277777778,1.0,0.0,0.28385416666666663,0.542578125,0.57984375,0.6751822916666667,0.0015885416666666667,0.009244791666666667,0.9851464629173279,0.025509467348456383,0.5439985990524292,1.0,0.0,0.2933238744735718,0.0,0.46239882707595825,1.0,0.993091344833374,0.0069086551666259766
9,7750,0.31387633085250854,0.2283470779657364,0.1892101913690567,0.02955467626452446,0.2237890625,0.5185787677764893,0.9877539062499999,0.024492187500000005,1.0,0.0,0.2714251893939394,0.540713778409091,0.6050520833333334,0.6929947916666667,0.0010677083333333333,0.008971354166666667,0.9853408932685852,0.025444362312555313,0.5444889664649963,1.0,0.0,0.29659315943717957,0.0,0.46281564235687256,1.0,0.9930787086486816,0.006921291351318359
9,7760,0.3155060410499573,0.23273901641368866,0.1977188140153885,0.02956613525748253,0.22220052083333333,0.5253196358680725,0.9877842881944443,0.024431423611111114,1.0,0.0,0.3199573863636363,0.5479936079545454,0.6117317708333333,0.6943098958333334,0.0010546875,0.0100390625,0.9855417609214783,0.02538173831999302,0.544713020324707,1.0,0.0,0.29808688163757324,0.0,0.46300607919692993,1.0,0.9930645823478699,0.006935417652130127
9,7770,0.3157894015312195,0.2329365313053131,0.18688476085662842,0.030276423320174217,0.21838541666666667,0.532284677028656,0.9869552951388888,0.02608940972222223,1.0,0.0,0.3335700757575757,0.5500355113636364,0.6089322916666666,0.6871354166666667,0.0007552083333333333,0.010338541666666666,0.9854041934013367,0.025313327088952065,0.5450935363769531,1.0,0.0,0.30062341690063477,0.0,0.4633295238018036,1.0,0.9930415749549866,0.006958425045013428
9,7780,0.3167862892150879,0.24256469309329987,0.20522069931030273,0.027504147961735725,0.21524739583333333,0.5427753925323486,0.9868815104166666,0.02623697916666667,1.0,0.0,0.3442234848484848,0.5516335227272727,0.5964192708333333,0.6692317708333333,0.0009244791666666667,0.010572916666666666,0.9840846061706543,0.025299273431301117,0.5451400279998779,1.0,0.0,0.30093345046043396,0.0,0.4633690416812897,1.0,0.9930087924003601,0.006991207599639893
9,7790,0.3186791241168976,0.2388210892677307,0.2047332525253296,0.024341588839888573,0.210390625,0.5253487825393677,0.9876280381944443,0.02474392361111112,1.0,0.0,0.3087121212121212,0.5463068181818181,0.5550520833333333,0.6815625,0.0011848958333333334,0.009791666666666667,0.9840754270553589,0.025317668914794922,0.5450428128242493,1.0,0.0,0.3002852201461792,0.0,0.4632863998413086,1.0,0.9929750561714172,0.007024943828582764
9,7800,0.31332042813301086,0.23214079439640045,0.19885565340518951,0.03022056259214878,0.21595052083333333,0.535655677318573,0.9875455729166666,0.024908854166666675,1.0,0.0,0.3246922348484848,0.5487038352272727,0.5985286458333333,0.6975390625,0.0008723958333333333,0.010143229166666667,0.9844517707824707,0.02523520216345787,0.5451020002365112,1.0,0.0,0.3006798028945923,0.0,0.463336706161499,1.0,0.9929389357566833,0.00706106424331665
9,7810,0.31020259857177734,0.23034802079200745,0.18836671113967896,0.03211698681116104,0.21623697916666668,0.5306464433670044,0.9875086805555555,0.024982638888888895,1.0,0.0,0.3252840909090909,0.5487926136363637,0.601484375,0.7045442708333334,0.0008854166666666666,0.01015625,0.9847920536994934,0.025082465261220932,0.5452710390090942,1.0,0.0,0.301807165145874,0.0,0.4634803831577301,1.0,0.9929050207138062,0.007094979286193848
9,7820,0.3060098886489868,0.22471462190151215,0.1835462599992752,0.02935853600502014,0.21315104166666668,0.5258943438529968,0.9873958333333333,0.025208333333333333,1.0,0.0,0.3442234848484848,0.5516335227272727,0.6134244791666666,0.7006770833333333,0.0010416666666666667,0.010572916666666666,0.9851424694061279,0.024923736229538918,0.5456600189208984,1.0,0.0,0.3044000267982483,0.0,0.4638110399246216,1.0,0.992872416973114,0.007127583026885986
9,7830,0.3176257312297821,0.2466268241405487,0.18484556674957275,0.024996401742100716,0.21346354166666667,0.521466851234436,0.9867686631944443,0.026462673611111123,1.0,0.0,0.3430397727272727,0.551455965909091,0.5743489583333333,0.6639973958333333,0.0010677083333333333,0.010546875,0.9856042265892029,0.024786293506622314,0.5456938147544861,1.0,0.0,0.3046255111694336,0.0,0.4638397693634033,1.0,0.9928407669067383,0.007159233093261719
9,7840,0.32157063484191895,0.2345408797264099,0.19940245151519775,0.03193029761314392,0.22053385416666665,0.5077145099639893,0.9880121527777777,0.023975694444444445,1.0,0.0,0.3596117424242424,0.5539417613636364,0.6015104166666667,0.6860286458333333,0.0012239583333333334,0.010911458333333334,0.9852611422538757,0.02473689615726471,0.5457488298416138,1.0,0.0,0.3049919009208679,0.0,0.4638865292072296,1.0,0.9928082823753357,0.007191717624664307
9,7850,0.31859952211380005,0.22523826360702515,0.18851403892040253,0.032823655754327774,0.22587239583333332,0.5117889642715454,0.9877821180555555,0.024435763888888892,1.0,0.0,0.30989583333333326,0.546484375,0.5888932291666666,0.7001432291666667,0.0011979166666666666,0.009817708333333333,0.9850357174873352,0.02459924854338169,0.5458883047103882,1.0,0.0,0.3059219419956207,0.0,0.46400508284568787,1.0,0.9927781820297241,0.007221817970275879
9,7860,0.31892290711402893,0.22779424488544464,0.18177185952663422,0.0325607992708683,0.22708333333333333,0.5274480581283569,0.9878624131944443,0.024275173611111117,1.0,0.0,0.3140388257575757,0.5471058238636364,0.6076432291666667,0.7040494791666667,0.0010286458333333332,0.009908854166666667,0.9840362668037415,0.024495288729667664,0.5459728240966797,1.0,0.0,0.3064856231212616,0.0,0.4640769064426422,1.0,0.9927487969398499,0.0072512030601501465
9,7870,0.3182185888290405,0.22241657972335815,0.17161007225513458,0.02930717170238495,0.22782552083333332,0.49846404790878296,0.9736076503227918,0.024388020833333343,1.0,0.0,0.306936553030303,0.5460404829545454,0.5773046875,0.7124088541666667,0.0012760416666666666,0.009752604166666666,0.9822505712509155,0.02438884787261486,0.5458544492721558,1.0,0.0,0.3056964874267578,0.0,0.46397629380226135,1.0,0.9927254915237427,0.007274508476257324
9,7880,0.317721962928772,0.22573496401309967,0.16353856027126312,0.025538155809044838,0.2244921875,0.5283873677253723,0.959626987948377,0.025030381944444454,1.0,0.0,0.24124053030303025,0.5361860795454545,0.5854036458333334,0.708125,0.0016666666666666668,0.008307291666666666,0.9810785055160522,0.024188369512557983,0.5457191467285156,1.0,0.0,0.3047946095466614,0.0,0.46386128664016724,1.0,0.9927096366882324,0.007290363311767578
9,7890,0.31937912106513977,0.2548782527446747,0.18805891275405884,0.02679084800183773,0.21419270833333334,0.5143510699272156,0.986755642361111,0.026488715277777783,1.0,0.0,0.2530776515151515,0.5379616477272727,0.6053515625,0.6435677083333333,0.0009765625,0.008567708333333333,0.9801429510116577,0.024112723767757416,0.5452879667282104,1.0,0.0,0.3019198775291443,0.0,0.46349477767944336,1.0,0.9927012920379639,0.007298707962036133
9,7900,0.3048798739910126,0.2482089400291443,0.22845160961151123,0.029486659914255142,0.20475260416666666,0.553266167640686,0.9872808159722222,0.025438368055555563,1.0,0.0,0.2726089015151515,0.5408913352272727,0.599296875,0.6396484375,0.0007942708333333334,0.008997395833333333,0.9801605939865112,0.024077586829662323,0.5448991060256958,1.0,0.0,0.29932695627212524,0.0,0.46316424012184143,1.0,0.9926909804344177,0.007309019565582275
9,7910,0.3010755479335785,0.2315538376569748,0.20977944135665894,0.0312642976641655,0.21850260416666667,0.5246946215629578,0.9880924479166666,0.02381510416666667,1.0,0.0,0.30160984848484845,0.5452414772727273,0.63640625,0.6828645833333333,0.000703125,0.009635416666666667,0.9797874689102173,0.024039145559072495,0.544235348701477,1.0,0.0,0.29490214586257935,0.0,0.46260005235671997,1.0,0.9926692247390747,0.007330775260925293
9,7920,0.3019857406616211,0.22885380685329437,0.20716369152069092,0.03184349462389946,0.21444010416666667,0.5299692749977112,0.9891905381944444,0.02161892361111111,1.0,0.0,0.3010179924242424,0.5451526988636364,0.6627083333333333,0.697890625,0.0006901041666666667,0.009622395833333333,0.9798212051391602,0.023971766233444214,0.5436139106750488,1.0,0.0,0.2907591462135315,0.0,0.46207183599472046,1.0,0.9926390051841736,0.007360994815826416
9,7930,0.3115628957748413,0.22522097826004028,0.18867884576320648,0.028364451602101326,0.22111979166666668,0.5229578614234924,0.9884526909722221,0.023094618055555557,1.0,0.0,0.2607717803030303,0.5391157670454545,0.6671484375,0.7118359375,0.0014583333333333334,0.008736979166666667,0.9798151254653931,0.023841766640543938,0.5429290533065796,1.0,0.0,0.2861934304237366,0.0,0.4614897072315216,1.0,0.9925878047943115,0.0074121952056884766
9,7940,0.3172224462032318,0.22930017113685608,0.1754366159439087,0.026183249428868294,0.2272265625,0.5202648043632507,0.980120232003367,0.02431423611111111,1.0,0.0,0.2850378787878788,0.5427556818181818,0.6225520833333333,0.6971744791666666,0.0017838541666666667,0.009270833333333334,0.9793941974639893,0.023691097274422646,0.542273759841919,1.0,0.0,0.2818249464035034,0.0,0.4609327018260956,1.0,0.9925124645233154,0.00748753547668457
9,7950,0.32556620240211487,0.22569423913955688,0.176348477602005,0.030533336102962494,0.22440104166666666,0.5156693458557129,0.9827441116683504,0.022152777777777785,1.0,0.0,0.30338541666666663,0.5455078125,0.5642708333333334,0.7010677083333333,0.0019140625,0.009674479166666666,0.9785194396972656,0.023682624101638794,0.5417199730873108,1.0,0.0,0.2781328856945038,0.0,0.4604620039463043,1.0,0.9924125671386719,0.007587432861328125
9,7960,0.3275989890098572,0.22068651020526886,0.16695240139961243,0.03167508915066719,0.22638020833333333,0.5116394758224487,0.9667649346335322,0.022309027777777782,1.0,0.0,0.28326231060606055,0.5424893465909091,0.5559244791666667,0.716640625,0.0016536458333333334,0.009231770833333333,0.9785333871841431,0.023617519065737724,0.5415170192718506,1.0,0.0,0.27678006887435913,0.0,0.46028947830200195,1.0,0.9922908544540405,0.007709145545959473
9,7970,0.32000336050987244,0.21742168068885803,0.15718089044094086,0.02773318998515606,0.2251171875,0.5110970139503479,0.9502849550838145,0.022196180555555556,1.0,0.0,0.30338541666666663,0.5455078125,0.5455078125,0.7141015625,0.0019270833333333334,0.009674479166666666,0.9771448373794556,0.02353050746023655,0.5413267612457275,1.0,0.0,0.27551180124282837,0.0,0.4601277709007263,1.0,0.9921548962593079,0.007845103740692139
9,7980,0.3232565224170685,0.223872572183609,0.16421255469322205,0.02648894302546978,0.2215625,0.5094025731086731,0.9623431147265639,0.021879340277777784,1.0,0.0,0.31463068181818177,0.5471946022727273,0.5588411458333333,0.7119140625,0.0018098958333333333,0.009921875,0.975557804107666,0.02340381219983101,0.5408955812454224,1.0,0.0,0.2726370692253113,0.0,0.45976126194000244,1.0,0.992013156414032,0.007986843585968018
9,7990,0.3144412338733673,0.23168309032917023,0.1679215282201767,0.023264579474925995,0.21127604166666666,0.5271012187004089,0.9672352905456836,0.024648437500000002,1.0,0.0,0.28385416666666663,0.542578125,0.5505598958333333,0.6848307291666667,0.0015885416666666667,0.009244791666666667,0.9753069877624512,0.023264095187187195,0.5410351157188416,1.0,0.0,0.2735671401023865,0.0,0.45987987518310547,1.0,0.9918748736381531,0.008125126361846924
9,8000,0.32697606086730957,0.2371007353067398,0.18369805812835693,0.03211984038352966,0.21766927083333334,0.5248636603355408,0.9879969618055555,0.024006076388888895,1.0,0.0,0.25426136363636365,0.5381392045454545,0.5660546875,0.6999609375,0.0017317708333333334,0.00859375,0.9744508862495422,0.02323288843035698,0.541297197341919,1.0,0.0,0.2753145396709442,0.0,0.4601026177406311,1.0,0.9917294383049011,0.008270561695098877
9,8010,0.32150307297706604,0.23143278062343597,0.17513209581375122,0.02859649620950222,0.2179296875,0.5101459622383118,0.9797112270501944,0.0241015625,1.0,0.0,0.2317708333333333,0.534765625,0.5121614583333334,0.6972135416666667,0.0016796875,0.008098958333333333,0.9744682908058167,0.0231979601085186,0.541529655456543,1.0,0.0,0.2768646478652954,0.0,0.4603002071380615,1.0,0.9915730357170105,0.008426964282989502
9,8020,0.3198346793651581,0.22981570661067963,0.1874549388885498,0.029344553127884865,0.21994791666666666,0.5252470374107361,0.9882161458333333,0.02356770833333334,1.0,0.0,0.23828124999999994,0.5357421875,0.5183984375,0.7066796875,0.0016666666666666668,0.0082421875,0.9744279980659485,0.02327856421470642,0.541656494140625,1.0,0.0,0.2777101397514343,0.0,0.4604080319404602,1.0,0.9914028644561768,0.008597135543823242
9,8030,0.3183516561985016,0.22535623610019684,0.17911803722381592,0.0328817293047905,0.22,0.5199189782142639,0.9872682983039791,0.022478298611111114,1.0,0.0,0.24834280303030298,0.5372514204545454,0.5440625,0.7116015625,0.0017447916666666666,0.008463541666666666,0.9741870760917664,0.023476149886846542,0.5412210822105408,1.0,0.0,0.2748072147369385,0.0,0.4600379467010498,1.0,0.9912309646606445,0.008769035339355469
9,8040,0.3147335946559906,0.2245049625635147,0.17384184896945953,0.029625222086906433,0.2173046875,0.535657525062561,0.9779292080850682,0.023298611111111117,1.0,0.0,0.25130208333333326,0.5376953125,0.5444270833333333,0.70890625,0.0014453125,0.008528645833333333,0.9741031527519226,0.02364397421479225,0.5413141250610352,1.0,0.0,0.27542728185653687,0.0,0.46011701226234436,1.0,0.9910577535629272,0.008942246437072754
9,8050,0.32145512104034424,0.23834645748138428,0.16909244656562805,0.030520163476467133,0.21973958333333332,0.5322176218032837,0.9696421918909772,0.023797743055555563,1.0,0.0,0.2820785984848484,0.5423117897727272,0.5351171875,0.684453125,0.0012890625,0.009205729166666666,0.9744641780853271,0.023657407611608505,0.5413986444473267,1.0,0.0,0.27599096298217773,0.0,0.4601888656616211,1.0,0.9908874034881592,0.00911259651184082
9,8060,0.32282698154449463,0.22716031968593597,0.17976899445056915,0.02639341726899147,0.21404947916666667,0.5071558356285095,0.9880747793372882,0.023068576388888894,1.0,0.0,0.28148674242424243,0.5422230113636364,0.5180989583333333,0.7108463541666666,0.0021614583333333334,0.009192708333333334,0.9746909141540527,0.023792371153831482,0.541593074798584,1.0,0.0,0.27728739380836487,0.0,0.46035411953926086,1.0,0.9907187819480896,0.0092812180519104
9,8070,0.3259103298187256,0.2223391830921173,0.16222992539405823,0.02801930345594883,0.21822916666666667,0.5099663138389587,0.9587036077181498,0.02244791666666667,1.0,0.0,0.287405303030303,0.5431107954545454,0.525390625,0.7241796875,0.001966145833333333,0.009322916666666667,0.9757001399993896,0.02387690171599388,0.5415254831314087,1.0,0.0,0.27683645486831665,0.0,0.4602966606616974,1.0,0.9905565977096558,0.009443402290344238
9,8080,0.32288843393325806,0.21962545812129974,0.15112970769405365,0.027667716145515442,0.22328125,0.5017120242118835,0.9402788669736976,0.02172743055555556,1.0,0.0,0.24656723484848483,0.5369850852272727,0.5108203125,0.7207942708333334,0.0018619791666666667,0.008424479166666667,0.9775201678276062,0.023914724588394165,0.541652262210846,1.0,0.0,0.27768194675445557,0.0,0.4604044258594513,1.0,0.9904054999351501,0.009594500064849854
9,8090,0.32232987880706787,0.22305993735790253,0.15956006944179535,0.030090561136603355,0.22143229166666667,0.52903813123703,0.9543611712027819,0.022096354166666665,1.0,0.0,0.2607717803030303,0.5391157670454545,0.5326953125,0.7120442708333333,0.0016796875,0.008736979166666667,0.9787598252296448,0.023979827761650085,0.5419946908950806,1.0,0.0,0.2799648344516754,0.0,0.4606955051422119,1.0,0.9902610778808594,0.009738922119140625
9,8100,0.3134361207485199,0.2338130921125412,0.16918198764324188,0.02911728248000145,0.2123046875,0.530931830406189,0.968775927806512,0.025833333333333344,1.0,0.0,0.28977272727272724,0.5434659090909091,0.525625,0.6792708333333334,0.002994791666666667,0.009375,0.9797346591949463,0.02397693507373333,0.5418932437896729,1.0,0.0,0.2792884111404419,0.0,0.4606092572212219,1.0,0.9901223182678223,0.009877681732177734
9,8110,0.3237549066543579,0.23958469927310944,0.1907959282398224,0.03082907944917679,0.20494791666666667,0.5123593211174011,0.9876475694444443,0.024704861111111115,1.0,0.0,0.30516098484848486,0.5457741477272727,0.5291276041666667,0.6709114583333333,0.002018229166666667,0.009713541666666667,0.9785231351852417,0.024033771827816963,0.5418932437896729,1.0,0.0,0.2792884111404419,0.0,0.4606092572212219,1.0,0.9899834990501404,0.01001650094985962
9,8120,0.31809839606285095,0.23517929017543793,0.19055776298046112,0.029698722064495087,0.21595052083333333,0.506805956363678,0.9872460937499999,0.025507812500000004,1.0,0.0,0.31936553030303033,0.5479048295454545,0.5180859375,0.6731770833333334,0.0018880208333333333,0.010026041666666667,0.9783823490142822,0.023998843505978584,0.5429162979125977,1.0,0.0,0.2861088514328003,0.0,0.4614788591861725,1.0,0.9898545742034912,0.010145425796508789
9,8130,0.3151252865791321,0.23058819770812988,0.17823593318462372,0.029138974845409393,0.2162890625,0.5360221862792969,0.9841305415752608,0.02576822916666667,1.0,0.0,0.24005681818181818,0.5360085227272727,0.5271614583333334,0.6855598958333333,0.0015234375,0.00828125,0.9760255217552185,0.023981275036931038,0.5438675880432129,1.0,0.0,0.2924501895904541,0.0,0.46228745579719543,1.0,0.989728569984436,0.010271430015563965
9,8140,0.306114137172699,0.23418262600898743,0.19693687558174133,0.024848632514476776,0.21192708333333332,0.5300524234771729,0.9866905381944444,0.02661892361111112,1.0,0.0,0.2737926136363636,0.5410688920454545,0.5457161458333334,0.6644140625,0.0009765625,0.0090234375,0.9720011949539185,0.024042246863245964,0.5443452596664429,1.0,0.0,0.295634925365448,0.0,0.4626934826374054,1.0,0.9896164536476135,0.010383546352386475
9,8150,0.3035849630832672,0.232550710439682,0.183521568775177,0.025428496301174164,0.2101953125,0.5455042719841003,0.9877018229166665,0.024596354166666667,1.0,0.0,0.29687499999999994,0.54453125,0.5705208333333334,0.6701171875,0.00171875,0.00953125,0.9681531190872192,0.02402219921350479,0.5450131893157959,1.0,0.0,0.30008792877197266,0.0,0.463261216878891,1.0,0.9895315170288086,0.010468482971191406
9,8160,0.3213005065917969,0.250408798456192,0.2226381152868271,0.029995230957865715,0.20526041666666667,0.5435550212860107,0.9875065104166666,0.024986979166666673,1.0,0.0,0.3306107954545454,0.5495916193181818,0.5442447916666666,0.6509375,0.0015364583333333333,0.0102734375,0.9648326635360718,0.024061676114797592,0.545211911201477,1.0,0.0,0.30141258239746094,0.0,0.46343013644218445,1.0,0.9894784092903137,0.01052159070968628
9,8170,0.30728018283843994,0.24610067903995514,0.2330397665500641,0.03210548684000969,0.19647135416666667,0.5501911640167236,0.9879578993055554,0.024084201388888893,1.0,0.0,0.2737926136363636,0.5410688920454545,0.5931640625,0.6431510416666667,0.0008854166666666666,0.0090234375,0.9627240300178528,0.024072421714663506,0.5450935363769531,1.0,0.0,0.30062341690063477,0.0,0.4633295238018036,1.0,0.9894508719444275,0.01054912805557251
9,8180,0.2913914918899536,0.2280963510274887,0.23046764731407166,0.03271545469760895,0.217109375,0.5539745092391968,0.9885047743055555,0.02299045138888889,1.0,0.0,0.32114109848484845,0.5481711647727273,0.6874739583333334,0.6569791666666667,0.000703125,0.010065104166666667,0.9616708755493164,0.02410631626844406,0.545144259929657,1.0,0.0,0.30096161365509033,0.0,0.4633726477622986,1.0,0.9894445538520813,0.010555446147918701
9,8190,0.309681236743927,0.22695541381835938,0.19091323018074036,0.02990742400288582,0.2503515625,0.5377746820449829,0.988376736111111,0.023246527777777776,1.0,0.0,0.36257102272727265,0.5543856534090909,0.6921223958333333,0.6584244791666667,0.00018229166666666667,0.0109765625,0.9609407186508179,0.024144966155290604,0.5453894138336182,1.0,0.0,0.3025962710380554,0.0,0.46358102560043335,1.0,0.989462673664093,0.010537326335906982
9,8200,0.33621013164520264,0.23809973895549774,0.18910418450832367,0.033004023134708405,0.2594401041666667,0.539825975894928,0.9877061631944444,0.02458767361111111,1.0,0.0,0.26964962121212116,0.5404474431818181,0.66671875,0.6709375,0.0012760416666666666,0.008932291666666667,0.9597762227058411,0.024175968021154404,0.5454697608947754,1.0,0.0,0.30313175916671753,0.0,0.46364930272102356,1.0,0.9895003437995911,0.010499656200408936
9,8210,0.33170390129089355,0.24652588367462158,0.16531971096992493,0.03024972975254059,0.24696614583333334,0.5362487435340881,0.9625566075602149,0.025199652777777776,1.0,0.0,0.25426136363636365,0.5381392045454545,0.628203125,0.6509635416666667,0.0022786458333333335,0.00859375,0.9583109617233276,0.02402963861823082,0.545689582824707,1.0,0.0,0.30459731817245483,0.0,0.4638361632823944,1.0,0.9895538091659546,0.01044619083404541
9,8220,0.32387563586235046,0.22679750621318817,0.17316752672195435,0.0271591916680336,0.24903645833333332,0.5174806714057922,0.9767533251362988,0.02336805555555556,1.0,0.0,0.375,0.55625,0.5621484375,0.682265625,0.0019401041666666666,0.01125,0.9564290642738342,0.023938698694109917,0.5455331802368164,1.0,0.0,0.303554505109787,0.0,0.4637032151222229,1.0,0.9896089434623718,0.010391056537628174
9,8230,0.31864023208618164,0.21680499613285065,0.15064489841461182,0.024897364899516106,0.24020833333333333,0.49551787972450256,0.9387227434174626,0.023198784722222227,1.0,0.0,0.37144886363636354,0.5557173295454545,0.5841276041666666,0.7051953125,0.0020572916666666665,0.011171875,0.9565044045448303,0.023788029327988625,0.5455585718154907,1.0,0.0,0.30372363328933716,0.0,0.4637247920036316,1.0,0.9896584749221802,0.010341525077819824
9,8240,0.31660643219947815,0.21482494473457336,0.129558265209198,0.02026776224374771,0.22096354166666668,0.4876975119113922,0.9027577239224034,0.023758680555555564,1.0,0.0,0.31522253787878785,0.5472833806818181,0.5581380208333333,0.7114973958333334,0.0025911458333333333,0.009934895833333334,0.9567224383354187,0.02363632619380951,0.5461419820785522,1.0,0.0,0.30761298537254333,0.0,0.46422070264816284,1.0,0.9896907210350037,0.010309278964996338
9,8250,0.3173487186431885,0.2149200290441513,0.1259661316871643,0.020863711833953857,0.2310546875,0.486343115568161,0.897119266925714,0.02287760416666667,1.0,0.0,0.3448153409090909,0.5517223011363637,0.5339453125,0.72015625,0.0025390625,0.0105859375,0.9568187594413757,0.02344370074570179,0.5464547872543335,1.0,0.0,0.30969855189323425,0.0,0.46448656916618347,1.0,0.9896898865699768,0.010310113430023193
9,8260,0.31367969512939453,0.22634655237197876,0.12813425064086914,0.02185513824224472,0.2186328125,0.5059637427330017,0.8999138253366845,0.024626736111111117,1.0,0.0,0.30989583333333326,0.546484375,0.5453645833333334,0.6941276041666666,0.0026953125,0.009817708333333333,0.9568700790405273,0.02334098145365715,0.5465224385261536,1.0,0.0,0.31014949083328247,0.0,0.4645440876483917,1.0,0.9896430969238281,0.010356903076171875
9,8270,0.32598501443862915,0.23275625705718994,0.15366868674755096,0.028189416974782944,0.2176953125,0.5334068536758423,0.9437921806176504,0.02329427083333334,1.0,0.0,0.26491477272727265,0.5397372159090909,0.5521875,0.6957942708333333,0.0022786458333333335,0.008828125,0.9569286108016968,0.02322399988770485,0.5463533401489258,1.0,0.0,0.30902212858200073,0.0,0.46440035104751587,1.0,0.9895732402801514,0.010426759719848633
9,8280,0.32360967993736267,0.22278153896331787,0.1493721753358841,0.026875946670770645,0.22951822916666667,0.509216845035553,0.9365884356111543,0.023159722222222227,1.0,0.0,0.29450757575757575,0.5441761363636364,0.534453125,0.7095963541666667,0.0016276041666666667,0.009479166666666667,0.9569698572158813,0.023141534999012947,0.5466112494468689,1.0,0.0,0.3107413649559021,0.0,0.46461957693099976,1.0,0.9894765615463257,0.010523438453674316
9,8290,0.3228085935115814,0.21971294283866882,0.14230866730213165,0.025766713544726372,0.22891927083333333,0.5037658214569092,0.924945136492069,0.022539062500000005,1.0,0.0,0.28089488636363635,0.5421342329545454,0.5504166666666667,0.7228776041666667,0.0019140625,0.0091796875,0.956979513168335,0.023122314363718033,0.5463787317276001,1.0,0.0,0.3091912269592285,0.0,0.46442192792892456,1.0,0.9893436431884766,0.010656356811523438
9,8300,0.31801626086235046,0.219880610704422,0.14530165493488312,0.02676341123878956,0.22924479166666667,0.5112038254737854,0.9299060258192893,0.022747395833333336,1.0,0.0,0.2720170454545454,0.5408025568181818,0.5556380208333334,0.7250651041666667,0.001640625,0.008984375,0.9569805860519409,0.023120040073990822,0.5460447072982788,1.0,0.0,0.3069647550582886,0.0,0.464138001203537,1.0,0.9891676902770996,0.01083230972290039
9,8310,0.31329968571662903,0.21759265661239624,0.15009161829948425,0.027691500261425972,0.22712239583333332,0.52154141664505,0.9380056072504093,0.022760416666666672,1.0,0.0,0.3205492424242424,0.5480823863636364,0.564296875,0.7216536458333334,0.0016015625,0.010052083333333333,0.9570013880729675,0.02307829074561596,0.5461588501930237,1.0,0.0,0.3077256977558136,0.0,0.4642350375652313,1.0,0.9889425039291382,0.011057496070861816
9,8320,0.3135460615158081,0.23116114735603333,0.1560836136341095,0.029896579682826996,0.21703125,0.5450285077095032,0.9481285459363562,0.022795138888888893,1.0,0.0,0.28326231060606055,0.5424893465909091,0.5820052083333334,0.7,0.0017708333333333332,0.009231770833333333,0.9582235217094421,0.023000165820121765,0.5463617444038391,1.0,0.0,0.30907851457595825,0.0,0.4644075036048889,1.0,0.9886983633041382,0.011301636695861816
9,8330,0.3196243941783905,0.2302122861146927,0.1808883100748062,0.03276195004582405,0.22403645833333333,0.5093610882759094,0.988828125,0.02234375000000001,1.0,0.0,0.3229166666666666,0.5484375,0.5243880208333334,0.7036848958333334,0.001796875,0.010104166666666666,0.9587656259536743,0.02301711216568947,0.5457360744476318,1.0,0.0,0.30490732192993164,0.0,0.4638756811618805,1.0,0.988426923751831,0.011573076248168945
9,8340,0.3209976255893707,0.23174893856048584,0.18143348395824432,0.034425560384988785,0.22944010416666666,0.505043625831604,0.988708767361111,0.022582465277777783,1.0,0.0,0.32173295454545453,0.5482599431818181,0.51625,0.7019010416666667,0.0020963541666666665,0.010078125,0.9611226320266724,0.02303447388112545,0.5451738834381104,1.0,0.0,0.3011589050292969,0.0,0.4633978009223938,1.0,0.9881636500358582,0.011836349964141846
9,8350,0.32144278287887573,0.2321143001317978,0.18159359693527222,0.03484504669904709,0.23248697916666666,0.502030611038208,0.9887131076388889,0.022573784722222226,1.0,0.0,0.3175899621212121,0.5476384943181818,0.5111848958333334,0.7007552083333334,0.0018880208333333333,0.009986979166666667,0.9651938676834106,0.02302166074514389,0.545017421245575,1.0,0.0,0.3001161217689514,0.0,0.4632648229598999,1.0,0.9879248738288879,0.01207512617111206
9,8360,0.3226270079612732,0.2307896763086319,0.18042121827602386,0.034166932106018066,0.2338671875,0.5059294104576111,0.9887803819444444,0.022439236111111115,1.0,0.0,0.3063446969696969,0.5459517045454545,0.5147135416666667,0.7054947916666666,0.0018880208333333333,0.009739583333333333,0.9695427417755127,0.023032614961266518,0.5449371337890625,1.0,0.0,0.2995806336402893,0.0,0.4631965756416321,1.0,0.987703800201416,0.012296199798583984
9,8370,0.32357993721961975,0.23218683898448944,0.18156607449054718,0.03476729243993759,0.23734375,0.5095892548561096,0.9887348090277777,0.02253038194444445,1.0,0.0,0.306936553030303,0.5460404829545454,0.5022135416666667,0.703671875,0.00203125,0.009752604166666666,0.9737568497657776,0.022963790223002434,0.5451104044914246,1.0,0.0,0.3007361590862274,0.0,0.46334385871887207,1.0,0.9875027537345886,0.012497246265411377
9,8380,0.3244832754135132,0.23304466903209686,0.18107034265995026,0.034200698137283325,0.23549479166666668,0.5154888033866882,0.9888237847222221,0.022352430555555566,1.0,0.0,0.30989583333333326,0.546484375,0.5064192708333334,0.7021484375,0.0019401041666666666,0.009817708333333333,0.9758819937705994,0.02295738458633423,0.5455965995788574,1.0,0.0,0.30397728085517883,0.0,0.46375712752342224,1.0,0.9873143434524536,0.012685656547546387
9,8390,0.3232100307941437,0.2328754961490631,0.18295828998088837,0.03434402495622635,0.2365234375,0.5076906085014343,0.9887065972222221,0.02258680555555556,1.0,0.0,0.28858901515151514,0.5432883522727273,0.5077994791666667,0.7037760416666666,0.0019140625,0.009348958333333334,0.9783509969711304,0.02295573055744171,0.545875608921051,1.0,0.0,0.3058374226093292,0.0,0.4639942944049835,1.0,0.98713219165802,0.01286780834197998
9,8400,0.32225438952445984,0.23201307654380798,0.18323855102062225,0.034280311316251755,0.235703125,0.520479679107666,0.9884006076388888,0.023198784722222227,1.0,0.0,0.3158143939393939,0.5473721590909091,0.5045442708333333,0.7035026041666667,0.001796875,0.009947916666666667,0.9813751578330994,0.02298218384385109,0.5463321805000305,1.0,0.0,0.3088812232017517,0.0,0.4643823802471161,1.0,0.9869544506072998,0.013045549392700195
9,8410,0.3215000033378601,0.23295991122722626,0.18351353704929352,0.034792039543390274,0.23493489583333332,0.5243175029754639,0.9881445312499999,0.0237109375,1.0,0.0,0.2856297348484848,0.5428444602272727,0.5002083333333334,0.699453125,0.001796875,0.009283854166666666,0.9831138849258423,0.022980324923992157,0.5467084646224976,1.0,0.0,0.31138959527015686,0.0,0.46470221877098083,1.0,0.9867836236953735,0.013216376304626465
9,8420,0.3213728666305542,0.2322300225496292,0.18404950201511383,0.034488581120967865,0.23486979166666666,0.5183086395263672,0.988220486111111,0.023559027777777783,1.0,0.0,0.2826704545454545,0.5424005681818181,0.5042317708333334,0.7017317708333334,0.0017057291666666666,0.00921875,0.9834258556365967,0.02297515794634819,0.5462941527366638,1.0,0.0,0.3086276054382324,0.0,0.46435004472732544,1.0,0.9866276383399963,0.013372361660003662
9,8430,0.3202492594718933,0.23131388425827026,0.18463096022605896,0.03368039429187775,0.23180989583333333,0.5045924186706543,0.9881380208333332,0.023723958333333336,1.0,0.0,0.287405303030303,0.5431107954545454,0.5049348958333333,0.7029036458333333,0.0016145833333333333,0.009322916666666667,0.9824058413505554,0.022930720821022987,0.5461081266403198,1.0,0.0,0.3073875308036804,0.0,0.46419191360473633,1.0,0.9864953756332397,0.013504624366760254
9,8440,0.32095766067504883,0.23248842358589172,0.18632736802101135,0.0342848114669323,0.23147135416666667,0.5168653130531311,0.9882183159722221,0.02356336805555556,1.0,0.0,0.2927320075757575,0.5439098011363637,0.5117838541666667,0.7025520833333333,0.0014973958333333334,0.009440104166666666,0.9792508482933044,0.022918319329619408,0.5454275012016296,1.0,0.0,0.3028499484062195,0.0,0.4636133909225464,1.0,0.9863801002502441,0.01361989974975586
9,8450,0.3206370174884796,0.23166291415691376,0.18465042114257812,0.03401310369372368,0.2346484375,0.5130547881126404,0.9882552083333332,0.023489583333333335,1.0,0.0,0.2933238636363636,0.5439985795454545,0.5100651041666666,0.703046875,0.0016276041666666667,0.009453125,0.9741775989532471,0.024192258715629578,0.5450639724731445,1.0,0.0,0.3004261255264282,0.0,0.46330440044403076,1.0,0.9862820506095886,0.013717949390411377
9,8460,0.321853905916214,0.23174673318862915,0.18272390961647034,0.035203367471694946,0.2401171875,0.5248602628707886,0.9884461805555554,0.023107638888888893,1.0,0.0,0.3335700757575757,0.5500355113636364,0.5248307291666666,0.7003515625,0.0016666666666666668,0.010338541666666666,0.9680593013763428,0.026817208155989647,0.544708788394928,1.0,0.0,0.29805871844291687,0.0,0.463002473115921,1.0,0.9862169623374939,0.013783037662506104
9,8470,0.32071876525878906,0.23142744600772858,0.18420051038265228,0.03438805043697357,0.23842447916666668,0.5050821304321289,0.9884092881944444,0.023181423611111113,1.0,0.0,0.33416193181818177,0.5501242897727273,0.5156380208333333,0.6976302083333333,0.0016145833333333333,0.0103515625,0.9644220471382141,0.026776906102895737,0.5444974899291992,1.0,0.0,0.2966495156288147,0.0,0.46282288432121277,1.0,0.9861949682235718,0.013805031776428223
9,8480,0.3209571838378906,0.23069897294044495,0.1828460842370987,0.0347767248749733,0.24053385416666667,0.4960736036300659,0.9884201388888888,0.023159722222222227,1.0,0.0,0.3329782196969697,0.5499467329545454,0.5256380208333333,0.7016015625,0.0016145833333333333,0.010325520833333334,0.9610006809234619,0.02670973539352417,0.5443706512451172,1.0,0.0,0.2958040237426758,0.0,0.4627150595188141,1.0,0.9861940145492554,0.013805985450744629
9,8490,0.3213074803352356,0.2312934398651123,0.18382030725479126,0.035288162529468536,0.24266927083333334,0.513226330280304,0.9884374999999999,0.023125,1.0,0.0,0.3335700757575757,0.5500355113636364,0.5237369791666666,0.6996875,0.0016536458333333334,0.010338541666666666,0.9569719433784485,0.02707720175385475,0.5443198680877686,1.0,0.0,0.2954658269882202,0.0,0.4626719057559967,1.0,0.9862134456634521,0.013786554336547852
9,8500,0.32173052430152893,0.23107169568538666,0.18224242329597473,0.03468591719865799,0.24216145833333333,0.5161547660827637,0.9884526909722221,0.023094618055555557,1.0,0.0,0.3448153409090909,0.5517223011363637,0.5205208333333333,0.7027734375,0.0015885416666666667,0.0105859375,0.9516867399215698,0.028443478047847748,0.544231116771698,1.0,0.0,0.2948739528656006,0.0,0.46259647607803345,1.0,0.9862580895423889,0.013741910457611084
9,8510,0.3203432857990265,0.2256147861480713,0.16686636209487915,0.03146261349320412,0.2395703125,0.527359127998352,0.9664196768785134,0.022708333333333344,1.0,0.0,0.3246922348484848,0.5487038352272727,0.5066145833333333,0.712578125,0.0017708333333333332,0.010143229166666667,0.9453414678573608,0.0303020179271698,0.5438759922981262,1.0,0.0,0.2925065755844116,0.0,0.4622946083545685,1.0,0.9863383173942566,0.013661682605743408
9,8520,0.3281092941761017,0.22610025107860565,0.15393003821372986,0.029304688796401024,0.241171875,0.4962783753871918,0.9445556482698164,0.022651909722222224,1.0,0.0,0.26254734848484845,0.5393821022727273,0.4653776041666667,0.7287760416666667,0.0015755208333333333,0.008776041666666666,0.94094318151474,0.030185244977474213,0.543854832649231,1.0,0.0,0.2923656105995178,0.0,0.4622766077518463,1.0,0.9864617586135864,0.013538241386413574
9,8530,0.32974928617477417,0.22377797961235046,0.1431504487991333,0.029157040640711784,0.24580729166666668,0.49935537576675415,0.9267082314613537,0.02186197916666667,1.0,0.0,0.2572206439393939,0.5385830965909091,0.46415364583333335,0.7270442708333333,0.0016145833333333333,0.008658854166666667,0.9367614984512329,0.03123689815402031,0.543440580368042,1.0,0.0,0.28960365056991577,0.0,0.4619244933128357,1.0,0.9865906238555908,0.01340937614440918
9,8540,0.3251989781856537,0.2234797179698944,0.14077216386795044,0.025306284427642822,0.24119791666666668,0.5179916620254517,0.9225727644944802,0.022083333333333337,1.0,0.0,0.22762784090909086,0.5341441761363637,0.4613802083333333,0.7146484375,0.0014713541666666666,0.0080078125,0.9357786178588867,0.03130241483449936,0.5431404113769531,1.0,0.0,0.28760257363319397,0.0,0.46166935563087463,1.0,0.9867290258407593,0.013270974159240723
9,8550,0.31877201795578003,0.21437132358551025,0.1312786340713501,0.008075532503426075,0.15584635416666667,0.5047163367271423,0.8821705843602057,0.049335158262755155,1.0,0.0,0.2708333333333333,0.540625,0.4689713541666667,0.7398828125,0.0026302083333333334,0.008958333333333334,0.9357583522796631,0.031342923641204834,0.5427937507629395,1.0,0.0,0.28529152274131775,0.0,0.4613747000694275,1.0,0.9868431687355042,0.01315683126449585
9,8560,0.3261859714984894,0.2197367548942566,0.1332598775625229,0.00711634149774909,0.15705729166666665,0.4938344955444336,0.8602296033198601,0.07769771009572557,1.0,0.0,0.26787405303030304,0.5401811079545454,0.46794270833333335,0.7417708333333334,0.0013932291666666667,0.008893229166666667,0.9348422288894653,0.03137413412332535,0.5424259305000305,1.0,0.0,0.2828395664691925,0.0,0.4610620439052582,1.0,0.9869205355644226,0.013079464435577393
9,8570,0.32803860306739807,0.22593292593955994,0.13461489975452423,0.009187736548483372,0.16865885416666668,0.507491946220398,0.9123980047662035,0.021592881944444448,1.0,0.0,0.2767518939393939,0.5415127840909091,0.4818619791666667,0.7285807291666667,0.001979166666666667,0.009088541666666667,0.9348136186599731,0.031431179493665695,0.5419609546661377,1.0,0.0,0.2797393500804901,0.0,0.46066683530807495,1.0,0.9869701862335205,0.013029813766479492
9,8580,0.3326450288295746,0.22561094164848328,0.13712625205516815,0.009334651753306389,0.15506510416666666,0.48339203000068665,0.9168845307215666,0.021119791666666665,1.0,0.0,0.28918087121212116,0.5433771306818181,0.4888151041666667,0.7372786458333334,0.0021223958333333333,0.009361979166666666,0.9347831606864929,0.03149215131998062,0.5417622327804565,1.0,0.0,0.2784147262573242,0.0,0.4604979157447815,1.0,0.9869888424873352,0.013011157512664795
9,8590,0.3348004221916199,0.2219652533531189,0.13412117958068848,0.008732224814593792,0.16067708333333333,0.4861985146999359,0.9042220160267876,0.030069259548292246,1.0,0.0,0.30279356060606055,0.5454190340909091,0.4536848958333333,0.7363671875,0.0022526041666666666,0.009661458333333333,0.9347692131996155,0.0315200537443161,0.5416015982627869,1.0,0.0,0.27734375,0.0,0.4603613615036011,1.0,0.9869954586029053,0.013004541397094727
9,8600,0.3320506811141968,0.22030054032802582,0.12979431450366974,0.007991855964064598,0.15065104166666668,0.47504088282585144,0.8777174980580893,0.05127863337878935,1.0,0.0,0.27616003787878785,0.5414240056818181,0.467265625,0.7395703125,0.0022265625,0.009075520833333333,0.9347511529922485,0.03155621886253357,0.5412845015525818,1.0,0.0,0.2752299904823303,0.0,0.46009182929992676,1.0,0.9869798421859741,0.013020157814025879
9,8610,0.33387520909309387,0.22737981379032135,0.122275710105896,0.007614775560796261,0.14774739583333332,0.47973155975341797,0.8551503521931192,0.062228112136970354,1.0,0.0,0.2660984848484848,0.5399147727272727,0.46625,0.7375911458333333,0.002486979166666667,0.008854166666666666,0.9347325563430786,0.03159342333674431,0.5409463047981262,1.0,0.0,0.27297529578208923,0.0,0.45980438590049744,1.0,0.986931324005127,0.013068675994873047
9,8620,0.32631221413612366,0.22951184213161469,0.12469667941331863,0.009072731249034405,0.15022135416666665,0.49566400051116943,0.895780424883223,0.021258680555555562,1.0,0.0,0.2826704545454545,0.5424005681818181,0.4758072916666667,0.7191796875,0.0021484375,0.00921875,0.935768723487854,0.03163785859942436,0.5407687425613403,1.0,0.0,0.27179157733917236,0.0,0.45965343713760376,1.0,0.9868473410606384,0.013152658939361572
9,8630,0.3219015598297119,0.2380165010690689,0.1398329883813858,0.008240599185228348,0.13545572916666668,0.5335854887962341,0.9004052293373939,0.04564378330943382,1.0,0.0,0.22466856060606055,0.5337002840909091,0.4657421875,0.7020963541666667,0.0014713541666666666,0.007942708333333333,0.9378446936607361,0.031687669456005096,0.5409843325614929,1.0,0.0,0.2732289433479309,0.0,0.4598366916179657,1.0,0.9867355823516846,0.01326441764831543
9,8640,0.3282637894153595,0.24971047043800354,0.16820919513702393,0.0097846370190382,0.15322916666666667,0.5316352248191833,0.9674964170374422,0.0250998263888889,1.0,0.0,0.24538352272727268,0.5368075284090909,0.5294010416666667,0.6702994791666667,0.0014973958333333334,0.0083984375,0.9407790899276733,0.031757935881614685,0.5412760376930237,1.0,0.0,0.2751736044883728,0.0,0.4600846469402313,1.0,0.9866135716438293,0.013386428356170654
9,8650,0.3273872435092926,0.2417413890361786,0.1860424429178238,0.00955298449844122,0.15743489583333334,0.5317311882972717,0.9877929687499999,0.0244140625,1.0,0.0,0.2441998106060606,0.5366299715909091,0.5034635416666666,0.6849088541666667,0.0007942708333333334,0.008372395833333334,0.9439138174057007,0.03181084990501404,0.5418382883071899,1.0,0.0,0.27892205119132996,0.0,0.4605625569820404,1.0,0.9865014553070068,0.013498544692993164
9,8660,0.3191903233528137,0.23832270503044128,0.16882479190826416,0.009160434827208519,0.15845052083333333,0.5373522043228149,0.9690156267443275,0.024144965277777784,1.0,0.0,0.24183238636363633,0.5362748579545454,0.5068619791666666,0.6858333333333333,0.0005338541666666666,0.0083203125,0.9489836096763611,0.030543938279151917,0.5420835018157959,1.0,0.0,0.28055667877197266,0.0,0.46077099442481995,1.0,0.9864107966423035,0.013589203357696533
9,8670,0.31419092416763306,0.23754067718982697,0.18009988963603973,0.011019379831850529,0.162421875,0.542053759098053,0.9878472222222221,0.024305555555555566,1.0,0.0,0.268465909090909,0.5402698863636364,0.5448697916666667,0.6890755208333333,0.000546875,0.00890625,0.9550944566726685,0.027933871373534203,0.542273759841919,1.0,0.0,0.2818249464035034,0.0,0.4609327018260956,1.0,0.9863480925559998,0.013651907444000244
9,8680,0.313845694065094,0.238602876663208,0.18525724112987518,0.012046854943037033,0.1715234375,0.5155389904975891,0.9877690972222222,0.024461805555555563,1.0,0.0,0.3063446969696969,0.5459517045454545,0.5413671875,0.6878515625,0.0005208333333333333,0.009739583333333333,0.9587095379829407,0.02801840379834175,0.5424428582191467,1.0,0.0,0.28295230865478516,0.0,0.46107643842697144,1.0,0.9862844944000244,0.013715505599975586
9,8690,0.31475144624710083,0.2382267564535141,0.18357980251312256,0.012505852617323399,0.1723046875,0.5124691128730774,0.9881271701388888,0.023745659722222222,1.0,0.0,0.31048768939393934,0.5465731534090909,0.5345572916666667,0.6897526041666666,0.0005208333333333333,0.009830729166666666,0.9621258974075317,0.028095701709389687,0.5424808859825134,1.0,0.0,0.28320592641830444,0.0,0.4611087739467621,1.0,0.9862154722213745,0.013784527778625488
9,8700,0.31604111194610596,0.24026978015899658,0.18779070675373077,0.012495804578065872,0.16932291666666666,0.5173102617263794,0.9880577256944444,0.02388454861111111,1.0,0.0,0.28918087121212116,0.5433771306818181,0.5436458333333334,0.6874609375,0.00046875,0.009361979166666666,0.9661481380462646,0.027741048485040665,0.5423794984817505,1.0,0.0,0.2825295329093933,0.0,0.46102258563041687,1.0,0.986147403717041,0.013852596282958984
9,8710,0.31403517723083496,0.23880676925182343,0.1873898208141327,0.01284418161958456,0.17126302083333333,0.5166360139846802,0.9880620659722221,0.023875868055555555,1.0,0.0,0.297466856060606,0.5446200284090909,0.553828125,0.6877213541666667,0.000390625,0.009544270833333333,0.9714375734329224,0.026366502046585083,0.542341411113739,1.0,0.0,0.28227588534355164,0.0,0.46099022030830383,1.0,0.9861034750938416,0.013896524906158447
9,8720,0.31332218647003174,0.23739275336265564,0.18253017961978912,0.013112855143845081,0.17140625,0.5189275145530701,0.9881792534722221,0.02364149305555556,1.0,0.0,0.2998342803030303,0.5449751420454545,0.541875,0.6941276041666666,0.0004427083333333333,0.009596354166666666,0.9778021574020386,0.024469107389450073,0.5424301624298096,1.0,0.0,0.2828677296638489,0.0,0.4610656499862671,1.0,0.9860933423042297,0.013906657695770264
9,8730,0.31395289301872253,0.2386140078306198,0.18691404163837433,0.013716524466872215,0.17384114583333332,0.5152419805526733,0.9881510416666666,0.023697916666666673,1.0,0.0,0.2927320075757575,0.5439098011363637,0.5404036458333333,0.6904817708333333,0.000390625,0.009440104166666666,0.9799525141716003,0.024496182799339294,0.5420708656311035,1.0,0.0,0.28047215938568115,0.0,0.460760235786438,1.0,0.9860950112342834,0.013904988765716553
9,8740,0.31424081325531006,0.2379423975944519,0.18434447050094604,0.013759403489530087,0.17634114583333332,0.5138904452323914,0.9883311631944444,0.02333767361111111,1.0,0.0,0.2980587121212121,0.5447088068181818,0.5419791666666667,0.691875,0.0004296875,0.009557291666666667,0.9815980792045593,0.023329613730311394,0.541965126991272,1.0,0.0,0.27976754307746887,0.0,0.4606703817844391,1.0,0.9861255884170532,0.013874411582946777
9,8750,0.31406325101852417,0.23780402541160583,0.18386322259902954,0.013940057717263699,0.17520833333333333,0.5188168883323669,0.9884027777777777,0.023194444444444448,1.0,0.0,0.3063446969696969,0.5459517045454545,0.5398567708333334,0.6942578125,0.0004296875,0.009739583333333333,0.979867160320282,0.02311817929148674,0.5417157411575317,1.0,0.0,0.2781047224998474,0.0,0.4604583978652954,1.0,0.9861637353897095,0.013836264610290527
9,8760,0.3149784207344055,0.23855113983154297,0.18626229465007782,0.014250167645514011,0.17912760416666668,0.511796236038208,0.9886349826388888,0.02273003472222223,1.0,0.0,0.30516098484848486,0.5457741477272727,0.5432421875,0.6909765625,0.0003515625,0.009713541666666667,0.977853536605835,0.02295428141951561,0.5413901805877686,1.0,0.0,0.2759345769882202,0.0,0.46018165349960327,1.0,0.9862044453620911,0.013795554637908936
9,8770,0.3152931034564972,0.23835806548595428,0.18539978563785553,0.014208456501364708,0.17962239583333334,0.5109803080558777,0.9885568576388888,0.022886284722222226,1.0,0.0,0.29450757575757575,0.5441761363636364,0.5371354166666666,0.6934244791666667,0.0004296875,0.009479166666666667,0.9776191115379333,0.022842055186629295,0.5413352251052856,1.0,0.0,0.2755681872367859,0.0,0.46013495326042175,1.0,0.9862483143806458,0.013751685619354248
9,8780,0.3155953288078308,0.2386421114206314,0.18530166149139404,0.012942999601364136,0.17928385416666667,0.5106372237205505,0.9883159722222221,0.02336805555555556,1.0,0.0,0.3004261363636363,0.5450639204545454,0.5364583333333334,0.6927473958333333,0.00046875,0.009609375,0.9769690036773682,0.023348381742835045,0.5409928560256958,1.0,0.0,0.2732853293418884,0.0,0.4598439335823059,1.0,0.9862858057022095,0.013714194297790527
9,8790,0.3162432909011841,0.23811866343021393,0.18102189898490906,0.012754948809742928,0.17755208333333333,0.5087513327598572,0.9886284722222222,0.022743055555555558,1.0,0.0,0.29450757575757575,0.5441761363636364,0.53125,0.6941015625,0.00046875,0.009479166666666667,0.9770545959472656,0.02317725121974945,0.5403544306755066,1.0,0.0,0.26902955770492554,0.0,0.45930129289627075,1.0,0.9863131046295166,0.013686895370483398
9,8800,0.31604018807411194,0.23875048756599426,0.18575230240821838,0.012282096780836582,0.1708203125,0.5133981108665466,0.988689236111111,0.022621527777777782,1.0,0.0,0.28858901515151514,0.5432883522727273,0.5448958333333334,0.6932942708333333,0.0004427083333333333,0.009348958333333334,0.9758052229881287,0.02300446853041649,0.5396738052368164,1.0,0.0,0.2644920349121094,0.0,0.4587227404117584,1.0,0.986323356628418,0.013676643371582031
9,8810,0.31562235951423645,0.2385881394147873,0.1885257214307785,0.012517391704022884,0.17776041666666667,0.5222713947296143,0.9887934027777777,0.02241319444444445,1.0,0.0,0.2708333333333333,0.540625,0.5358203125,0.6924609375,0.0004166666666666667,0.008958333333333334,0.9733760356903076,0.022854210808873177,0.5393102169036865,1.0,0.0,0.2620682120323181,0.0,0.458413690328598,1.0,0.986324667930603,0.013675332069396973
9,8820,0.3174666464328766,0.2385740727186203,0.18587349355220795,0.012938442640006542,0.174765625,0.5117476582527161,0.98880859375,0.02238281250000001,1.0,0.0,0.27852746212121204,0.5417791193181818,0.5363802083333333,0.6932291666666667,0.00048177083333333335,0.009127604166666666,0.9694327712059021,0.02323395386338234,0.5390016436576843,1.0,0.0,0.26001080870628357,0.0,0.4581514000892639,1.0,0.9863235950469971,0.01367640495300293
9,8830,0.3147605359554291,0.2256799042224884,0.1515476256608963,0.010523222386837006,0.1683203125,0.4943319261074066,0.9409361995692945,0.02182725694444445,1.0,0.0,0.23236268939393936,0.534854403409091,0.5226692708333334,0.7145182291666666,0.0006510416666666666,0.008111979166666667,0.965120255947113,0.023065511137247086,0.5386338233947754,1.0,0.0,0.2575588524341583,0.0,0.457838773727417,1.0,0.9863250255584717,0.01367497444152832
9,8840,0.3272177577018738,0.22679755091667175,0.1478167027235031,0.009647593833506107,0.169140625,0.5216354131698608,0.9349630417884925,0.021145833333333336,1.0,0.0,0.20987215909090906,0.5314808238636364,0.49638020833333335,0.7225390625,0.0008984375,0.0076171875,0.9624353051185608,0.023003093898296356,0.5382364988327026,1.0,0.0,0.25490957498550415,0.0,0.45750102400779724,1.0,0.9863227605819702,0.013677239418029785
9,8850,0.32546016573905945,0.2281561940908432,0.14541776478290558,0.01040717400610447,0.1643359375,0.5168495178222656,0.9311463562138059,0.020659722222222225,1.0,0.0,0.21046401515151514,0.5315696022727273,0.5123828125,0.7241145833333333,0.0006510416666666666,0.0076302083333333335,0.9608948826789856,0.02301260083913803,0.5379786491394043,1.0,0.0,0.25319039821624756,0.0,0.45728185772895813,1.0,0.9863019585609436,0.013698041439056396
9,8860,0.3207207918167114,0.22758591175079346,0.1539962738752365,0.011585529893636703,0.15614583333333334,0.5475382208824158,0.9455075831392892,0.020972222222222225,1.0,0.0,0.19862689393939392,0.5297940340909091,0.5691015625,0.7212760416666667,0.0005989583333333333,0.007369791666666667,0.9588327407836914,0.02297270856797695,0.5373825430870056,1.0,0.0,0.24921651184558868,0.0,0.4567751884460449,1.0,0.986255943775177,0.013744056224822998
9,8870,0.3167271018028259,0.23313497006893158,0.16521970927715302,0.009953438304364681,0.1655859375,0.5330076813697815,0.9640931030929597,0.02178819444444445,1.0,0.0,0.2341382575757575,0.5351207386363637,0.5853385416666667,0.7051953125,0.0006119791666666667,0.008151041666666666,0.9562586545944214,0.023004405200481415,0.5367525815963745,1.0,0.0,0.2450171411037445,0.0,0.4562397003173828,1.0,0.9861713647842407,0.013828635215759277
9,8880,0.33254390954971313,0.23783579468727112,0.17834191024303436,0.008522690273821354,0.17901041666666667,0.5290082693099976,0.9741949888862855,0.03493841052035165,1.0,0.0,0.22052556818181812,0.5330788352272727,0.612421875,0.6906640625,0.00078125,0.0078515625,0.9524047374725342,0.02285104990005493,0.5365074276924133,1.0,0.0,0.24338248372077942,0.0,0.45603132247924805,1.0,0.9860405921936035,0.013959407806396484
9,8890,0.32348302006721497,0.23093701899051666,0.1804434359073639,0.009692643769085407,0.17703125,0.5460219383239746,0.9895659722222221,0.020868055555555563,1.0,0.0,0.2169744318181818,0.5325461647727273,0.6459114583333333,0.7015625,0.0008723958333333333,0.0077734375,0.9480568170547485,0.022636927664279938,0.5364904999732971,1.0,0.0,0.24326974153518677,0.0,0.4560169279575348,1.0,0.9858914613723755,0.014108538627624512
9,8900,0.33314821124076843,0.22958014905452728,0.1634248048067093,0.009197178296744823,0.17834635416666667,0.5180284380912781,0.9618910759228926,0.02011718750000001,1.0,0.0,0.21519886363636362,0.5322798295454545,0.5984895833333334,0.7274869791666667,0.0011067708333333333,0.007734375,0.9439859986305237,0.02251395583152771,0.5362536907196045,1.0,0.0,0.2416914701461792,0.0,0.4558156430721283,1.0,0.9857296943664551,0.014270305633544922
9,8910,0.3364386558532715,0.23573872447013855,0.14892324805259705,0.00915518682450056,0.17552083333333332,0.5084123611450195,0.9370439902941385,0.020729166666666674,1.0,0.0,0.23828124999999994,0.5357421875,0.5375520833333334,0.7236067708333334,0.0010677083333333333,0.0082421875,0.9420648813247681,0.02238767221570015,0.5359746813774109,1.0,0.0,0.2398313581943512,0.0,0.4555785059928894,1.0,0.9855473041534424,0.014452695846557617
9,8920,0.3330416977405548,0.2297963947057724,0.13642597198486328,0.008561620488762856,0.16869791666666667,0.4958246946334839,0.905255314156379,0.03185047205668799,1.0,0.0,0.25426136363636365,0.5381392045454545,0.5367578125,0.7397916666666666,0.0010807291666666667,0.00859375,0.9404577016830444,0.022273585200309753,0.5357633233070374,1.0,0.0,0.23842217028141022,0.0,0.455398827791214,1.0,0.9853276014328003,0.014672398567199707
9,8930,0.32601863145828247,0.23498888313770294,0.12543939054012299,0.011486559174954891,0.17951822916666665,0.5265599489212036,0.897614577580721,0.020104166666666673,1.0,0.0,0.24834280303030298,0.5372514204545454,0.5632161458333333,0.7201692708333334,0.0007291666666666667,0.008463541666666666,0.93800950050354,0.02217251993715763,0.5356153845787048,1.0,0.0,0.23743575811386108,0.0,0.4552730917930603,1.0,0.9850570559501648,0.014942944049835205
9,8940,0.34023046493530273,0.24080893397331238,0.14629505574703217,0.011212938465178013,0.190625,0.5281659960746765,0.9317672871830117,0.02238715277777778,1.0,0.0,0.23709753787878787,0.5355646306818181,0.5852734375,0.6822135416666667,0.00037760416666666666,0.008216145833333334,0.9381276965141296,0.022106382995843887,0.5360381603240967,1.0,0.0,0.24025411903858185,0.0,0.45563244819641113,1.0,0.9847872853279114,0.015212714672088623
9,8950,0.3419444262981415,0.23334051668643951,0.16094346344470978,0.010775948874652386,0.18565104166666666,0.5023047924041748,0.9559818134042952,0.02353732638888889,1.0,0.0,0.2619554924242424,0.5392933238636364,0.5279817708333333,0.7073046875,0.0015885416666666667,0.008763020833333333,0.9383445978164673,0.022078480571508408,0.5366214513778687,1.0,0.0,0.24414345622062683,0.0,0.45612823963165283,1.0,0.9845139980316162,0.015486001968383789
9,8960,0.33430105447769165,0.2284032255411148,0.15416260063648224,0.01082703098654747,0.18024739583333332,0.501732587814331,0.9450967848912264,0.022356770833333338,1.0,0.0,0.2228929924242424,0.5334339488636364,0.4896744791666667,0.7209765625,0.0013411458333333333,0.007903645833333334,0.9387259483337402,0.022077860310673714,0.5371034145355225,1.0,0.0,0.2473563849925995,0.0,0.4565379023551941,1.0,0.9842020273208618,0.015797972679138184
9,8970,0.33695802092552185,0.22591915726661682,0.14897850155830383,0.008894459344446659,0.170390625,0.48440876603126526,0.9345815253021358,0.0233956543021005,1.0,0.0,0.2169744318181818,0.5325461647727273,0.4738541666666667,0.7322265625,0.0018359375,0.0077734375,0.9383256435394287,0.022092949599027634,0.5377333164215088,1.0,0.0,0.25155574083328247,0.0,0.4570733308792114,1.0,0.9838705062866211,0.016129493713378906
9,8980,0.33969879150390625,0.22625398635864258,0.1312241107225418,0.009234259836375713,0.17563802083333332,0.4765334129333496,0.9076232880710537,0.01966579861111111,1.0,0.0,0.2601799242424242,0.5390269886363637,0.502421875,0.7354036458333333,0.0018880208333333333,0.008723958333333334,0.9372262954711914,0.022078894078731537,0.5381265878677368,1.0,0.0,0.2541768252849579,0.0,0.4574076235294342,1.0,0.9835037589073181,0.016496241092681885
9,8990,0.3398391306400299,0.2323380708694458,0.12471763789653778,0.009196952916681767,0.17173177083333332,0.4915488660335541,0.8970094694744827,0.01887152777777778,1.0,0.0,0.2980587121212121,0.5447088068181818,0.48345052083333334,0.733828125,0.001953125,0.009557291666666667,0.9352459907531738,0.02147790789604187,0.5389424562454224,1.0,0.0,0.25961625576019287,0.0,0.4581010937690735,1.0,0.9831257462501526,0.016874253749847412
9,9000,0.3399209976196289,0.24240612983703613,0.12872210144996643,0.011023287661373615,0.17356770833333332,0.5112971067428589,0.9031417226995158,0.02016059027777778,1.0,0.0,0.26136363636363635,0.5392045454545454,0.5065234375,0.7200260416666666,0.0012109375,0.00875,0.9324807524681091,0.02156078815460205,0.540012001991272,1.0,0.0,0.26674672961235046,0.0,0.45901021361351013,1.0,0.9827357530593872,0.017264246940612793
9,9010,0.3451213538646698,0.23569215834140778,0.15537773072719574,0.010598668828606606,0.17524739583333335,0.4954265356063843,0.9483467352797843,0.019969618055555555,1.0,0.0,0.24952651515151514,0.5374289772727273,0.453671875,0.727578125,0.0018619791666666667,0.008489583333333333,0.9310020208358765,0.02167632058262825,0.5411661267280579,1.0,0.0,0.27444082498550415,0.0,0.4599912166595459,1.0,0.9823445081710815,0.017655491828918457
9,9020,0.343995600938797,0.2319549322128296,0.1593477427959442,0.011644057929515839,0.18748697916666668,0.4951089918613434,0.9550413457145037,0.020017361111111118,1.0,0.0,0.24124053030303025,0.5361860795454545,0.4597526041666667,0.7294791666666667,0.001966145833333333,0.008307291666666666,0.9306347370147705,0.021768705919384956,0.5417960286140442,1.0,0.0,0.2786402106285095,0.0,0.46052664518356323,1.0,0.9819603562355042,0.01803964376449585
9,9030,0.33982181549072266,0.23241756856441498,0.14899270236492157,0.011845548637211323,0.18954427083333333,0.4880840480327606,0.9373959033611492,0.02026041666666667,1.0,0.0,0.2578125,0.538671875,0.44973958333333336,0.7220182291666667,0.0020052083333333332,0.008671875,0.9318674802780151,0.021333780139684677,0.5422103404998779,1.0,0.0,0.28140220046043396,0.0,0.46087878942489624,1.0,0.9815803170204163,0.01841968297958374
9,9040,0.34031808376312256,0.2330285757780075,0.15260420739650726,0.012201777659356594,0.19216145833333334,0.47728967666625977,0.9434187054124652,0.02043836805555556,1.0,0.0,0.29154829545454547,0.5437322443181818,0.452734375,0.7216927083333333,0.0020052083333333332,0.0094140625,0.9333956241607666,0.021463368088006973,0.5425865650177002,1.0,0.0,0.28391051292419434,0.0,0.4611985981464386,1.0,0.9812155365943909,0.01878446340560913
9,9050,0.34099605679512024,0.2336682379245758,0.15033480525016785,0.012420284561812878,0.19376302083333333,0.47753483057022095,0.9395174148143867,0.020559895833333335,1.0,0.0,0.29154829545454547,0.5437322443181818,0.4510677083333333,0.725078125,0.0021484375,0.0094140625,0.9332525730133057,0.02147391065955162,0.5431361794471741,1.0,0.0,0.2875744104385376,0.0,0.4616657793521881,1.0,0.9808405041694641,0.01915949583053589
9,9060,0.3409118354320526,0.23360352218151093,0.15014609694480896,0.012519298121333122,0.19768229166666668,0.47688883543014526,0.9391546595198476,0.020646701388888897,1.0,0.0,0.2779356060606061,0.541690340909091,0.4593098958333333,0.7262630208333334,0.001953125,0.009114583333333334,0.9322144985198975,0.021438566967844963,0.543440580368042,1.0,0.0,0.2896036207675934,0.0,0.4619244933128357,1.0,0.9804571866989136,0.019542813301086426
9,9070,0.3394915759563446,0.23312364518642426,0.14912305772304535,0.013181419111788273,0.19888020833333334,0.4913864731788635,0.9371021818197691,0.021289062500000004,1.0,0.0,0.2868134469696969,0.5430220170454545,0.45938802083333335,0.7325260416666667,0.001979166666666667,0.009309895833333333,0.9314659237861633,0.02143092080950737,0.5440070629119873,1.0,0.0,0.2933802306652069,0.0,0.4624060094356537,1.0,0.9800825715065002,0.019917428493499756
9,9080,0.34096595644950867,0.23376944661140442,0.15149126946926117,0.013947496190667152,0.1969140625,0.4845947325229645,0.9410079282471258,0.021493055555555557,1.0,0.0,0.28918087121212116,0.5433771306818181,0.45229166666666665,0.7313932291666667,0.0017838541666666667,0.009361979166666666,0.9309903383255005,0.021267568692564964,0.5442691445350647,1.0,0.0,0.29512763023376465,0.0,0.4626287817955017,1.0,0.9797302484512329,0.02026975154876709
9,9090,0.33634963631629944,0.23261958360671997,0.1467713862657547,0.013619262725114822,0.20032552083333333,0.4799322485923767,0.932608107206149,0.02231770833333334,1.0,0.0,0.33475378787878785,0.5502130681818181,0.46619791666666666,0.7283333333333334,0.0016536458333333334,0.010364583333333333,0.9315335154533386,0.021252067759633064,0.5443029403686523,1.0,0.0,0.29535308480262756,0.0,0.46265751123428345,1.0,0.9794067740440369,0.020593225955963135
9,9100,0.3350432515144348,0.23164960741996765,0.14620007574558258,0.014364143833518028,0.20893229166666666,0.47691813111305237,0.9314958747126099,0.022608506944444454,1.0,0.0,0.3667140151515151,0.5550071022727272,0.46975260416666664,0.7245442708333333,0.0014583333333333334,0.011067708333333334,0.9328658580780029,0.021271908655762672,0.5438337326049805,1.0,0.0,0.2922247052192688,0.0,0.4622586965560913,1.0,0.9791108965873718,0.020889103412628174
9,9110,0.3355601131916046,0.23170728981494904,0.14579196274280548,0.014115085825324059,0.2085546875,0.4845653772354126,0.9308377740220126,0.022543402777777777,1.0,0.0,0.3767755681818181,0.5565163352272727,0.46936197916666667,0.7228645833333334,0.0014973958333333334,0.0112890625,0.9336484670639038,0.02124297246336937,0.5438886284828186,1.0,0.0,0.2925910949707031,0.0,0.46230533719062805,1.0,0.9788408279418945,0.02115917205810547
9,9120,0.33396342396736145,0.23038265109062195,0.14493919909000397,0.013477983884513378,0.20352864583333333,0.490147203207016,0.9293317015048785,0.022669270833333338,1.0,0.0,0.326467803030303,0.5489701704545454,0.4681901041666667,0.7234375,0.0015234375,0.010182291666666666,0.9333987832069397,0.02133287861943245,0.5441380739212036,1.0,0.0,0.294253945350647,0.0,0.4625173807144165,1.0,0.9785966873168945,0.02140331268310547
9,9130,0.3320619761943817,0.23051205277442932,0.14602237939834595,0.013455629348754883,0.19908854166666667,0.4743075966835022,0.9311409043450641,0.022717013888888887,1.0,0.0,0.31226325757575757,0.5468394886363637,0.45352864583333335,0.7288151041666666,0.001328125,0.009869791666666667,0.932231068611145,0.021471146494150162,0.5443917512893677,1.0,0.0,0.2959449291229248,0.0,0.4627330005168915,1.0,0.9783564805984497,0.021643519401550293
9,9140,0.3324187695980072,0.23090678453445435,0.14520692825317383,0.013047623448073864,0.202734375,0.4763786792755127,0.9297066566271659,0.022825520833333335,1.0,0.0,0.3010179924242424,0.5451526988636364,0.4541145833333333,0.7274739583333333,0.0013020833333333333,0.009622395833333333,0.9345377683639526,0.021570147946476936,0.5443875193595886,1.0,0.0,0.29591676592826843,0.0,0.46272939443588257,1.0,0.9781261086463928,0.021873891353607178
9,9150,0.3329475224018097,0.23037098348140717,0.1445857286453247,0.013257166370749474,0.20109375,0.47313523292541504,0.9287639026967889,0.022608506944444454,1.0,0.0,0.3140388257575757,0.5471058238636364,0.45147135416666667,0.7297135416666667,0.0014453125,0.009908854166666667,0.9361264705657959,0.02170844003558159,0.5440070629119873,1.0,0.0,0.2933802306652069,0.0,0.4624060094356537,1.0,0.9778933525085449,0.022106647491455078
9,9160,0.33385518193244934,0.23174431920051575,0.14784212410449982,0.013766421936452389,0.20240885416666668,0.47896048426628113,0.9341814098093244,0.022795138888888893,1.0,0.0,0.3045691287878788,0.5456853693181818,0.4454166666666667,0.7292578125,0.0014583333333333334,0.009700520833333334,0.9298361539840698,0.025921165943145752,0.5444043874740601,1.0,0.0,0.2960295081138611,0.0,0.46274372935295105,1.0,0.9776521325111389,0.022347867488861084
9,9170,0.33353129029273987,0.2287498414516449,0.14482620358467102,0.01208663173019886,0.2004296875,0.47166088223457336,0.9293770234808963,0.022196180555555556,1.0,0.0,0.30220170454545453,0.5453302556818181,0.44891927083333333,0.7272526041666667,0.001640625,0.0096484375,0.9256664514541626,0.02844158001244068,0.5448694229125977,1.0,0.0,0.2991297245025635,0.0,0.46313902735710144,1.0,0.9774558544158936,0.022544145584106445
9,9180,0.344134122133255,0.22827114164829254,0.14134083688259125,0.01063604187220335,0.196484375,0.48381417989730835,0.9245941619893424,0.019965277777777783,1.0,0.0,0.25366950757575757,0.5380504261363637,0.4302734375,0.7341015625,0.0022135416666666666,0.008580729166666667,0.9211480617523193,0.03201356157660484,0.5447299480438232,1.0,0.0,0.2981996238231659,0.0,0.4630204737186432,1.0,0.9772911667823792,0.02270883321762085
9,9190,0.3489861786365509,0.2324114590883255,0.13786812126636505,0.01164111029356718,0.20447916666666666,0.4779316186904907,0.9190297586388058,0.019340277777777776,1.0,0.0,0.26491477272727265,0.5397372159090909,0.4537630208333333,0.7323567708333333,0.0021614583333333334,0.008828125,0.9184980392456055,0.03216370567679405,0.5442395210266113,1.0,0.0,0.2949303388595581,0.0,0.4626035988330841,1.0,0.9771676063537598,0.022832393646240234
9,9200,0.3502117991447449,0.23300442099571228,0.14137357473373413,0.011699164286255836,0.2093359375,0.5053523778915405,0.9249881061733278,0.019288194444444448,1.0,0.0,0.23236268939393936,0.534854403409091,0.4526171875,0.7348046875,0.0020833333333333333,0.008111979166666667,0.9166370630264282,0.032025642693042755,0.5438168048858643,1.0,0.0,0.29211196303367615,0.0,0.46224430203437805,1.0,0.9770710468292236,0.022928953170776367
9,9210,0.34514158964157104,0.2319740355014801,0.1382542997598648,0.01256481185555458,0.21380208333333334,0.495993047952652,0.9195769546684036,0.019552951388888892,1.0,0.0,0.2690577651515151,0.5403586647727272,0.45088541666666665,0.732734375,0.002486979166666667,0.008919270833333333,0.9151884317398071,0.03188282996416092,0.5430853962898254,1.0,0.0,0.28723621368408203,0.0,0.46162259578704834,1.0,0.9770058989524841,0.02299410104751587
9,9220,0.34195590019226074,0.23371578752994537,0.15283748507499695,0.010713521391153336,0.18856770833333333,0.5025660395622253,0.9431038476055504,0.02185763888888889,1.0,0.0,0.2844460227272727,0.542666903409091,0.47010416666666666,0.7236588541666666,0.0020052083333333332,0.0092578125,0.9139375686645508,0.031739186495542526,0.5421976447105408,1.0,0.0,0.28131765127182007,0.0,0.4608680009841919,1.0,0.9769711494445801,0.023028850555419922
9,9230,0.3110392391681671,0.23152141273021698,0.14571551978588104,0.009857340715825558,0.16881510416666667,0.5172758102416992,0.9305196069346534,0.022921006944444447,1.0,0.0,0.2767518939393939,0.5415127840909091,0.6177994791666667,0.7091015625,0.0008333333333333334,0.009088541666666667,0.9109971523284912,0.03296324610710144,0.5412845015525818,1.0,0.0,0.2752299904823303,0.0,0.46009182929992676,1.0,0.97694993019104,0.02305006980895996
9,9240,0.33174097537994385,0.23715341091156006,0.1782308965921402,0.011276667937636375,0.18916666666666668,0.5131372809410095,0.9858364278332801,0.022339409722222224,1.0,0.0,0.2572206439393939,0.5385830965909091,0.5194401041666666,0.7019921875,0.001015625,0.008658854166666667,0.9095728397369385,0.033769458532333374,0.5404094457626343,1.0,0.0,0.26939594745635986,0.0,0.45934805274009705,1.0,0.9769562482833862,0.02304375171661377
9,9250,0.33639225363731384,0.24276073276996613,0.17330947518348694,0.008980623446404934,0.16384114583333334,0.5310320258140564,0.9767818465768944,0.02334248469632652,1.0,0.0,0.23828124999999994,0.5357421875,0.49921875,0.6976302083333333,0.0005989583333333333,0.0082421875,0.9060972332954407,0.0359138585627079,0.5399824380874634,1.0,0.0,0.26654940843582153,0.0,0.4589850902557373,1.0,0.9769666194915771,0.02303338050842285
9,9260,0.30160996317863464,0.21242491900920868,0.11794041842222214,0.006147956941276789,0.1445703125,0.47773289680480957,0.8074205379208719,0.10902718505592446,1.0,0.0,0.3471827651515151,0.5520774147727272,0.5733072916666667,0.7205598958333334,0.0007942708333333334,0.010638020833333333,0.9040281772613525,0.038012124598026276,0.5393102169036865,1.0,0.0,0.2620682418346405,0.0,0.458413690328598,1.0,0.9770157933235168,0.022984206676483154
9,9270,0.326509952545166,0.21825771033763885,0.12595400214195251,0.007259954698383808,0.17591145833333333,0.4717947244644165,0.8515908130423424,0.0735753352457511,1.0,0.0,0.3430397727272727,0.551455965909091,0.5045963541666667,0.73109375,0.0022135416666666666,0.010546875,0.9033375382423401,0.037815161049366,0.5392637848854065,1.0,0.0,0.2617582082748413,0.0,0.4583742320537567,1.0,0.9771008491516113,0.022899150848388672
9,9280,0.3502880930900574,0.23101945221424103,0.13284844160079956,0.006424447987228632,0.157578125,0.4863643944263458,0.8422159901754462,0.09630070499641705,1.0,0.0,0.26728219696969696,0.5400923295454545,0.45953125,0.7318098958333333,0.0021875,0.008880208333333334,0.9043669700622559,0.03773455694317818,0.5383632183074951,1.0,0.0,0.25575509667396545,0.0,0.45760875940322876,1.0,0.9772045612335205,0.022795438766479492
9,9290,0.3469724953174591,0.22864587604999542,0.12064913660287857,0.008837785571813583,0.170078125,0.5187872648239136,0.8853577224965241,0.024646082668285045,1.0,0.0,0.22052556818181812,0.5330788352272727,0.5053515625,0.7390494791666666,0.0018098958333333333,0.0078515625,0.9053298234939575,0.037780024111270905,0.5376995205879211,1.0,0.0,0.25133025646209717,0.0,0.4570446014404297,1.0,0.9773162603378296,0.02268373966217041
9,9300,0.34516671299934387,0.22564348578453064,0.1228216141462326,0.010122699663043022,0.18901041666666665,0.5011979341506958,0.8935273763970432,0.01941840277777778,1.0,0.0,0.27556818181818177,0.5413352272727273,0.49244791666666665,0.7455208333333333,0.0020703125,0.0090625,0.905598521232605,0.03783562034368515,0.537268340587616,1.0,0.0,0.24845555424690247,0.0,0.4566780924797058,1.0,0.9774216413497925,0.02257835865020752
9,9310,0.3449823558330536,0.22594518959522247,0.12733744084835052,0.01113966479897499,0.1908203125,0.49685314297676086,0.9010740585510547,0.019609375000000005,1.0,0.0,0.2643229166666667,0.5396484375,0.5015234375,0.7395052083333333,0.0020963541666666665,0.008815104166666667,0.9058386087417603,0.03786394000053406,0.5371288061141968,1.0,0.0,0.24752548336982727,0.0,0.45655950903892517,1.0,0.9775347113609314,0.022465288639068604
9,9320,0.3471454977989197,0.22687485814094543,0.1293790191411972,0.011188877746462822,0.1880078125,0.5005344748497009,0.9045702698393765,0.01952690972222223,1.0,0.0,0.2524857954545454,0.5378728693181818,0.49766927083333334,0.7404166666666666,0.0021875,0.0085546875,0.9082236289978027,0.037878405302762985,0.5370273590087891,1.0,0.0,0.24684906005859375,0.0,0.4564732611179352,1.0,0.9776533842086792,0.0223466157913208
9,9330,0.345004141330719,0.22970597445964813,0.12289495766162872,0.007999415509402752,0.15408854166666666,0.50637286901474,0.8675812860279312,0.048374548324441824,1.0,0.0,0.19862689393939392,0.5297940340909091,0.5142317708333334,0.7443359375,0.0022265625,0.007369791666666667,0.9073015451431274,0.03785724192857742,0.5367568135261536,1.0,0.0,0.24504531919956207,0.0,0.4562433063983917,1.0,0.9777771234512329,0.02222287654876709
9,9340,0.34461984038352966,0.22688278555870056,0.1378944218158722,0.008336341939866543,0.15588541666666667,0.5081045031547546,0.9012319147500156,0.03964753994309321,1.0,0.0,0.189749053030303,0.5284623579545454,0.47868489583333335,0.7330859375,0.0025390625,0.007174479166666667,0.9063963890075684,0.037595584988594055,0.5367990732192993,1.0,0.0,0.2453271597623825,0.0,0.4562792181968689,1.0,0.977925181388855,0.02207481861114502
9,9350,0.33801308274269104,0.22549542784690857,0.12632283568382263,0.007401932030916214,0.1470703125,0.5060381293296814,0.8567185852728663,0.06785786914550837,1.0,0.0,0.24124053030303025,0.5361860795454545,0.482578125,0.7319791666666666,0.0027473958333333335,0.008307291666666666,0.9061294794082642,0.03754226118326187,0.5366257429122925,1.0,0.0,0.2441716194152832,0.0,0.4561319053173065,1.0,0.9780422449111938,0.021957755088806152
9,9360,0.34513476490974426,0.2230144739151001,0.14277511835098267,0.00741562619805336,0.1540625,0.4781089127063751,0.8853124288540223,0.06667213488319701,1.0,0.0,0.21993371212121213,0.5329900568181818,0.44893229166666665,0.734296875,0.0031640625,0.007838541666666667,0.9049187898635864,0.037409551441669464,0.5365242958068848,1.0,0.0,0.24349522590637207,0.0,0.45604565739631653,1.0,0.9781407117843628,0.021859288215637207
9,9370,0.34509676694869995,0.22910790145397186,0.13805025815963745,0.010281680151820183,0.16204427083333334,0.4968753159046173,0.9196787021098992,0.018658854166666666,1.0,0.0,0.2980587121212121,0.5447088068181818,0.46119791666666665,0.7348046875,0.0030729166666666665,0.009557291666666667,0.9109418392181396,0.03310650214552879,0.5365031361579895,1.0,0.0,0.24335430562496185,0.0,0.45602768659591675,1.0,0.9782791137695312,0.02172088623046875
9,9380,0.35129520297050476,0.23864033818244934,0.15710076689720154,0.010525581426918507,0.1584765625,0.5143303275108337,0.9509957155610762,0.02050347222222223,1.0,0.0,0.17613636363636362,0.5264204545454545,0.48856770833333335,0.7136848958333334,0.0030078125,0.006875,0.9147077798843384,0.03055281564593315,0.5362621545791626,1.0,0.0,0.24174784123897552,0.0,0.4558228552341461,1.0,0.9784705638885498,0.021529436111450195
9,9390,0.34723761677742004,0.23365290462970734,0.15357062220573425,0.009113726206123829,0.17444010416666667,0.5237439870834351,0.9448132912114136,0.020920138888888898,1.0,0.0,0.16074810606060605,0.524112215909091,0.4689713541666667,0.7271484375,0.002109375,0.006536458333333333,0.9189638495445251,0.02708582580089569,0.5367568135261536,1.0,0.0,0.24504533410072327,0.0,0.4562433063983917,1.0,0.978626012802124,0.021373987197875977
9,9400,0.3447537124156952,0.23241381347179413,0.14154811203479767,0.009118003770709038,0.16740885416666668,0.5209774971008301,0.9246736679627344,0.0205078125,1.0,0.0,0.2045454545454545,0.5306818181818181,0.5164713541666667,0.7302994791666667,0.00171875,0.0075,0.9216458201408386,0.027072709053754807,0.5371753573417664,1.0,0.0,0.24783550202846527,0.0,0.45659905672073364,1.0,0.9788206219673157,0.021179378032684326
9,9410,0.3343350291252136,0.2376328706741333,0.14452794194221497,0.009403815492987633,0.17165364583333334,0.535398006439209,0.9300289570368254,0.019882812500000006,1.0,0.0,0.21283143939393936,0.531924715909091,0.5911197916666666,0.70953125,0.001640625,0.007682291666666666,0.9240919947624207,0.02730584517121315,0.5371668934822083,1.0,0.0,0.24777913093566895,0.0,0.4565918743610382,1.0,0.9790460467338562,0.0209539532661438
9,9420,0.33156681060791016,0.22923439741134644,0.16794010996818542,0.010916493833065033,0.20014322916666666,0.5254992246627808,0.9696625699141086,0.019856770833333336,1.0,0.0,0.2548532196969696,0.5382279829545454,0.6328645833333333,0.6852734375,0.0015755208333333333,0.008606770833333333,0.9275885820388794,0.027392443269491196,0.5371161699295044,1.0,0.0,0.24744093418121338,0.0,0.4565487504005432,1.0,0.9792638421058655,0.02073615789413452
9,9430,0.33868664503097534,0.22514042258262634,0.14192679524421692,0.008903251960873604,0.189453125,0.503479540348053,0.9237409727891361,0.021413177005886047,1.0,0.0,0.24656723484848483,0.5369850852272727,0.5751302083333333,0.7254036458333334,0.0016927083333333334,0.008424479166666667,0.9296472668647766,0.027982298284769058,0.5374754667282104,1.0,0.0,0.24983654916286469,0.0,0.4568541646003723,1.0,0.9794543981552124,0.020545601844787598
9,9440,0.3422098159790039,0.2338544875383377,0.13285960257053375,0.010518992319703102,0.18401041666666668,0.49965953826904297,0.9115108351727835,0.01742621527777778,1.0,0.0,0.2826704545454545,0.5424005681818181,0.5298567708333334,0.7259375,0.002265625,0.00921875,0.9350672960281372,0.02676154486835003,0.5384435653686523,1.0,0.0,0.25629058480262756,0.0,0.45767703652381897,1.0,0.979653000831604,0.020346999168395996
9,9450,0.3479504883289337,0.2386278510093689,0.17458781599998474,0.011037942953407764,0.1849609375,0.5141297578811646,0.9802311103568119,0.021219618055555556,1.0,0.0,0.23295454545454544,0.5349431818181818,0.5617447916666667,0.6804166666666667,0.0030078125,0.008125,0.9374713897705078,0.027417412027716637,0.5399950742721558,1.0,0.0,0.2666339874267578,0.0,0.4589958190917969,1.0,0.9798576235771179,0.02014237642288208
9,9460,0.3500092029571533,0.23253801465034485,0.1573297381401062,0.010207452811300755,0.18528645833333332,0.49368661642074585,0.9513571636900944,0.020555555555555563,1.0,0.0,0.22407670454545447,0.5336115056818181,0.473984375,0.7259244791666667,0.0020442708333333333,0.0079296875,0.9428438544273376,0.025273222476243973,0.5412591099739075,1.0,0.0,0.27506089210510254,0.0,0.46007025241851807,1.0,0.9773686528205872,0.022631347179412842
9,9470,0.3498038351535797,0.228556290268898,0.14645779132843018,0.012424877844750881,0.21520833333333333,0.4887388050556183,0.9339046650258904,0.018663194444444448,1.0,0.0,0.3442234848484848,0.5516335227272727,0.4711197916666667,0.7331640625,0.0022395833333333334,0.010572916666666666,0.946861207485199,0.023177847266197205,0.5424555540084839,1.0,0.0,0.28303685784339905,0.0,0.4610872268676758,1.0,0.9776429533958435,0.022357046604156494
9,9480,0.3494319021701813,0.23009273409843445,0.1449301540851593,0.012558048591017723,0.21311197916666666,0.4848317503929138,0.9306770716569364,0.01994791666666667,1.0,0.0,0.3093039772727272,0.5463955965909091,0.47294270833333335,0.7302864583333334,0.002395833333333333,0.0098046875,0.9492539763450623,0.02336096577346325,0.5431742668151855,1.0,0.0,0.2878280580043793,0.0,0.46169814467430115,1.0,0.977904200553894,0.022095799446105957
9,9490,0.339864581823349,0.22706875205039978,0.14651867747306824,0.010482397861778736,0.19783854166666667,0.4618651270866394,0.931592338533483,0.02349392361111112,1.0,0.0,0.3365293560606061,0.550479403409091,0.45861979166666667,0.7152604166666666,0.0015234375,0.010403645833333334,0.9501899480819702,0.02346554584801197,0.5445439219474792,1.0,0.0,0.2969595789909363,0.0,0.4628623425960541,1.0,0.9762564897537231,0.023743510246276855
9,9500,0.34469908475875854,0.23104462027549744,0.15273824334144592,0.010355832055211067,0.20368489583333332,0.46299219131469727,0.9416793896397972,0.02437065972222223,1.0,0.0,0.2791193181818181,0.5418678977272727,0.4165755208333333,0.7183854166666667,0.00109375,0.009140625,0.9504209160804749,0.025277908891439438,0.546057403087616,1.0,0.0,0.30704930424690247,0.0,0.4641488194465637,1.0,0.9765052795410156,0.023494720458984375
9,9510,0.3461655378341675,0.2319663166999817,0.15462276339530945,0.010556814260780811,0.2048828125,0.4590117335319519,0.9448967892288144,0.02431423611111111,1.0,0.0,0.27438446969696967,0.5411576704545454,0.41161458333333334,0.7194401041666667,0.001015625,0.009036458333333334,0.9530425071716309,0.025349214673042297,0.5467041730880737,1.0,0.0,0.3113614022731781,0.0,0.46469855308532715,1.0,0.9759550094604492,0.02404499053955078
9,9520,0.3523467183113098,0.23733243346214294,0.1712639480829239,0.009144575335085392,0.18399739583333333,0.47168517112731934,0.9745019364458882,0.021427951388888894,1.0,0.0,0.2572206439393939,0.5385830965909091,0.3961328125,0.7302734375,0.0009635416666666667,0.008658854166666667,0.9548210501670837,0.025522826239466667,0.5470170378684998,1.0,0.0,0.3134469985961914,0.0,0.46496450901031494,1.0,0.9749701023101807,0.025029897689819336
9,9530,0.3481999635696411,0.24127967655658722,0.16047024726867676,0.008724681101739407,0.17998697916666667,0.48674917221069336,0.9478030619975464,0.0319138341271861,1.0,0.0,0.30279356060606055,0.5454190340909091,0.417265625,0.7183072916666666,0.0006770833333333334,0.009661458333333333,0.955410897731781,0.025647249072790146,0.5476638674736023,1.0,0.0,0.31775906682014465,0.0,0.46551430225372314,1.0,0.975241482257843,0.024758517742156982
9,9540,0.3620743453502655,0.24753427505493164,0.1757281869649887,0.010405026376247406,0.18248697916666667,0.48055553436279297,0.9814014203018613,0.022738715277777787,1.0,0.0,0.33416193181818177,0.5501242897727273,0.38859375,0.7157682291666667,0.0004427083333333333,0.0103515625,0.9582091569900513,0.025699414312839508,0.5481796264648438,1.0,0.0,0.3211974799633026,0.0,0.46595269441604614,1.0,0.9755262136459351,0.02447378635406494
9,9550,0.3503131568431854,0.2507067024707794,0.17388342320919037,0.008031495846807957,0.16971354166666666,0.46692129969596863,0.9517179976944218,0.05342079481276554,1.0,0.0,0.4069602272727272,0.5610440340909091,0.3843489583333333,0.7028125,0.001640625,0.011953125,0.9559542536735535,0.027110252529382706,0.5483022332191467,1.0,0.0,0.32201480865478516,0.0,0.4660569131374359,1.0,0.9751719236373901,0.024828076362609863
9,9560,0.345894455909729,0.2434932440519333,0.16874650120735168,0.012115966528654099,0.20369791666666667,0.4505069851875305,0.9695406868722704,0.022829861111111113,1.0,0.0,0.4182054924242424,0.5627308238636364,0.3925390625,0.7113671875,0.0017708333333333332,0.012200520833333334,0.9553033113479614,0.02928452380001545,0.5485685467720032,1.0,0.0,0.32379037141799927,0.0,0.46628329157829285,1.0,0.972012460231781,0.027987539768218994
9,9570,0.34630951285362244,0.24359627068042755,0.16877934336662292,0.012416701763868332,0.2075,0.44883936643600464,0.9696765610499258,0.022669270833333338,1.0,0.0,0.3874289772727273,0.5581143465909091,0.3875390625,0.7117838541666667,0.0016927083333333334,0.0115234375,0.9534946084022522,0.028305690735578537,0.5471396446228027,1.0,0.0,0.31426429748535156,0.0,0.4650686979293823,1.0,0.9722137451171875,0.0277862548828125
9,9580,0.34687185287475586,0.24371175467967987,0.1688787043094635,0.012509034015238285,0.20828125,0.4473121166229248,0.9699271756155878,0.022504340277777778,1.0,0.0,0.3986742424242423,0.5598011363636364,0.38838541666666665,0.7116276041666667,0.0015234375,0.011770833333333333,0.9566419124603271,0.02741696685552597,0.5472030639648438,1.0,0.0,0.314687043428421,0.0,0.46512261033058167,1.0,0.9725292325019836,0.027470767498016357
9,9590,0.36076608300209045,0.24612756073474884,0.16936317086219788,0.009707367047667503,0.17537760416666667,0.4551873803138733,0.970649385839446,0.022699652777777787,1.0,0.0,0.36789772727272724,0.5551846590909091,0.3956119791666667,0.712734375,0.0008854166666666666,0.01109375,0.9487795829772949,0.03733549267053604,0.5488095283508301,1.0,0.0,0.3253968358039856,0.0,0.4664881229400635,1.0,0.9725251197814941,0.02747488021850586
9,9600,0.34894901514053345,0.2426668256521225,0.17580601572990417,0.0078132851049304,0.17572916666666666,0.4625037610530853,0.9496640562682208,0.05897981133342273,1.0,0.0,0.3726325757575757,0.5558948863636364,0.39036458333333335,0.7165625,0.0006119791666666667,0.011197916666666667,0.9520371556282043,0.03621673583984375,0.5485432147979736,1.0,0.0,0.3236212730407715,0.0,0.46626174449920654,1.0,0.9722908735275269,0.027709126472473145
9,9610,0.35780152678489685,0.24438810348510742,0.17452256381511688,0.01071900688111782,0.1862890625,0.4610781967639923,0.9797278884435311,0.02200520833333333,1.0,0.0,0.2950994318181818,0.5442649147727273,0.39329427083333335,0.7145182291666666,0.00037760416666666666,0.0094921875,0.9548143148422241,0.0350562259554863,0.5541056394577026,1.0,0.009321807883679867,0.3389531672000885,0.0,0.47098979353904724,1.0,0.9717497825622559,0.02825021743774414
9,9620,0.3593645691871643,0.2519868016242981,0.16767467558383942,0.012946507893502712,0.17936197916666666,0.48696476221084595,0.967377435763677,0.023528645833333334,1.0,0.0,0.25662878787878785,0.5384943181818181,0.40265625,0.7229296875,0.000390625,0.008645833333333333,0.9535079002380371,0.038364674896001816,0.5539618730545044,1.0,0.009321807883679867,0.33799493312835693,0.0,0.4708676040172577,1.0,0.9709040522575378,0.029095947742462158
9,9630,0.3493388593196869,0.2448084056377411,0.17603260278701782,0.011187868192791939,0.18805989583333332,0.4681875705718994,0.9820511341502525,0.022469618055555557,1.0,0.0,0.34540719696969696,0.5518110795454545,0.38915364583333334,0.7085286458333333,0.0004166666666666667,0.010598958333333333,0.9497029185295105,0.0430479571223259,0.5543888807296753,1.0,0.009321807883679867,0.34084147214889526,0.0,0.47123056650161743,1.0,0.969781756401062,0.03021824359893799
9,9640,0.3552433252334595,0.24114373326301575,0.17631182074546814,0.01179614569991827,0.19934895833333333,0.4659520387649536,0.9825041255991684,0.022508680555555563,1.0,0.0,0.31877367424242425,0.5478160511363637,0.390390625,0.71953125,0.0005989583333333333,0.010013020833333334,0.9486162662506104,0.04558764770627022,0.556435763835907,1.0,0.011413626372814178,0.34960657358169556,0.0,0.4729704260826111,1.0,0.9684024453163147,0.0315975546836853
9,9650,0.33376356959342957,0.22781431674957275,0.11860214918851852,0.008273930288851261,0.18188802083333333,0.5021350383758545,0.8641572583398585,0.04705380640358621,1.0,0.0,0.2998342803030303,0.5449751420454545,0.4786067708333333,0.7178515625,0.00078125,0.009596354166666666,0.9480774402618408,0.04612351208925247,0.5586145520210266,1.0,0.011454418301582336,0.36403658986091614,0.0,0.47482237219810486,1.0,0.9667284488677979,0.03327155113220215
9,9660,0.5273160934448242,0.40533629059791565,0.26755136251449585,0.009599393233656883,0.089453125,0.400877445936203,0.9665603298611111,0.0668793402777778,1.0,0.0,0.27024147727272724,0.5405362215909091,0.30298177083333333,0.29734375,0.0010026041666666666,0.0089453125,0.9501169919967651,0.04387461766600609,0.5602533221244812,1.0,0.016390260308980942,0.3634447157382965,0.18238142132759094,0.47621533274650574,0.7754849195480347,0.9647636413574219,0.035236358642578125
9,9670,0.6373304724693298,0.2338855266571045,0.1288124918937683,0.015687255188822746,0.23923177083333333,0.7581976652145386,0.9133749862817618,0.0,1.0,0.0,0.024029356060606053,0.503604403409091,0.389140625,0.30592447916666665,0.0004166666666666667,0.0035286458333333333,0.9511237144470215,0.04329177364706993,0.5647529363632202,1.0,0.026516485959291458,0.3698142170906067,0.0,0.4800400137901306,1.0,0.9624727964401245,0.03752720355987549
9,9680,0.3658740818500519,0.22139589488506317,0.20106840133666992,0.02106490544974804,0.23760416666666667,0.6433478593826294,0.9999999999999999,0.0,1.0,0.0,0.35310132575757575,0.5529651988636364,0.8103255208333333,0.48130208333333335,0.0076692708333333335,0.010768229166666667,0.9493875503540039,0.045826055109500885,0.5687698125839233,1.0,0.03461126610636711,0.3777056336402893,0.0,0.4834543466567993,1.0,0.959865927696228,0.04013407230377197
9,9690,0.2774598300457001,0.14997832477092743,0.1542433202266693,0.005615605507045984,0.14778645833333334,0.5986582040786743,0.7655675943733994,0.22823694700420633,1.0,0.0,0.5342092803030303,0.5801313920454545,0.9206380208333333,0.19915364583333334,0.002903645833333333,0.014752604166666667,0.9482638835906982,0.04765866696834564,0.5726417303085327,1.0,0.04207458719611168,0.3861043453216553,0.0,0.4867454767227173,0.8782792091369629,0.9358421564102173,0.06415784358978271
9,9700,0.4071718752384186,0.23094557225704193,0.21592074632644653,0.016921866685152054,0.2337109375,0.5166386365890503,0.9999999999999999,0.0,1.0,0.0,0.2992424242424242,0.5448863636363637,0.8081901041666667,0.14036458333333332,0.04834635416666667,0.009583333333333333,0.9496614933013916,0.046577733010053635,0.575912356376648,1.0,0.05067029595375061,0.3878517150878906,0.0,0.48952552676200867,1.0,0.9118128418922424,0.08818715810775757
9,9710,0.40492841601371765,0.2378418892621994,0.19715692102909088,0.04369548708200455,0.27067708333333335,0.32724127173423767,0.9999999999999999,0.0,1.0,0.19575794956140358,0.6010890151515151,0.6586786346192186,0.6110416666666667,0.08067708333333333,0.27438802083333336,0.016223958333333333,0.9520584344863892,0.043769169598817825,0.5780612230300903,1.0,0.06005900353193283,0.3802703619003296,0.020251572132110596,0.49135205149650574,0.932835042476654,0.8877865076065063,0.11221349239349365
9,9720,0.4317147433757782,0.2301212102174759,0.2612861096858978,0.005923633463680744,0.13821614583333333,0.305857390165329,0.9174633368304589,0.09379166269266023,1.0,0.0,0.25426136363636365,0.5381392045454545,0.5334895833333333,0.26662760416666664,0.16731770833333334,0.00859375,0.9530237913131714,0.042721301317214966,0.581030011177063,1.0,0.06780460476875305,0.3819895386695862,0.0,0.49387553334236145,0.8966158628463745,0.8637444376945496,0.13625556230545044
9,9730,0.3976871967315674,0.2213790863752365,0.2632072865962982,0.00507131963968277,0.13311197916666667,0.2998303771018982,0.8945963805768548,0.11977684025357407,1.0,0.0,0.316998106060606,0.5475497159090909,0.5021744791666667,0.13278645833333333,0.1599609375,0.009973958333333333,0.9543313980102539,0.041880156844854355,0.5838077664375305,1.0,0.06995517015457153,0.39548948407173157,0.0,0.4962366223335266,1.0,0.8396918773651123,0.1603081226348877
9,9740,0.4119933247566223,0.2389512062072754,0.2732701301574707,0.006203885655850172,0.15161458333333333,0.28376007080078125,0.9249822980837851,0.08524738854115327,1.0,0.04392817982456141,0.4868607954545454,0.5884039822567783,0.485546875,0.14436197916666665,0.21669270833333334,0.0137109375,0.955186128616333,0.040810175240039825,0.5877302885055542,1.0,0.07874667644500732,0.4011262059211731,0.0,0.49957075715065,1.0,0.815636157989502,0.18436384201049805
9,9750,0.37370043992996216,0.2347654104232788,0.2668846845626831,0.00788506492972374,0.15921875,0.29692399501800537,0.9700871078706369,0.033991922874276215,1.0,0.0008566337719297759,0.6371922348484848,0.5958786570474481,0.4491015625,0.22352864583333334,0.20032552083333333,0.017018229166666666,0.9557880759239197,0.04000113159418106,0.5879839658737183,1.0,0.07874667644500732,0.4028172492980957,0.0,0.499786376953125,0.9467334747314453,0.7915633916854858,0.20843660831451416
9,9760,0.45532017946243286,0.27708470821380615,0.2942655086517334,0.00879683718085289,0.17484375,0.28408294916152954,0.9945492902180043,0.0061939883886313885,1.0,0.10365268640350873,0.39453125000000006,0.5954581277412281,0.39993489583333336,0.3875911458333333,0.23938802083333333,0.0116796875,0.9617468118667603,0.038369253277778625,0.5893330574035645,1.0,0.08228743076324463,0.40355002880096436,0.14160402119159698,0.5009331107139587,0.7132754921913147,0.7675078511238098,0.23249214887619019
9,9770,0.4104115962982178,0.21565841138362885,0.22510384023189545,0.008652644231915474,0.20244791666666667,0.23551549017429352,0.9906806989050493,0.010590114880625778,1.0,0.2126507675438597,0.551964962121212,0.6572225129585327,0.3664322916666667,0.33119791666666665,0.2808072916666667,0.015143229166666666,0.9633392095565796,0.03518452122807503,0.5926802754402161,1.0,0.08906054496765137,0.41006043553352356,0.0,0.5037782192230225,0.9868478178977966,0.743461549282074,0.256538450717926
9,9780,0.40564820170402527,0.22375869750976562,0.26219993829727173,0.006510833743959665,0.17059895833333333,0.2506614625453949,0.9332174906916008,0.07588921512318092,1.0,0.16999040570175436,0.5531486742424241,0.6424689431319777,0.458515625,0.3336588541666667,0.26459635416666666,0.015169270833333333,0.9647449254989624,0.03827456757426262,0.5960164666175842,1.0,0.08920739591121674,0.4319590926170349,0.0,0.5066140294075012,1.0,0.7194239497184753,0.28057605028152466
9,9790,0.3840784728527069,0.21615615487098694,0.2382553368806839,0.006999556440860033,0.1803515625,0.28188246488571167,0.9463295630474643,0.06098913290060873,1.0,0.15672971491228074,0.5750473484848485,0.6411125024920256,0.4893880208333333,0.35125,0.2595572916666667,0.015651041666666667,0.9171258807182312,0.03827456757426262,0.5696847438812256,0.9523810148239136,0.08920739591121674,0.41514474153518677,0.0,0.4842320382595062,1.0,0.6953649520874023,0.30463504791259766
9,9800,0.4224538207054138,0.21223443746566772,0.2477184534072876,0.010712184943258762,0.22065104166666666,0.2470133751630783,0.9999999999999999,0.0,1.0,0.18050986842105268,0.40459280303030304,0.6238673744019139,0.4752734375,0.2822265625,0.26859375,0.011901041666666667,0.8806703090667725,0.02740614116191864,0.5420594811439514,0.9047619700431824,0.08920739591121674,0.38970619440078735,0.0,0.4607505798339844,1.0,0.6713781356811523,0.32862186431884766
9,9810,0.42576929926872253,0.2136295884847641,0.22942517697811127,0.010929820127785206,0.204375,0.24447891116142273,0.9999999999999999,0.0,1.0,0.19716282894736836,0.21342329545454541,0.6010204844497608,0.45360677083333334,0.2838411458333333,0.274921875,0.0076953125,0.8330512642860413,0.02740614116191864,0.5161125063896179,0.8571429252624512,0.08920739591121674,0.3754565715789795,0.0,0.43869563937187195,1.0,0.6473686695098877,0.3526313304901123
9,9820,0.4265253245830536,0.2136392444372177,0.215601846575737,0.01161899697035551,0.1895703125,0.24368822574615479,0.9999999999999999,0.0,1.0,0.16265762061403502,0.3312026515151515,0.606610564942185,0.43604166666666666,0.31373697916666665,0.2618098958333333,0.010286458333333333,0.7854322195053101,0.02740614116191864,0.48474687337875366,0.8095238208770752,0.0798855870962143,0.3468332886695862,0.0,0.4120348393917084,1.0,0.6233394145965576,0.3766605854034424
9,9830,0.411453515291214,0.20380716025829315,0.2046814262866974,0.00880764052271843,0.1861328125,0.2406519055366516,0.9948391359753724,0.005864618209803968,1.0,0.04516173245614033,0.5401278409090908,0.5968257824960128,0.45927083333333335,0.24104166666666665,0.21716145833333333,0.0148828125,0.7417434453964233,0.02293987199664116,0.4591211676597595,0.761904776096344,0.0798855870962143,0.33472561836242676,0.03140375018119812,0.3902530074119568,1.0,0.5993262529373169,0.4006737470626831
9,9840,0.43597665429115295,0.2185288965702057,0.2442294955253601,0.024957144632935524,0.2487890625,0.24441571533679962,0.9999999999999999,0.0,1.0,0.18462171052631576,0.46377840909090906,0.634184360047847,0.453359375,0.273984375,0.27015625,0.013203125,0.6991435885429382,0.017236212268471718,0.4330473840236664,0.7142857313156128,0.0798855870962143,0.3196304440498352,0.0,0.36809027194976807,1.0,0.5753476619720459,0.4246523380279541
9,9850,0.4122011661529541,0.21501424908638,0.2077856808900833,0.008818985894322395,0.18701822916666666,0.2492465227842331,0.9951435239940155,0.005518722734073306,1.0,0.0,0.3542850378787878,0.5531427556818181,0.4618229166666667,0.286484375,0.1778515625,0.010794270833333333,0.6550968885421753,0.01317681185901165,0.40502816438674927,0.6666666865348816,0.07779376953840256,0.29644662141799927,0.0,0.34427395462989807,1.0,0.5513819456100464,0.4486180543899536
9,9860,0.41310063004493713,0.19729289412498474,0.19084057211875916,0.008802655152976513,0.21178385416666667,0.2497485876083374,0.9892911704029977,0.012784375877278615,1.0,0.07435581140350872,0.31522253787878785,0.5733079146730462,0.5225520833333334,0.26412760416666664,0.22825520833333332,0.009934895833333334,0.6089022159576416,0.011558149009943008,0.37665295600891113,0.6190476417541504,0.0777529776096344,0.266104131937027,0.0,0.3201550245285034,1.0,0.5274207592010498,0.4725792407989502
9,9870,0.4330183267593384,0.23400071263313293,0.2582866847515106,0.009335454553365707,0.203984375,0.25983312726020813,0.9999999999999999,0.0,1.0,0.142235471491228,0.4069602272727272,0.6108264491128389,0.44973958333333336,0.22329427083333334,0.25404947916666665,0.011953125,0.5615427494049072,0.011263197287917137,0.3482978343963623,0.5714285969734192,0.0728171318769455,0.24731692671775818,0.0,0.2960531711578369,1.0,0.5061797499656677,0.4938202500343323
9,9880,0.40748003125190735,0.21732951700687408,0.24659812450408936,0.0068715764209628105,0.1789453125,0.2562687397003174,0.9428959527575388,0.06489096277552406,1.0,0.0030838815789473394,0.48390151515151514,0.5736645858253588,0.473671875,0.26983072916666667,0.201171875,0.013645833333333333,0.5143674612045288,0.010758906602859497,0.3170015215873718,0.523809552192688,0.06269089877605438,0.22103288769721985,0.0,0.2694512903690338,1.0,0.48219311237335205,0.517806887626648
