video,frame,brightness,contrast,center_contrast,sharpness,edge_density,saturation,visibility_score,no_vision_score,brown_deposit_score,light_deposit_score,dark_structure_score,dirt_deposit_score,brown_fraction,yellow_fraction,light_deposit_fraction,dark_structure_fraction,visibility_score_smooth,no_vision_score_smooth,dirt_deposit_score_smooth,brown_deposit_score_smooth,light_deposit_score_smooth,dark_structure_score_smooth,feature_anomaly_score,anomaly_score,pipe_similarity_score,inspection_active_score,handling_score
4,0,0.9274110198020935,0.20399419963359833,0.3388802111148834,0.03506060317158699,0.03979166666666667,0.07449851930141449,0.7886538461538461,0.32371794871794873,0.0,0.0,0.0,0.0,0.0,0.020494791666666668,0.017591145833333332,0.0,0.46417734026908875,0.07608017325401306,0.23626869916915894,0.2957162857055664,0.1528218388557434,0.23281925916671753,0.9088335037231445,0.9088335037231445,0.34174931049346924,0.4370642304420471,0.5629357695579529
4,10,0.927407443523407,0.2041858285665512,0.33917996287345886,0.03576112911105156,0.0398046875,0.07398346066474915,0.7886899038461538,0.32367788461538466,0.0,0.0,0.0,0.0,0.0,0.020520833333333332,0.017799479166666667,0.0,0.49261119961738586,0.08980686217546463,0.25151199102401733,0.3262028694152832,0.1528218388557434,0.23281925916671753,0.9094955921173096,0.9094955921173096,0.34174931049346924,0.46086519956588745,0.5391348004341125
4,20,0.7400465607643127,0.25827789306640625,0.19995082914829254,0.01628512144088745,0.127734375,0.051481518894433975,0.9479448784722221,0.10411024305555559,0.0,0.3188733552631579,0.0,0.11160567434210526,0.0031380208333333334,0.00048177083333333335,0.321171875,0.0017057291666666666,0.5121131539344788,0.11480966210365295,0.25527969002723694,0.3337382972240448,0.1528218388557434,0.23281925916671753,0.5989536046981812,0.5989536046981812,0.6858834624290466,0.48481664061546326,0.5151833295822144
4,30,0.6228177547454834,0.24833738803863525,0.24261850118637085,0.15991218388080597,0.3434765625,0.2639114558696747,0.9999999999999999,0.0,1.0,0.6337719298245615,0.04592803030303029,0.728709379984051,0.47151041666666665,0.0077473958333333336,0.44083333333333335,0.0040104166666666665,0.5536944270133972,0.12171570211648941,0.27908921241760254,0.381357342004776,0.1528218388557434,0.23281925916671753,0.28907060623168945,0.28907060623168945,0.8370269536972046,0.5089868307113647,0.49101316928863525
4,40,0.41338321566581726,0.24506838619709015,0.21384769678115845,0.10372579097747803,0.25252604166666665,0.25066080689430237,0.9999999999999999,0.0,0.9785563151041667,0.43780838815789486,0.23295454545454544,0.6774542752255284,0.4125,0.0006380208333333333,0.3663671875,0.008125,0.5994621515274048,0.12171570211648941,0.30653274059295654,0.4289763867855072,0.1528218388557434,0.2570459246635437,0.0,0.2605528235435486,1.0,0.5331457257270813,0.4668542742729187
4,50,0.4381539821624756,0.2529343068599701,0.24729131162166595,0.021334931254386902,0.22932291666666665,0.25058236718177795,0.9999999999999999,0.0,0.9601643880208335,0.6442913925438597,1.0,0.8555841814007676,0.40684895833333334,0.00040364583333333333,0.44483072916666666,0.0348828125,0.6455403566360474,0.12171570211648941,0.3334774076938629,0.4765954315662384,0.1528218388557434,0.2779468894004822,0.2289661020040512,0.28345581889152527,1.0,0.5572249889373779,0.44277501106262207
4,60,0.4349471926689148,0.22798758745193481,0.23942971229553223,0.02408318780362606,0.21450520833333334,0.26816263794898987,0.9999999999999999,0.0,1.0,0.5398848684210527,0.5152698863636364,0.7662501869019138,0.45798177083333336,0.0002734375,0.40515625,0.0143359375,0.6914774179458618,0.12171570211648941,0.36056578159332275,0.524214506149292,0.1528218388557434,0.2998061180114746,0.12642525136470795,0.30648091435432434,1.0,0.5812519788742065,0.41874802112579346
4,70,0.3874891400337219,0.23443706333637238,0.20040260255336761,0.10016791522502899,0.2805989583333333,0.23973190784454346,0.9999999999999999,0.0,0.6680094401041669,0.43797971491228077,1.0,0.6372976202713817,0.3117578125,0.0020052083333333332,0.3664322916666667,0.042916666666666665,0.7373729348182678,0.12171570211648941,0.38721033930778503,0.5718335509300232,0.1528218388557434,0.31870603561401367,0.34891819953918457,0.34891819953918457,0.893437922000885,0.6052372455596924,0.3947627544403076
4,80,0.34600701928138733,0.2302657812833786,0.2134038656949997,0.009117895737290382,0.19669270833333333,0.24077998101711273,0.9999999999999999,0.0,0.6033121744791666,0.1966488486842105,1.0,0.520483184279057,0.29260416666666667,0.0004557291666666667,0.2747265625,0.03958333333333333,0.7832568287849426,0.12171570956707001,0.4140704274177551,0.6194525957107544,0.1528218388557434,0.33904334902763367,0.0,0.35195988416671753,1.0,0.6291939616203308,0.3708060383796692
4,90,0.06539149582386017,0.12698987126350403,0.10839090496301651,0.0021119150333106518,0.0365625,0.6315413117408752,0.3277043790241623,0.726181758442932,0.0,0.0,0.46673768939393934,0.07001065340909089,0.0673046875,0.00046875,0.0223828125,0.013268229166666666,0.8291411399841309,0.12171570211648941,0.44087982177734375,0.6670717000961304,0.1528218388557434,0.3590424358844757,0.23039117455482483,0.3747478723526001,0.8206467628479004,0.6531069278717041,0.3468930721282959
4,100,0.2519334852695465,0.1983625590801239,0.22192171216011047,0.005198404658585787,0.123515625,0.531597912311554,0.8947310968052323,0.11999589929402603,1.0,0.0,0.6283143939393939,0.5942471590909091,0.7491927083333333,0.44459635416666665,0.01921875,0.016822916666666667,0.8765142560005188,0.12179011106491089,0.46719038486480713,0.7146906852722168,0.1528218388557434,0.37571588158607483,0.0,0.39711183309555054,1.0,0.6769599914550781,0.3230400085449219
4,110,0.888414740562439,0.19817224144935608,0.038640089333057404,0.010529163293540478,0.04962239583333333,0.22679443657398224,0.5971112096615326,0.2882603018253278,0.6402180989583334,0.0,0.0,0.3201090494791667,0.13434895833333332,0.17052083333333334,0.008033854166666667,0.0011067708333333333,0.8849657773971558,0.10637497156858444,0.49278223514556885,0.7623097896575928,0.1528218388557434,0.38759809732437134,0.4366772472858429,0.4366772472858429,0.7094159126281738,0.7007756233215332,0.2992243766784668
4,120,0.945437490940094,0.11637070775032043,0.0507010743021965,0.01588965207338333,0.0423046875,0.1542057991027832,0.409540829704358,0.5250588075472759,0.15824381510416666,0.0,0.0,0.07912190755208333,0.0398046875,0.11083333333333334,0.007122395833333333,0.0004947916666666667,0.8936147093772888,0.09096173942089081,0.518281102180481,0.8099287748336792,0.1528218388557434,0.39886024594306946,0.5726754069328308,0.5726754069328308,0.6039604544639587,0.724566638469696,0.27543336153030396
4,130,0.44142934679985046,0.19584950804710388,0.19740471243858337,0.004583458881825209,0.16606770833333334,0.6126337051391602,0.8732064495090305,0.14502687372903272,1.0,0.0,0.0,0.5,0.8850651041666666,0.36138020833333334,0.004388020833333333,0.0024088541666666668,0.8941553235054016,0.0860041081905365,0.5382920503616333,0.8575478792190552,0.13763739168643951,0.40896689891815186,0.0,0.45754826068878174,1.0,0.7483093738555908,0.2516906261444092
4,140,0.37030836939811707,0.2347428947687149,0.1570264846086502,0.024560073390603065,0.2872135416666667,0.5843616724014282,0.9611217431838696,0.0,1.0,0.0,0.5087594696969696,0.5763139204545454,0.7180598958333333,0.1462109375,0.016432291666666668,0.014192708333333333,0.8924670815467834,0.08601440489292145,0.5288917422294617,0.8575478792190552,0.10745777189731598,0.41671741008758545,0.0,0.44955798983573914,1.0,0.7720165252685547,0.2279834747314453
4,150,0.3880251944065094,0.24326419830322266,0.1608797162771225,0.030156927183270454,0.3018880208333333,0.589601457118988,0.9676425967766688,0.0,1.0,0.0,0.4389204545454546,0.5658380681818181,0.6921354166666667,0.12408854166666666,0.017122395833333335,0.01265625,0.8903478384017944,0.08601440489292145,0.5214037299156189,0.8585690259933472,0.08660975098609924,0.4120389223098755,0.0,0.4431931972503662,1.0,0.7956609725952148,0.20433902740478516
4,160,0.38738781213760376,0.24314382672309875,0.1591278463602066,0.029837509617209435,0.30203125,0.5907711982727051,0.9646778938403496,0.0,1.0,0.0,0.4590435606060606,0.5688565340909091,0.6910807291666666,0.12580729166666665,0.01703125,0.013098958333333334,0.8887399435043335,0.08601440489292145,0.5054502487182617,0.8604658842086792,0.055929213762283325,0.3709471821784973,0.0,0.4296327233314514,1.0,0.8192440271377563,0.18075597286224365
4,170,0.3869679272174835,0.24305611848831177,0.1586132049560547,0.029571564868092537,0.3001302083333333,0.5915728807449341,0.9638069622333233,0.0,1.0,0.0,0.3968986742424242,0.5595348011363637,0.690703125,0.12813802083333334,0.016653645833333335,0.011731770833333334,0.8878552317619324,0.08601440489292145,0.49405092000961304,0.8604658842086792,0.030220407992601395,0.35493889451026917,0.0,0.41994330286979675,1.0,0.8427549004554749,0.15724509954452515
4,180,0.3870718777179718,0.24252711236476898,0.15846788883209229,0.029470380395650864,0.30106770833333335,0.5937995910644531,0.9635610426389253,0.0,1.0,0.0,0.42708333333333326,0.5640625,0.69234375,0.129921875,0.0170703125,0.012395833333333333,0.8868941068649292,0.08601440489292145,0.488694965839386,0.8762749433517456,0.009364231489598751,0.31520000100135803,0.0,0.4153907299041748,1.0,0.8661850690841675,0.13381493091583252
4,190,0.38730040192604065,0.2429966926574707,0.15847359597682953,0.02900606207549572,0.2992708333333333,0.6005851626396179,0.9635707008838653,0.0,1.0,0.0,0.4199810606060605,0.5629971590909091,0.6951302083333334,0.11717447916666666,0.016966145833333335,0.012239583333333333,0.8859260082244873,0.08601440489292145,0.48888468742370605,0.8951648473739624,0.0,0.27534833550453186,0.0,0.4155519902706146,1.0,0.8895406723022461,0.1104593276977539
4,200,0.34791070222854614,0.21818087995052338,0.1774100363254547,0.03209148719906807,0.2787890625,0.559664249420166,0.9948357345507696,0.001562500000000004,1.0,0.0,0.35014204545454547,0.5525213068181818,0.765390625,0.166171875,0.028671875,0.010703125,0.9170315861701965,0.0524229034781456,0.5107453465461731,0.9427838921546936,0.0,0.2623556852340698,0.0,0.4341335594654083,1.0,0.9128745794296265,0.08712542057037354
4,210,0.37421712279319763,0.20702651143074036,0.15998883545398712,0.03568506985902786,0.3001302083333333,0.625089704990387,0.9661349523067474,0.0,1.0,0.0,0.24952651515151514,0.5374289772727273,0.8096744791666667,0.07821614583333333,0.018776041666666667,0.008489583333333333,0.9220443964004517,0.046708814799785614,0.507371723651886,0.9427839517593384,0.0,0.23986516892910004,0.0,0.4312659800052643,1.0,0.9242901802062988,0.07570981979370117
4,220,0.38405847549438477,0.2023615539073944,0.1624605506658554,0.03280603513121605,0.305703125,0.6402864456176758,0.970317854972986,0.0,1.0,0.0,0.2365056818181818,0.5354758522727273,0.8200390625,0.07283854166666667,0.016979166666666667,0.008203125,0.9412295818328857,0.03298213332891464,0.5177034139633179,0.9599164128303528,0.0,0.2516346573829651,0.0,0.4400479197502136,1.0,0.9355069994926453,0.06449300050735474
4,230,0.3880217671394348,0.20059601962566376,0.15594860911369324,0.024611275643110275,0.2768098958333333,0.6617034077644348,0.959297646192404,0.0,1.0,0.0,0.21223958333333331,0.5318359375,0.8153125,0.069453125,0.016471354166666667,0.0076692708333333335,0.9671040773391724,0.007979332469403744,0.539603590965271,1.0,0.0,0.26402416825294495,0.0,0.45866307616233826,1.0,0.9413850903511047,0.058614909648895264
4,240,0.39418837428092957,0.19991350173950195,0.15915293991565704,0.015775131061673164,0.2533984375,0.6717255115509033,0.9645473633362697,0.00021624565124516159,1.0,0.0,0.20868844696969696,0.5313032670454545,0.8125911458333334,0.0585546875,0.0139453125,0.007591145833333333,0.9645617008209229,0.006255850661545992,0.5408025979995728,1.0,0.0,0.27201706171035767,0.0,0.4596822261810303,1.0,0.9451462626457214,0.054853737354278564
4,250,0.3965519964694977,0.20128951966762543,0.15370166301727295,0.014224354177713394,0.24063802083333333,0.6588913798332214,0.955495122029231,0.0,1.0,0.0,0.13470643939393936,0.5202059659090909,0.8117708333333333,0.053098958333333335,0.011927083333333333,0.0059635416666666665,0.9540001749992371,0.01247540395706892,0.5382533669471741,1.0,0.0,0.2550223469734192,0.0,0.4575153887271881,1.0,0.9466433525085449,0.05335664749145508
4,260,0.3964622914791107,0.20382145047187805,0.16004808247089386,0.01602562889456749,0.2514192708333333,0.6698328852653503,0.9662352164892049,0.0,1.0,0.0,0.13707386363636362,0.5205610795454545,0.8030989583333333,0.052786458333333335,0.012552083333333333,0.006015625,0.9474799633026123,0.017638497054576874,0.5362790822982788,1.0,0.0,0.24186058342456818,0.0,0.455837219953537,1.0,0.9479026198387146,0.0520973801612854
4,270,0.39938879013061523,0.2051100879907608,0.16902092099189758,0.016680411994457245,0.245078125,0.6627197861671448,0.9814200201401343,0.0,1.0,0.0,0.17909564393939392,0.5268643465909091,0.7948567708333333,0.049895833333333334,0.0155859375,0.0069401041666666665,0.9430662393569946,0.023721182718873024,0.5341315269470215,1.0,0.0,0.22754329442977905,0.0,0.45401179790496826,1.0,0.9487900733947754,0.05120992660522461
4,280,0.3996453285217285,0.20749613642692566,0.16807396709918976,0.014775442890822887,0.24111979166666667,0.6535497307777405,0.9798174827832441,0.0,1.0,0.0,0.16548295454545453,0.5248224431818181,0.7949609375,0.052760416666666664,0.014622395833333333,0.006640625,0.9404420256614685,0.028859972953796387,0.5324743390083313,1.0,0.0,0.2164953202009201,0.0,0.45260319113731384,1.0,0.9507424235343933,0.04925757646560669
4,290,0.39764007925987244,0.20623470842838287,0.1679869145154953,0.013455642387270927,0.23897135416666668,0.6535314321517944,0.9796701630262227,0.0,1.0,0.0,0.1631155303030303,0.5244673295454545,0.79765625,0.05078125,0.015026041666666667,0.006588541666666667,0.935722291469574,0.03499037027359009,0.5306437611579895,1.0,0.0,0.20429182052612305,0.0,0.45104721188545227,1.0,0.951007604598999,0.04899239540100098
4,300,0.40872061252593994,0.2127283215522766,0.17952163517475128,0.008319060318171978,0.21375,0.6492350101470947,0.9809213461116041,0.02076035615329333,1.0,0.0,0.19389204545454544,0.5290838068181818,0.7750260416666667,0.06016927083333334,0.008671875,0.007265625,0.928330659866333,0.04107506573200226,0.5291599035263062,1.0,0.0,0.19439935684204102,0.0,0.44978591799736023,1.0,0.9551469683647156,0.044853031635284424
4,310,0.4095652401447296,0.22332946956157684,0.20843110978603363,0.012661133892834187,0.23286458333333335,0.6371468305587769,0.9999999999999999,0.0,1.0,0.0,0.15601325757575757,0.5234019886363637,0.7652734375,0.09755208333333333,0.020911458333333334,0.006432291666666667,0.9240847826004028,0.045805126428604126,0.528174877166748,1.0,0.0,0.1878325641155243,0.0,0.4489486515522003,1.0,0.9549946188926697,0.04500538110733032
4,320,0.4196348190307617,0.23640577495098114,0.19946865737438202,0.009962552227079868,0.22104166666666666,0.7581965327262878,0.9999999999999999,0.0,1.0,0.0,0.2471590909090909,0.5370738636363637,0.6622135416666667,0.031145833333333334,0.004296875,0.0084375,0.9211752414703369,0.04859597235918045,0.5279592275619507,1.0,0.0,0.18639519810676575,0.0,0.448765367269516,1.0,0.958979070186615,0.04102092981338501
4,330,0.3633006513118744,0.20878735184669495,0.15217068791389465,0.009563546627759933,0.20893229166666666,0.6958698034286499,0.9529042410850525,0.0,1.0,0.0,0.2601799242424242,0.5390269886363637,0.7461067708333333,0.019361979166666668,0.00109375,0.008723958333333334,0.9148591160774231,0.05265413224697113,0.5274689197540283,1.0,0.0,0.18312589824199677,0.0,0.4483485817909241,1.0,0.9652124643325806,0.034787535667419434
4,340,0.39785757660865784,0.2104385942220688,0.13012157380580902,0.005430252756923437,0.15084635416666667,0.59780353307724,0.8198166491498028,0.10883375741087081,1.0,0.0,0.16785037878787878,0.5251775568181818,0.7578776041666667,0.04438802083333333,0.0012369791666666666,0.0066927083333333335,0.9103898406028748,0.05602991208434105,0.5269954204559326,1.0,0.0,0.17996934056282043,0.0,0.44794613122940063,1.0,0.9647868871688843,0.03521311283111572
4,350,0.370324969291687,0.20444178581237793,0.09388548135757446,0.004715971648693085,0.12680989583333332,0.6000688672065735,0.7393303916713757,0.13061062046667424,1.0,0.0,0.15187026515151514,0.5227805397727273,0.7715364583333333,0.027604166666666666,0.0012760416666666666,0.006341145833333333,0.9022203683853149,0.06134306266903877,0.5265599489212036,1.0,0.0,0.17706641554832458,0.0,0.44757595658302307,1.0,0.9642032980918884,0.03579670190811157
4,360,0.41299864649772644,0.2441863864660263,0.1362212598323822,0.0054625957272946835,0.0870703125,0.5583808422088623,0.8307183044904844,0.10842494818546018,1.0,0.0,0.16252367424242423,0.5243785511363637,0.6866927083333333,0.0209375,0.00010416666666666667,0.006575520833333333,0.8943284153938293,0.06674953550100327,0.5260611176490784,1.0,0.0,0.17374075949192047,0.0,0.44715195894241333,1.0,0.9638150334358215,0.03618496656417847
4,370,0.42856261134147644,0.2498396337032318,0.17001119256019592,0.004922567866742611,0.09662760416666667,0.5626699924468994,0.871989104100937,0.12773643444890412,1.0,0.0,0.1583806818181818,0.5237571022727273,0.6719791666666667,0.0263671875,0.00014322916666666667,0.006484375,0.8855147957801819,0.07432693243026733,0.525081992149353,1.0,0.0,0.16721343994140625,0.0,0.44631969928741455,1.0,0.9634565114974976,0.03654348850250244
4,380,0.43347570300102234,0.27108120918273926,0.18756411969661713,0.00577672990038991,0.10311197916666667,0.6331926584243774,0.908699973106667,0.1079145270883835,1.0,0.0,0.16489109848484848,0.5247336647727273,0.50859375,0.017135416666666667,0.0,0.006627604166666667,0.8747714757919312,0.08057548105716705,0.5238027572631836,1.0,0.0,0.15868505835533142,0.0,0.4452323615550995,1.0,0.9629507064819336,0.037049293518066406
4,390,0.4444868862628937,0.25940316915512085,0.16551101207733154,0.00497213052585721,0.08959635416666667,0.5773780345916748,0.8644466335150304,0.12873839860191433,1.0,0.0,0.17080965909090906,0.5256214488636364,0.6055729166666667,0.05458333333333333,0.0,0.0067578125,0.8653806447982788,0.08764520287513733,0.5226207375526428,1.0,0.0,0.15080492198467255,0.0,0.4442276358604431,1.0,0.9625685811042786,0.037431418895721436
4,400,0.36872613430023193,0.2131444662809372,0.13242162764072418,0.004921756684780121,0.1190625,0.572558581829071,0.808345550263154,0.12777852671740822,1.0,0.0,0.21223958333333331,0.5318359375,0.7649348958333333,0.10384114583333333,2.604166666666667e-05,0.0076692708333333335,0.8628475666046143,0.09021168947219849,0.5214556455612183,1.0,0.0,0.14303752779960632,0.0,0.4432373046875,1.0,0.9621955156326294,0.037804484367370605
4,410,0.3854493200778961,0.22608588635921478,0.17639102041721344,0.005739513318985701,0.1604296875,0.6049788594245911,0.905671666522128,0.10089379701601862,1.0,0.0,0.21223958333333331,0.5318359375,0.7321744791666667,0.0270703125,0.0009244791666666667,0.0076692708333333335,0.858486533164978,0.09185176342725754,0.5200706720352173,1.0,0.0,0.1338045597076416,0.0,0.44206008315086365,1.0,0.9615960717201233,0.03840392827987671
4,420,0.3453467786312103,0.21111983060836792,0.15435971319675446,0.007077665533870459,0.1903125,0.700691819190979,0.9050339182698312,0.05860775811370553,1.0,0.0,0.21934185606060605,0.532901278409091,0.7594270833333333,0.03,0.0015755208333333333,0.007825520833333334,0.8505908250808716,0.09608127176761627,0.5189563035964966,1.0,0.0,0.12637536227703094,0.0,0.4411128759384155,1.0,0.960828959941864,0.039171040058135986
4,430,0.3514537513256073,0.18457195162773132,0.1265755593776703,0.007469838485121727,0.187109375,0.7384008765220642,0.8376801976192513,0.08522138662818002,1.0,0.0,0.16785037878787878,0.5251775568181818,0.8162109375,0.054778645833333334,0.0006380208333333333,0.0066927083333333335,0.8422806859016418,0.10080404579639435,0.5171908736228943,1.0,0.0,0.11460588127374649,0.0,0.4396122694015503,1.0,0.9599564671516418,0.040043532848358154
4,440,0.3844194710254669,0.20628973841667175,0.13735289871692657,0.006674763280898333,0.1583203125,0.7815819382667542,0.8654435826632533,0.07089136338724594,1.0,0.0,0.14595170454545453,0.5218927556818181,0.6839583333333333,0.010859375,3.90625e-05,0.0062109375,0.8374611735343933,0.10393115133047104,0.5153324604034424,1.0,0.0,0.10221636295318604,0.0,0.4380325973033905,1.0,0.9590386748313904,0.04096132516860962
4,450,0.41208258271217346,0.1955592930316925,0.11528223752975464,0.005697345826774836,0.15833333333333333,0.7855153679847717,0.7929884239146398,0.11179244343373108,1.0,0.0,0.14772727272727273,0.522159090909091,0.7313151041666667,0.009322916666666667,2.604166666666667e-05,0.00625,0.8376948237419128,0.10351043939590454,0.5141335129737854,1.0,0.0,0.09422348439693451,0.0,0.43701350688934326,1.0,0.958045482635498,0.04195451736450195
4,460,0.41345465183258057,0.18790112435817719,0.11337810754776001,0.006268131546676159,0.18201822916666666,0.733849048614502,0.7897634759687907,0.11353586146199124,1.0,0.0,0.06486742424242423,0.5097301136363637,0.8099348958333333,0.012864583333333334,0.00015625,0.004427083333333333,0.8432527780532837,0.09968965500593185,0.5130487680435181,1.0,0.0,0.0869915634393692,0.0,0.43609145283699036,1.0,0.9571977853775024,0.04280221462249756
4,470,0.4578220248222351,0.17278049886226654,0.13020741939544678,0.00601268419995904,0.15420572916666667,0.6572694778442383,0.7811491334733273,0.15912545406509465,1.0,0.0,0.0,0.5,0.8446614583333333,0.0701171875,0.0009505208333333334,0.0017317708333333334,0.8436391949653625,0.09815570712089539,0.5119791626930237,1.0,0.0,0.0798611119389534,0.0,0.4351823031902313,1.0,0.9563750624656677,0.043624937534332275
4,480,0.42567989230155945,0.17656409740447998,0.10117002576589584,0.006617750506848097,0.18265625,0.6838585138320923,0.755809612236288,0.1312193142068459,1.0,0.0,0.0,0.5,0.8504296875,0.052421875,0.0006510416666666666,0.0020052083333333332,0.841812014579773,0.09606746584177017,0.5108478665351868,1.0,0.0,0.07231917977333069,0.0,0.43422070145606995,1.0,0.9556170701980591,0.04438292980194092
4,490,0.4227661192417145,0.17005066573619843,0.1252048760652542,0.0065862154588103294,0.1688671875,0.7056361436843872,0.7826110486803649,0.14846432776894514,1.0,0.0,0.0,0.5,0.8901692708333333,0.136015625,0.0003385416666666667,0.002018229166666667,0.8378387093544006,0.0941782146692276,0.5098205804824829,1.0,0.0,0.06547055393457413,0.0,0.4333474934101105,1.0,0.9548373222351074,0.04516267776489258
4,500,0.43170836567878723,0.18024678528308868,0.1622447371482849,0.008851970545947552,0.22135416666666666,0.738223671913147,0.9264746807252825,0.05389612990363343,1.0,0.0,0.0,0.5,0.8424348958333333,0.1011328125,0.0016666666666666668,0.0026171875,0.836359441280365,0.09145659953355789,0.5086368918418884,1.0,0.0,0.05757914111018181,0.0,0.4323413670063019,1.0,0.9540963172912598,0.045903682708740234
4,510,0.4207071363925934,0.18602599203586578,0.14166410267353058,0.008335244841873646,0.20016927083333333,0.7482670545578003,0.8893409556483126,0.055201945462968305,1.0,0.0,0.0,0.5,0.8484765625,0.094140625,0.00046875,0.0026041666666666665,0.8381651043891907,0.08839133381843567,0.5074151158332825,1.0,0.0,0.04943407326936722,0.0,0.43130287528038025,1.0,0.953502893447876,0.04649710655212402
4,520,0.44437408447265625,0.1789434254169464,0.12571905553340912,0.007813356816768646,0.20069010416666666,0.7191373109817505,0.834190022636757,0.08881958228785818,1.0,0.0,0.0,0.5,0.8024869791666667,0.0684765625,7.8125e-05,0.0015885416666666667,0.8318566083908081,0.08915253728628159,0.5060791969299316,1.0,0.0,0.04052805155515671,0.0,0.4301673173904419,1.0,0.9529399871826172,0.04706001281738281
4,530,0.4246792495250702,0.1798170953989029,0.12606577575206757,0.007401949726045132,0.184375,0.7370964288711548,0.825486368679251,0.09917830644039119,1.0,0.0,0.0,0.5,0.8283072916666666,0.0631640625,0.0002734375,0.0025,0.8269362449645996,0.09045875817537308,0.5048447847366333,1.0,0.0,0.03229843080043793,0.0,0.4291180670261383,1.0,0.9524261355400085,0.047573864459991455
4,540,0.4384506642818451,0.1792283058166504,0.12405821681022644,0.008549329824745655,0.20022135416666667,0.7576554417610168,0.8516947505764286,0.06566917982588455,1.0,0.0,0.0,0.5,0.8050520833333333,0.05743489583333333,0.0010026041666666666,0.002890625,0.8273470997810364,0.08921268582344055,0.5040795803070068,1.0,0.0,0.02719719521701336,0.0,0.42846766114234924,1.0,0.9519749283790588,0.04802507162094116
4,550,0.43755054473876953,0.1679675132036209,0.12464095652103424,0.00834670104086399,0.22149739583333333,0.7732019424438477,0.8247229582390015,0.09999886818411872,1.0,0.0,0.0,0.5,0.8345833333333333,0.0625390625,0.0,0.0027604166666666667,0.8250263333320618,0.08982352912425995,0.5035891532897949,1.0,0.0,0.023927895352244377,0.0,0.42805078625679016,1.0,0.9515224695205688,0.04847753047943115
4,560,0.43200841546058655,0.18051068484783173,0.11882854998111725,0.008945850655436516,0.23182291666666666,0.7752383947372437,0.8560476669859259,0.05037418253174644,1.0,0.0,0.0,0.5,0.8041015625,0.053346354166666665,0.0004557291666666667,0.0024739583333333332,0.8274664878845215,0.08799520879983902,0.5030311346054077,1.0,0.0,0.020207658410072327,0.0,0.42757648229599,1.0,0.9511746168136597,0.04882538318634033
4,570,0.4349231421947479,0.18140506744384766,0.12219773232936859,0.008025029674172401,0.20165364583333334,0.7648462653160095,0.8388331722268244,0.0762120364461003,1.0,0.0,0.0127840909090909,0.5019176136363637,0.7879166666666667,0.04401041666666667,0.0009244791666666667,0.00328125,0.8299984931945801,0.08613079786300659,0.5029170513153076,1.0,0.0,0.01944669894874096,0.0,0.42747950553894043,1.0,0.9509119391441345,0.04908806085586548
4,580,0.43279170989990234,0.16644662618637085,0.12133798003196716,0.009853455238044262,0.22095052083333333,0.7773087620735168,0.8336190647345322,0.0838834345340729,1.0,0.0,0.0,0.5,0.8450911458333333,0.0642578125,0.0009244791666666667,0.002903645833333333,0.8332611918449402,0.08163142204284668,0.5034860372543335,1.0,0.0,0.023240216076374054,0.0,0.42796313762664795,1.0,0.9507368206977844,0.049263179302215576
4,590,0.4354471266269684,0.17270389199256897,0.10900333523750305,0.00929364562034607,0.223203125,0.7697612047195435,0.8252595820793739,0.06824027001857758,1.0,0.0,0.02107007575757576,0.5031605113636364,0.83,0.066640625,0.00037760416666666666,0.003463541666666667,0.8374934196472168,0.078645259141922,0.5042411088943481,1.0,0.0,0.02827381156384945,0.0,0.42860496044158936,1.0,0.9506924152374268,0.04930758476257324
4,600,0.4252011775970459,0.17136625945568085,0.11538348346948624,0.0096405865624547,0.2238671875,0.7887763381004333,0.833381490936646,0.07158435136079788,1.0,0.0,0.005089962121212112,0.5007634943181818,0.8414973958333334,0.06602864583333333,0.00015625,0.0031119791666666665,0.8394691944122314,0.07487460225820541,0.5046114325523376,1.0,0.0,0.030742695555090904,0.0,0.4289197325706482,1.0,0.9507539868354797,0.049246013164520264
4,610,0.4229544997215271,0.1746368408203125,0.11913111805915833,0.009995448403060436,0.23046875,0.7950894236564636,0.8462648045099698,0.06340789794921876,1.0,0.0,0.04119318181818181,0.5061789772727273,0.8279427083333334,0.06432291666666666,6.510416666666667e-05,0.00390625,0.8386585712432861,0.07247758656740189,0.5057046413421631,1.0,0.0,0.03803098201751709,0.0,0.42984896898269653,1.0,0.9508334398269653,0.04916656017303467
4,620,0.4206376075744629,0.1644488126039505,0.10255351662635803,0.008081563748419285,0.20901041666666667,0.7973445653915405,0.7731933730491218,0.11687907372124312,1.0,0.0,0.025213068181818184,0.5037819602272727,0.8353776041666666,0.054296875,0.0004296875,0.0035546875,0.8400517702102661,0.0698489174246788,0.5077110528945923,1.0,0.0,0.05140692740678787,0.0,0.4315544068813324,1.0,0.9508803486824036,0.049119651317596436
4,630,0.42007628083229065,0.16558460891246796,0.10349917411804199,0.009676117449998856,0.22485677083333333,0.8001454472541809,0.801706281717007,0.08603847771883014,1.0,0.0,0.04651988636363636,0.5069779829545454,0.827421875,0.057708333333333334,0.00010416666666666667,0.0040234375,0.8434544205665588,0.06617635488510132,0.5098696351051331,1.0,0.0,0.06579748541116714,0.0,0.43338921666145325,1.0,0.9509385824203491,0.04906141757965088
4,640,0.4216921627521515,0.1763785034418106,0.11709834635257721,0.010765757411718369,0.233515625,0.8042473196983337,0.8463080545572134,0.0590537413954735,1.0,0.0,0.06072443181818182,0.5091086647727273,0.793046875,0.0505078125,0.00010416666666666667,0.0043359375,0.8464152216911316,0.06242309510707855,0.5118971467018127,1.0,0.0,0.07931435108184814,0.0,0.4351125955581665,1.0,0.9509451389312744,0.049054861068725586
4,650,0.4139253795146942,0.16651228070259094,0.11126711964607239,0.01305478811264038,0.25516927083333335,0.8180602788925171,0.8167073792677658,0.08371929824352264,1.0,0.0,0.0772964015151515,0.5115944602272727,0.8283203125,0.0526953125,0.0003255208333333333,0.0047005208333333335,0.8529840111732483,0.05962130427360535,0.5138020515441895,1.0,0.0,0.0920138880610466,0.0,0.43673175573349,1.0,0.9509860277175903,0.04901397228240967
4,660,0.41892582178115845,0.1706409901380539,0.12265284359455109,0.010105502791702747,0.23208333333333334,0.7971576452255249,0.8442329463591941,0.07339752465486526,1.0,0.0,0.06960227272727271,0.510440340909091,0.8196354166666666,0.0551171875,0.00028645833333333333,0.00453125,0.8549718260765076,0.06043770909309387,0.515529453754425,1.0,0.0,0.10352971404790878,0.0,0.43820005655288696,1.0,0.9508135914802551,0.04918640851974487
4,670,0.4159148037433624,0.1702466905117035,0.12235180288553238,0.009460552595555782,0.22395833333333334,0.8062669634819031,0.8429348935989233,0.0743832737207413,1.0,0.0,0.04888731060606058,0.5073330965909091,0.8154557291666666,0.052734375,0.0001953125,0.004075520833333333,0.852737545967102,0.06392589956521988,0.517015814781189,1.0,0.0,0.11343907564878464,0.0,0.43946346640586853,1.0,0.9502859115600586,0.049714088439941406
4,680,0.4149252474308014,0.17414456605911255,0.12172231078147888,0.010866823606193066,0.23100260416666665,0.8019469380378723,0.8496653503638046,0.06463858485221866,1.0,0.0,0.07966382575757573,0.5119495738636364,0.792265625,0.0536328125,0.0002734375,0.004752604166666666,0.8490605354309082,0.06694723665714264,0.5184701681137085,1.0,0.0,0.12313424795866013,0.0,0.44069966673851013,1.0,0.9497052431106567,0.05029475688934326
4,690,0.41830235719680786,0.17259599268436432,0.12061061710119247,0.010313490405678749,0.23830729166666667,0.8022065758705139,0.8446868758476697,0.06851001828908923,1.0,0.0,0.1057054924242424,0.5158558238636364,0.8067057291666667,0.050455729166666664,0.0005729166666666667,0.005325520833333333,0.8460031747817993,0.07132036238908768,0.5198720097541809,1.0,0.0,0.1324799358844757,0.0,0.44189122319221497,1.0,0.9489880800247192,0.05101191997528076
4,700,0.41633063554763794,0.17228783667087555,0.10881045460700989,0.010089260526001453,0.23819010416666667,0.8085971474647522,0.8241010580613063,0.06928040832281114,1.0,0.0,0.05184659090909091,0.5077769886363637,0.803984375,0.058919270833333336,0.0004296875,0.004140625,0.8477804660797119,0.07608935236930847,0.5210219025611877,1.0,0.0,0.14014588296413422,0.0,0.4428686201572418,1.0,0.9482702016830444,0.051729798316955566
4,710,0.407854288816452,0.19857648015022278,0.12817727029323578,0.009187841787934303,0.21381510416666666,0.7689377069473267,0.909452956181306,0.0035587996244430984,1.0,0.0,0.15305397727272724,0.5229580965909091,0.7383723958333334,0.08354166666666667,0.00013020833333333333,0.0063671875,0.8470515608787537,0.08119882643222809,0.5224592685699463,1.0,0.0,0.14972832798957825,0.0,0.4440903961658478,1.0,0.947288453578949,0.052711546421051025
4,720,0.3660144507884979,0.20029789209365845,0.13189907371997833,0.00914951041340828,0.2008203125,0.7861216068267822,0.9185984324491941,0.0,1.0,0.0,0.28089488636363635,0.5421342329545454,0.7428645833333334,0.07830729166666667,0.0005338541666666666,0.0091796875,0.8477675914764404,0.08579391241073608,0.523533046245575,1.0,0.0,0.1568869650363922,0.0,0.44500309228897095,1.0,0.9461897611618042,0.0538102388381958
4,730,0.350749135017395,0.20304042100906372,0.13003239035606384,0.008659373968839645,0.18361979166666667,0.7318704128265381,0.9056453007114214,0.011695703863289933,1.0,0.0,0.30220170454545453,0.5453302556818181,0.7129817708333334,0.030651041666666667,0.00013020833333333333,0.0096484375,0.8524946570396423,0.08756925165653229,0.5244250297546387,1.0,0.0,0.16283370554447174,0.0,0.4457612931728363,1.0,0.9450485110282898,0.054951488971710205
4,740,0.3490285873413086,0.19805951416492462,0.12372563034296036,0.008528045378625393,0.2023046875,0.7084430456161499,0.8876633866873102,0.02035986666211753,1.0,0.0,0.28385416666666663,0.542578125,0.7273307291666666,0.0660546875,0.0008333333333333334,0.009244791666666667,0.8560680747032166,0.09068170189857483,0.525059163570404,1.0,0.0,0.1670612394809723,0.0,0.44630029797554016,1.0,0.9427925944328308,0.05720740556716919
4,750,0.357522189617157,0.23049500584602356,0.17589601874351501,0.012381620705127716,0.23075520833333332,0.6154297590255737,0.9896390023394528,0.006831597222222228,1.0,0.0,0.2666903409090909,0.5400035511363637,0.7360677083333333,0.3306380208333333,0.006640625,0.0088671875,0.8523591756820679,0.09647253155708313,0.526094913482666,1.0,0.0,0.17396622896194458,0.0,0.44718068838119507,1.0,0.9415287375450134,0.05847126245498657
4,760,0.3563339114189148,0.2233487367630005,0.15907123684883118,0.005586777348071337,0.13302083333333334,0.6871681809425354,0.8664670282464233,0.11714326343955951,1.0,0.0,0.24183238636363633,0.5362748579545454,0.6889713541666667,0.0012890625,0.0,0.0083203125,0.8578404188156128,0.09298668801784515,0.5272701978683472,1.0,0.0,0.18180128931999207,0.0,0.448179692029953,1.0,0.9387977123260498,0.061202287673950195
4,770,0.3496621251106262,0.2303762137889862,0.12844252586364746,0.005391363520175219,0.099375,0.6725172996520996,0.8091284282184472,0.12362617570604009,1.0,0.0,0.20809659090909088,0.5312144886363637,0.6511067708333333,0.025130208333333334,0.0,0.007578125,0.8617386221885681,0.09297682344913483,0.5283946990966797,1.0,0.0,0.1892981231212616,0.0,0.44913551211357117,1.0,0.9340501427650452,0.06594985723495483
4,780,0.3441351354122162,0.2266620397567749,0.1079728975892067,0.004972216673195362,0.1165234375,0.6835808157920837,0.7616145114526106,0.13966025132534465,1.0,0.0,0.21638257575757572,0.5324573863636364,0.6590234375,0.029817708333333335,0.0,0.007760416666666666,0.8636623620986938,0.09150011837482452,0.530022382736206,1.0,0.0,0.2001488208770752,0.0,0.45051902532577515,1.0,0.9303851127624512,0.06961488723754883
4,790,0.34159591794013977,0.23550087213516235,0.1296640783548355,0.0043321470730006695,0.0771875,0.7033121585845947,0.7694162904494457,0.17571903955829726,1.0,0.0,0.19625946969696967,0.5294389204545454,0.6036197916666667,0.0008072916666666667,0.0,0.007317708333333333,0.8707113862037659,0.08864158391952515,0.5312990546226501,1.0,0.0,0.2086602747440338,0.0,0.4516042172908783,1.0,0.9269254207611084,0.0730745792388916
4,800,0.3619573712348938,0.26762261986732483,0.19156570732593536,0.00440588966012001,0.0930078125,0.692977249622345,0.862581054736282,0.16838899240826527,1.0,0.0,0.1820549242424242,0.5273082386363637,0.5277083333333333,0.0187109375,0.0,0.007005208333333333,0.8761049509048462,0.08920826017856598,0.5325800180435181,1.0,0.0,0.21719990670681,0.0,0.45269301533699036,1.0,0.9228888154029846,0.07711118459701538
4,810,0.3542587161064148,0.2537471652030945,0.16047266125679016,0.0038696336559951305,0.08388020833333333,0.7000312209129333,0.8180749503237328,0.17888322610448448,1.0,0.0,0.20632102272727268,0.5309481534090909,0.5626692708333333,0.013489583333333333,0.0,0.0075390625,0.8774412870407104,0.0941329076886177,0.5335438847541809,1.0,0.0,0.2236257791519165,0.0,0.4535123109817505,1.0,0.9186766147613525,0.08132338523864746
4,820,0.3601231575012207,0.2603318393230438,0.17614921927452087,0.004491845611482859,0.08967447916666667,0.7069728374481201,0.8613023418125191,0.1599046688572299,1.0,0.0,0.1915246212121212,0.5287286931818181,0.5653645833333333,0.011041666666666667,0.0,0.007213541666666667,0.8694182634353638,0.09993541985750198,0.5337890982627869,1.0,0.0,0.2252604216337204,0.0,0.45372074842453003,1.0,0.9145161509513855,0.0854838490486145
4,830,0.4020436108112335,0.28321927785873413,0.20112505555152893,0.00464463559910655,0.1092578125,0.7407218217849731,0.8724608259482516,0.1541613680827949,1.0,0.0,0.15009469696969693,0.5225142045454545,0.44859375,0.0406640625,0.0,0.006302083333333333,0.8643031716346741,0.1064925417304039,0.5328590273857117,1.0,0.0,0.2190600335597992,0.0,0.45293018221855164,1.0,0.9103386998176575,0.08966130018234253
4,840,0.3644910156726837,0.25674325227737427,0.2076018750667572,0.00489550456404686,0.12723958333333332,0.6441448926925659,0.876747880326054,0.15140007680751444,1.0,0.0,0.13529829545454544,0.5202947443181818,0.6159505208333333,0.10092447916666666,0.0,0.0059765625,0.8514890074729919,0.12112275511026382,0.5314977169036865,1.0,0.0,0.2099848985671997,0.0,0.451773077249527,1.0,0.9060120582580566,0.09398794174194336
4,850,0.2632530629634857,0.17874182760715485,0.1307688057422638,0.005375541280955076,0.1198046875,0.6697656512260437,0.7684208066369937,0.18066111008578606,1.0,0.0,0.20572916666666666,0.530859375,0.7665494791666667,0.0416796875,0.0,0.007526041666666667,0.8543767929077148,0.12246589362621307,0.5265147686004639,0.9925537705421448,0.0,0.20158618688583374,0.0,0.4475375711917877,1.0,0.9011331796646118,0.09886682033538818
4,860,0.3404020667076111,0.22605659067630768,0.1428152173757553,0.012534149922430515,0.19671875,0.7286731004714966,0.9318136598004235,0.010516493055555558,1.0,0.0,0.24183238636363633,0.5362748579545454,0.6481770833333333,0.0171484375,0.0003515625,0.0083203125,0.8262108564376831,0.14550215005874634,0.5184464454650879,0.9787675738334656,0.0,0.19375112652778625,0.0,0.44067949056625366,1.0,0.8960617780685425,0.10393822193145752
4,870,0.39036402106285095,0.23162488639354706,0.17351773381233215,0.006726483348757029,0.1614453125,0.7708690762519836,0.9260952888351661,0.07319040010564613,1.0,0.0,0.22703598484848486,0.5340553977272727,0.6360286458333333,0.024361979166666665,6.510416666666667e-05,0.007994791666666667,0.7904208302497864,0.18396474421024323,0.49862998723983765,0.9397941827774048,0.0,0.19155281782150269,0.0,0.42383548617362976,1.0,0.8893420696258545,0.11065793037414551
4,880,0.36148151755332947,0.21039395034313202,0.132522851228714,0.007736829109489918,0.17735677083333334,0.7496854066848755,0.8833335496489582,0.043372418748613605,1.0,0.0,0.2767518939393939,0.5415127840909091,0.6357682291666666,0.026432291666666666,0.0014453125,0.009088541666666667,0.7751294374465942,0.2050638496875763,0.49841439723968506,0.9397941827774048,0.0,0.19011545181274414,0.0,0.4236522614955902,1.0,0.8822421431541443,0.11775785684585571
4,890,0.4242960214614868,0.26068228483200073,0.18066993355751038,0.01850850135087967,0.2580078125,0.826339066028595,0.9976953124999999,0.004609374999999999,1.0,0.0,0.258404356060606,0.5387606534090909,0.5330338541666667,0.04760416666666667,0.00022135416666666666,0.008684895833333333,0.766768753528595,0.22156429290771484,0.49768301844596863,0.9397941827774048,0.0,0.18523967266082764,0.0,0.4230305850505829,1.0,0.8755123615264893,0.12448763847351074
4,900,0.6236976981163025,0.37769702076911926,0.2704915702342987,0.009264899417757988,0.07850260416666667,0.4270733594894409,0.9579518896901709,0.08041032318376067,1.0,0.0,0.2850378787878788,0.5427556818181818,0.24477864583333334,0.214296875,0.0023307291666666667,0.009270833333333334,0.7559232711791992,0.23902583122253418,0.49742937088012695,0.9397941827774048,0.0,0.18354865908622742,0.12554578483104706,0.4228149652481079,1.0,0.8667130470275879,0.1332869529724121
4,910,0.3308359980583191,0.2369394749403,0.20183433592319489,0.0036926912143826485,0.08122395833333333,0.6932877898216248,0.8521639102063367,0.17269795162790025,1.0,0.0,0.1867897727272727,0.528018465909091,0.6957161458333333,0.07274739583333334,0.0,0.007109375,0.7413442134857178,0.2564220130443573,0.49742090702056885,0.9397941827774048,0.0,0.1834922879934311,0.0,0.4228077828884125,1.0,0.8594505786895752,0.1405494213104248
4,920,0.3563000559806824,0.2058325856924057,0.09025560319423676,0.005163253750652075,0.09283854166666666,0.5989184379577637,0.7409690224493927,0.12541147101670505,1.0,0.0,0.18738162878787876,0.5281072443181818,0.7412890625,0.1226171875,1.3020833333333334e-05,0.007122395833333333,0.7311790585517883,0.27138984203338623,0.4977717995643616,0.9397941827774048,0.0,0.18583153188228607,0.0,0.42310604453086853,1.0,0.8481928110122681,0.15180718898773193
4,930,0.3265344798564911,0.19959798455238342,0.13769736886024475,0.004850109573453665,0.1408984375,0.5749755501747131,0.8111815718275005,0.13769969931997986,1.0,0.0,0.150686553030303,0.5226029829545454,0.780546875,0.18243489583333333,3.90625e-05,0.006315104166666667,0.7207178473472595,0.28507599234580994,0.49858349561691284,0.9397941827774048,0.0,0.1912427842617035,0.0,0.4237959682941437,1.0,0.8409689664840698,0.15903103351593018
4,940,0.3489059507846832,0.21463221311569214,0.12942390143871307,0.0031972702126950026,0.038424479166666664,0.7637216448783875,0.6365480325535896,0.3189300549470202,1.0,0.0,0.11162405303030302,0.5167436079545454,0.72046875,0.14514322916666667,0.0,0.005455729166666667,0.7126200199127197,0.29519787430763245,0.499602347612381,0.9397941827774048,0.0,0.19803503155708313,0.0,0.4246619939804077,1.0,0.8327184915542603,0.16728150844573975
4,950,0.5005092620849609,0.3010484278202057,0.17189568281173706,0.007817897014319897,0.11162760416666667,0.7385347485542297,0.9483070226956749,0.048565766839840534,0.8436279296875003,0.0,0.10748106060606058,0.43793612393465925,0.288984375,0.0809765625,0.0,0.005364583333333333,0.7043246030807495,0.30413153767585754,0.5003294944763184,0.9397941827774048,0.0,0.20288263261318207,0.0,0.4252800941467285,1.0,0.8244103193283081,0.1755896806716919
4,960,0.14731112122535706,0.20884600281715393,0.05278517305850983,0.003106285585090518,0.020703125,0.7557133436203003,0.39815516318847877,0.49059319927673795,0.7104899088541667,0.0,0.10215435606060604,0.3705681078361743,0.3268098958333333,0.000546875,0.0,0.005247395833333333,0.6989431381225586,0.31476861238479614,0.5008368492126465,0.9397941827774048,0.0,0.2062646746635437,0.0,0.42571133375167847,1.0,0.8162659406661987,0.18373405933380127
4,970,0.04879417270421982,0.07842608541250229,0.08098513633012772,0.001753726857714355,0.014192708333333333,0.6571896076202393,0.11487634912723811,0.9248577481237943,0.1815592447916667,0.0,0.19566761363636365,0.1201297644412879,0.15809895833333334,0.0,0.0,0.0073046875,0.6691993474960327,0.3506540358066559,0.48938560485839844,0.913585901260376,0.0,0.21728447079658508,0.0,0.4159777760505676,1.0,0.8092799782752991,0.19072002172470093
4,980,0.14424695074558258,0.15506838262081146,0.14524273574352264,0.0028904471546411514,0.0269140625,0.6374149322509766,0.48800975296300775,0.5667072099210237,1.0,0.0,0.1779119318181818,0.5266867897727273,0.51859375,0.001796875,0.0,0.0069140625,0.6343305110931396,0.38866472244262695,0.4676308333873749,0.8685206174850464,0.0,0.2224702537059784,0.0,0.39748620986938477,1.0,0.8026083707809448,0.19739162921905518
4,990,0.16997607052326202,0.17784638702869415,0.1660967320203781,0.003402318572625518,0.026471354166666666,0.6400159597396851,0.5860387933261155,0.4861695841410055,1.0,0.0,0.11399147727272724,0.5170987215909091,0.53890625,0.004283854166666667,1.3020833333333334e-05,0.0055078125,0.6088846325874329,0.42477965354919434,0.4481081962585449,0.8269895911216736,0.0,0.2307562232017517,0.0,0.42477965354919434,1.0,0.7960654497146606,0.20393455028533936
4,1000,0.15746396780014038,0.16721026599407196,0.16637039184570312,0.002720910357311368,0.02578125,0.6065564751625061,0.5416601902554237,0.5424113970964779,1.0,0.0,0.16074810606060605,0.524112215909091,0.5126041666666666,0.0011067708333333333,2.604166666666667e-05,0.006536458333333333,0.5762960910797119,0.46421122550964355,0.42772161960601807,0.7825636863708496,0.0,0.2429315596818924,0.0,0.46421122550964355,1.0,0.7903462648391724,0.20965373516082764
4,1010,0.16543398797512054,0.16980215907096863,0.17177529633045197,0.002388285705819726,0.028359375,0.6108774542808533,0.556421796711795,0.5337085439577389,1.0,0.0,0.1808712121212121,0.5271306818181818,0.5219270833333334,6.510416666666667e-05,0.0002734375,0.0069791666666666665,0.5444486141204834,0.5003708004951477,0.4070700407028198,0.7381068468093872,0.0,0.25344404578208923,0.0,0.5003708004951477,1.0,0.7849161624908447,0.21508383750915527
4,1020,0.1725415736436844,0.1794939786195755,0.18361519277095795,0.0021421017590910196,0.036158854166666664,0.6149228811264038,0.6046071105487745,0.49320755994896387,1.0,0.0,0.2554450757575757,0.5383167613636364,0.4981640625,1.3020833333333334e-05,0.0,0.008619791666666666,0.5151087045669556,0.5339859127998352,0.38749828934669495,0.6932392120361328,0.0,0.272524356842041,0.0,0.5339859127998352,1.0,0.7802161574363708,0.21978384256362915
4,1030,0.18300005793571472,0.1914326399564743,0.19155962765216827,0.002148761646822095,0.04024739583333333,0.6246141195297241,0.6416171729663681,0.44731384415504494,1.0,0.0,0.30516098484848486,0.5457741477272727,0.5091536458333333,0.0,0.0,0.009713541666666667,0.48545515537261963,0.568787693977356,0.3637775480747223,0.6456202268600464,0.0,0.27311620116233826,0.0,0.568787693977356,1.0,0.7759668827056885,0.22403311729431152
4,1040,0.24845021963119507,0.23338478803634644,0.1963507980108261,0.0025330432690680027,0.04805989583333333,0.6686266660690308,0.7024065726256623,0.366720940501627,1.0,0.0,0.2927320075757575,0.5439098011363637,0.5373697916666667,0.007994791666666667,0.0,0.009440104166666666,0.447360098361969,0.6092444062232971,0.3404245674610138,0.5980011224746704,0.0,0.2761600613594055,0.0,0.6092444062232971,1.0,0.7631697654724121,0.2368302345275879
4,1050,0.2606159746646881,0.19889536499977112,0.17589929699897766,0.002456370275467634,0.0439453125,0.7006261944770813,0.7025428854462559,0.33900728540298175,1.0,0.0,0.23709753787878787,0.5355646306818181,0.7522005208333333,0.07869791666666667,0.0,0.008216145833333334,0.41757631301879883,0.6410763263702393,0.31737178564071655,0.5503820776939392,0.0,0.2812049090862274,0.0,0.6410763263702393,1.0,0.7593404054641724,0.24065959453582764
4,1060,0.22049911320209503,0.1665036976337433,0.1761815994977951,0.002212956314906478,0.0537109375,0.6375324726104736,0.6554101004311961,0.404039221729156,1.0,0.0,0.2767518939393939,0.5415127840909091,0.73109375,0.0,0.0,0.009088541666666667,0.37307679653167725,0.685634970664978,0.2981901168823242,0.510209321975708,0.0,0.28723621368408203,0.0,0.685634970664978,1.0,0.7564308643341064,0.24356913566589355
4,1070,0.08243387937545776,0.11096824705600739,0.12297357618808746,0.0017473753541707993,0.028450520833333333,0.5963225960731506,0.3071946144961978,0.7641109847448097,0.4496256510416667,0.0,0.4732481060606059,0.2958000414299242,0.24388020833333332,0.0,0.0,0.013411458333333333,0.36350297927856445,0.7012028694152832,0.29170796275138855,0.4957062005996704,0.0,0.2923656105995178,0.06060667335987091,0.7012028694152832,1.0,0.7540677785873413,0.2459322214126587
4,1080,0.046656712889671326,0.09283662587404251,0.10135253518819809,0.0017375890165567398,0.0208203125,0.4826541543006897,0.19385015780158607,0.8714147504761562,0.053629557291666644,0.0,0.3359375,0.07720540364583332,0.1171484375,1.3020833333333334e-05,0.0,0.010390625,0.37047117948532104,0.6941614747047424,0.29990774393081665,0.5109727382659912,0.0,0.29614222049713135,0.0,0.6941614747047424,1.0,0.7461034059524536,0.2538965940475464
4,1090,0.05331219732761383,0.11431168019771576,0.15910278260707855,0.0015889565693214536,0.027473958333333333,0.44551828503608704,0.34896923535393365,0.8017858353065732,0.12784830729166663,0.0,0.45075757575757575,0.1315377900094697,0.14091145833333332,0.0,0.0,0.012916666666666667,0.3594667613506317,0.7039647102355957,0.2885950803756714,0.4877387285232544,0.0,0.2981714606285095,0.049256086349487305,0.7039647102355957,1.0,0.7435452938079834,0.2564547061920166
4,1100,0.04391830414533615,0.10308784991502762,0.1527860164642334,0.0015067282365635037,0.027369791666666667,0.3480551838874817,0.3133370753152272,0.832672885198378,0.06705729166666666,0.0,0.5140861742424242,0.11064157196969696,0.12141927083333333,3.90625e-05,0.0,0.014309895833333334,0.35127052664756775,0.7118608951568604,0.2812737822532654,0.4714219868183136,0.0,0.30375179648399353,0.27173683047294617,0.7118608951568604,0.8445675373077393,0.7432873249053955,0.2567126750946045
4,1110,0.0460098572075367,0.09933489561080933,0.14172878861427307,0.0015543699264526367,0.02764322916666667,0.4077160060405731,0.28915433817911773,0.8397614342596771,0.06640624999999999,0.0,0.5058001893939393,0.10907315340909088,0.12125,0.0,0.0,0.014127604166666667,0.3460448980331421,0.7158259153366089,0.27538999915122986,0.4581240713596344,0.0,0.30885303020477295,0.1823359727859497,0.7158259153366089,0.977104127407074,0.7433785200119019,0.25662147998809814
4,1120,0.03542519360780716,0.08923212438821793,0.12947100400924683,0.0014592555817216635,0.024166666666666666,0.27092230319976807,0.23602560043677434,0.8786153052840324,0.057779947916666644,0.0,0.5874763257575758,0.11701142282196969,0.10395833333333333,0.01453125,0.0,0.01592447916666667,0.3504588007926941,0.7120412588119507,0.27416735887527466,0.45549276471138,0.0,0.30947309732437134,0.4835323095321655,0.7120412588119507,0.673216700553894,0.7438312768936157,0.2561687231063843
4,1130,0.03320910036563873,0.10237088799476624,0.009523659013211727,0.0016818580916151404,0.0185546875,0.22703850269317627,0.11824513332554844,0.8562493625857934,0.0,0.0,0.19981060606060602,0.029971590909090903,0.08630208333333333,0.0103125,0.0,0.007395833333333333,0.35360223054885864,0.7089301347732544,0.27264463901519775,0.4526503086090088,0.0,0.3087966740131378,0.20587988197803497,0.7089301347732544,1.0,0.7445307374000549,0.25546926259994507
4,1140,0.005188521463423967,0.03425583243370056,9.800858242670074e-05,0.0012168976245447993,0.010885416666666667,0.00739568006247282,0.011185058219494616,0.987289706568756,0.0,0.0,0.21460700757575754,0.03219105113636363,0.0,0.0,0.0,0.007721354166666666,0.34699422121047974,0.7065263390541077,0.24762603640556335,0.4050312638282776,0.0,0.3007361590862274,0.4419669508934021,0.7065263390541077,1.0,0.745466411113739,0.254533588886261
4,1150,0.0051868874579668045,0.03422556072473526,8.948222966864705e-05,0.0012132803676649928,0.010924479166666667,0.008328992873430252,0.011088009864182735,0.9873999887907015,0.0,0.0,0.21756628787878787,0.03263494318181818,0.0,0.0,0.0,0.007786458333333334,0.3404507040977478,0.7079752683639526,0.24637891352176666,0.4050312638282776,0.0,0.29242199659347534,0.44189319014549255,0.7079752683639526,1.0,0.7477215528488159,0.2522784471511841
4,1160,0.013791054487228394,0.04878419265151024,0.0006894280668348074,0.0013150324812158942,0.012174479166666667,0.140683114528656,0.013817944617987408,0.9842977902068324,0.0,0.0,0.2341382575757575,0.03512073863636363,0.039453125,1.3020833333333334e-05,0.0,0.008151041666666666,0.34827983379364014,0.6985718011856079,0.2454446256160736,0.4050312638282776,0.0,0.2861934006214142,0.3426434099674225,0.6985718011856079,1.0,0.749152421951294,0.25084757804870605
4,1170,0.0631236806511879,0.1127176582813263,0.07791060954332352,0.0017854078905656934,0.021236979166666666,0.4278445541858673,0.19710505960669156,0.8175182326200671,0.4059244791666667,0.0,0.20987215909090906,0.2344430634469697,0.22985677083333333,3.90625e-05,0.00016927083333333334,0.0076171875,0.3561602830886841,0.6892098188400269,0.24420595169067383,0.4050312638282776,0.0,0.27793559432029724,0.0,0.6892098188400269,1.0,0.7522661089897156,0.24773389101028442
4,1180,0.0729493498802185,0.12157069146633148,0.09786631166934967,0.0018585135694593191,0.023333333333333334,0.43843114376068115,0.2612079154964935,0.7769886155267031,0.5021565755208334,0.0,0.27497632575757575,0.29232473662405306,0.26059895833333335,9.114583333333334e-05,0.00020833333333333335,0.009049479166666667,0.37217193841934204,0.6647310256958008,0.23561760783195496,0.3925471305847168,0.0,0.2622936964035034,0.0,0.6647310256958008,1.0,0.7560882568359375,0.2439117431640625
4,1190,0.07391008734703064,0.12334363162517548,0.09336785227060318,0.0018275573384016752,0.023450520833333332,0.4405384361743927,0.2569171226280979,0.7725752396276503,0.5120849609375002,0.0,0.22052556818181812,0.28912131569602284,0.263828125,3.90625e-05,0.00010416666666666667,0.0078515625,0.3827265501022339,0.6433115005493164,0.2575330138206482,0.437612384557724,0.0,0.2581788897514343,0.0,0.6433115005493164,1.0,0.760125994682312,0.239874005317688
4,1200,0.09766411781311035,0.1496639996767044,0.1295698583126068,0.002000248758122325,0.034583333333333334,0.49981558322906494,0.41391768185983685,0.6519897725535193,0.6573486328125001,0.0,0.2311789772727272,0.36335116299715914,0.3103125,3.90625e-05,1.3020833333333334e-05,0.0080859375,0.4029353857040405,0.6143651008605957,0.2777574062347412,0.4791434407234192,0.0,0.2545713782310486,0.0,0.6143651008605957,1.0,0.7643215656280518,0.23567843437194824
4,1210,0.10316574573516846,0.15314677357673645,0.12849010527133942,0.0020784044172614813,0.0371484375,0.5098482370376587,0.43192154439795616,0.6256766859456945,0.7207438151041667,0.0,0.26787405303030304,0.4005530155066288,0.330546875,9.114583333333334e-05,2.604166666666667e-05,0.008893229166666667,0.4241889715194702,0.5859850645065308,0.3000929355621338,0.5235692858695984,0.0,0.25538870692253113,0.0,0.5859850645065308,1.0,0.7690552473068237,0.23094475269317627
4,1220,0.15234248340129852,0.20591148734092712,0.19558696448802948,0.0023157468531280756,0.042356770833333335,0.6049096584320068,0.6491145627470467,0.45423158176569084,0.944742838541667,0.0,0.19389204545454544,0.5014552260890153,0.39171875,0.010598958333333333,2.604166666666667e-05,0.007265625,0.4469601511955261,0.5563132762908936,0.3211841583251953,0.5680261254310608,0.0,0.2478073239326477,0.0,0.5563132762908936,1.0,0.7740486264228821,0.22595137357711792
4,1230,0.16221314668655396,0.21837562322616577,0.20645861327648163,0.0024215143639594316,0.048125,0.6360138058662415,0.6706189277252093,0.4278722803749079,0.9403076171875001,0.0,0.24124053030303025,0.5063398881392046,0.39044270833333333,0.010455729166666667,0.0,0.008307291666666666,0.47056475281715393,0.5250736474990845,0.34349536895751953,0.6128937602043152,0.0,0.24698999524116516,0.0,0.5250736474990845,1.0,0.7790274024009705,0.22097259759902954
4,1240,0.7926067113876343,0.3917889893054962,2.8300897611188702e-05,0.010517762042582035,0.016028645833333334,0.003666104981675744,0.5028485576923077,0.3968349358974359,0.0,0.0,0.13589015151515152,0.020383522727272726,0.0008333333333333334,0.002578125,0.007369791666666667,0.005989583333333334,0.5117236971855164,0.48595869541168213,0.3730205297470093,0.6605128049850464,0.0,0.2850942313671112,0.9570003151893616,0.9570003151893616,0.34322404861450195,0.7842310667037964,0.2157689332962036
4,1250,0.1958804726600647,0.186527281999588,0.11627578735351562,0.003948868252336979,0.031276041666666664,0.715396523475647,0.5649932297405996,0.39714819704308063,1.0,0.0,0.11813446969696968,0.5177201704545454,0.6468880208333333,0.013216145833333333,0.0,0.005598958333333333,0.5588101148605347,0.43894487619400024,0.39958640933036804,0.7081318497657776,0.0,0.3034699559211731,0.0,0.43894487619400024,1.0,0.7895222902297974,0.21047770977020264
4,1260,0.41774556040763855,0.3009888827800751,0.17299525439739227,0.0078056263737380505,0.0502734375,0.7307100892066956,0.8669546761904561,0.14153469011169695,1.0,0.0,0.10629734848484848,0.5159446022727273,0.5314973958333333,0.22361979166666668,0.0018359375,0.005338541666666667,0.6003686189651489,0.39297473430633545,0.4236960709095001,0.7557508945465088,0.0,0.3054710030555725,0.0,0.39297473430633545,1.0,0.7951822280883789,0.2048177719116211
4,1270,0.3198678195476532,0.2597528398036957,0.18810130655765533,0.005804938264191151,0.048828125,0.7398000955581665,0.8208994244270171,0.20743846364645493,1.0,0.0,0.10333806818181819,0.5155007102272727,0.6619661458333334,0.4491796875,1.3020833333333334e-05,0.0052734375,0.6436513662338257,0.34637749195098877,0.4474126100540161,0.80336993932724,0.0,0.3048509955406189,0.0,0.38030073046684265,1.0,0.8011468648910522,0.19885313510894775
4,1280,0.7304353713989258,0.39274218678474426,0.06719112396240234,0.010257485322654247,0.0469921875,0.19441090524196625,0.643439459515433,0.25005642361111113,0.18745930989583331,0.0,0.1447679924242424,0.11544485381155302,0.04700520833333333,0.11298177083333333,0.007317708333333333,0.006184895833333333,0.6655527949333191,0.3200043737888336,0.46041160821914673,0.8316592574119568,0.0,0.29721319675445557,0.7023107409477234,0.7023107409477234,0.5032466650009155,0.8087044954299927,0.19129550457000732
4,1290,0.30561795830726624,0.15582223236560822,0.03882182016968727,0.004929870367050171,0.0203515625,0.8201637864112854,0.4154969131668235,0.4216047173987609,1.0,0.0,0.24952651515151514,0.5374289772727273,0.8124088541666666,0.0242578125,0.0,0.008489583333333333,0.7007333636283875,0.28300490975379944,0.47182536125183105,0.8553661108016968,0.0,0.29428213834762573,0.0,0.4010515809059143,1.0,0.8167874813079834,0.1832125186920166
4,1300,0.25171855092048645,0.27297765016555786,0.13163474202156067,0.004870521370321512,0.0816796875,0.5680569410324097,0.7733541354292075,0.1939108914874878,1.0,0.0,0.375,0.55625,0.4897265625,0.39770833333333333,0.002864583333333333,0.01125,0.7346733808517456,0.2470782995223999,0.4890100657939911,0.8786001205444336,0.0,0.33139991760253906,0.0,0.415658563375473,1.0,0.8244600296020508,0.17553997039794922
4,1310,0.2153332531452179,0.24429304897785187,0.14026056230068207,0.004275082144886255,0.09451822916666666,0.573640763759613,0.759663110653283,0.23669126252040548,1.0,0.0,0.53125,0.5796875,0.4559505208333333,0.38057291666666665,0.0005989583333333333,0.0146875,0.7620784044265747,0.21703852713108063,0.5026599764823914,0.8949168920516968,0.0,0.3680104613304138,0.0,0.42726099491119385,1.0,0.834259033203125,0.165740966796875
4,1320,0.22512517869472504,0.2394327074289322,0.13960379362106323,0.0041696857661008835,0.08576822916666667,0.5896812677383423,0.7673493822689651,0.21665369869611129,1.0,0.0,0.34659090909090906,0.5519886363636364,0.5307682291666667,0.4173046875,0.00265625,0.010625,0.7883692383766174,0.18835508823394775,0.5145384073257446,0.9082147479057312,0.0,0.4028736352920532,0.0,0.43735766410827637,1.0,0.8424841165542603,0.15751588344573975
4,1330,0.20351098477840424,0.23776522278785706,0.11536262184381485,0.0048914141952991486,0.09846354166666667,0.5558987259864807,0.7317222925723035,0.22258381094955174,1.0,0.0,0.5703124999999999,0.585546875,0.447578125,0.33608072916666665,0.0013541666666666667,0.015546875,0.8044933080673218,0.1678946167230606,0.5216119885444641,0.9108461141586304,0.0,0.4412596821784973,0.0,0.44337019324302673,1.0,0.8546076416969299,0.14539235830307007
4,1340,0.3206782639026642,0.2741241455078125,0.25495484471321106,0.01605113595724106,0.2162109375,0.4856071472167969,0.9825824652777777,0.03483506944444445,1.0,0.0,1.0,0.65,0.5634635416666667,0.5564713541666667,0.031015625,0.03247395833333333,0.8196061849594116,0.14866352081298828,0.5284529328346252,0.913688600063324,0.0,0.4773911237716675,0.0,0.44918501377105713,1.0,0.862672746181488,0.13732725381851196
4,1350,0.3862743079662323,0.2381787747144699,0.20913395285606384,0.017676573246717453,0.2530078125,0.5300763845443726,0.9999999999999999,0.0,1.0,0.0,0.6004971590909092,0.5900745738636364,0.762578125,0.7296875,0.025013020833333333,0.0162109375,0.8426364064216614,0.13105402886867523,0.5584346652030945,0.9613076448440552,0.0,0.5185391902923584,0.0,0.474669486284256,1.0,0.8717138767242432,0.12828612327575684
4,1360,0.3112556040287018,0.2770431637763977,0.11785434186458588,0.009127119556069374,0.09520833333333334,0.6402696967124939,0.8838169698328036,0.02202690972222223,1.0,0.0,0.2595880681818182,0.5389382102272727,0.6243489583333334,0.4529036458333333,0.006419270833333333,0.0087109375,0.8627054691314697,0.1134331226348877,0.5647337436676025,0.9613076448440552,0.0,0.560532808303833,0.0,0.48002368211746216,1.0,0.8807828426361084,0.1192171573638916
4,1370,0.3541561961174011,0.29573461413383484,0.13605618476867676,0.009829114191234112,0.09036458333333333,0.6370124816894531,0.9227559392880171,0.005755208333333336,1.0,0.0,0.2211174242424242,0.5331676136363637,0.6388020833333333,0.446484375,0.004270833333333333,0.007864583333333333,0.8683508038520813,0.10807379335165024,0.5711172819137573,0.9613076448440552,0.0,0.6030900478363037,0.0,0.4854497015476227,1.0,0.8897006511688232,0.11029934883117676
4,1380,0.34163549542427063,0.18956945836544037,0.11489845812320709,0.0058610462583601475,0.033880208333333335,0.8606137037277222,0.65703489838507,0.2636832145647874,1.0,0.0,0.04947916666666665,0.507421875,0.8228776041666667,0.11385416666666667,0.00026041666666666666,0.0040885416666666665,0.8761564493179321,0.09964171051979065,0.5775220394134521,0.9613076448440552,0.0,0.6457882523536682,0.0,0.49089375138282776,1.0,0.8973870277404785,0.10261297225952148
4,1390,0.4927922487258911,0.2749994397163391,0.27670568227767944,0.036682866513729095,0.27826822916666666,0.5947132110595703,0.9999999999999999,0.0,1.0,0.0,0.21342329545454541,0.5320134943181818,0.6672395833333333,0.6805729166666666,0.022994791666666667,0.0076953125,0.8923729658126831,0.08925934135913849,0.6029770374298096,1.0,0.0,0.6865136027336121,0.0,0.512530505657196,1.0,0.9047381281852722,0.09526187181472778
4,1400,0.2841648459434509,0.22633686661720276,0.16742287576198578,0.012460844591259956,0.2398046875,0.48211705684661865,0.9696574761826768,0.018116319444444445,1.0,0.0,1.0,0.65,0.6595963541666666,0.5900651041666667,0.0142578125,0.046184895833333336,0.9194276332855225,0.07064084708690643,0.6083375215530396,1.0,0.0,0.7222504019737244,0.0,0.517086923122406,1.0,0.9119483232498169,0.0880516767501831
4,1410,0.28966131806373596,0.2362392693758011,0.1800031214952469,0.014795654453337193,0.24703125,0.4606747031211853,0.9894227430555554,0.021154513888888893,1.0,0.0,1.0,0.65,0.672265625,0.5899088541666667,0.013880208333333333,0.045013020833333334,0.9292972087860107,0.06287875771522522,0.6128017902374268,1.0,0.0,0.752012312412262,0.0,0.5208815336227417,1.0,0.9182844161987305,0.08171558380126953
4,1420,0.2858157753944397,0.2352837175130844,0.17745375633239746,0.015005981549620628,0.2455078125,0.4712699353694916,0.9840286458659376,0.02332465277777778,1.0,0.0,1.0,0.65,0.6758723958333334,0.5940234375,0.010924479166666667,0.0397265625,0.9396723508834839,0.05305822938680649,0.6161500215530396,1.0,0.0,0.7743337154388428,0.0,0.523727536201477,1.0,0.9242709279060364,0.07572907209396362
4,1430,0.28696706891059875,0.2369450032711029,0.18187600374221802,0.016587508842349052,0.25634114583333334,0.46657755970954895,0.9877191840277777,0.024561631944444454,1.0,0.0,1.0,0.65,0.6692057291666667,0.5700260416666667,0.012369791666666666,0.044036458333333334,0.949636697769165,0.04419930651783943,0.6208173036575317,1.0,0.0,0.8054484724998474,0.0,0.5276947021484375,1.0,0.9295313358306885,0.07046866416931152
4,1440,0.28758254647254944,0.23694071173667908,0.18243511021137238,0.017069514840841293,0.2576041666666667,0.46405965089797974,0.9879904513888889,0.024019097222222223,1.0,0.0,1.0,0.65,0.6713932291666667,0.5694661458333333,0.013567708333333333,0.04502604166666667,0.9604689478874207,0.03655238822102547,0.6238864660263062,1.0,0.0,0.8259097933769226,0.0,0.5303035378456116,1.0,0.9343470335006714,0.06565296649932861
4,1450,0.28646209836006165,0.2382894605398178,0.182183638215065,0.01681450568139553,0.2513671875,0.47766587138175964,0.986482204861111,0.027035590277777785,1.0,0.0,1.0,0.65,0.6621223958333333,0.5790104166666666,0.012734375,0.040716145833333335,0.9586283564567566,0.03872467204928398,0.6231889128684998,1.0,0.0,0.8212594985961914,0.0,0.529710590839386,1.0,0.9477474093437195,0.05225259065628052
4,1460,0.2949043810367584,0.24501150846481323,0.18261408805847168,0.017017751932144165,0.24703125,0.4774511754512787,0.9864453124999999,0.027109375000000005,1.0,0.0,1.0,0.65,0.6519791666666667,0.5863932291666667,0.014205729166666667,0.032942708333333334,0.9577140808105469,0.04055316746234894,0.6260424852371216,1.0,0.0,0.8402834534645081,0.0,0.5321361422538757,1.0,0.9522912502288818,0.047708749771118164
4,1470,0.29313117265701294,0.24618545174598694,0.1829521209001541,0.017282171174883842,0.246328125,0.4879613220691681,0.985505642361111,0.028988715277777785,1.0,0.0,1.0,0.65,0.6454427083333333,0.5857682291666667,0.011536458333333333,0.02997395833333333,0.9622515439987183,0.04149439185857773,0.631331205368042,1.0,0.0,0.8755412101745605,0.0,0.5366315245628357,1.0,0.9558808207511902,0.044119179248809814
4,1480,0.29235708713531494,0.2458893060684204,0.18172487616539001,0.016471361741423607,0.24087239583333334,0.487753301858902,0.9848177083333333,0.030364583333333334,1.0,0.0,1.0,0.65,0.6421875,0.5865494791666667,0.011705729166666666,0.0290234375,0.964800238609314,0.0434795506298542,0.6368945837020874,1.0,0.0,0.9126307964324951,0.0,0.5413604378700256,1.0,0.9590936899185181,0.040906310081481934
4,1490,0.2921851575374603,0.24576282501220703,0.18069802224636078,0.015218907967209816,0.23450520833333333,0.48869588971138,0.9839865451388888,0.03202690972222223,1.0,0.0,1.0,0.65,0.6402213541666667,0.5890104166666666,0.011614583333333333,0.027630208333333333,0.9795421361923218,0.03203369677066803,0.6402047872543335,1.0,0.0,0.9346985816955566,0.0,0.544174075126648,1.0,0.9681825041770935,0.031817495822906494
4,1500,0.29273396730422974,0.24494872987270355,0.17938129603862762,0.014940875582396984,0.23986979166666667,0.48650237917900085,0.9836448028046861,0.030616319444444453,1.0,0.0,1.0,0.65,0.6453776041666667,0.5911328125,0.0121875,0.029375,0.9776820540428162,0.034493833780288696,0.6400441527366638,1.0,0.0,0.9336276054382324,0.0,0.5440375208854675,1.0,0.9719775915145874,0.028022408485412598
4,1510,0.2928133010864258,0.2447713166475296,0.17767727375030518,0.014882904477417469,0.23346354166666666,0.49127960205078125,0.9806156734727386,0.030907118055555557,1.0,0.0,1.0,0.65,0.6447135416666666,0.5918098958333333,0.011848958333333333,0.028125,0.9787342548370361,0.03441653400659561,0.6350682973861694,1.0,0.0,0.9004554748535156,0.0,0.5398080945014954,1.0,0.9735426306724548,0.026457369327545166
4,1520,0.29323285818099976,0.24434232711791992,0.17572781443595886,0.014196735806763172,0.2326953125,0.4833225905895233,0.9775401127847851,0.030460069444444456,1.0,0.0,1.0,0.65,0.6471875,0.5934505208333334,0.0109765625,0.027864583333333335,0.9728253483772278,0.03686126321554184,0.6297416090965271,1.0,0.0,0.8649441003799438,0.0,0.5352804064750671,1.0,0.9748144745826721,0.02518552541732788
4,1530,0.2934398353099823,0.2443879395723343,0.17521920800209045,0.013693085871636868,0.23177083333333334,0.48460114002227783,0.9766012692043925,0.030616319444444453,1.0,0.0,1.0,0.65,0.6482421875,0.5958333333333333,0.010794270833333333,0.0272265625,0.971503734588623,0.037364594638347626,0.6240555644035339,1.0,0.0,0.8270370960235596,0.0,0.530447244644165,1.0,0.9758725166320801,0.024127483367919922
4,1540,0.30160924792289734,0.24834690988063812,0.20483814179897308,0.008154023438692093,0.18305989583333335,0.5663373470306396,0.9591997692562377,0.06199856555478034,1.0,0.0,1.0,0.65,0.538515625,0.134765625,0.007265625,0.039921875,0.967892587184906,0.04120080918073654,0.617764949798584,1.0,0.0,0.7850999236106873,0.0,0.5251002311706543,1.0,0.9766963720321655,0.023303627967834473
4,1550,0.314048171043396,0.26246610283851624,0.18539883196353912,0.007632426451891661,0.1415625,0.6137646436691284,0.9439296620900474,0.08045299604666345,1.0,0.0,0.9023437499999999,0.6353515624999999,0.51171875,0.16063802083333334,0.0001171875,0.0228515625,0.9648799300193787,0.04438066482543945,0.6115927696228027,1.0,0.0,0.7439517974853516,0.0,0.5198538899421692,1.0,0.9773570895195007,0.022642910480499268
4,1560,0.31408244371414185,0.2651672065258026,0.2002737671136856,0.01310045924037695,0.19861979166666666,0.6272047758102417,0.9808007812499999,0.03839843750000001,1.0,0.0,1.0,0.65,0.5009114583333333,0.17545572916666666,0.0025520833333333333,0.031484375,0.9628036618232727,0.04555722326040268,0.6055135726928711,1.0,0.0,0.7034237384796143,0.0,0.5146865248680115,1.0,0.9777773022651672,0.022222697734832764
4,1570,0.28526175022125244,0.25954025983810425,0.24214938282966614,0.018762951716780663,0.2237890625,0.6315019726753235,0.9791037326388888,0.04179253472222223,1.0,0.0,1.0,0.65,0.5143359375,0.26809895833333336,0.0189453125,0.03623697916666667,0.9585875868797302,0.04494772106409073,0.5993582606315613,1.0,0.0,0.6623883843421936,0.0,0.5094545483589172,1.0,0.9779970049858093,0.022002995014190674
4,1580,0.2766619920730591,0.2564602494239807,0.23398862779140472,0.01761208474636078,0.20592447916666667,0.529025673866272,0.9762782118055555,0.04744357638888891,1.0,0.0,1.0,0.65,0.5233072916666667,0.200390625,0.023111979166666668,0.03170572916666667,0.9549427032470703,0.04859539121389389,0.5934185981750488,1.0,0.0,0.6227903962135315,0.0,0.5044057965278625,1.0,0.9781017303466797,0.021898269653320312
4,1590,0.3353458642959595,0.2677072286605835,0.16716159880161285,0.009847077541053295,0.1849609375,0.5256717205047607,0.9666133186450372,0.02332031250000001,1.0,0.0,0.512902462121212,0.5769353693181818,0.6133723958333334,0.24174479166666665,0.037369791666666666,0.014283854166666667,0.9551495313644409,0.04791541397571564,0.5880030989646912,1.0,0.0,0.5866872072219849,0.0,0.4998026490211487,1.0,0.9793148040771484,0.020685195922851562
4,1600,0.33450618386268616,0.2616323232650757,0.19405996799468994,0.00785810500383377,0.15329427083333333,0.6311495304107666,0.9609393136191173,0.05166283016766958,1.0,0.0,0.1909327651515151,0.5286399147727273,0.6426302083333333,0.06657552083333333,0.0017057291666666666,0.007200520833333333,0.9554411768913269,0.04733216390013695,0.5824438333511353,1.0,0.0,0.5496257543563843,0.0,0.4950772821903229,1.0,0.9791664481163025,0.02083355188369751
4,1610,0.2936556041240692,0.21512801945209503,0.1817495971918106,0.011692292056977749,0.20385416666666667,0.6649765968322754,0.9917534722222221,0.016493055555555563,1.0,0.0,0.30338541666666663,0.5455078125,0.7201432291666666,0.0325,0.008072916666666667,0.009674479166666666,0.9551008939743042,0.04668256640434265,0.5773623585700989,1.0,0.0,0.5157490372657776,0.0,0.4907580316066742,1.0,0.9787435531616211,0.021256446838378906
4,1620,0.30558639764785767,0.19772042334079742,0.13521598279476166,0.007194355130195618,0.1833984375,0.6625393629074097,0.8653359833861084,0.07249388178431894,1.0,0.0,0.25426136363636365,0.5381392045454545,0.7484244791666667,0.016770833333333332,0.0028385416666666667,0.00859375,0.950860321521759,0.04798710718750954,0.5717144012451172,1.0,0.0,0.4780957102775574,0.0,0.4859572649002075,1.0,0.9782463908195496,0.02175360918045044
4,1630,0.34043389558792114,0.2219855785369873,0.1687176525592804,0.008336696773767471,0.1770703125,0.7105390429496765,0.9562749189227876,0.03389453433635756,1.0,0.0,0.20395359848484848,0.5305930397727273,0.6636979166666667,0.017630208333333335,0.0007421875,0.007486979166666667,0.9509100914001465,0.04802846536040306,0.5659310817718506,1.0,0.0,0.4395405054092407,0.0,0.48104143142700195,1.0,0.9776933193206787,0.02230668067932129
4,1640,0.41891592741012573,0.2734835147857666,0.23278693854808807,0.005931101739406586,0.13290364583333333,0.5468014478683472,0.9118846253424802,0.10512213108177752,1.0,0.0,0.1193181818181818,0.5178977272727273,0.6449088541666667,0.11817708333333334,9.114583333333334e-05,0.005625,0.9431999921798706,0.05217449739575386,0.5597081184387207,1.0,0.0,0.39805421233177185,0.0,0.4757519066333771,1.0,0.9769790172576904,0.02302098274230957
4,1650,0.34998711943626404,0.23448403179645538,0.19282828271389008,0.006421212572604418,0.14319010416666667,0.633853018283844,0.924725780657273,0.09079604707506855,1.0,0.0,0.13589015151515152,0.5203835227272727,0.6951692708333334,0.066796875,0.0020833333333333333,0.005989583333333334,0.941734790802002,0.052745409309864044,0.5537261366844177,1.0,0.0,0.3581743836402893,0.0,0.4706672430038452,1.0,0.976167619228363,0.023832380771636963
4,1660,0.34420400857925415,0.23794317245483398,0.1691676527261734,0.00788507517427206,0.158984375,0.7001268267631531,0.9428798500515718,0.05174334665159705,1.0,0.0,0.14891098484848483,0.5223366477272727,0.5933463541666667,0.0280078125,0.001953125,0.006276041666666667,0.9401121139526367,0.04973089322447777,0.5485262870788574,1.0,0.0,0.32350853085517883,0.0,0.4662473499774933,1.0,0.975383996963501,0.024616003036499023
4,1670,0.3238007724285126,0.20685693621635437,0.12390037626028061,0.010130653157830238,0.20013020833333334,0.699727475643158,0.897907227293039,0.014309895833333336,1.0,0.0,0.13825757575757575,0.5207386363636364,0.7034244791666666,0.023229166666666665,0.001171875,0.0060416666666666665,0.9355113506317139,0.05348067730665207,0.5423793792724609,1.0,0.0,0.2825295329093933,0.0,0.4610224962234497,1.0,0.9745553135871887,0.02544468641281128
4,1680,0.29887762665748596,0.22079293429851532,0.17769362032413483,0.006036060396581888,0.16134114583333334,0.5756399631500244,0.9089637178875163,0.10558970674377711,1.0,0.0,0.1684422348484848,0.5252663352272727,0.7427864583333333,0.07552083333333333,0.0047265625,0.006705729166666666,0.9294377565383911,0.055144522339105606,0.5359324216842651,1.0,0.0,0.23954950273036957,0.0,0.45554256439208984,1.0,0.973669171333313,0.02633082866668701
4,1690,0.39243417978286743,0.27886125445365906,0.17834776639938354,0.009344370104372501,0.1802734375,0.6115981936454773,0.9891613776459655,0.016085069444444444,1.0,0.0,0.24183238636363633,0.5362748579545454,0.5594010416666667,0.13891927083333333,0.004322916666666667,0.0083203125,0.9246074557304382,0.058416008949279785,0.5291260480880737,1.0,0.0,0.1941738873720169,0.0,0.4497571587562561,1.0,0.9727675318717957,0.027232468128204346
4,1700,0.4121103286743164,0.2884432077407837,0.19760935008525848,0.011789996176958084,0.17454427083333332,0.703646719455719,0.9901106770833332,0.019778645833333344,1.0,0.0,0.22170928030303028,0.5332563920454545,0.5277994791666667,0.177265625,0.0011067708333333333,0.007877604166666666,0.9205840826034546,0.06155143678188324,0.5259047150611877,1.0,0.0,0.17269796133041382,0.0,0.4470190107822418,1.0,0.971727728843689,0.028272271156311035
4,1710,0.3216719627380371,0.22333583235740662,0.17112824320793152,0.013527332805097103,0.20598958333333334,0.6292980909347534,0.976498844542055,0.01697482638888889,1.0,0.0,0.28858901515151514,0.5432883522727273,0.7098958333333333,0.07802083333333333,0.0059765625,0.009348958333333334,0.9175817966461182,0.06269519031047821,0.5253297686576843,1.0,0.0,0.16886499524116516,0.0,0.4465303122997284,1.0,0.9706751704216003,0.029324829578399658
4,1720,0.325944721698761,0.21631720662117004,0.1428779810667038,0.007578968070447445,0.140703125,0.700226366519928,0.8915637256092012,0.05830244280478657,1.0,0.0,0.209280303030303,0.5313920454545454,0.7159375,0.09263020833333334,0.000390625,0.007604166666666667,0.9103808999061584,0.06632206588983536,0.5240318775177002,1.0,0.0,0.16021262109279633,0.0,0.4454271197319031,1.0,0.9695698022842407,0.030430197715759277
4,1730,0.3233456015586853,0.22686219215393066,0.18795283138751984,0.008503712713718414,0.15751302083333332,0.7155904769897461,0.9785860169127706,0.03132862661427596,1.0,0.0,0.1903409090909091,0.5285511363636364,0.688046875,0.09645833333333333,0.00026041666666666666,0.0071875,0.9134446382522583,0.06723198294639587,0.5230933427810669,1.0,0.0,0.1539558470249176,0.0,0.44462934136390686,1.0,0.9684982895851135,0.031501710414886475
4,1740,0.31486764550209045,0.20474088191986084,0.1279725730419159,0.005861880257725716,0.0783203125,0.7287613749504089,0.8146885474512349,0.11768292939495811,1.0,0.0,0.12878787878787878,0.5193181818181818,0.71875,0.072421875,0.000234375,0.005833333333333334,0.9026711583137512,0.07558892667293549,0.5229707956314087,1.0,0.0,0.15313853323459625,0.0,0.44452518224716187,1.0,0.9673863053321838,0.03261369466781616
4,1750,0.30049851536750793,0.215692400932312,0.17232301831245422,0.007136952131986618,0.1396875,0.7049670219421387,0.9284302237434191,0.07398773987845676,1.0,0.0,0.16252367424242423,0.5243785511363637,0.7297395833333333,0.08736979166666667,0.0007942708333333334,0.006575520833333333,0.899192214012146,0.07672257721424103,0.5235034227371216,1.0,0.0,0.15668967366218567,0.0,0.44497790932655334,1.0,0.9663488864898682,0.033651113510131836
4,1760,0.34981080889701843,0.2291703224182129,0.13230730593204498,0.00892555434256792,0.16157552083333335,0.6958569884300232,0.9098527283343408,0.017148156900029507,1.0,0.0,0.17436079545454544,0.5261541193181818,0.6510546875,0.07748697916666666,0.00048177083333333335,0.0068359375,0.8911532163619995,0.08005613088607788,0.5240234136581421,1.0,0.0,0.16015625,0.0,0.44541990756988525,1.0,0.9653329849243164,0.034667015075683594
4,1770,0.28972727060317993,0.20359252393245697,0.16910818219184875,0.005650104954838753,0.13131510416666667,0.6464807987213135,0.8841859496044249,0.11714396733215185,1.0,0.0,0.13944128787878785,0.5209161931818181,0.7700390625,0.18520833333333334,1.3020833333333334e-05,0.006067708333333333,0.8874807357788086,0.08529172092676163,0.5244461894035339,1.0,0.0,0.16297461092472076,0.0,0.4457792639732361,1.0,0.9643474817276001,0.0356525182723999
4,1780,0.3088792562484741,0.19889584183692932,0.1274150162935257,0.007251472678035498,0.13423177083333335,0.7283310294151306,0.8515579713594454,0.07673321772366765,1.0,0.0,0.09741950757575756,0.5146129261363637,0.7174479166666666,0.07423177083333334,0.000859375,0.005143229166666667,0.8795127868652344,0.0930296778678894,0.5247970819473267,1.0,0.0,0.16531383991241455,0.0,0.44607752561569214,1.0,0.963366687297821,0.036633312702178955
4,1790,0.3283640444278717,0.21829362213611603,0.16307400166988373,0.005681878421455622,0.10626302083333333,0.6616338491439819,0.8748419093230049,0.1161448821371931,1.0,0.0,0.04711174242424244,0.5070667613636364,0.7100520833333334,0.14311197916666665,0.0,0.004036458333333334,0.8760067224502563,0.09142889827489853,0.5251057147979736,1.0,0.0,0.1673712581396103,0.0,0.446339875459671,1.0,0.9624357223510742,0.03756427764892578
4,1800,0.3290567100048065,0.22900836169719696,0.1523415744304657,0.006713476963341236,0.13998697916666666,0.6386539340019226,0.8821211311436394,0.08916419319081598,1.0,0.0,0.061908143939393936,0.5092862215909091,0.6863411458333334,0.08889322916666667,0.0001171875,0.004361979166666667,0.8711988925933838,0.0971379429101944,0.524509608745575,1.0,0.0,0.16339737176895142,0.0,0.4458331763744354,1.0,0.9614751935005188,0.0385248064994812
4,1810,0.31780850887298584,0.22428755462169647,0.15420597791671753,0.0072204782627522945,0.14290364583333334,0.684080183506012,0.8978913361971823,0.07568166289034331,1.0,0.0,0.11044034090909088,0.5165660511363637,0.6859114583333333,0.09130208333333334,0.00026041666666666666,0.0054296875,0.8624964952468872,0.10173164308071136,0.5241333246231079,1.0,0.0,0.16088902950286865,0.0,0.4455133378505707,1.0,0.9604824781417847,0.03951752185821533
4,1820,0.32394343614578247,0.23145931959152222,0.12814205884933472,0.006809733808040619,0.1409375,0.6501924395561218,0.8405366297925738,0.09265748468033344,1.0,0.0,0.12168560606060605,0.518252840909091,0.6720963541666667,0.1001953125,0.0001171875,0.0056770833333333335,0.8632670640945435,0.10162045061588287,0.5236936807632446,1.0,0.0,0.15795792639255524,0.0,0.44513964653015137,1.0,0.9595052003860474,0.04049479961395264
4,1830,0.34431716799736023,0.2476765215396881,0.22105169296264648,0.0068830689415335655,0.1401171875,0.6641451716423035,0.9296734727030687,0.09160221299525037,1.0,0.0,0.12286931818181816,0.5184303977272727,0.5645963541666666,0.07930989583333334,0.0006119791666666667,0.005703125,0.8676338195800781,0.09970976412296295,0.523909330368042,1.0,0.0,0.15939530730247498,0.0,0.4453229308128357,1.0,0.9585057497024536,0.04149425029754639
4,1840,0.26871177554130554,0.19047008454799652,0.12239421159029007,0.0037659103982150555,0.09997395833333333,0.6189055442810059,0.7300318643878948,0.20939027445678546,1.0,0.0,0.1867897727272727,0.528018465909091,0.7348567708333333,0.07959635416666666,6.510416666666667e-05,0.007109375,0.8567680716514587,0.10492344200611115,0.5235584378242493,1.0,0.0,0.15705606341362,0.0,0.445024698972702,1.0,0.957478404045105,0.04252159595489502
4,1850,0.3010875880718231,0.21416188776493073,0.14547044038772583,0.005696478765457869,0.13126302083333333,0.6619776487350464,0.8388284003662676,0.1289289163647669,1.0,0.0,0.19389204545454544,0.5290838068181818,0.6613671875,0.04997395833333333,0.0006119791666666667,0.007265625,0.854729950428009,0.10487163811922073,0.5241587162017822,1.0,0.0,0.16105812788009644,0.0,0.44553491473197937,1.0,0.9565266370773315,0.04347336292266846
4,1860,0.319495290517807,0.20668449997901917,0.11459632962942123,0.0044243065640330315,0.10221354166666667,0.580637514591217,0.7559054871803091,0.16080059171308508,1.0,0.0,0.20868844696969696,0.5313032670454545,0.7097265625,0.087421875,0.0,0.007591145833333333,0.8562090396881104,0.1039450466632843,0.5242136716842651,1.0,0.0,0.16142451763153076,0.0,0.4455816447734833,1.0,0.9555844664573669,0.04441553354263306
4,1870,0.3948982357978821,0.2689334452152252,0.23239639401435852,0.004391127731651068,0.1314453125,0.5682117938995361,0.8657592217468715,0.1616906137030501,1.0,0.0,0.20809659090909088,0.5312144886363637,0.5851302083333333,0.205859375,2.604166666666667e-05,0.007578125,0.850154459476471,0.11142157763242722,0.5239304900169373,1.0,0.0,0.159536212682724,0.0,0.44534093141555786,1.0,0.9546084403991699,0.04539155960083008
4,1880,0.2975979745388031,0.20378708839416504,0.10823662579059601,0.0038580128457397223,0.0959765625,0.6145375370979309,0.730579005630292,0.17680696354452066,1.0,0.0,0.18738162878787876,0.5281072443181818,0.7149479166666667,0.10015625,6.510416666666667e-05,0.007122395833333333,0.8457799553871155,0.11365621536970139,0.5239135026931763,1.0,0.0,0.15942348539829254,0.0,0.44532647728919983,1.0,0.9536993503570557,0.046300649642944336
4,1890,0.32621967792510986,0.21417342126369476,0.11521592736244202,0.007356343325227499,0.16854166666666667,0.6923362612724304,0.8353363200445765,0.07197346315363316,1.0,0.0,0.21164772727272724,0.5317471590909091,0.6357552083333333,0.04279947916666667,0.00024739583333333335,0.00765625,0.8456209897994995,0.1151975467801094,0.5239177346229553,1.0,0.0,0.1594516634941101,0.0,0.44533008337020874,1.0,0.9528604745864868,0.047139525413513184
4,1900,0.3765323758125305,0.2683703303337097,0.19423191249370575,0.005218091886490583,0.1142578125,0.6789886355400085,0.8881978010366037,0.1359748196869402,1.0,0.0,0.1583806818181818,0.5237571022727273,0.6015364583333334,0.14182291666666666,0.0,0.006484375,0.842713475227356,0.11626539379358292,0.5247505903244019,1.0,0.0,0.16500383615493774,0.0,0.44603800773620605,1.0,0.9520532488822937,0.0479467511177063
4,1910,0.3001639246940613,0.19326822459697723,0.12232572585344315,0.006249483674764633,0.11798177083333333,0.6815775632858276,0.807359543057663,0.1162465393785539,1.0,0.0,0.16903409090909088,0.5253551136363637,0.7540885416666666,0.06947916666666666,0.004440104166666667,0.00671875,0.8386138677597046,0.11837877333164215,0.525486171245575,1.0,0.0,0.16990779340267181,0.0,0.4466632604598999,1.0,0.9513049721717834,0.04869502782821655
4,1920,0.35509851574897766,0.23832637071609497,0.19944486021995544,0.009879597462713718,0.19588541666666667,0.7031513452529907,0.9926801215277777,0.014639756944444443,1.0,0.0,0.22703598484848486,0.5340553977272727,0.638046875,0.07567708333333334,0.0019921875,0.007994791666666667,0.8331918716430664,0.12376873195171356,0.5260019302368164,1.0,0.0,0.17334619164466858,0.0,0.4471016526222229,1.0,0.9505842924118042,0.0494157075881958
4,1930,0.34250348806381226,0.22289934754371643,0.17648854851722717,0.00885305367410183,0.19735677083333333,0.7283381223678589,0.983266122909059,0.018177987578196247,1.0,0.0,0.2394649621212121,0.5359197443181818,0.6575390625,0.009440104166666666,0.0004557291666666667,0.008268229166666667,0.8323793411254883,0.12505482137203217,0.526657223701477,1.0,0.0,0.17771464586257935,0.0,0.4476586580276489,1.0,0.9499555230140686,0.050044476985931396
4,1940,0.3135112524032593,0.19929377734661102,0.10129845887422562,0.005075216293334961,0.09505208333333333,0.7235166430473328,0.7504050756371814,0.14081595758193233,1.0,0.0,0.14121685606060602,0.5211825284090909,0.6604036458333333,0.0013541666666666667,0.0008333333333333334,0.006106770833333333,0.8250901103019714,0.12724842131137848,0.527253270149231,1.0,0.0,0.18168854713439941,0.0,0.44816529750823975,1.0,0.9493699073791504,0.05063009262084961
4,1950,0.384972482919693,0.30069440603256226,0.10148186981678009,0.005811754614114761,0.092734375,0.658589780330658,0.7718886929089411,0.1165949643393196,1.0,0.0,0.21283143939393936,0.531924715909091,0.6012109375,0.034817708333333336,0.00109375,0.007682291666666666,0.8310656547546387,0.12448106706142426,0.5272871255874634,1.0,0.0,0.18191401660442352,0.0,0.44819405674934387,1.0,0.9488903284072876,0.0511096715927124
4,1960,0.33606642484664917,0.24259939789772034,0.21389928460121155,0.007856760174036026,0.15477864583333334,0.6773741841316223,0.959490472402999,0.054529351909470745,1.0,0.0,0.17021780303030298,0.5255326704545454,0.6520442708333334,0.0900390625,0.00515625,0.006744791666666666,0.8305944204330444,0.12515971064567566,0.527502715587616,1.0,0.0,0.18335136771202087,0.0,0.4483773112297058,1.0,0.9483799934387207,0.0516200065612793
4,1970,0.2755667567253113,0.203071728348732,0.1377645581960678,0.003929757047444582,0.1166015625,0.6583774089813232,0.7827064020751087,0.1741552305995893,1.0,0.0,0.13470643939393936,0.5202059659090909,0.7515234375,0.18467447916666666,0.0,0.0059635416666666665,0.8323159217834473,0.1234135627746582,0.5271941423416138,1.0,0.0,0.18129396438598633,0.0,0.4481150209903717,1.0,0.9479008913040161,0.05209910869598389
4,1980,0.29431021213531494,0.21114850044250488,0.13748769462108612,0.0043649994768202305,0.08845052083333334,0.6679050922393799,0.7923222176830813,0.16407140822702548,1.0,0.0,0.13707386363636362,0.5205610795454545,0.7401822916666667,0.15955729166666666,3.90625e-05,0.006015625,0.8284893035888672,0.12182746827602386,0.5268263220787048,1.0,0.0,0.1788419932126999,0.0,0.4478023946285248,1.0,0.9473704099655151,0.05262959003448486
4,1990,0.3887588381767273,0.2560620605945587,0.1432969719171524,0.005968859419226646,0.1256640625,0.7672099471092224,0.8482197153422271,0.10910119064010904,1.0,0.0,0.09801136363636363,0.5147017045454545,0.6514192708333333,0.6514322916666667,0.0,0.00515625,0.8303117156028748,0.11870741099119186,0.5261033773422241,1.0,0.0,0.1740225851535797,0.0,0.4471878707408905,1.0,0.9468745589256287,0.05312544107437134
4,2000,0.3363505005836487,0.23672959208488464,0.13672193884849548,0.005228647496551275,0.13227864583333335,0.650177538394928,0.8137828712027279,0.13856966897370773,1.0,0.0,0.16370738636363633,0.5245561079545454,0.7066796875,0.6546744791666667,0.0,0.0066015625,0.8267874717712402,0.12083563208580017,0.5253297686576843,1.0,0.0,0.16886499524116516,0.0,0.4465303122997284,1.0,0.9463497996330261,0.05365020036697388
4,2010,0.3416476845741272,0.2347739189863205,0.12420184165239334,0.005308321211487055,0.12018229166666666,0.640402615070343,0.7960303449387665,0.1335451061877253,1.0,0.0,0.16489109848484848,0.5247336647727273,0.7119140625,0.6236588541666667,0.0,0.006627604166666667,0.8211729526519775,0.11865227669477463,0.5253297686576843,1.0,0.0,0.16886499524116516,0.0,0.4465303122997284,1.0,0.945880651473999,0.05411934852600098
4,2020,0.2881983816623688,0.19703516364097595,0.14567287266254425,0.003715827129781246,0.1120703125,0.5938252806663513,0.7840298226050456,0.18887082508444625,1.0,0.0,0.18264678030303028,0.5273970170454545,0.7401171875,0.09859375,0.0,0.0070182291666666665,0.8235546946525574,0.1185283213853836,0.5255749225616455,1.0,0.0,0.17049965262413025,0.0,0.44673869013786316,1.0,0.9455495476722717,0.05445045232772827
4,2030,0.3363529145717621,0.23954418301582336,0.1319330483675003,0.005948649253696203,0.1248828125,0.6763725876808167,0.8234722778177651,0.11966527089002091,1.0,0.0,0.21342329545454541,0.5320134943181818,0.6183333333333333,0.08713541666666667,0.00016927083333333334,0.0076953125,0.8165686726570129,0.12200870364904404,0.5252071619033813,1.0,0.0,0.16804766654968262,0.0,0.4464260935783386,1.0,0.9452494382858276,0.05475056171417236
4,2040,0.28445059061050415,0.1980370134115219,0.11412592232227325,0.005408084020018578,0.1239453125,0.6898698806762695,0.776600906905878,0.13766796806276976,1.0,0.0,0.20632102272727268,0.5309481534090909,0.7135286458333333,0.07225260416666666,0.0001171875,0.0075390625,0.8135331869125366,0.12581786513328552,0.5254228115081787,1.0,0.0,0.16948503255844116,0.0,0.44660940766334534,1.0,0.9449552297592163,0.05504477024078369
4,2050,0.34626901149749756,0.23390857875347137,0.16835476458072662,0.004758644849061966,0.1152734375,0.561801016330719,0.8555171503354938,0.15127575409363925,1.0,0.0,0.1915246212121212,0.5287286931818181,0.6901171875,0.14506510416666665,7.8125e-05,0.007213541666666667,0.8168289065361023,0.12645338475704193,0.5257778763771057,1.0,0.0,0.1718524545431137,0.0,0.4469112157821655,1.0,0.9447287321090698,0.055271267890930176
4,2060,0.28709176182746887,0.22135187685489655,0.1471148282289505,0.005217220634222031,0.114453125,0.6544540524482727,0.8289331871025111,0.14318020170054785,1.0,0.0,0.22407670454545447,0.5336115056818181,0.6810807291666666,0.07709635416666667,0.0003385416666666667,0.0079296875,0.8167181015014648,0.12648409605026245,0.5255918502807617,1.0,0.0,0.1706123799085617,0.0,0.4467530846595764,1.0,0.944334864616394,0.05566513538360596
4,2070,0.3247934579849243,0.2169785499572754,0.11663994193077087,0.005663631949573755,0.12421875,0.5655626654624939,0.7920563755741382,0.12413173256719581,1.0,0.0,0.16548295454545453,0.5248224431818181,0.6849479166666667,0.1312109375,0.0007682291666666666,0.006640625,0.811513364315033,0.1284172683954239,0.5260484218597412,1.0,0.0,0.17365621030330658,0.0,0.447141170501709,1.0,0.9441446661949158,0.05585533380508423
4,2080,0.30803099274635315,0.20853103697299957,0.11562976241111755,0.005420132540166378,0.12578125,0.5461182594299316,0.7854003015460945,0.12838275199357246,1.0,0.0,0.1566051136363636,0.5234907670454545,0.7463411458333333,0.13619791666666667,0.00037760416666666666,0.0064453125,0.8147453665733337,0.12429418414831161,0.5267840027809143,1.0,0.0,0.17856015264987946,0.0,0.44776642322540283,1.0,0.9435485601425171,0.05645143985748291
4,2090,0.309369295835495,0.20021915435791016,0.09797804057598114,0.00583215057849884,0.109609375,0.6229475140571594,0.7688500945327529,0.11128563615687818,1.0,0.0,0.08617424242424243,0.5129261363636364,0.7506119791666667,0.1016015625,9.114583333333334e-05,0.004895833333333334,0.8185105323791504,0.1217803955078125,0.527570366859436,1.0,0.0,0.1838023066520691,0.0,0.44843482971191406,1.0,0.9429208636283875,0.05707913637161255
4,2100,0.34124428033828735,0.2024969905614853,0.09725917130708694,0.005519995465874672,0.08278645833333333,0.5669205784797668,0.7613267956348243,0.11666627560002693,1.0,0.0,0.10333806818181819,0.5155007102272727,0.7446875,0.10643229166666666,0.0,0.0052734375,0.8172935843467712,0.12108150869607925,0.5290077328681946,1.0,0.0,0.19338473677635193,0.0,0.44965657591819763,1.0,0.9426616430282593,0.05733835697174072
4,2110,0.3292006254196167,0.21215930581092834,0.08853118121623993,0.006423323415219784,0.10727864583333334,0.6505687236785889,0.7702928468305131,0.09012405322839413,1.0,0.0,0.1583806818181818,0.5237571022727273,0.6839713541666667,0.09881510416666667,0.00015625,0.006484375,0.8206143379211426,0.11840803921222687,0.529810905456543,1.0,0.0,0.19873963296413422,0.0,0.45033928751945496,1.0,0.9426673650741577,0.057332634925842285
4,2120,0.33971795439720154,0.2158723622560501,0.15252934396266937,0.005606750026345253,0.12860677083333333,0.6094165444374084,0.857377297436853,0.11364371532145232,1.0,0.0,0.2033617424242424,0.5305042613636364,0.7265104166666667,0.10748697916666666,9.114583333333334e-05,0.007473958333333333,0.8210241794586182,0.1167798787355423,0.5306015014648438,1.0,0.0,0.2040099799633026,0.0,0.4510113000869751,1.0,0.942725419998169,0.057274580001831055
4,2130,0.3059745728969574,0.22023876011371613,0.13031715154647827,0.006748494226485491,0.1494921875,0.7042801976203918,0.8459729802317582,0.08772767009359952,1.0,0.0,0.17554450757575754,0.5263316761363637,0.6674739583333333,0.07369791666666667,0.00018229166666666667,0.006861979166666666,0.8262514472007751,0.11380960047245026,0.5317724943161011,1.0,0.0,0.21181683242321014,0.0,0.45200663805007935,1.0,0.9428685903549194,0.057131409645080566
4,2140,0.350618451833725,0.2511391341686249,0.18056194484233856,0.006290231365710497,0.13907552083333333,0.6315635442733765,0.9195211125217722,0.09817045294243064,1.0,0.0,0.26964962121212116,0.5404474431818181,0.6605078125,0.40205729166666665,0.008880208333333334,0.008932291666666667,0.8340438008308411,0.10880868136882782,0.532262921333313,1.0,0.0,0.21508613228797913,0.0,0.45242348313331604,1.0,0.9430250525474548,0.056974947452545166
4,2150,0.3290340304374695,0.19716641306877136,0.15015430748462677,0.004991563037037849,0.0765625,0.7450368404388428,0.8196158022675659,0.1541618691199654,1.0,0.0,0.1909327651515151,0.5286399147727273,0.7002734375,0.000234375,0.0,0.007200520833333333,0.836967945098877,0.10798274725675583,0.5325757265090942,1.0,0.0,0.21717171370983124,0.0,0.45268937945365906,1.0,0.9432131052017212,0.05678689479827881
4,2160,0.33651793003082275,0.19831299781799316,0.10345041006803513,0.0054602851159870625,0.10893229166666667,0.7511789202690125,0.7695604921150032,0.1172398088293953,1.0,0.0,0.1867897727272727,0.528018465909091,0.6841666666666667,0.0005729166666666667,0.0,0.007109375,0.8295671939849854,0.1119224801659584,0.5333409309387207,1.0,0.0,0.22227296233177185,0.0,0.4533398151397705,1.0,0.943405270576477,0.05659472942352295
4,2170,0.33912745118141174,0.20437787473201752,0.14035753905773163,0.005965284537523985,0.1165234375,0.7384485602378845,0.8501914797373362,0.09512597954703299,1.0,0.0,0.2341382575757575,0.5351207386363637,0.7142708333333333,0.06384114583333333,0.0021223958333333333,0.008151041666666666,0.8254679441452026,0.11225740611553192,0.5335607528686523,1.0,0.0,0.22373850643634796,0.0,0.45352664589881897,1.0,0.9436926245689392,0.05630737543106079
4,2180,0.3496410846710205,0.20720022916793823,0.136090487241745,0.00629595760256052,0.09709635416666666,0.7356777191162109,0.8505790106713622,0.08757052532843944,1.0,0.0,0.23768939393939387,0.5356534090909091,0.672109375,0.048854166666666664,0.0001171875,0.008229166666666666,0.8146775960922241,0.12080232799053192,0.5341061353683472,1.0,0.0,0.22737419605255127,0.0,0.45399022102355957,1.0,0.9440217614173889,0.055978238582611084
4,2190,0.3249247372150421,0.20244872570037842,0.161199152469635,0.005447904113680124,0.1437109375,0.7236571907997131,0.8713899920114925,0.11128171740135122,1.0,0.0,0.2471590909090909,0.5370738636363637,0.7600911458333334,0.1126171875,0.00016927083333333334,0.0084375,0.8111225962638855,0.1253170371055603,0.5347021818161011,1.0,0.0,0.23134806752204895,0.0,0.4544968605041504,1.0,0.9444881677627563,0.05551183223724365
4,2200,0.35241252183914185,0.2286054790019989,0.12274020165205002,0.006132360082119703,0.13190104166666666,0.6285737156867981,0.8226638581832704,0.09442457405461609,1.0,0.0,0.2992424242424242,0.5448863636363637,0.6972786458333333,0.106640625,0.0009505208333333334,0.009583333333333333,0.8057843446731567,0.13103553652763367,0.5357844829559326,1.0,0.0,0.23856309056282043,0.0,0.45541682839393616,1.0,0.9449995160102844,0.055000483989715576
4,2210,0.3649105727672577,0.22331981360912323,0.15307395160198212,0.006436339113861322,0.15932291666666668,0.6689478754997253,0.8835184489191354,0.08242688592563717,1.0,0.0,0.27616003787878785,0.5414240056818181,0.7032291666666667,0.10845052083333333,0.00046875,0.009075520833333333,0.8080537915229797,0.13160577416419983,0.5365538597106934,1.0,0.0,0.2436925172805786,0.0,0.45607078075408936,1.0,0.9456163644790649,0.05438363552093506
4,2220,0.36493587493896484,0.2161392718553543,0.11528796702623367,0.005877725314348936,0.10333333333333333,0.7170393466949463,0.8046378203943972,0.0993536277806896,1.0,0.0,0.27556818181818177,0.5413352272727273,0.667265625,0.06380208333333333,0.0005208333333333333,0.0090625,0.8186787366867065,0.12794120609760284,0.5369850993156433,1.0,0.0,0.2465672343969345,0.0,0.456437349319458,1.0,0.9462764859199524,0.05372351408004761
4,2230,0.37930378317832947,0.23567911982536316,0.2035571038722992,0.005292707588523626,0.1047265625,0.5850568413734436,0.8938021162808507,0.12649508961140707,1.0,0.0,0.34659090909090906,0.5519886363636364,0.6983072916666667,0.132734375,0.0014192708333333334,0.010625,0.8226473331451416,0.1231078952550888,0.5376403331756592,1.0,0.0,0.25093570351600647,0.0,0.45699429512023926,1.0,0.9468567371368408,0.05314326286315918
4,2240,0.341490238904953,0.21894650161266327,0.18090209364891052,0.008519613184034824,0.169296875,0.6291429400444031,0.9871115732302026,0.014645939511133382,1.0,0.0,0.2820785984848484,0.5423117897727272,0.7678255208333333,0.122265625,0.0028125,0.009205729166666666,0.8272708058357239,0.11942435801029205,0.5382745265960693,1.0,0.0,0.2551632523536682,0.0,0.4575333595275879,1.0,0.947461724281311,0.052538275718688965
4,2250,0.4587498605251312,0.24840228259563446,0.14684605598449707,0.005053392611443996,0.10430989583333333,0.501034677028656,0.838008737038772,0.12032339599256109,1.0,0.0,0.2501183712121212,0.5375177556818181,0.7429427083333333,0.4534635416666667,0.00014322916666666667,0.008502604166666667,0.824842095375061,0.11798454076051712,0.5379363298416138,1.0,0.0,0.2529085576534271,0.0,0.4572458863258362,1.0,0.9480690956115723,0.051930904388427734
4,2260,0.2928794026374817,0.16557562351226807,0.1204039677977562,0.004147267900407314,0.10365885416666666,0.5397248864173889,0.7001011718451752,0.2340100905971556,1.0,0.0,0.2986505681818182,0.5447975852272727,0.8336067708333333,0.15645833333333334,0.0013411458333333333,0.0095703125,0.8261972665786743,0.11488807201385498,0.5381941795349121,1.0,0.0,0.2546277642250061,0.0,0.4574650526046753,1.0,0.9485710859298706,0.051428914070129395
4,2270,0.3986515700817108,0.2017345130443573,0.10624703764915466,0.004320043139159679,0.07755208333333333,0.422466903924942,0.7428486301116716,0.15021366289303667,1.0,0.0,0.2548532196969696,0.5382279829545454,0.824453125,0.32427083333333334,0.00040364583333333333,0.008606770833333333,0.8291923999786377,0.11440292000770569,0.5386507511138916,1.0,0.0,0.257671594619751,0.0,0.45785313844680786,1.0,0.9489381313323975,0.05106186866760254
4,2280,0.29680654406547546,0.1568954437971115,0.07639283686876297,0.0036942926235497,0.06893229166666667,0.5255269408226013,0.5654584033022623,0.3035752489199493,1.0,0.0,0.24183238636363633,0.5362748579545454,0.8421354166666667,0.1435546875,2.604166666666667e-05,0.0083203125,0.8330462574958801,0.11245404183864594,0.5387395024299622,1.0,0.0,0.2582634389400482,0.0,0.4579285979270935,1.0,0.9493622779846191,0.05063772201538086
4,2290,0.392965167760849,0.2063564658164978,0.12602612376213074,0.004148518666625023,0.05553385416666667,0.4573260545730591,0.7107454959027762,0.22319146497938094,1.0,0.0,0.24005681818181818,0.5360085227272727,0.8167838541666667,0.23509114583333332,0.0,0.00828125,0.8347334265708923,0.11166641861200333,0.5387945175170898,1.0,0.0,0.25862982869148254,0.0,0.4579753577709198,1.0,0.949748694896698,0.050251305103302
4,2300,0.3193444609642029,0.16636744141578674,0.09350810199975967,0.004168791230767965,0.08345052083333333,0.4857631325721741,0.6567461822757857,0.2313743467419976,1.0,0.0,0.23768939393939387,0.5356534090909091,0.826953125,0.11354166666666667,0.000546875,0.008229166666666666,0.8323498964309692,0.11256968975067139,0.5385662317276001,1.0,0.0,0.2571079134941101,0.0,0.4577813148498535,1.0,0.9501266479492188,0.04987335205078125
4,2310,0.3724653720855713,0.2315911203622818,0.13402141630649567,0.004780577961355448,0.08766927083333333,0.5594987869262695,0.8089860832192158,0.1286409158123339,1.0,0.0,0.21105587121212122,0.5316583806818181,0.7581770833333333,0.17760416666666667,0.00022135416666666666,0.007643229166666667,0.8405603170394897,0.10854162275791168,0.5380123853683472,1.0,0.0,0.2534158527851105,0.0,0.4573105275630951,1.0,0.9505685567855835,0.049431443214416504
4,2320,0.43292129039764404,0.2800072431564331,0.1942121833562851,0.010812872089445591,0.19088541666666667,0.7285143733024597,0.9934157986111111,0.013168402777777782,1.0,0.0,0.21874999999999997,0.5328125,0.4462109375,0.07739583333333333,0.0025130208333333333,0.0078125,0.8428378105163574,0.10510864108800888,0.5377587080001831,1.0,0.0,0.25172483921051025,0.0,0.4570949077606201,1.0,0.9509600400924683,0.04903995990753174
4,2330,0.37493807077407837,0.23253880441188812,0.14855851233005524,0.009521969594061375,0.21270833333333333,0.7406838536262512,0.940719279947444,0.012144097222222226,1.0,0.0,0.2950994318181818,0.5442649147727273,0.6440755208333333,0.0601171875,0.00016927083333333334,0.0094921875,0.8474639654159546,0.10075822472572327,0.537644624710083,1.0,0.0,0.25096386671066284,0.0,0.45699793100357056,1.0,0.9512702822685242,0.04872971773147583
4,2340,0.379449725151062,0.22916848957538605,0.14942143857479095,0.009317606687545776,0.21139322916666667,0.7401683926582336,0.9430650333359711,0.010373263888888894,1.0,0.0,0.2643229166666667,0.5396484375,0.6550911458333334,0.047174479166666665,5.208333333333334e-05,0.008815104166666667,0.8471845388412476,0.09790828824043274,0.5367864370346069,1.0,0.0,0.24524259567260742,0.0,0.4562684893608093,1.0,0.9515552520751953,0.04844474792480469
4,2350,0.37759557366371155,0.22933033108711243,0.13515834510326385,0.007133068982511759,0.15067708333333332,0.7764892578125,0.868517916830323,0.06793425358195856,1.0,0.0,0.22230113636363635,0.5333451704545454,0.6479817708333333,0.05625,1.3020833333333334e-05,0.007890625,0.8441475033760071,0.09780403971672058,0.5364947319030762,1.0,0.0,0.24329793453216553,0.0,0.4560205340385437,1.0,0.9518027305603027,0.048197269439697266
4,2360,0.3770899474620819,0.2293657511472702,0.13415846228599548,0.006429535336792469,0.11983072916666666,0.7498518228530884,0.8480742124299879,0.08913605426445723,1.0,0.0,0.22703598484848486,0.5340553977272727,0.6451822916666666,0.05231770833333333,0.0,0.007994791666666667,0.8500767946243286,0.09323868155479431,0.5360719561576843,1.0,0.0,0.24047958850860596,0.0,0.45566117763519287,1.0,0.9512928128242493,0.04870718717575073
4,2370,0.3771023750305176,0.22761724889278412,0.13440966606140137,0.005818129982799292,0.08694010416666667,0.7386195063591003,0.8324581814280227,0.10705163500950671,1.0,0.0,0.2507102272727273,0.5376065340909091,0.6477213541666667,0.060208333333333336,0.0,0.008515625,0.8607034087181091,0.08261555433273315,0.5358225107192993,1.0,0.0,0.2388167381286621,0.0,0.4554491341114044,1.0,0.95096355676651,0.04903644323348999
4,2380,0.35809165239334106,0.2469133883714676,0.16384252905845642,0.007754115853458643,0.136796875,0.6875835657119751,0.9311227887193405,0.054199550538185,1.0,0.0,0.24656723484848483,0.5369850852272727,0.6537109375,0.3975390625,0.0004296875,0.008424479166666667,0.8678057193756104,0.07718223333358765,0.5357210636138916,1.0,0.0,0.23814032971858978,0.0,0.4553629159927368,1.0,0.9512884020805359,0.04871159791946411
4,2390,0.37590110301971436,0.24457325041294098,0.14759954810142517,0.00695919431746006,0.09432291666666667,0.7210580706596375,0.886009760883256,0.07103044933217974,1.0,0.0,0.24538352272727268,0.5368075284090909,0.6625260416666666,0.4034375,0.0,0.0083984375,0.8823930025100708,0.0653553158044815,0.5356788039207458,1.0,0.0,0.23785850405693054,0.0,0.45532700419425964,1.0,0.9516800045967102,0.048319995403289795
4,2400,0.30987349152565,0.1969374269247055,0.14007426798343658,0.00523017905652523,0.093125,0.711699366569519,0.8213363977900167,0.13025058831585457,1.0,0.0,0.21519886363636362,0.5322798295454545,0.72046875,0.04078125,3.90625e-05,0.007734375,0.8898096084594727,0.0578012689948082,0.5356661081314087,1.0,0.0,0.23777393996715546,0.0,0.4553162157535553,1.0,0.9521103501319885,0.047889649868011475
4,2410,0.3568674921989441,0.2381889969110489,0.1978703737258911,0.013637951575219631,0.22251302083333332,0.7117874026298523,0.9950824652777777,0.009835069444444448,1.0,0.0,0.22170928030303028,0.5332563920454545,0.5694270833333334,0.027174479166666668,0.0009765625,0.007877604166666666,0.8996769189834595,0.05014432594180107,0.5355265736579895,1.0,0.0,0.23684388399124146,0.0,0.45519760251045227,1.0,0.9525882005691528,0.04741179943084717
4,2420,0.32488366961479187,0.21357083320617676,0.14248503744602203,0.010749345645308495,0.2240234375,0.7225182056427002,0.9313460395988236,0.010334201388888891,1.0,0.0,0.24064867424242425,0.5360973011363637,0.6754557291666666,0.03265625,0.0006901041666666667,0.008294270833333334,0.9013082385063171,0.04834062606096268,0.5353025197982788,1.0,0.0,0.23535016179084778,0.0,0.4550071656703949,1.0,0.9530717134475708,0.0469282865524292
4,2430,0.340218186378479,0.22030985355377197,0.12432694435119629,0.009625797159969807,0.18598958333333335,0.7187519073486328,0.9017866638379219,0.007994791666666667,1.0,0.0,0.2595880681818182,0.5389382102272727,0.670390625,0.020911458333333334,0.0005989583333333333,0.0087109375,0.8932080864906311,0.054770808666944504,0.5353025197982788,1.0,0.0,0.23535016179084778,0.0,0.4550071656703949,1.0,0.9535031914710999,0.046496808528900146
4,2440,0.3388838768005371,0.22272494435310364,0.14565466344356537,0.0072202919982373714,0.14477864583333333,0.7361012101173401,0.8879352828998361,0.06664654307541888,1.0,0.0,0.22644412878787878,0.5339666193181818,0.664453125,0.053072916666666664,0.0006640625,0.007981770833333334,0.8911440968513489,0.0603955015540123,0.5349347591400146,1.0,0.0,0.23289817571640015,0.0,0.45469456911087036,1.0,0.9509612321853638,0.04903876781463623
4,2450,0.36026275157928467,0.2562825083732605,0.13837727904319763,0.010648583061993122,0.185234375,0.6863101124763489,0.9233332505389157,0.012456597222222227,1.0,0.0,0.24124053030303025,0.5361860795454545,0.6148177083333334,0.050416666666666665,0.0010416666666666667,0.008307291666666666,0.8891627788543701,0.06588371843099594,0.535750687122345,1.0,0.0,0.23833762109279633,0.0,0.4553880989551544,1.0,0.9481046199798584,0.0518953800201416
4,2460,0.3464341461658478,0.23251694440841675,0.16686351597309113,0.00873940996825695,0.17442708333333334,0.7472754120826721,0.9625245489609076,0.024450894429835522,1.0,0.0,0.1909327651515151,0.5286399147727273,0.5818619791666667,0.0031119791666666665,0.00010416666666666667,0.007200520833333333,0.879635214805603,0.07765267789363861,0.5366595983505249,1.0,0.0,0.2443971037864685,0.0,0.45616066455841064,1.0,0.9485147595405579,0.05148524045944214
4,2470,0.32966068387031555,0.20320981740951538,0.13788078725337982,0.009882481768727303,0.20868489583333333,0.7330702543258667,0.9232590926916171,0.010924479166666667,1.0,0.0,0.2637310606060606,0.5395596590909091,0.6723958333333333,0.0013411458333333333,0.000234375,0.008802083333333334,0.8633911609649658,0.09265374392271042,0.5376783609390259,1.0,0.0,0.25118935108184814,0.0,0.4570266306400299,1.0,0.9471884965896606,0.052811503410339355
4,2480,0.3295540511608124,0.2035181075334549,0.13258308172225952,0.008162536658346653,0.1817578125,0.733748733997345,0.891996657163439,0.03611401617506814,1.0,0.0,0.24064867424242425,0.5360973011363637,0.6711328125,0.0041015625,0.0004296875,0.008294270833333334,0.865949273109436,0.09060093760490417,0.5382998585700989,1.0,0.0,0.255332350730896,0.0,0.4575549066066742,1.0,0.9478141069412231,0.052185893058776855
4,2490,0.3312396705150604,0.2035789042711258,0.13060981035232544,0.007530921138823032,0.1594140625,0.7408813238143921,0.8717917877528565,0.05520999661447393,1.0,0.0,0.23591382575757575,0.5353870738636364,0.6659895833333334,0.0011328125,0.0005078125,0.008190104166666667,0.8654870986938477,0.0927434042096138,0.5344470739364624,0.9915927052497864,0.0,0.257671594619751,0.0,0.4542800188064575,1.0,0.9489055871963501,0.0510944128036499
4,2500,0.33290767669677734,0.20463179051876068,0.13223551213741302,0.007239591330289841,0.15266927083333334,0.734237015247345,0.8664946049332544,0.06455641269441542,1.0,0.0,0.23828124999999994,0.5357421875,0.6583463541666666,0.001015625,0.0006901041666666667,0.0082421875,0.8675268888473511,0.08936099708080292,0.5351657271385193,0.9915927052497864,0.0,0.2624627947807312,0.0,0.4548908770084381,1.0,0.949924886226654,0.05007511377334595
4,2510,0.33210673928260803,0.2051965594291687,0.13363783061504364,0.007075803354382515,0.14401041666666667,0.733231246471405,0.8639591248146141,0.07057859437858184,1.0,0.0,0.2181581439393939,0.5327237215909091,0.656796875,0.0008072916666666667,0.0005598958333333334,0.007799479166666666,0.8745999932289124,0.08315858989953995,0.5355293154716492,0.9915927052497864,0.0,0.26488661766052246,0.0,0.4551999270915985,1.0,0.9504538178443909,0.04954618215560913
4,2520,0.3358285427093506,0.21592946350574493,0.13133220374584198,0.006495604291558266,0.137578125,0.7412000298500061,0.8432431485474868,0.09076324991861656,1.0,0.0,0.17968749999999997,0.526953125,0.638125,0.0016666666666666668,0.0001953125,0.006953125,0.8718729019165039,0.08605527877807617,0.5351150035858154,0.9915927052497864,0.0,0.26212459802627563,0.0,0.4548477530479431,1.0,0.9506291151046753,0.04937088489532471
4,2530,0.3133856952190399,0.2345157265663147,0.14597095549106598,0.005115991923958063,0.13678385416666666,0.68867027759552,0.8233136282981293,0.1482022067560211,1.0,0.0,0.21874999999999997,0.5328125,0.5512109375,0.0049479166666666664,3.90625e-05,0.0078125,0.8648868799209595,0.09921371936798096,0.5371214151382446,0.991048276424408,0.0,0.27731555700302124,0.0,0.45655322074890137,1.0,0.9506298303604126,0.0493701696395874
4,2540,0.40420714020729065,0.3149334788322449,0.1960831731557846,0.00576363131403923,0.1315234375,0.687008261680603,0.8973741552580986,0.13026265895544353,1.0,0.0,0.24360795454545453,0.5365411931818181,0.39873697916666667,0.048177083333333336,3.90625e-05,0.008359375,0.8681312799453735,0.10169801115989685,0.5424100756645203,0.991048276424408,0.0,0.31257325410842896,0.0,0.46104857325553894,1.0,0.9503971934318542,0.04960280656814575
4,2550,0.3704058527946472,0.2831869423389435,0.20066531002521515,0.005916007794439793,0.10630208333333334,0.6989592909812927,0.9014579644544822,0.12562571510854292,1.0,0.0,0.37855113636363624,0.5567826704545454,0.44962239583333335,0.017174479166666666,0.0,0.011328125,0.8718305826187134,0.10179858654737473,0.5407925844192505,0.9910482168197632,0.0,0.3017902374267578,0.0,0.4596737027168274,1.0,0.9498846530914307,0.050115346908569336
4,2560,0.29259517788887024,0.2441505789756775,0.13613773882389069,0.003649551887065172,0.04928385416666667,0.6811262965202332,0.6684388956144741,0.31508255269266594,1.0,0.0,0.3495501893939394,0.552432528409091,0.5273828125,0.0007552083333333333,0.0,0.010690104166666667,0.8738406896591187,0.10306981950998306,0.5378542542457581,0.9749562740325928,0.005002741236239672,0.32416802644729614,0.0,0.4571761190891266,1.0,0.9491179585456848,0.050882041454315186
4,2570,0.17202161252498627,0.1424563229084015,0.08035710453987122,0.003148413263261318,0.0707421875,0.6604435443878174,0.5069496684505128,0.40415826264207366,1.0,0.0,0.3696732954545454,0.5554509943181818,0.6759114583333333,0.000234375,0.0,0.0111328125,0.8752663135528564,0.10190549492835999,0.534774899482727,0.9545084834098816,0.00890409667044878,0.36269503831863403,0.0,0.45455867052078247,1.0,0.9480282068252563,0.05197179317474365
4,2580,0.31625738739967346,0.20698028802871704,0.14382487535476685,0.007219285238534212,0.15916666666666668,0.6994402408599854,0.8861788953156869,0.06394286196880788,1.0,0.0,0.3377130681818181,0.5506569602272727,0.7020052083333334,0.00040364583333333333,5.208333333333334e-05,0.0104296875,0.8758319616317749,0.10498248785734177,0.5271707773208618,0.918718695640564,0.029138602316379547,0.3840864300727844,0.0,0.4480951726436615,1.0,0.9465595483779907,0.05344045162200928
4,2590,0.4610579013824463,0.31910744309425354,0.18077795207500458,0.006497906055301428,0.1297265625,0.7145370244979858,0.9214166572086292,0.09919133808362854,0.8234456380208336,0.0,0.2956912878787878,0.45607651219223494,0.3182291666666667,0.0452734375,0.00022135416666666666,0.009505208333333333,0.874724268913269,0.1103658378124237,0.5282031297683716,0.9032195806503296,0.04578666761517525,0.4037867486476898,0.0,0.4489726722240448,1.0,0.9447715282440186,0.055228471755981445
4,2600,0.33936357498168945,0.20386502146720886,0.13795429468154907,0.016679931432008743,0.23768229166666666,0.6896150708198547,0.9288457294610831,0.0,1.0,0.0,0.34599905303030304,0.5518998579545454,0.7714973958333333,0.013671875,0.0001171875,0.010611979166666667,0.8761367797851562,0.11141986399888992,0.5297678112983704,0.9032195806503296,0.050051890313625336,0.4042658805847168,0.0,0.4503026604652405,1.0,0.9426308870315552,0.057369112968444824
4,2610,0.37319403886795044,0.2305344045162201,0.16219717264175415,0.01949118636548519,0.2383203125,0.7190062403678894,0.9698721383168146,0.0,1.0,0.0,0.2660984848484848,0.5399147727272727,0.67171875,0.015989583333333335,0.00010416666666666667,0.008854166666666666,0.8770242929458618,0.11322490125894547,0.5300291776657104,0.9032195806503296,0.053298939019441605,0.3984318673610687,0.0,0.45052480697631836,1.0,0.9401737451553345,0.05982625484466553
4,2620,0.386480450630188,0.24631717801094055,0.25967055559158325,0.006682169623672962,0.17834635416666667,0.5558841824531555,0.9378143069765915,0.0706655602538731,1.0,0.0,0.16370738636363633,0.5245561079545454,0.7514192708333334,0.6211067708333333,0.026354166666666668,0.0066015625,0.880259096622467,0.11385529488325119,0.5330004692077637,0.9032195806503296,0.06305640190839767,0.39547258615493774,0.0,0.4530504047870636,1.0,0.9165175557136536,0.08348244428634644
4,2630,0.22303876280784607,0.2633267641067505,0.27835533022880554,0.002782696159556508,0.08006510416666666,0.5021046996116638,0.7846395997076135,0.28666132135498457,0.9885660807291666,0.0,0.5596590909090908,0.5782319040009469,0.17459635416666666,0.24174479166666665,0.0828515625,0.0153125,0.8838662505149841,0.11402302980422974,0.5351830720901489,0.9032195806503296,0.07268659770488739,0.38755300641059875,0.0,0.45490562915802,1.0,0.892846941947937,0.10715305805206299
4,2640,0.5158849358558655,0.3993450999259949,0.36351683735847473,0.03338891267776489,0.1774609375,0.3085232973098755,0.9699175347222221,0.060164930555555565,1.0,0.0,1.0,0.65,0.3237109375,0.10795572916666667,0.025013020833333333,0.0292578125,0.8878358602523804,0.11201579868793488,0.535183310508728,0.8955620527267456,0.07808257639408112,0.40048927068710327,0.6792270541191101,0.6792270541191101,0.7567473649978638,0.86924147605896,0.13075852394104004
4,2650,0.7309276461601257,0.25103187561035156,0.18757116794586182,0.03666289150714874,0.2287109375,0.28422796726226807,0.9656206597222221,0.06875868055555555,1.0,0.0,0.0,0.5,0.43671875,0.030651041666666667,0.1071875,0.0013020833333333333,0.8895938992500305,0.10936839878559113,0.5391359329223633,0.8955620527267456,0.08462889492511749,0.4115654230117798,0.3492305278778076,0.4582655429840088,0.732589066028595,0.8456623554229736,0.15433764457702637
4,2660,0.364925742149353,0.27191463112831116,0.22787930071353912,0.007715797517448664,0.1519921875,0.2779620289802551,0.9655457870535008,0.03915251471193096,0.6620686848958335,0.10505756578947369,0.7111742424242424,0.4744806268378689,0.3097916666666667,0.0020703125,0.239921875,0.018645833333333334,0.8887639045715332,0.10966178774833679,0.5392205119132996,0.8955620527267456,0.08462889492511749,0.41212910413742065,0.07461629807949066,0.4583374559879303,1.0,0.8221086263656616,0.17789137363433838
4,2670,0.311769962310791,0.21405865252017975,0.1755458414554596,0.025191185995936394,0.22201822916666666,0.23053330183029175,0.9924621932323162,0.0,0.5705973307291667,0.08192845394736842,1.0,0.4639736242461623,0.278984375,0.0036067708333333334,0.2311328125,0.0541796875,0.8998180627822876,0.10003786534070969,0.5398207902908325,0.8955621123313904,0.08462889492511749,0.4161311984062195,0.3972763419151306,0.45884767174720764,0.8354418277740479,0.7986416816711426,0.20135831832885742
4,2680,0.38502785563468933,0.2461393177509308,0.27630409598350525,0.006661473773419857,0.18114583333333334,0.24713721871376038,0.9351366566242725,0.07554132296484176,0.24841308593749997,0.42492461622807015,0.7129498106060606,0.3798726302394836,0.179453125,3.90625e-05,0.36147135416666665,0.018684895833333333,0.9198960065841675,0.08465662598609924,0.541273295879364,0.8935856819152832,0.08753165602684021,0.4256290793418884,0.07058143615722656,0.4600823223590851,1.0,0.7753103971481323,0.22468960285186768
4,2690,0.3867521584033966,0.22662881016731262,0.2232195883989334,0.004107410553842783,0.15227864583333334,0.24553431570529938,0.868735405103099,0.14916431238284197,0.6745198567708335,0.34960937499999994,0.6543560606060606,0.5577766187263258,0.31580729166666666,3.90625e-05,0.3328515625,0.017395833333333333,0.9213031530380249,0.08617189526557922,0.5384331941604614,0.8837154507637024,0.09005098044872284,0.4337177574634552,0.0,0.4576682150363922,1.0,0.7519585490226746,0.24804145097732544
4,2700,0.4055299758911133,0.16906216740608215,0.15833128988742828,0.018926896154880524,0.20194010416666666,0.2732912302017212,0.9014542100062736,0.07734458148479464,1.0,0.08956962719298245,0.24597537878787876,0.5682456763357256,0.634140625,3.90625e-05,0.23403645833333334,0.008411458333333333,0.9225522875785828,0.08428128808736801,0.542719304561615,0.8835003972053528,0.09713248163461685,0.4464849531650543,0.0,0.4613114297389984,1.0,0.7286147475242615,0.2713852524757385
4,2710,0.4078397750854492,0.15901510417461395,0.16056093573570251,0.009897289797663689,0.17596354166666667,0.27354592084884644,0.8851333303634937,0.10246223956346512,1.0,0.06818804824561404,0.11576704545454543,0.5412308737041467,0.6914973958333334,5.208333333333334e-05,0.22591145833333334,0.005546875,0.9246864318847656,0.08570653200149536,0.5430830121040344,0.8748818635940552,0.10380443930625916,0.4620704650878906,0.0,0.461620569229126,1.0,0.7052502036094666,0.29474979639053345
4,2720,0.41414788365364075,0.17175321280956268,0.20574375987052917,0.008567043580114841,0.19510416666666666,0.2464623749256134,0.9318905216709868,0.08381685882625056,1.0,0.2049067982456141,0.15601325757575757,0.5951193680223286,0.5507942708333333,3.90625e-05,0.27786458333333336,0.006432291666666667,0.8785020112991333,0.08570653200149536,0.5173728466033936,0.8272627592086792,0.10380443185567856,0.4493991434574127,0.0,0.43976694345474243,1.0,0.6818274259567261,0.3181725740432739
4,2730,0.4054383635520935,0.1901780515909195,0.20437327027320862,0.006712829228490591,0.16328125,0.26844000816345215,0.9189929849218305,0.09428568722725644,1.0,0.20223410087719298,0.013375946969696973,0.5727883273524721,0.53875,5.208333333333334e-05,0.27684895833333334,0.0032942708333333335,0.8338441848754883,0.0823415070772171,0.49239394068717957,0.779643714427948,0.10380443930625916,0.44160354137420654,0.0,0.41853487491607666,1.0,0.6584283113479614,0.3415716886520386
4,2740,0.3585420250892639,0.23605048656463623,0.24064235389232635,0.005521547980606556,0.16033854166666667,0.2572527527809143,0.9066756775284684,0.10605036644492208,0.8391927083333335,0.11331551535087721,0.4904119318181817,0.532818574312201,0.3685026041666667,3.90625e-05,0.24305989583333334,0.0137890625,0.7964804172515869,0.0686909556388855,0.4648590683937073,0.7325690984725952,0.10380443185567856,0.4149531126022339,0.0,0.3951302170753479,1.0,0.6351038813591003,0.36489611864089966
4,2750,0.410385400056839,0.26046621799468994,0.25322645902633667,0.006550914142280817,0.1681640625,0.2535739541053772,0.9342928184514364,0.07466725175973118,1.0,0.13747258771929827,0.4762073863636364,0.6195465136562999,0.46002604166666666,0.0026692708333333334,0.25223958333333335,0.0134765625,0.7502938508987427,0.06582596898078918,0.4339067041873932,0.6849501132965088,0.10380443930625916,0.3673340678215027,0.0,0.3688206970691681,1.0,0.6117658019065857,0.3882341980934143
4,2760,0.3726651072502136,0.24731093645095825,0.25557953119277954,0.004677393473684788,0.14108072916666667,0.25161024928092957,0.884027629781787,0.13178678433887842,1.0,0.0,0.39038825757575757,0.5585582386363637,0.44069010416666665,0.0008203125,0.1588671875,0.011588541666666667,0.7043119668960571,0.06255173683166504,0.4100971817970276,0.6373310089111328,0.10380443185567856,0.3673340678215027,0.0,0.3485826253890991,1.0,0.5884053707122803,0.4115946292877197
4,2770,0.37574025988578796,0.25680962204933167,0.2780095636844635,0.0052942452020943165,0.1506640625,0.28260019421577454,0.9005773103000915,0.11298032920444157,1.0,0.0,0.43359375,0.5650390625,0.42552083333333335,0.0013411458333333333,0.14407552083333333,0.0125390625,0.6583335399627686,0.060687337070703506,0.38750284910202026,0.6058039665222168,0.09880169481039047,0.33346861600875854,0.0,0.3293774425983429,1.0,0.5657824873924255,0.43421751260757446
4,2780,0.3544222414493561,0.23506850004196167,0.25313282012939453,0.006338209379464388,0.15873697916666665,0.25680187344551086,0.928586105302703,0.08115215306511012,0.9584960937499999,0.06095805921052632,0.5691287878787877,0.5859526857805023,0.4007161458333333,0.0060026041666666665,0.2231640625,0.015520833333333333,0.6110734939575195,0.060687337070703506,0.36540889739990234,0.5786327123641968,0.09490033984184265,0.28584957122802734,0.0,0.31059756875038147,1.0,0.5430337190628052,0.4569662809371948
4,2790,0.36707332730293274,0.2460789531469345,0.2294539213180542,0.005858959164470434,0.15200520833333334,0.23988476395606995,0.9157281727053043,0.0957634401076087,0.7927246093750001,0.052905701754385914,0.5075757575757575,0.49101566393789875,0.35321614583333333,0.0004557291666666667,0.22010416666666666,0.014166666666666666,0.5665431618690491,0.05709012970328331,0.34731972217559814,0.5668034553527832,0.07466582953929901,0.2518995702266693,0.0,0.2952217757701874,1.0,0.5196566581726074,0.4803433418273926
4,2800,0.3924282193183899,0.2612758278846741,0.26315104961395264,0.007048773113638163,0.154375,0.2339857518672943,0.9476500103659019,0.05948862458420234,0.8189290364583336,0.14871162280701758,0.5638020833333334,0.546083898711623,0.3592447916666667,0.0028125,0.2565104166666667,0.015403645833333333,0.5251747965812683,0.0499870665371418,0.3207589089870453,0.5346835255622864,0.05801776796579361,0.22073976695537567,0.0,0.27264508605003357,1.0,0.4962994456291199,0.5037005543708801
4,2810,0.36398643255233765,0.23919227719306946,0.26029840111732483,0.008018293417990208,0.16927083333333334,0.23854182660579681,0.9736615307265665,0.029930078719810738,0.8190104166666669,0.1401110197368421,0.6732954545454545,0.5595383834230463,0.3592578125,0.0028255208333333335,0.2532421875,0.0178125,0.4822484254837036,0.046303994953632355,0.29369959235191345,0.4870644211769104,0.05375254526734352,0.20902664959430695,0.0,0.2496446669101715,1.0,0.4729362428188324,0.5270637273788452
