video,frame,brightness,contrast,center_contrast,sharpness,edge_density,saturation,visibility_score,no_vision_score,brown_deposit_score,light_deposit_score,dark_structure_score,dirt_deposit_score,brown_fraction,yellow_fraction,light_deposit_fraction,dark_structure_fraction,visibility_score_smooth,no_vision_score_smooth,dirt_deposit_score_smooth,brown_deposit_score_smooth,light_deposit_score_smooth,dark_structure_score_smooth,feature_anomaly_score,anomaly_score,pipe_similarity_score,inspection_active_score,handling_score
5,0,0.9266270995140076,0.20445449650287628,0.3388802111148834,0.036730967462062836,0.04126302083333333,0.07449918240308762,0.7927283653846153,0.3191907051282052,0.0,0.0,0.0,0.0,0.0,0.020494791666666668,0.020286458333333333,0.0,0.4886818528175354,0.058112964034080505,0.20959016680717468,0.3469451665878296,0.0,0.2407839596271515,0.7860797047615051,0.7860797047615051,0.414675235748291,0.4235975742340088,0.5764024257659912
5,10,0.9265509247779846,0.2046787142753601,0.3391667902469635,0.03749990463256836,0.04139322916666666,0.07400030642747879,0.7930889423076922,0.31879006410256416,0.0,0.0,0.0,0.0,0.0,0.0205078125,0.020481770833333333,0.0,0.534428596496582,0.061857592314481735,0.2226952612400055,0.3669104278087616,0.0,0.2616003751754761,0.7860797047615051,0.7860797047615051,0.4136730432510376,0.4478749632835388,0.5521250367164612
5,20,0.37122705578804016,0.3043261170387268,0.21428042650222778,0.011522299610078335,0.20765625,0.5051937699317932,0.9999999999999999,0.0,1.0,0.0,0.7419507575757575,0.6112926136363637,0.621640625,0.010794270833333333,0.011145833333333334,0.019322916666666665,0.582047700881958,0.061857596039772034,0.2424652874469757,0.3928242325782776,0.0,0.3070211112499237,0.0,0.20609550178050995,1.0,0.4719393253326416,0.5280606746673584
5,30,0.7931534051895142,0.298723429441452,0.24346144497394562,0.022170668467879295,0.1276171875,0.1588618904352188,0.9219053819444444,0.15618923611111113,0.43164062500000006,0.0,0.024029356060606053,0.21942471590909093,0.23131510416666667,0.006809895833333334,0.049140625,0.0035286458333333333,0.6296666860580444,0.061857592314481735,0.2662748098373413,0.4404432475566864,0.0,0.3070211112499237,0.4194091856479645,0.4194091856479645,0.5959731340408325,0.495979905128479,0.504020094871521
5,40,0.6331068277359009,0.36574938893318176,0.30801188945770264,0.03162827715277672,0.16388020833333333,0.2158966064453125,0.9518749999999999,0.09625,0.8157958984375002,0.0,0.5525568181818181,0.49078147194602284,0.2814713541666667,0.07958333333333334,0.07690104166666667,0.01515625,0.6731503009796143,0.06185758858919144,0.2900843322277069,0.4880622923374176,0.0,0.3070211112499237,0.38867002725601196,0.38867002725601196,0.6274513006210327,0.5199545621871948,0.4800454378128052
5,50,0.29599788784980774,0.22996290028095245,0.16091223061084747,0.010764996521174908,0.173359375,0.5385827422142029,0.9654146349226308,0.004565972222222224,1.0,0.0,0.5241477272727272,0.5786221590909091,0.7032682291666666,0.0047395833333333335,0.023294270833333332,0.01453125,0.7170377373695374,0.06866142898797989,0.3064388334751129,0.520771324634552,0.0,0.3070211112499237,0.0,0.26047301292419434,1.0,0.5439065098762512,0.4560934901237488
5,60,0.5550590753555298,0.3501715362071991,0.3331829309463501,0.020670192316174507,0.20524739583333335,0.38468706607818604,0.9775347222222222,0.04493055555555556,1.0,0.0,0.6774384469696969,0.6016157670454545,0.42216145833333335,0.060872395833333336,0.0490234375,0.017903645833333332,0.7644635438919067,0.06904792785644531,0.3308808207511902,0.5683903694152832,0.0,0.3112373948097229,0.32397738099098206,0.32397738099098206,0.689445436000824,0.5672879815101624,0.43271201848983765
5,70,0.7009519934654236,0.3587159812450409,0.2977432310581207,0.05459592118859291,0.16174479166666667,0.20646443963050842,0.9383832465277777,0.12323350694444445,0.5911865234375001,0.0,0.37736742424242425,0.35219837535511367,0.095703125,0.1934765625,0.06639322916666666,0.011302083333333334,0.8103930950164795,0.06932231783866882,0.35476893186569214,0.6160094141960144,0.0,0.31176161766052246,0.6488028168678284,0.6488028168678284,0.4824712872505188,0.5911826491355896,0.4088173508644104
5,80,0.5306736826896667,0.34735941886901855,0.2746715843677521,0.025136983022093773,0.194296875,0.3602205514907837,0.9814605034722221,0.03707899305555556,1.0,0.0,0.6525804924242424,0.5978870738636364,0.40264322916666667,0.08872395833333334,0.0368359375,0.017356770833333333,0.8580120801925659,0.06932231783866882,0.3793588876724243,0.6636284589767456,0.0,0.3169642984867096,0.28637319803237915,0.3224550783634186,0.7453315854072571,0.6150537133216858,0.3849462866783142
5,90,0.6494222283363342,0.34791693091392517,0.3318375051021576,0.046126801520586014,0.20759114583333332,0.24819500744342804,0.9600455729166666,0.07990885416666667,0.7987060546875002,0.0,0.8064630681818181,0.5203224875710228,0.21838541666666667,0.13720052083333334,0.12390625,0.0207421875,0.9056311845779419,0.06932231038808823,0.4087682068347931,0.7112475633621216,0.0,0.35429632663726807,0.5850486159324646,0.5850486159324646,0.5572601556777954,0.6389168500900269,0.36108314990997314
5,100,0.5653893947601318,0.3438859283924103,0.3226805627346039,0.03006800077855587,0.20514322916666666,0.29298290610313416,0.9798828124999999,0.040234375,0.6485188802083335,0.0,0.6999289772727272,0.4292487866950758,0.22078125,0.08674479166666667,0.14186197916666668,0.0183984375,0.9532501697540283,0.06932231783866882,0.4395768642425537,0.7588666081428528,0.0,0.4009571373462677,0.46929648518562317,0.46929648518562317,0.5796783566474915,0.6627739071846008,0.33722609281539917
5,110,0.6429486870765686,0.3390139937400818,0.19201232492923737,0.019640672951936722,0.19342447916666666,0.2512170970439911,0.960681423611111,0.07863715277777779,0.4192708333333334,0.0,0.4371448863636363,0.2752071496212122,0.17985677083333335,0.05430989583333334,0.0726171875,0.0126171875,0.9631203413009644,0.05412275716662407,0.46536314487457275,0.806485652923584,0.0,0.41413578391075134,0.4060046374797821,0.4060046374797821,0.6067733764648438,0.6865981817245483,0.31340181827545166
5,120,0.4863046407699585,0.29228949546813965,0.2199278324842453,0.03676548972725868,0.28544270833333335,0.2986338436603546,0.9999999999999999,0.0,0.544189453125,0.0,0.9538352272727272,0.4151700106534091,0.23182291666666666,0.042317708333333336,0.09028645833333333,0.023984375,0.9729732275009155,0.03894227743148804,0.49201613664627075,0.85410475730896,0.0,0.4330920875072479,0.29031088948249817,0.41821372509002686,0.7343080043792725,0.7039510011672974,0.29604899883270264
5,130,0.5112116932868958,0.2543320059776306,0.2087259143590927,0.02595447190105915,0.27901041666666665,0.7429419159889221,0.9999999999999999,0.0,1.0,0.0,0.0,0.5,0.6332682291666667,0.1295703125,0.0019010416666666668,0.0027994791666666667,0.9729732275009155,0.03894227743148804,0.49122560024261475,0.8541046977043152,0.0,0.4278217554092407,0.0,0.4175417721271515,0.8929346799850464,0.7277407646179199,0.2722592353820801
5,140,0.4505777955055237,0.26646384596824646,0.12868238985538483,0.010096714831888676,0.1378515625,0.7530439496040344,0.9131548136014204,0.0,1.0,0.0,0.0,0.5,0.74109375,0.044609375,0.005299479166666667,0.0015625,0.9766920208930969,0.03150469437241554,0.5073071718215942,0.8811693787574768,0.0,0.4448164701461792,0.0,0.43121111392974854,1.0,0.7515223026275635,0.24847769737243652
5,150,0.7881153225898743,0.2690747082233429,0.22298599779605865,0.015393606387078762,0.074375,0.4019278883934021,0.9216366185897436,0.14288060897435897,0.6868896484375001,0.0,0.0,0.34344482421875006,0.23458333333333334,0.08522135416666667,0.016510416666666666,0.0017578125,0.9789837002754211,0.026921361684799194,0.5121707320213318,0.8899409770965576,0.0,0.4480012059211731,0.19789382815361023,0.4353451430797577,0.6335595846176147,0.7752386331558228,0.22476136684417725
5,160,0.5966169834136963,0.2881551682949066,0.19732250273227692,0.039461951702833176,0.3153255208333333,0.6205358505249023,0.9959418402777777,0.008116319444444447,1.0,0.0,0.08854166666666664,0.51328125,0.5249088541666667,0.3053125,0.0008072916666666667,0.0049479166666666664,0.98063063621521,0.026703935116529465,0.5124243497848511,0.8899410367012024,0.0,0.4496922492980957,0.11395566165447235,0.4355607032775879,0.8896222710609436,0.7989396452903748,0.20106035470962524
5,170,0.3526465594768524,0.19769509136676788,0.1617586463689804,0.023336924612522125,0.24817708333333333,0.6336643695831299,0.9645201996656564,0.005762271583080302,1.0,0.0,0.011008522727272716,0.501651278409091,0.8514192708333334,0.14944010416666667,0.0028385416666666667,0.0032421875,0.9801003932952881,0.026564404368400574,0.5089535713195801,0.8899410367012024,0.0,0.42655348777770996,0.0,0.43261054158210754,1.0,0.8226231932640076,0.17737680673599243
5,180,0.4218108355998993,0.21258753538131714,0.20204323530197144,0.04396185278892517,0.2906640625,0.632859468460083,0.9999999999999999,0.0,1.0,0.0,0.10925662878787877,0.5163884943181818,0.8219791666666667,0.2522265625,0.0030208333333333333,0.005403645833333333,0.9830344915390015,0.020696140825748444,0.5182390213012695,0.9094083309173584,0.0,0.4235660135746002,0.0,0.44050318002700806,1.0,0.8462827205657959,0.1537172794342041
5,190,0.31430622935295105,0.2181357443332672,0.2659989893436432,0.01757182739675045,0.21595052083333333,0.5183221697807312,0.9999999999999999,0.0,1.0,0.0,0.7839725378787878,0.6175958806818181,0.7552213541666667,0.21221354166666667,0.0016276041666666667,0.020247395833333334,0.9839173555374146,0.018930474296212196,0.515097975730896,0.9094083309173584,0.0,0.40262556076049805,0.0,0.4378332793712616,1.0,0.8699101209640503,0.1300898790359497
5,200,0.35901743173599243,0.2173021137714386,0.23311328887939453,0.018864527344703674,0.27977864583333334,0.5036223530769348,0.9999999999999999,0.0,1.0,0.0,0.9798768939393939,0.6469815340909091,0.8704296875,0.1485546875,0.010963541666666667,0.024557291666666668,0.985819935798645,0.015125291422009468,0.5162127017974854,0.9189937710762024,0.0,0.37810584902763367,0.04897415637969971,0.438780814409256,0.8899675607681274,0.893515944480896,0.106484055519104
5,210,0.3763503134250641,0.2272339016199112,0.19226527214050293,0.01636587083339691,0.23977864583333333,0.5242512822151184,0.9999999999999999,0.0,1.0,0.0,0.2767518939393939,0.5415127840909091,0.8583072916666666,0.1590234375,0.0082421875,0.009088541666666667,0.9867779016494751,0.013209369033575058,0.5206074714660645,0.9357309937477112,0.0,0.35161322355270386,0.0,0.44251635670661926,1.0,0.9040638208389282,0.09593617916107178
5,220,0.40234118700027466,0.2311730831861496,0.27535226941108704,0.022245842963457108,0.2689453125,0.5091641545295715,0.9999999999999999,0.0,1.0,0.0,0.3980823863636363,0.5597123579545454,0.8502734375,0.1326171875,0.006848958333333334,0.0117578125,0.960273265838623,0.03428376466035843,0.5075023174285889,0.9157657027244568,0.0,0.3307968080043793,0.0,0.43137699365615845,1.0,0.9143323302268982,0.0856676697731018
5,230,0.4101698696613312,0.25890982151031494,0.2698743939399719,0.021983379498124123,0.248828125,0.5339656472206116,0.9999999999999999,0.0,1.0,0.0,0.6312736742424242,0.5946910511363637,0.789609375,0.21466145833333333,0.010481770833333333,0.016888020833333333,0.9577405452728271,0.03771547973155975,0.5115419030189514,0.9374709725379944,0.0,0.28537607192993164,0.0,0.4348106384277344,1.0,0.9164038896560669,0.0835961103439331
5,240,0.37923648953437805,0.229543536901474,0.2404654324054718,0.02075364999473095,0.246875,0.5350386500358582,0.9999999999999999,0.0,1.0,0.0,0.38091856060606055,0.5571377840909091,0.8643880208333333,0.173515625,0.010091145833333334,0.011380208333333334,0.9498026967048645,0.04489829018712044,0.5116585493087769,0.9374709725379944,0.0,0.2861539423465729,0.0,0.43490979075431824,1.0,0.9231045246124268,0.07689547538757324
5,250,0.3603520393371582,0.23124831914901733,0.24294987320899963,0.020936569198966026,0.250703125,0.5311994552612305,0.9999999999999999,0.0,1.0,0.0,0.619436553030303,0.5929154829545454,0.8617317708333333,0.1969140625,0.008658854166666667,0.016627604166666667,0.9485761523246765,0.05115831643342972,0.5133943557739258,0.9374709725379944,0.0,0.2977261543273926,0.0,0.43638521432876587,1.0,0.924937903881073,0.075062096118927
5,260,0.3851775527000427,0.23386912047863007,0.2147093564271927,0.020908061414957047,0.26579427083333335,0.5431121587753296,0.9999999999999999,0.0,1.0,0.0,0.5596590909090908,0.5839488636363637,0.853125,0.18977864583333334,0.012513020833333333,0.0153125,0.9465588331222534,0.051186345517635345,0.5219468474388123,0.9523810148239136,0.0,0.3050426244735718,0.0,0.4436548352241516,0.9542387127876282,0.9248461723327637,0.07515382766723633
5,270,0.3458835780620575,0.18319983780384064,0.20145009458065033,0.010163683444261551,0.2626822916666667,0.4811432957649231,0.9663996756076813,0.04200040549039843,1.0,0.0,0.1915246212121212,0.5287286931818181,0.9036979166666667,0.09807291666666666,0.01859375,0.007213541666666667,0.9415546655654907,0.05704466998577118,0.5221117734909058,0.9523810148239136,0.0,0.30614179372787476,0.0,0.44379502534866333,1.0,0.9296658635139465,0.07033413648605347
5,280,0.3806575834751129,0.23288455605506897,0.22245369851589203,0.020631102845072746,0.2790625,0.5295653939247131,0.9999999999999999,0.0,1.0,0.0,0.31463068181818177,0.5471946022727273,0.8409244791666667,0.168984375,0.011692708333333333,0.009921875,0.9394804239273071,0.06157051399350166,0.524250864982605,0.9523810148239136,0.0,0.32040268182754517,0.0,0.44561323523521423,1.0,0.9367409944534302,0.06325900554656982
5,290,0.3590843677520752,0.20951439440250397,0.20420600473880768,0.014019235037267208,0.2815885416666667,0.4803737998008728,0.9999999999999999,0.0,1.0,0.0,0.21283143939393936,0.531924715909091,0.872578125,0.10158854166666667,0.01859375,0.007682291666666666,0.9381822943687439,0.06157051399350166,0.5257009267807007,0.9523810148239136,0.0,0.3300696611404419,0.0,0.44684579968452454,1.0,0.9403162598609924,0.05968374013900757
5,300,0.3760206699371338,0.23256032168865204,0.24854256212711334,0.01907963678240776,0.2695703125,0.5260344743728638,0.9999999999999999,0.0,1.0,0.0,0.29154829545454547,0.5437322443181818,0.8316015625,0.11631510416666667,0.0106640625,0.0094140625,0.9371885061264038,0.06157051399350166,0.522234320640564,0.9523810148239136,0.0,0.3069590926170349,0.0,0.4438991844654083,1.0,0.94588303565979,0.05411696434020996
5,310,0.3617852032184601,0.20915058255195618,0.20231573283672333,0.015642477199435234,0.2773567708333333,0.5221039056777954,0.9999999999999999,0.0,1.0,0.0,0.14358428030303028,0.5215376420454545,0.87328125,0.09263020833333334,0.013346354166666666,0.006158854166666667,0.932992696762085,0.06455198675394058,0.5173261761665344,0.9523810148239136,0.0,0.2742379307746887,0.0,0.4397272765636444,1.0,0.9508837461471558,0.04911625385284424
5,320,0.9580957889556885,0.14733751118183136,0.009926799684762955,0.015154332853853703,0.0183984375,0.04644934833049774,0.4040860800559704,0.5211994912761908,0.0,0.0,0.0,0.0,0.006888020833333334,0.0212109375,0.015638020833333332,0.0018359375,0.9313459396362305,0.06612655520439148,0.5172796249389648,0.9523810148239136,0.0,0.27392786741256714,0.5891584753990173,0.5891584753990173,0.6415432691574097,0.9554823637008667,0.0445176362991333
5,330,0.6124703884124756,0.2519131600856781,0.20973248779773712,0.007519300561398268,0.12459635416666667,0.47788894176483154,0.9468125459731513,0.07206601862268153,1.0,0.0,0.0,0.5,0.5481640625,0.7027604166666667,0.006861979166666666,0.0021484375,0.9288065433502197,0.06820865720510483,0.5165525674819946,0.9523810148239136,0.0,0.26908034086227417,0.0,0.4390696883201599,1.0,0.9584290981292725,0.04157090187072754
5,340,0.40667054057121277,0.20311227440834045,0.15993447601795197,0.0040524802170693874,0.10752604166666667,0.49590224027633667,0.8333046237753937,0.15083901777227476,1.0,0.0,0.016335227272727265,0.5024502840909091,0.8601822916666667,0.8616666666666667,0.0026432291666666666,0.003359375,0.9274543523788452,0.06820903718471527,0.5140624642372131,0.9523810148239136,0.0,0.252480149269104,0.0,0.4369530975818634,1.0,0.9594506025314331,0.040549397468566895
5,350,0.3159208297729492,0.2292759269475937,0.1791824996471405,0.0050736078992486,0.14709635416666667,0.7026525139808655,0.8873975746599503,0.13146054846464295,1.0,0.0,0.24301609848484845,0.5364524147727273,0.6437109375,0.0533984375,0.0,0.008346354166666667,0.9208067059516907,0.0783063992857933,0.5137200355529785,0.9523810148239136,0.0,0.25019729137420654,0.0,0.43666204810142517,1.0,0.9591244459152222,0.04087555408477783
5,360,0.3388040065765381,0.2441437989473343,0.20903047919273376,0.004771261941641569,0.14783854166666666,0.7456551194190979,0.8792739166761558,0.14346921163694404,1.0,0.0,0.15364583333333331,0.523046875,0.5915885416666666,0.06595052083333333,0.0,0.006380208333333333,0.9192532300949097,0.08072402328252792,0.5140920877456665,0.9523810148239136,0.0,0.25267744064331055,0.0,0.436978280544281,1.0,0.9633163213729858,0.03668367862701416
5,370,0.3473416268825531,0.24785102903842926,0.22097083926200867,0.005238689016550779,0.1405078125,0.7314757108688354,0.8908532715483812,0.1311411292379505,1.0,0.0,0.11162405303030302,0.5167436079545454,0.5743880208333333,0.0731640625,9.114583333333334e-05,0.005455729166666667,0.9168590307235718,0.08191078901290894,0.5124391317367554,0.9523810148239136,0.0,0.24165764451026917,0.0,0.4355732798576355,1.0,0.9643348455429077,0.035665154457092285
5,380,0.25891348719596863,0.20804105699062347,0.20387141406536102,0.006528116762638092,0.1379296875,0.7246523499488831,0.9209598272699652,0.10080500215534272,1.0,0.0,0.31048768939393934,0.5465731534090909,0.5891796875,0.0165234375,0.00022135416666666666,0.009830729166666666,0.9130872488021851,0.08231993019580841,0.512363076210022,0.9523810148239136,0.0,0.24115034937858582,0.0,0.4355086386203766,1.0,0.964008092880249,0.03599190711975098
5,390,0.3585829734802246,0.2191181629896164,0.16389192640781403,0.010385745204985142,0.18231770833333333,0.7132051587104797,0.9727401831516852,0.0,1.0,0.0,0.31226325757575757,0.5468394886363637,0.6676822916666667,0.011901041666666667,0.0004166666666666667,0.009869791666666667,0.9086357355117798,0.08432483673095703,0.5106719732284546,0.9523810148239136,0.0,0.22987689077854156,0.0,0.4340711832046509,1.0,0.9636510610580444,0.036348938941955566
5,400,0.36834776401519775,0.21456073224544525,0.16766861081123352,0.01057855412364006,0.19389322916666665,0.7307720184326172,0.9791314952190106,0.0,1.0,0.0,0.2986505681818182,0.5447975852272727,0.6207942708333334,0.0008072916666666667,0.0002734375,0.0095703125,0.9056891202926636,0.08585122227668762,0.5109298825263977,0.9523810148239136,0.0,0.23159609735012054,0.0,0.43429040908813477,1.0,0.9633080959320068,0.036691904067993164
5,410,0.37290632724761963,0.21230262517929077,0.16049084067344666,0.006946362555027008,0.1834765625,0.7382089495658875,0.9118869096141372,0.06261089771259121,1.0,0.0,0.2927320075757575,0.5439098011363637,0.5964453125,0.0009895833333333334,6.510416666666667e-05,0.009440104166666666,0.8997282385826111,0.0893586277961731,0.510583221912384,0.9523810148239136,0.0,0.22928504645824432,0.0,0.4339957535266876,1.0,0.9643012285232544,0.035698771476745605
5,420,0.37593936920166016,0.21864311397075653,0.17675966024398804,0.007915433496236801,0.191640625,0.7360303997993469,0.9654182223944906,0.03306605194399995,1.0,0.0,0.27024147727272724,0.5405362215909091,0.5803385416666667,0.0023046875,0.0001953125,0.0089453125,0.8974503874778748,0.09102921932935715,0.5113272666931152,0.9523810148239136,0.0,0.23424535989761353,0.0,0.4346281886100769,1.0,0.9639797210693359,0.03602027893066406
5,430,0.3775845468044281,0.22050189971923828,0.17122513055801392,0.0075658513233065605,0.18610677083333332,0.7671815752983093,0.9466730613257267,0.04372404502114144,1.0,0.0,0.29628314393939387,0.5444424715909091,0.5717708333333333,0.0010677083333333333,0.00022135416666666666,0.009518229166666666,0.9235212206840515,0.06621019542217255,0.5374983549118042,1.0,0.0,0.24998873472213745,0.0,0.4568736255168915,1.0,0.9638746976852417,0.0361253023147583
5,440,0.37007197737693787,0.21592240035533905,0.1632249355316162,0.008999736048281193,0.19412760416666666,0.7311985492706299,0.9716043477297164,8.047308500208628e-06,1.0,0.0,0.2826704545454545,0.5424005681818181,0.5763671875,0.00040364583333333333,0.0006380208333333333,0.00921875,0.9215731024742126,0.0644628256559372,0.5387479662895203,1.0,0.0,0.25831979513168335,0.0,0.45793578028678894,1.0,0.9636294841766357,0.03637051582336426
5,450,0.6913471221923828,0.36901694536209106,0.28805971145629883,0.008215238340198994,0.06010416666666667,0.2105318158864975,0.8603987442039004,0.21204465074440218,1.0,0.0,0.3329782196969697,0.5499467329545454,0.2125,0.263359375,0.005403645833333333,0.010325520833333334,0.923234760761261,0.060540154576301575,0.5401811599731445,1.0,0.0,0.2678740620613098,0.0779522955417633,0.45915400981903076,0.6879429817199707,0.963478684425354,0.036521315574645996
5,460,0.4111102521419525,0.32208341360092163,0.2538978159427643,0.008375259116292,0.17432291666666666,0.3085041344165802,0.9673771140787014,0.05077006843960705,1.0,0.0,0.6715198863636364,0.6007279829545454,0.5273046875,0.3818229166666667,0.16842447916666667,0.0177734375,0.9267667531967163,0.054354336112737656,0.540620744228363,1.0,0.0,0.27080515027046204,0.0,0.4595276415348053,0.8847537040710449,0.9633805751800537,0.03661942481994629
5,470,0.33648812770843506,0.23828734457492828,0.15765263140201569,0.00948804896324873,0.2004296875,0.5606518387794495,0.9497204387187957,0.024921875000000003,1.0,0.0,0.32824337121212116,0.5492365056818181,0.6518098958333334,0.08438802083333333,0.0003515625,0.010221354166666667,0.926331102848053,0.05041093751788139,0.5419186353683472,1.0,0.0,0.2794575095176697,0.0,0.460630863904953,1.0,0.963864266872406,0.036135733127593994
5,480,0.32457998394966125,0.21723848581314087,0.13390423357486725,0.008179785683751106,0.16453125,0.6949620246887207,0.8871930611977881,0.05059247153197845,1.0,0.0,0.1808712121212121,0.5271306818181818,0.6172005208333333,0.0013802083333333333,0.0006380208333333333,0.0069791666666666665,0.9261758923530579,0.04563508927822113,0.5437660217285156,1.0,0.0,0.2917737662792206,0.0,0.4622011184692383,1.0,0.9638794660568237,0.03612053394317627
5,490,0.37428632378578186,0.23181170225143433,0.1426202803850174,0.008208250626921654,0.17345052083333334,0.6897535920143127,0.9065177517472667,0.04210311012095229,1.0,0.0,0.07788825757575758,0.5116832386363637,0.5393489583333333,6.510416666666667e-05,0.0,0.004713541666666667,0.9257056713104248,0.0460333451628685,0.5486911535263062,1.0,0.0,0.3246076703071594,0.0,0.46638748049736023,1.0,0.9638963937759399,0.03610360622406006
5,500,0.36473414301872253,0.22740162909030914,0.15847033262252808,0.008187084458768368,0.183046875,0.6809823513031006,0.9381202664903944,0.0320539756811812,1.0,0.0,0.24893465909090906,0.5373401988636364,0.6365885416666667,0.000390625,2.604166666666667e-05,0.0084765625,0.9250375628471375,0.04917072132229805,0.5500566959381104,1.0,0.0,0.33371099829673767,0.0,0.4675481915473938,1.0,0.9639182090759277,0.036081790924072266
5,510,0.35988521575927734,0.21604280173778534,0.14365290105342865,0.00668331841006875,0.13526041666666666,0.7050672173500061,0.8748220661291082,0.07365570988950286,1.0,0.0,0.24301609848484845,0.5364524147727273,0.6042057291666667,0.0005208333333333333,0.0,0.008346354166666667,0.9252742528915405,0.0506848581135273,0.5544110536575317,1.0,0.0,0.3627401292324066,0.0,0.47124940156936646,1.0,0.9639094471931458,0.03609055280685425
5,520,0.4104973077774048,0.22793525457382202,0.169977068901062,0.007849302142858505,0.20442708333333334,0.6576843857765198,0.9521657350687328,0.035082251742118736,1.0,0.0,0.247750946969697,0.5371626420454545,0.6367838541666667,0.007239583333333333,0.00013020833333333333,0.008450520833333334,0.9288026094436646,0.04903833195567131,0.5594629049301147,1.0,0.0,0.39641955494880676,0.0,0.47554346919059753,1.0,0.9639003276824951,0.03609967231750488
5,530,0.38639336824417114,0.23116162419319153,0.1513843834400177,0.010381217114627361,0.234375,0.5995200872421265,0.9515735719754145,0.0,1.0,0.0,0.3306107954545454,0.5495916193181818,0.7190234375,0.0459765625,0.0015494791666666667,0.0102734375,0.9290274977684021,0.049349892884492874,0.5646754503250122,1.0,0.0,0.4311699867248535,0.0,0.4799741506576538,1.0,0.9703682661056519,0.029631733894348145
5,540,0.35953375697135925,0.18585151433944702,0.1411176174879074,0.009241239167749882,0.18131510416666666,0.7454370856285095,0.9059020736584297,0.035371214151382446,1.0,0.0,0.17495265151515152,0.5262428977272727,0.8182421875,0.0030598958333333333,0.002955729166666667,0.006848958333333334,0.9305211305618286,0.04935918003320694,0.5697020292282104,1.0,0.0,0.4646802842617035,0.0,0.48424673080444336,1.0,0.9664347767829895,0.0335652232170105
5,550,0.4133721888065338,0.21173220872879028,0.13771861791610718,0.006754416041076183,0.17623697916666667,0.7326521873474121,0.8681995173503153,0.06846292557694561,1.0,0.0,0.2169744318181818,0.5325461647727273,0.5877734375,0.0004296875,0.0,0.0077734375,0.9310272932052612,0.05105088651180267,0.5748258233070374,1.0,0.0,0.4988388419151306,0.0,0.488601952791214,1.0,0.9663289785385132,0.033671021461486816
5,560,0.4071851968765259,0.22627773880958557,0.1581020951271057,0.008948884904384613,0.2308984375,0.5819870829582214,0.9615706265241076,0.0015583870614447048,1.0,0.0,0.3045691287878788,0.5456853693181818,0.7378255208333333,0.12704427083333333,0.00028645833333333333,0.009700520833333334,0.9367898106575012,0.042407725006341934,0.5793323516845703,1.0,0.0,0.528882622718811,0.0,0.49243250489234924,1.0,0.9660511016845703,0.03394889831542969
5,570,0.38732102513313293,0.21856899559497833,0.13479763269424438,0.0070104217156767845,0.20485677083333334,0.6196942925453186,0.8701247565185487,0.06065787452204924,1.0,0.0,0.3353456439393939,0.5503018465909091,0.7754036458333333,0.0898046875,0.0010546875,0.010377604166666667,0.9339007139205933,0.044157881289720535,0.57846999168396,1.0,0.0,0.5231330990791321,0.0,0.4916995167732239,1.0,0.9653986692428589,0.03460133075714111
5,580,0.3378606140613556,0.2100251466035843,0.12961912155151367,0.007988176308572292,0.20774739583333332,0.6007686257362366,0.887593562574201,0.030848283275234978,1.0,0.0,0.37026515151515155,0.5555397727272727,0.7587760416666667,0.0004296875,0.0032291666666666666,0.011145833333333334,0.9334982633590698,0.044049788266420364,0.5796663761138916,1.0,0.0,0.531109094619751,0.0,0.4927164316177368,1.0,0.9644020795822144,0.035597920417785645
5,590,0.20362398028373718,0.18872737884521484,0.1722373515367508,0.007900350727140903,0.18733072916666665,0.4220895767211914,0.9110847138640022,0.10916838285217927,1.0,0.0,1.0,0.65,0.4874348958333333,0.112890625,0.02421875,0.06532552083333333,0.9343868494033813,0.045434899628162384,0.5855172872543335,1.0,0.0,0.5701152086257935,0.0,0.49768969416618347,1.0,0.9630510807037354,0.03694891929626465
5,600,0.24438735842704773,0.2461979240179062,0.2117811143398285,0.00827938411384821,0.17325520833333333,0.5376277565956116,0.9587089377766864,0.06588492708457355,1.0,0.0,0.5034327651515151,0.5755149147727273,0.6473307291666667,0.133671875,0.015716145833333334,0.014075520833333334,0.9380779266357422,0.044950950890779495,0.5919854044914246,1.0,0.0,0.6132361888885498,0.0,0.5031875967979431,1.0,0.9615867137908936,0.038413286209106445
5,610,0.28093236684799194,0.2620308995246887,0.19526414573192596,0.011446595191955566,0.195234375,0.4658850133419037,0.9841015624999999,0.031796875,1.0,0.0,0.9082623106060607,0.6362393465909091,0.5759114583333333,0.09397135416666667,0.014270833333333333,0.022981770833333335,0.9404268860816956,0.044620007276535034,0.591397762298584,1.0,0.0,0.6093186140060425,0.0,0.5026881098747253,1.0,0.9601058959960938,0.03989410400390625
5,620,0.29194194078445435,0.26350897550582886,0.2119753211736679,0.012433139607310295,0.20829427083333332,0.35053274035453796,0.9859830729166665,0.028033854166666674,1.0,0.0,1.0,0.65,0.6020833333333333,0.18104166666666666,0.060950520833333334,0.032213541666666665,0.9452640414237976,0.04125375300645828,0.5933424830436707,1.0,0.0,0.6222831010818481,0.0,0.5043411254882812,1.0,0.9586696028709412,0.04133039712905884
5,630,0.3224712610244751,0.29761502146720886,0.17588333785533905,0.008733521215617657,0.1886328125,0.41375237703323364,0.9701417226854565,0.039608728182388496,1.0,0.0,1.0,0.65,0.5682942708333333,0.15321614583333334,0.023463541666666667,0.03212239583333333,0.9451663494110107,0.03958316892385483,0.5941922068595886,1.0,0.0,0.6279480457305908,0.0,0.5050634145736694,1.0,0.957249641418457,0.04275035858154297
5,640,0.3055341839790344,0.28299063444137573,0.1862667202949524,0.010282524861395359,0.1950390625,0.45237767696380615,0.9780403645833332,0.04391927083333333,1.0,0.0,1.0,0.65,0.5514583333333334,0.17153645833333334,0.0177734375,0.03296875,0.9251947402954102,0.05688270926475525,0.5698288679122925,0.9523810148239136,0.0,0.6242560148239136,0.0,0.48435455560684204,1.0,0.9556174278259277,0.044382572174072266
5,650,0.306708425283432,0.2624870240688324,0.20265421271324158,0.01082037016749382,0.20180989583333334,0.49500909447669983,0.9822330729166666,0.03553385416666667,1.0,0.0,1.0,0.65,0.6136458333333333,0.18837239583333334,0.0141015625,0.02515625,0.9294020533561707,0.0557454451918602,0.5747370719909668,0.9523810148239136,0.0,0.6569771766662598,0.0,0.48852652311325073,1.0,0.9529029130935669,0.047097086906433105
5,660,0.2865276336669922,0.2426004409790039,0.17803899943828583,0.01633705385029316,0.23236979166666666,0.44636476039886475,0.9814122864425692,0.030538194444444444,1.0,0.0,0.9638967803030302,0.6445845170454545,0.6451302083333333,0.211484375,0.006106770833333333,0.024205729166666665,0.9330227375030518,0.05248530954122543,0.5766690373420715,0.9523810148239136,0.0,0.6698570251464844,0.0,0.4901686906814575,1.0,0.9538224339485168,0.046177566051483154
5,670,0.3114199936389923,0.27547430992126465,0.16520150005817413,0.006886166520416737,0.1602734375,0.4590887427330017,0.906705150691816,0.0875233996146659,1.0,0.0,0.55078125,0.5826171875,0.624453125,0.19075520833333334,0.004140625,0.0151171875,0.9348527193069458,0.05241110175848007,0.5773496627807617,0.9523810148239136,0.0,0.6743946075439453,0.0,0.49074721336364746,1.0,0.9500674605369568,0.04993253946304321
5,680,0.2792411148548126,0.2246313989162445,0.15198788046836853,0.010579469613730907,0.1871484375,0.5037621259689331,0.9412689197776664,0.022651909722222224,1.0,0.0,0.4957386363636363,0.5743607954545454,0.7082552083333333,0.1940234375,0.0014713541666666666,0.01390625,0.9410372972488403,0.049522630870342255,0.5776329040527344,0.9523810148239136,0.0,0.6762830018997192,0.0,0.49098798632621765,1.0,0.9449001550674438,0.05509984493255615
5,690,0.25771600008010864,0.2205122411251068,0.15961432456970215,0.007290352135896683,0.19872395833333334,0.452182412147522,0.9058543516188233,0.0796798341020659,1.0,0.0,1.0,0.65,0.700625,0.1930859375,0.010416666666666666,0.02625,0.9383704662322998,0.05184454843401909,0.576643705368042,0.9523810148239136,0.0,0.6696879863739014,0.0,0.4901471734046936,1.0,0.9397537708282471,0.06024622917175293
5,700,0.27305474877357483,0.23130732774734497,0.18105724453926086,0.010914643295109272,0.20850260416666666,0.46914052963256836,0.9840299479166665,0.03194010416666667,1.0,0.0,0.9834280303030303,0.6475142045454545,0.6786197916666666,0.22015625,0.010989583333333334,0.024635416666666667,0.9368166327476501,0.049210913479328156,0.5711690187454224,0.9523810148239136,0.0,0.6331901550292969,0.0,0.4854936897754669,1.0,0.9366672039031982,0.06333279609680176
5,710,0.5816489458084106,0.33527901768684387,0.2062319815158844,0.009980084374547005,0.1123046875,0.44037067890167236,0.9874479166666665,0.025104166666666674,1.0,0.0,0.16666666666666666,0.525,0.382265625,0.52765625,0.0043359375,0.006666666666666667,0.931321382522583,0.05051259323954582,0.5747159123420715,0.9523810148239136,0.0,0.6568362712860107,0.0,0.48850855231285095,1.0,0.9350066781044006,0.06499332189559937
5,720,0.3187161386013031,0.21134424209594727,0.16693194210529327,0.02083265222609043,0.23174479166666667,0.5189915895462036,0.9764026202401543,0.0029644097222222276,1.0,0.0,0.5152698863636364,0.5772904829545454,0.748046875,0.18111979166666667,0.006458333333333333,0.0143359375,0.9267356395721436,0.05262862145900726,0.5706659555435181,0.9523810148239136,0.0,0.6298363208770752,0.0,0.48506608605384827,1.0,0.9331654906272888,0.06683450937271118
5,730,0.3601572513580322,0.22063979506492615,0.1505221426486969,0.01210779882967472,0.2291796875,0.5263538360595703,0.9501143952516408,0.0,1.0,0.0,0.3667140151515151,0.5550071022727272,0.801328125,0.29953125,0.008216145833333334,0.011067708333333334,0.9272492527961731,0.05160142108798027,0.5706658959388733,0.9523810148239136,0.0,0.6298363208770752,0.0,0.4850660264492035,1.0,0.9311083555221558,0.06889164447784424
5,740,0.7884384989738464,0.3491479754447937,0.042911797761917114,0.00900553073734045,0.026223958333333332,0.26183322072029114,0.5321689703525642,0.363290264423077,0.0,0.0,0.2530776515151515,0.03796164772727272,0.03540364583333333,0.039778645833333334,0.0040494791666666665,0.008567708333333333,0.9265803098678589,0.04971529170870781,0.5661635398864746,0.9523810148239136,0.0,0.5998207330703735,0.1021546870470047,0.4812390208244324,0.7909992933273315,0.9288662075996399,0.07113379240036011
5,750,0.3048475980758667,0.2471979856491089,0.2108028680086136,0.015397090464830399,0.2288671875,0.5110393762588501,0.9942556423611111,0.011488715277777783,1.0,0.0,0.8620975378787877,0.6293146306818181,0.7062630208333334,0.22709635416666665,0.03345052083333333,0.021966145833333332,0.9072232842445374,0.06099875643849373,0.5437533855438232,0.9176897406578064,0.0,0.5660567879676819,0.0,0.4621903896331787,1.0,0.9264324307441711,0.07356756925582886
5,760,0.3187454640865326,0.21908871829509735,0.14704711735248566,0.011981048621237278,0.20389322916666666,0.5388595461845398,0.9442335832118988,0.0,1.0,0.0,0.4874526515151514,0.5731178977272727,0.7760286458333333,0.19666666666666666,0.0022916666666666667,0.013723958333333333,0.8785389065742493,0.08659759163856506,0.5388410091400146,0.9176898002624512,0.0,0.5333074331283569,0.0,0.4580148756504059,1.0,0.9239320755004883,0.07606792449951172
5,770,0.38702550530433655,0.2689191401004791,0.1935800164937973,0.01419143658131361,0.2116015625,0.5532351732254028,0.9999999999999999,0.0,1.0,0.0,0.3998579545454545,0.5599786931818181,0.6937760416666666,0.13006510416666667,0.011861979166666667,0.011796875,0.8326786756515503,0.13176962733268738,0.5098950266838074,0.87007075548172,0.0,0.4990643262863159,0.0,0.43341079354286194,1.0,0.9213777184486389,0.07862228155136108
5,780,0.359001100063324,0.2594830095767975,0.21559689939022064,0.010305851697921753,0.2098828125,0.5311400294303894,0.9999999999999999,0.0,1.0,0.0,0.375,0.55625,0.7097265625,0.14670572916666666,0.0023828125,0.01125,0.790357232093811,0.17424924671649933,0.4839717149734497,0.8224517107009888,0.0,0.4849725067615509,0.0,0.4113759696483612,1.0,0.9190817475318909,0.08091825246810913
5,790,0.371749609708786,0.2080450803041458,0.1218828484416008,0.006388839799910784,0.1672265625,0.6739024519920349,0.8315923797993398,0.07960854268564682,1.0,0.0,0.2317708333333333,0.534765625,0.723828125,0.07526041666666666,7.8125e-05,0.008098958333333333,0.7464779615402222,0.21971800923347473,0.4586191177368164,0.7748326063156128,0.0,0.4746854901313782,0.0,0.3898262679576874,1.0,0.9170361757278442,0.08296382427215576
5,800,0.36974257230758667,0.2068304419517517,0.13618557155132294,0.007233322598040104,0.172578125,0.688093900680542,0.8784538436984367,0.053862115913411446,1.0,0.0,0.23354640151515152,0.5350319602272727,0.7262760416666667,0.07108072916666666,0.00010416666666666667,0.008138020833333334,0.7310091257095337,0.24063736200332642,0.43915268778800964,0.7458767890930176,0.0,0.4414287805557251,0.0,0.3732798099517822,1.0,0.9133389592170715,0.08666104078292847
5,810,0.3211328983306885,0.22179442644119263,0.13588441908359528,0.005942380055785179,0.21395833333333333,0.4873489439487457,0.8433091572441481,0.09322012025045184,1.0,0.0,1.0,0.65,0.7468489583333333,0.22263020833333333,0.0050651041666666665,0.026901041666666667,0.7267785668373108,0.24571308493614197,0.43382173776626587,0.7458767294883728,0.0,0.40588927268981934,0.0,0.3687484860420227,1.0,0.9107699394226074,0.08923006057739258
5,820,0.3659435510635376,0.2330070286989212,0.15334202349185944,0.006499540526419878,0.14595052083333335,0.6673141121864319,0.8878010032222542,0.07623352053597932,1.0,0.0,0.3412642045454545,0.5511896306818181,0.6176432291666667,0.098828125,0.001484375,0.0105078125,0.7267465591430664,0.2457771599292755,0.4354240298271179,0.7458767890930176,0.0,0.41657084226608276,0.0,0.370110422372818,1.0,0.9068933129310608,0.09310668706893921
5,830,0.3257433772087097,0.23327048122882843,0.22245405614376068,0.009263105690479279,0.20390625,0.5436350703239441,0.9967686631944443,0.006462673611111119,1.0,0.0,1.0,0.65,0.6972526041666667,0.15467447916666666,0.006315104166666667,0.026744791666666667,0.7270628809928894,0.24725057184696198,0.4388863444328308,0.7458767294883728,0.0,0.439653217792511,0.0,0.3730534017086029,1.0,0.9027143716812134,0.09728562831878662
5,840,0.33149874210357666,0.21729518473148346,0.15405578911304474,0.009050661697983742,0.22205729166666666,0.4429384469985962,0.9560944123451526,0.0,1.0,0.0,0.3696732954545454,0.5554509943181818,0.7806119791666667,0.2336328125,0.014322916666666666,0.0111328125,0.7287766933441162,0.24857394397258759,0.4423571825027466,0.7458767890930176,0.0,0.4627920091152191,0.0,0.376003623008728,1.0,0.8987826704978943,0.10121732950210571
5,850,0.7132388353347778,0.359322190284729,0.05165080726146698,0.008017994463443756,0.03170572916666667,0.4317953884601593,0.5715416683304775,0.28087201904239123,0.27148437500000006,0.0,0.2909564393939394,0.17938565340909093,0.07205729166666666,0.11481770833333334,0.0017838541666666667,0.009401041666666667,0.7497662305831909,0.23244959115982056,0.46877506375312805,0.793495774269104,0.0,0.4801813066005707,0.0,0.3984588086605072,1.0,0.8945958614349365,0.10540413856506348
5,860,0.1453346312046051,0.15442219376564026,0.08375256508588791,0.003211250528693199,0.023567708333333333,0.7295013666152954,0.379861762649334,0.5731093990789408,1.0,0.0,0.31226325757575757,0.5468394886363637,0.46186197916666666,0.0003385416666666667,0.0,0.009869791666666667,0.7496200203895569,0.232742041349411,0.46976011991500854,0.793495774269104,0.0,0.486748069524765,0.0,0.3992961049079895,1.0,0.8898734450340271,0.1101265549659729
5,870,0.0093915443867445,0.03738212585449219,0.002444174373522401,0.0014838497154414654,0.0118359375,0.8027390837669373,0.01834718748745395,0.9791509233097113,0.0,0.0,0.2447916666666666,0.03671874999999999,0.0,0.0,0.0,0.008385416666666666,0.7520185708999634,0.23325605690479279,0.46967557072639465,0.793495774269104,0.0,0.48618441820144653,0.0,0.39922425150871277,1.0,0.8846992254257202,0.11530077457427979
5,880,0.008287327364087105,0.03744075447320938,0.00224212440662086,0.0014692704426124692,0.012083333333333333,0.7772932052612305,0.01795603626521259,0.9795954133349856,0.0,0.0,0.2548532196969696,0.03822798295454544,0.0,0.0,0.0,0.008606770833333333,0.7518037557601929,0.23368574678897858,0.47158217430114746,0.793495774269104,0.0,0.49889519810676575,0.0,0.40084487199783325,1.0,0.8803487420082092,0.11965125799179077
5,890,0.010248877108097076,0.03888007253408432,0.00229936046525836,0.0015381386037915945,0.013606770833333334,0.7705190777778625,0.019803718638311072,0.9774957742746464,0.0,0.0,0.2797111742424242,0.04195667613636363,0.0009114583333333333,0.0,0.0,0.009153645833333333,0.7498471736907959,0.23397158086299896,0.4709945619106293,0.793495774269104,0.0,0.4949777126312256,0.0,0.4003453850746155,1.0,0.8754844069480896,0.1245155930519104
5,900,0.12035635858774185,0.19055287539958954,0.1652149260044098,0.0037487936206161976,0.025924479166666667,0.7241156101226807,0.5810089610729654,0.5189863335298737,0.3919270833333334,0.0,0.30160984848484845,0.24120501893939397,0.22399739583333333,0.0014192708333333334,0.0,0.009635416666666667,0.7343558669090271,0.24889636039733887,0.4462338089942932,0.7458767890930176,0.0,0.4886363744735718,0.0,0.37929874658584595,1.0,0.8708142042160034,0.12918579578399658
5,910,0.29395994544029236,0.2900453209877014,0.28931373357772827,0.005931644234806299,0.08147135416666666,0.5476335883140564,0.8951869405137733,0.1385300707545505,1.0,0.0,0.23709753787878787,0.5355646306818181,0.5954947916666666,0.2672395833333333,0.000859375,0.008216145833333334,0.7342205047607422,0.2529609501361847,0.44456565380096436,0.7458767890930176,0.0,0.4775151014328003,0.0,0.3778808116912842,1.0,0.8660042881965637,0.13399571180343628
5,920,0.35415053367614746,0.2716747224330902,0.20761385560035706,0.01241274643689394,0.21678385416666668,0.48104584217071533,0.986775173611111,0.026449652777777777,1.0,0.0,0.3909801136363636,0.5586470170454545,0.6101302083333333,0.15463541666666666,0.0050390625,0.0116015625,0.7133349180221558,0.27571284770965576,0.4386386275291443,0.7458767890930176,0.0,0.4380016624927521,0.0,0.37284284830093384,1.0,0.8607707619667053,0.13922923803329468
5,930,0.3006229102611542,0.26904964447021484,0.2135278880596161,0.012444531545042992,0.1946484375,0.4424368143081665,0.9830468749999999,0.03390625,1.0,0.0,1.0,0.65,0.6078645833333334,0.213515625,0.020078125,0.027747395833333334,0.6921119689941406,0.3007458448410034,0.4376536011695862,0.7458767294883728,0.0,0.43143486976623535,0.0,0.3720055818557739,1.0,0.8557336330413818,0.14426636695861816
5,940,0.30043819546699524,0.24829857051372528,0.1874038577079773,0.015310723334550858,0.2153515625,0.44450464844703674,0.9861046006944444,0.02779079861111111,1.0,0.0,0.8526278409090909,0.6278941761363637,0.6521875,0.155859375,0.008919270833333333,0.0217578125,0.6713536977767944,0.32443857192993164,0.4319760203361511,0.7458767890930176,0.0,0.393584281206131,0.0,0.36717963218688965,1.0,0.8510178327560425,0.14898216724395752
5,950,0.2994207739830017,0.2263638824224472,0.17130717635154724,0.018584037199616432,0.23627604166666666,0.46197396516799927,0.9729496579496271,0.024678819444444444,1.0,0.0,0.6182528409090909,0.5927379261363637,0.67953125,0.159296875,0.0050260416666666665,0.0166015625,0.6520527005195618,0.3510392904281616,0.4307669401168823,0.7458767294883728,0.0,0.3855237662792206,0.0,0.36615189909935,1.0,0.850237250328064,0.14976274967193604
5,960,0.2852637469768524,0.2382264882326126,0.1917622685432434,0.014478640630841255,0.22776041666666666,0.42964494228363037,0.9911848958333332,0.017630208333333335,1.0,0.0,1.0,0.65,0.619453125,0.1268359375,0.037018229166666666,0.036080729166666665,0.6475606560707092,0.36751317977905273,0.4476686418056488,0.78056800365448,0.0,0.3825644850730896,0.0,0.3805183470249176,1.0,0.8461277484893799,0.15387225151062012
5,970,0.350705623626709,0.24125850200653076,0.19589537382125854,0.016905898228287697,0.2373828125,0.5466469526290894,0.9946028645833332,0.010794270833333335,1.0,0.0,0.4756155303030302,0.5713423295454545,0.6762890625,0.09817708333333333,0.014921875,0.013463541666666667,0.6497496366500854,0.372100830078125,0.44705986976623535,0.78056800365448,0.0,0.378506064414978,0.0,0.38000088930130005,1.0,0.8425290584564209,0.1574709415435791
5,980,0.3257177472114563,0.2225976139307022,0.19632641971111298,0.012020282447338104,0.21399739583333333,0.518574059009552,0.9954882812499999,0.0090234375,1.0,0.0,0.6667850378787878,0.6000177556818181,0.6830598958333334,0.0195703125,0.0025520833333333333,0.017669270833333334,0.678692102432251,0.3474826216697693,0.47093281149864197,0.8281870484352112,0.0,0.3789288103580475,0.0,0.40029290318489075,1.0,0.8392782211303711,0.1607217788696289
5,990,0.3614862263202667,0.234388530254364,0.1574944108724594,0.011227857321500778,0.212578125,0.48148971796035767,0.9589123163162133,0.0060026041666666665,1.0,0.0,0.2927320075757575,0.5439098011363637,0.7256380208333333,0.1185546875,0.003515625,0.009440104166666666,0.7088608741760254,0.3211557865142822,0.4945732355117798,0.8758060932159424,0.0,0.37780144810676575,0.0,0.42038726806640625,1.0,0.836256742477417,0.163743257522583
5,1000,0.9108136892318726,0.2614555358886719,0.0,0.011024569161236286,0.017265625,0.01485529262572527,0.5062740384615385,0.39302884615384615,0.0,0.0,0.09860321969696967,0.01479048295454545,3.90625e-05,0.0004557291666666667,0.010442708333333333,0.005169270833333333,0.7385449409484863,0.29527419805526733,0.5185983777046204,0.9234251379966736,0.0,0.3792388141155243,0.15403732657432556,0.44080862402915955,0.9821818470954895,0.8304859399795532,0.16951406002044678
5,1010,0.5608042478561401,0.26618289947509766,0.22003795206546783,0.00751124881207943,0.049505208333333335,0.792890727519989,0.8756107795736132,0.13921888393441387,1.0,0.0,0.0,0.5,0.6044791666666667,0.37404947916666664,0.0008072916666666667,0.002018229166666667,0.7375376224517822,0.29338786005973816,0.53272545337677,0.9523810148239136,0.0,0.3768996000289917,0.0,0.4528166353702545,1.0,0.8299184441566467,0.17008155584335327
5,1020,0.15725690126419067,0.13944104313850403,0.10302159190177917,0.002723619109019637,0.030130208333333332,0.7676476240158081,0.40471258171336844,0.5710093489743315,1.0,0.0,0.17021780303030298,0.5255326704545454,0.6038151041666666,0.009114583333333334,0.00015625,0.006744791666666666,0.7165224552154541,0.3147847354412079,0.5331059098243713,0.9523810148239136,0.0,0.37943610548973083,0.0,0.4531400501728058,1.0,0.8294861316680908,0.17051386833190918
5,1030,0.1446061134338379,0.1398337185382843,0.13624782860279083,0.002630592556670308,0.028033854166666667,0.748482346534729,0.44211940206451406,0.6019270035864275,1.0,0.0,0.2033617424242424,0.5305042613636364,0.5105989583333334,0.0047395833333333335,0.0004557291666666667,0.007473958333333333,0.6924736499786377,0.34039902687072754,0.5324209928512573,0.9523810148239136,0.0,0.3748703598976135,0.0,0.45255786180496216,1.0,0.8292080163955688,0.17079198360443115
5,1040,0.18059350550174713,0.16235826909542084,0.1615644097328186,0.0029236350674182177,0.03342447916666667,0.7417173981666565,0.5608444836476889,0.5040097963989476,1.0,0.0,0.20513731060606058,0.5307705965909091,0.5512760416666667,0.00036458333333333335,3.90625e-05,0.007513020833333333,0.6678718328475952,0.365367591381073,0.5278468132019043,0.9523810148239136,0.0,0.3443756699562073,0.0,0.44866979122161865,1.0,0.8290608525276184,0.1709391474723816
5,1050,0.1579301506280899,0.15688049793243408,0.18471470475196838,0.0025319671258330345,0.0291015625,0.6970876455307007,0.5507741130216248,0.5586150049155103,1.0,0.0,0.2004024621212121,0.5300603693181818,0.501953125,0.014010416666666666,0.0004296875,0.007408854166666667,0.6423509120941162,0.39153581857681274,0.5238645076751709,0.9523810148239136,0.0,0.31782668828964233,0.0,0.4452848434448242,1.0,0.8289985060691833,0.17100149393081665
5,1060,0.1323065459728241,0.13659577071666718,0.1672493815422058,0.002457896014675498,0.027630208333333333,0.7083677053451538,0.47720899316975574,0.626824137684298,1.0,0.0,0.228811553030303,0.5343217329545454,0.47453125,0.008502604166666667,0.00037760416666666666,0.008033854166666667,0.6205589771270752,0.41474366188049316,0.5214632153511047,0.9523810148239136,0.0,0.3018184304237366,0.0,0.44324374198913574,1.0,0.8300647139549255,0.16993528604507446
5,1070,0.1209707036614418,0.12715061008930206,0.1569797843694687,0.0023726033978164196,0.023880208333333333,0.7077104449272156,0.4258293337647664,0.6694500173959544,1.0,0.0,0.22703598484848486,0.5340553977272727,0.4646354166666667,0.0159765625,0.0003255208333333333,0.007994791666666667,0.5988961458206177,0.43642497062683105,0.5163056254386902,0.9523810148239136,0.0,0.26743438839912415,0.0,0.4388597905635834,1.0,0.8318496346473694,0.16815036535263062
5,1080,0.19295644760131836,0.18094214797019958,0.21278229355812073,0.002704316284507513,0.034869791666666664,0.683265745639801,0.6261399378853371,0.4621680043090802,1.0,0.0,0.25366950757575757,0.5380504261363637,0.5304817708333334,0.0003385416666666667,0.00037760416666666666,0.008580729166666667,0.5753474831581116,0.4596174359321594,0.5149232149124146,0.9523810148239136,0.0,0.25821834802627563,0.0,0.4596174359321594,1.0,0.8354796171188354,0.16452038288116455
5,1090,0.20825694501399994,0.19931110739707947,0.19530107080936432,0.003102890681475401,0.0261328125,0.651237964630127,0.6514990004648143,0.4267321684515838,1.0,0.0,0.2311789772727272,0.5346768465909091,0.5623697916666667,0.0909765625,0.0001953125,0.0080859375,0.550048828125,0.4846659302711487,0.5123697519302368,0.9523810148239136,0.0,0.2411954402923584,0.0,0.4846659302711487,1.0,0.8385851979255676,0.16141480207443237
5,1100,0.2171652913093567,0.1765706092119217,0.1799309253692627,0.002747445832937956,0.039609375,0.6280824542045593,0.6431701719826906,0.4339824467810826,1.0,0.0,0.30989583333333326,0.546484375,0.629921875,0.059166666666666666,6.510416666666667e-05,0.009817708333333333,0.5289069414138794,0.5025757551193237,0.4881163537502289,0.9047619700431824,0.0,0.23823615908622742,0.0,0.5025757551193237,1.0,0.8421899080276489,0.15781009197235107
5,1110,0.20189252495765686,0.16443513333797455,0.15319615602493286,0.002749543869867921,0.0344921875,0.6685470342636108,0.5598560502789627,0.4793730239553172,1.0,0.0,0.2524857954545454,0.5378728693181818,0.6196875,0.0011848958333333334,0.0,0.0085546875,0.550407350063324,0.4865635633468628,0.5143778324127197,0.9523810148239136,0.0,0.25458264350891113,0.0,0.4865635633468628,1.0,0.843299150466919,0.15670084953308105
5,1120,0.15421441197395325,0.126527801156044,0.14032338559627533,0.0025900357868522406,0.034752604166666666,0.642972469329834,0.4538676370227815,0.5878645820036486,1.0,0.0,0.2903645833333333,0.5435546875,0.5944270833333334,0.0021744791666666666,0.0,0.009388020833333333,0.5556135177612305,0.48078078031539917,0.5180118680000305,0.9523810148239136,0.0,0.2788093090057373,0.0,0.48078078031539917,1.0,0.8423736691474915,0.15762633085250854
5,1130,0.1720665991306305,0.14058993756771088,0.1482923924922943,0.0027154190465807915,0.0271484375,0.6470087766647339,0.48175118421216623,0.5643499887365617,1.0,0.0,0.2950994318181818,0.5442649147727273,0.6220703125,0.0009765625,0.0,0.0094921875,0.5777716636657715,0.4568338096141815,0.5203835368156433,0.9523810148239136,0.0,0.2946203351020813,0.0,0.4568338096141815,1.0,0.8413060903549194,0.15869390964508057
5,1140,0.17544955015182495,0.13807091116905212,0.13650450110435486,0.002376212039962411,0.03313802083333333,0.6115455031394958,0.4664073728727227,0.5582455084736585,1.0,0.0,0.3596117424242424,0.5539417613636364,0.6394921875,0.003671875,0.0,0.010911458333333334,0.5988253951072693,0.4327280521392822,0.5219435095787048,0.9523810148239136,0.0,0.3050200939178467,0.0,0.4436520040035248,1.0,0.8402001261711121,0.15979987382888794
5,1150,0.17045114934444427,0.13364504277706146,0.1367679238319397,0.0025036116130650043,0.028828125,0.6724522113800049,0.4501657931813696,0.5773244168538323,1.0,0.0,0.2950994318181818,0.5442649147727273,0.6392708333333333,0.00013020833333333333,0.0,0.0094921875,0.6159839630126953,0.4117741286754608,0.5237782597541809,0.9523810148239136,0.0,0.3172517716884613,0.0,0.4452115297317505,1.0,0.8381392955780029,0.16186070442199707
5,1160,0.1930473893880844,0.15215139091014862,0.14513452351093292,0.0025053254794329405,0.03244791666666667,0.6461324691772461,0.5153201311015716,0.5120429531515479,1.0,0.0,0.2820785984848484,0.5423117897727272,0.6723177083333334,0.0039453125,3.90625e-05,0.009205729166666666,0.6299599409103394,0.3914210796356201,0.525862455368042,0.9523810148239136,0.0,0.3311462998390198,0.0,0.44698309898376465,1.0,0.8358213901519775,0.16417860984802246
5,1170,0.2091255635023117,0.1605595350265503,0.13939064741134644,0.0028509937692433596,0.03309895833333333,0.6828902959823608,0.5362641928914748,0.4729381856378475,1.0,0.0,0.2779356060606061,0.541690340909091,0.6908723958333334,0.017486979166666666,0.0,0.009114583333333334,0.6439497470855713,0.36879172921180725,0.5269869565963745,0.9523810148239136,0.0,0.3386431336402893,0.0,0.4479389190673828,1.0,0.834403395652771,0.165596604347229
5,1180,0.20127922296524048,0.154616579413414,0.1304653286933899,0.0028228117153048515,0.02997395833333333,0.6779025197029114,0.5000809599913941,0.49783614046983493,1.0,0.0,0.2820785984848484,0.5423117897727272,0.6905729166666666,0.012369791666666666,0.0,0.009205729166666666,0.6562075614929199,0.3463822603225708,0.5299589037895203,0.9523810148239136,0.0,0.35845622420310974,0.0,0.4504650831222534,1.0,0.8320698142051697,0.16793018579483032
5,1190,0.18167290091514587,0.14294880628585815,0.12446676194667816,0.002907674992457032,0.0305078125,0.6614381074905396,0.4642163656035285,0.5350412750484689,1.0,0.0,0.3093039772727272,0.5463955965909091,0.6581770833333334,0.0192578125,0.0,0.0098046875,0.6550197005271912,0.33918511867523193,0.5302633047103882,0.9523810148239136,0.0,0.3604854345321655,0.0,0.4507238268852234,1.0,0.8291072249412537,0.17089277505874634
5,1200,0.8409280180931091,0.3196008503437042,0.02655087783932686,0.00865234062075615,0.02313802083333333,0.12257378548383713,0.5149338713487736,0.38210878638251267,0.0,0.0,0.23058712121212122,0.03458806818181818,0.0203125,0.0719921875,0.004127604166666667,0.008072916666666667,0.6605502367019653,0.3272109627723694,0.5308805704116821,0.9523810148239136,0.0,0.364600270986557,0.21651141345500946,0.45124849677085876,0.7147386074066162,0.8253206610679626,0.17467933893203735
5,1210,0.2822076678276062,0.22533124685287476,0.19774748384952545,0.007806094363331795,0.13252604166666668,0.5880081057548523,0.9577817534132378,0.05677282598243173,1.0,0.0,0.44187973484848486,0.5662819602272727,0.6934505208333334,0.05157552083333333,0.003203125,0.012721354166666667,0.6685352921485901,0.31714367866516113,0.5303986072540283,0.9523810148239136,0.0,0.36138731241226196,0.0,0.4508388340473175,1.0,0.823523223400116,0.17647677659988403
5,1220,0.34818050265312195,0.24460361897945404,0.1843089908361435,0.008467494510114193,0.133828125,0.531158983707428,0.9849406979000828,0.01778006236101713,1.0,0.0,0.5087594696969696,0.5763139204545454,0.7357552083333333,0.2591796875,0.017799479166666667,0.014192708333333333,0.679945170879364,0.3058812618255615,0.5304197072982788,0.9523810148239136,0.0,0.3615282475948334,0.0,0.4508567750453949,1.0,0.8179801106452942,0.1820198893547058
5,1230,0.27951085567474365,0.21451535820960999,0.1363816261291504,0.00709326658397913,0.127890625,0.6208247542381287,0.8700323682691384,0.06812343578654415,1.0,0.0,0.502249053030303,0.5753373579545454,0.6851041666666666,0.0519140625,0.008802083333333334,0.014049479166666667,0.6966519355773926,0.28457021713256836,0.5296545028686523,0.9523810148239136,0.0,0.35642698407173157,0.0,0.45020633935928345,1.0,0.8134942650794983,0.1865057349205017
5,1240,0.26056650280952454,0.20292766392230988,0.15730008482933044,0.006455185357481241,0.12455729166666667,0.5318949818611145,0.8842489142815491,0.0957064719941356,1.0,0.0,0.42175662878787884,0.5632634943181818,0.7088411458333334,0.05779947916666667,0.009934895833333334,0.012278645833333334,0.7111040353775024,0.26768219470977783,0.528851330280304,0.9523810148239136,0.0,0.3510721027851105,0.0,0.4495236575603485,1.0,0.8090775012969971,0.19092249870300293
5,1250,0.31478622555732727,0.25107136368751526,0.16305842995643616,0.00743198161944747,0.130703125,0.5581188797950745,0.9211749273758053,0.06397731343147958,1.0,0.0,0.46200284090909094,0.5693004261363637,0.6858463541666666,0.16920572916666668,0.005546875,0.0131640625,0.7204269170761108,0.2532465159893036,0.5277901887893677,0.9523810148239136,0.0,0.3439980149269104,0.0,0.4486216604709625,1.0,0.8043746948242188,0.19562530517578125
5,1260,0.2669425904750824,0.2364896982908249,0.14844559133052826,0.00582953030243516,0.11716145833333333,0.5681850910186768,0.8442688840748662,0.13120059206667872,1.0,0.0,0.4921875,0.573828125,0.6305208333333333,0.14428385416666667,0.017252604166666668,0.013828125,0.7225872874259949,0.24278178811073303,0.527194082736969,0.9523810148239136,0.0,0.34002411365509033,0.0,0.4481149911880493,1.0,0.8022899627685547,0.1977100372314453
5,1270,0.2753695547580719,0.22860518097877502,0.11461444199085236,0.005327440332621336,0.1003515625,0.5545365810394287,0.7709955501060779,0.1516080394864769,1.0,0.0,0.38624526515151514,0.5579367897727273,0.62984375,0.04346354166666667,5.208333333333334e-05,0.011497395833333333,0.7384791374206543,0.22743582725524902,0.5280649662017822,0.9523810148239136,0.0,0.34582996368408203,0.0,0.4488552212715149,1.0,0.8009334206581116,0.19906657934188843
5,1280,0.2327486127614975,0.21246063709259033,0.08458636701107025,0.004178181290626526,0.091875,0.5229595899581909,0.6832425981015744,0.19885128602425903,1.0,0.0,0.6431107954545454,0.5964666193181818,0.6089453125,0.15533854166666666,2.604166666666667e-05,0.0171484375,0.743897557258606,0.22467383742332458,0.5276548862457275,0.9523810148239136,0.0,0.34309613704681396,0.0,0.4485066533088684,1.0,0.7998838424682617,0.20011615753173828
5,1290,0.2165745496749878,0.20326115190982819,0.09200304001569748,0.0033978959545493126,0.0560546875,0.5818140506744385,0.6011947094038834,0.3110275591040573,1.0,0.0,0.29628314393939387,0.5444424715909091,0.5884244791666666,0.174140625,2.604166666666667e-05,0.009518229166666666,0.7460681200027466,0.21953514218330383,0.5271391868591309,0.9523810148239136,0.0,0.339657723903656,0.0,0.4480683207511902,1.0,0.7961442470550537,0.2038557529449463
5,1300,0.2879132628440857,0.2476666271686554,0.1229957714676857,0.00483503844588995,0.09143229166666667,0.6330755352973938,0.767641299180104,0.17527480601961531,1.0,0.0,0.3175899621212121,0.5476384943181818,0.5055208333333333,0.027473958333333333,1.3020833333333334e-05,0.009986979166666667,0.7417777180671692,0.21674591302871704,0.5264374017715454,0.9523810148239136,0.0,0.33497926592826843,0.0,0.4474717974662781,1.0,0.7924295663833618,0.20757043361663818
5,1310,0.4502282738685608,0.3325078785419464,0.23355631530284882,0.004541138187050819,0.0587109375,0.6428130865097046,0.8108556072450886,0.2225698485681296,1.0,0.0,0.2424242424242424,0.5363636363636364,0.4493229166666667,0.29235677083333333,0.0006640625,0.008333333333333333,0.7459961771965027,0.21351134777069092,0.5501453876495361,1.0,0.0,0.3343028426170349,0.0,0.46762359142303467,1.0,0.7891459465026855,0.21085405349731445
5,1320,0.3399571180343628,0.3404023349285126,0.23854182660579681,0.005310593172907829,0.050455729166666664,0.5172588229179382,0.7994635973544898,0.2428621905669648,1.0,0.0,0.2554450757575757,0.5383167613636364,0.5130859375,0.21196614583333334,0.0011197916666666667,0.008619791666666666,0.7011570930480957,0.2575524151325226,0.5247547626495361,0.9523810148239136,0.0,0.3237621784210205,0.0,0.4460415542125702,1.0,0.7862602472305298,0.21373975276947021
5,1330,0.3651314973831177,0.25260281562805176,0.1368660181760788,0.007392872124910355,0.0527734375,0.6454365253448486,0.8047089492582594,0.1403326034202336,1.0,0.0,0.18323863636363635,0.5274857954545454,0.72015625,0.5846484375,0.0004557291666666667,0.00703125,0.6551361083984375,0.3033236861228943,0.49906402826309204,0.9047619700431824,0.0,0.3112204670906067,0.0,0.42420443892478943,1.0,0.7844114899635315,0.2155885100364685
5,1340,0.36042240262031555,0.22847840189933777,0.16115236282348633,0.004705476108938456,0.057044270833333334,0.7189275622367859,0.7852463430066065,0.20970164008864933,1.0,0.0,0.18264678030303028,0.5273970170454545,0.7297135416666667,0.606875,0.0,0.0070182291666666665,0.6146075129508972,0.3466743528842926,0.4734451174736023,0.8571429252624512,0.0,0.29915785789489746,0.0,0.40242835879325867,1.0,0.7831108570098877,0.2168891429901123
5,1350,0.306968629360199,0.20867331326007843,0.11345119029283524,0.00588779104873538,0.0299609375,0.7544748187065125,0.6621881070827038,0.255096425121941,1.0,0.0,0.21105587121212122,0.5316583806818181,0.7570052083333333,0.4195052083333333,0.0,0.007643229166666667,0.573506236076355,0.3885929584503174,0.4485956132411957,0.8095238208770752,0.0,0.2922247052192688,0.0,0.3885929584503174,1.0,0.7820658683776855,0.21793413162231445
5,1360,0.30671051144599915,0.17531083524227142,0.06594490259885788,0.005244401283562183,0.022604166666666668,0.7891930937767029,0.4955332868837468,0.3575650201972255,1.0,0.0,0.21164772727272724,0.5317471590909091,0.7849869791666667,0.367578125,0.0,0.00765625,0.5553774833679199,0.4098707437515259,0.4472639560699463,0.8095238208770752,0.0,0.28334689140319824,0.0,0.4098707437515259,1.0,0.7810916304588318,0.2189083695411682
5,1370,0.2583567798137665,0.23358729481697083,0.18186216056346893,0.007069935090839863,0.0526171875,0.7194294333457947,0.8490486000567731,0.1897779375447509,1.0,0.0,0.4040009469696969,0.5606001420454545,0.560859375,0.07639322916666667,0.0001953125,0.011888020833333334,0.5442995429039001,0.42428433895111084,0.44577160477638245,0.8095238208770752,0.0,0.2733980417251587,0.0,0.42428433895111084,1.0,0.7794855833053589,0.2205144166946411
5,1380,0.19420354068279266,0.2077520489692688,0.16984225809574127,0.004158322233706713,0.023776041666666668,0.7421442866325378,0.6500505596035088,0.4149361788373761,1.0,0.0,0.22052556818181812,0.5330788352272727,0.4881770833333333,0.1179296875,0.0,0.0078515625,0.5371692180633545,0.4375941753387451,0.44512057304382324,0.8095238208770752,0.0,0.2690577805042267,0.0,0.4375941753387451,1.0,0.7773274183273315,0.22267258167266846
5,1390,0.21682067215442657,0.1967395395040512,0.10621073096990585,0.004073792137205601,0.019075520833333335,0.7490336894989014,0.5456628047501405,0.3899236151357821,1.0,0.0,0.20987215909090906,0.5314808238636364,0.6297786458333333,0.05720052083333333,0.0,0.0076171875,0.5085423588752747,0.47100797295570374,0.41863924264907837,0.761904776096344,0.0,0.2512457072734833,0.0,0.47100797295570374,1.0,0.7750422954559326,0.22495770454406738
5,1400,0.2713296115398407,0.1494704782962799,0.053444888442754745,0.0034680371172726154,0.0219140625,0.7925559878349304,0.37411867771957014,0.47646758742562917,1.0,0.0,0.21105587121212122,0.5316583806818181,0.8151302083333334,0.013802083333333333,0.0,0.007643229166666667,0.48104822635650635,0.5025273561477661,0.39467331767082214,0.7142857313156128,0.0,0.2502029240131378,0.0,0.5025273561477661,1.0,0.7728338241577148,0.22716617584228516
5,1410,0.31895706057548523,0.20332732796669006,0.11094459146261215,0.0038411084096878767,0.029010416666666667,0.7865196466445923,0.6035214510126778,0.314182986389024,1.0,0.0,0.21638257575757572,0.5324573863636364,0.7548958333333333,0.12154947916666667,0.0,0.007760416666666666,0.4487491250038147,0.5366348028182983,0.37044525146484375,0.6666666865348816,0.0,0.24741274118423462,0.0,0.5366348028182983,1.0,0.7737511396408081,0.2262488603591919
5,1420,0.009683721698820591,0.03795851394534111,0.002059160964563489,0.00140236911829561,0.012005208333333333,0.8043466806411743,0.01616112268597978,0.9816350878568412,0.0,0.0,0.22052556818181812,0.033078835227272715,1.3020833333333334e-05,0.0,0.0,0.0078515625,0.4161991775035858,0.5662796497344971,0.3469190001487732,0.6190476417541504,0.0,0.24930104613304138,0.0,0.5662796497344971,1.0,0.7696394920349121,0.2303605079650879
5,1430,0.008984018117189407,0.037504177540540695,0.0022931189741939306,0.0014895469648763537,0.01203125,0.7910858392715454,0.01850004052107291,0.9789772266805989,0.0,0.0,0.24538352272727268,0.0368075284090909,0.0,0.0,0.0,0.0083984375,0.3877791464328766,0.5920224785804749,0.3269306421279907,0.5786482095718384,0.0,0.25071024894714355,0.0,0.5920224785804749,1.0,0.7653241157531738,0.23467588424682617
5,1440,0.009947458282113075,0.037508465349674225,0.0022904034703969955,0.0015056391712278128,0.012057291666666666,0.7956975102424622,0.018931782642697417,0.9784866106332983,0.0,0.0,0.24893465909090906,0.037340198863636355,0.0,0.0,0.0,0.0084765625,0.36576542258262634,0.6174418926239014,0.30994462966918945,0.5431373119354248,0.0,0.25583964586257935,0.0,0.6174418926239014,1.0,0.7588141560554504,0.24118584394454956
5,1450,0.014087368734180927,0.04221466928720474,0.002461025258526206,0.001587285427376628,0.0141015625,0.8039703369140625,0.021122291954007093,0.97599739550681,0.0,0.0,0.27616003787878785,0.04142400568181818,0.005533854166666667,0.0,0.0,0.009075520833333333,0.3558177947998047,0.6313364505767822,0.3052974045276642,0.532676100730896,0.0,0.25972896814346313,0.0,0.6313364505767822,1.0,0.7521035075187683,0.2478964924812317
5,1460,0.15432675182819366,0.1897820085287094,0.14598305523395538,0.0025153171736747026,0.028190104166666667,0.7027079463005066,0.5404706760338487,0.5108104888747191,1.0,0.0,0.27556818181818177,0.5413352272727273,0.38657552083333335,0.03640625,0.0,0.0090625,0.35358983278274536,0.6419721841812134,0.3052746057510376,0.5318526029586792,0.0,0.2623218894004822,0.0,0.6419721841812134,1.0,0.7450463175773621,0.25495368242263794
5,1470,0.1938014179468155,0.21126200258731842,0.1555330455303192,0.002567517338320613,0.03490885416666667,0.7018376588821411,0.6116317341360735,0.43388638150575576,1.0,0.0,0.28326231060606055,0.5424893465909091,0.4735286458333333,0.04548177083333333,0.0,0.009231770833333333,0.3600311875343323,0.6473925113677979,0.3056381642818451,0.5318526029586792,0.0,0.26474568247795105,0.0,0.6473925113677979,1.0,0.7377283573150635,0.2622716426849365
5,1480,0.2025316208600998,0.2196497768163681,0.1607685089111328,0.002576350700110197,0.03432291666666667,0.7065211534500122,0.6212589233455302,0.4311144007549268,1.0,0.0,0.2950994318181818,0.5442649147727273,0.47799479166666664,0.04328125,0.0,0.0094921875,0.34933924674987793,0.6607837080955505,0.30461084842681885,0.5318526029586792,0.0,0.2578970491886139,0.0,0.6607837080955505,1.0,0.7300533056259155,0.2699466943740845
5,1490,0.03360932320356369,0.08722645789384842,0.004759537521749735,0.001829680404625833,0.0143359375,0.7876991629600525,0.08207848761912162,0.9005411600023963,0.0,0.0,0.2690577651515151,0.04035866477272726,0.06864583333333334,1.3020833333333334e-05,0.0,0.008919270833333333,0.347547709941864,0.6635010242462158,0.3049194812774658,0.5318526029586792,0.0,0.25995445251464844,0.0,0.6635010242462158,1.0,0.7220591306686401,0.27794086933135986
5,1500,0.02142029069364071,0.055074140429496765,0.0034688892774283886,0.0016877667512744665,0.013515625,0.8344252705574036,0.023818132351266178,0.9729339405099247,0.0,0.0,0.27438446969696967,0.04115767045454545,0.04016927083333333,0.0,0.0,0.009036458333333334,0.3516395688056946,0.6674224138259888,0.30528727173805237,0.5318526029586792,0.0,0.2624064087867737,0.000783875584602356,0.6674224138259888,1.0,0.7143884897232056,0.28561151027679443
5,1510,0.03085334785282612,0.09049955755472183,0.014757669530808926,0.0018423233414068818,0.015143229166666666,0.8087570071220398,0.08936052229915926,0.8915322503323415,0.0,0.0,0.2589962121212121,0.03884943181818181,0.04829427083333333,1.3020833333333334e-05,0.0,0.008697916666666666,0.36394762992858887,0.667055606842041,0.3057776689529419,0.5318526029586792,0.0,0.26567572355270386,0.0,0.667055606842041,1.0,0.7060656547546387,0.29393434524536133
5,1520,0.04201818257570267,0.10563444346189499,0.039397820830345154,0.0019228034652769566,0.017135416666666667,0.7955283522605896,0.12730634387212109,0.8451115655589889,0.0,0.0,0.2820785984848484,0.04231178977272726,0.0928125,7.8125e-05,0.0,0.009205729166666666,0.3655257821083069,0.6741864681243896,0.3061412274837494,0.5318526029586792,0.0,0.2680995464324951,0.0,0.6741864681243896,1.0,0.6980501413345337,0.3019498586654663
5,1530,0.05885463207960129,0.12764574587345123,0.06502247601747513,0.002036206889897585,0.0181640625,0.7859578132629395,0.20264268901387816,0.7834608239451979,0.15161132812500006,0.0,0.2850378787878788,0.11856134588068185,0.147578125,0.0009375,0.0,0.009270833333333334,0.39614638686180115,0.648830235004425,0.3248559534549713,0.5683012008666992,0.0,0.2713688015937805,0.0,0.648830235004425,1.0,0.6902804374694824,0.3097195625305176
5,1540,0.08205106109380722,0.1590271294116974,0.09459094703197479,0.002074016025289893,0.0271875,0.7657729983329773,0.3424211716056818,0.6741414397579888,0.2542724609375,0.0,0.2909564393939394,0.1707796963778409,0.1784765625,0.002890625,0.0,0.009401041666666667,0.39926204085350037,0.6466981172561646,0.3258536458015442,0.5683012008666992,0.0,0.2780201733112335,0.0,0.6466981172561646,1.0,0.6828906536102295,0.3171093463897705
5,1550,0.13028386235237122,0.2041269838809967,0.15632429718971252,0.0021480461582541466,0.0365625,0.7328888177871704,0.5763459106922857,0.5014871695810572,0.7803141276041669,0.0,0.2643229166666667,0.42980550130208345,0.2972265625,0.052473958333333334,0.0,0.008815104166666667,0.402599036693573,0.6443150043487549,0.32715997099876404,0.5683012008666992,0.0,0.2867289185523987,0.0,0.6443150043487549,1.0,0.6759015321731567,0.32409846782684326
5,1560,0.14791995286941528,0.21479400992393494,0.17168372869491577,0.0022160701919347048,0.03717447916666667,0.7257428169250488,0.6154006420608866,0.4784460519057847,0.9827067057291667,0.0,0.26550662878787873,0.5311793471827652,0.3524609375,0.06200520833333333,0.0,0.008841145833333333,0.4056415855884552,0.642244815826416,0.327946275472641,0.5683012008666992,0.0,0.29197102785110474,0.0,0.642244815826416,1.0,0.6703420281410217,0.32965797185897827
5,1570,0.15257272124290466,0.21767404675483704,0.17790327966213226,0.002181760501116514,0.03859375,0.7215744256973267,0.6308021400113895,0.4713924529964999,1.0,0.0,0.26254734848484845,0.5393821022727273,0.3658203125,0.0687109375,0.0,0.008776041666666666,0.38377636671066284,0.6623325347900391,0.30506259202957153,0.5206822156906128,0.0,0.29814326763153076,0.0,0.6623325347900391,1.0,0.6650522351264954,0.33494776487350464
5,1580,0.15782439708709717,0.2199416309595108,0.17549775540828705,0.002212792169302702,0.03634114583333333,0.7187406420707703,0.6245181033002359,0.4709929066842776,1.0,0.0,0.2601799242424242,0.5390269886363637,0.37859375,0.06591145833333334,0.0,0.008723958333333334,0.3582843542098999,0.6860634088516235,0.2823353409767151,0.4730631709098816,0.0,0.30535829067230225,0.0,0.6860634088516235,1.0,0.6590413451194763,0.3409586548805237
5,1590,0.15026870369911194,0.21503432095050812,0.16730906069278717,0.0022248204331845045,0.038072916666666665,0.7256888747215271,0.6124280003944949,0.4719990545698909,1.0,0.0,0.2637310606060606,0.5395596590909091,0.36233072916666664,0.0617578125,0.0,0.008802083333333334,0.3319835364818573,0.7101631760597229,0.25921911001205444,0.4254441261291504,0.0,0.3099803924560547,0.0,0.7101631760597229,1.0,0.6540616154670715,0.34593838453292847
5,1600,0.1575777679681778,0.22031858563423157,0.18504208326339722,0.002216832246631384,0.03638020833333333,0.7212935090065002,0.63159213310094,0.47227297878729635,1.0,0.0,0.26136363636363635,0.5392045454545454,0.37518229166666667,0.07078125,0.0,0.00875,0.33154088258743286,0.7117062211036682,0.26027175784111023,0.4254441261291504,0.0,0.31699812412261963,0.0,0.7117062211036682,1.0,0.6496029496192932,0.3503970503807068
5,1610,0.1621486097574234,0.22207064926624298,0.18142764270305634,0.00222605699673295,0.03567708333333333,0.7167457342147827,0.6325878235117325,0.4687645729446125,1.0,0.0,0.2797111742424242,0.5419566761363637,0.38828125,0.07276041666666666,0.0,0.009153645833333333,0.3338108956813812,0.7098307013511658,0.2611849308013916,0.4254441261291504,0.0,0.3230857849121094,0.0,0.7098307013511658,1.0,0.6479284763336182,0.35207152366638184
5,1620,0.16297651827335358,0.2226516455411911,0.18175658583641052,0.00222396501339972,0.03704427083333333,0.7169957160949707,0.6366628069052624,0.4639315179883867,1.0,0.0,0.26728219696969696,0.5400923295454545,0.3899869791666667,0.073359375,0.0,0.008880208333333334,0.3328733444213867,0.7119063138961792,0.26205578446388245,0.4254441261291504,0.0,0.3288916051387787,0.0,0.7119063138961792,1.0,0.6459335088729858,0.35406649112701416
5,1630,0.1646348237991333,0.24215632677078247,0.19369763135910034,0.0037619383074343204,0.034869791666666664,0.733123779296875,0.6591933669502913,0.4491538003648594,0.7654215494791667,0.0,0.28918087121212116,0.4260879054214015,0.27553385416666665,0.06940104166666666,0.0,0.009361979166666666,0.32809895277023315,0.7178210616111755,0.2626011371612549,0.4254441261291504,0.0,0.3325272798538208,0.0,0.7178210616111755,1.0,0.646456241607666,0.353543758392334
5,1640,0.027314236387610435,0.07021868228912354,0.0664660632610321,0.0017824765527620912,0.018346354166666665,0.7468634247779846,0.0839289640453181,0.9342032664803481,0.0,0.0,0.385061553030303,0.05775923295454544,0.06282552083333333,0.0004296875,0.0,0.011471354166666666,0.3196336627006531,0.7267866134643555,0.2592872679233551,0.4182245135307312,0.0,0.33450013399124146,0.0,0.7267866134643555,1.0,0.6482832431793213,0.3517167568206787
5,1650,0.026886899024248123,0.07014836370944977,0.06639280915260315,0.001781424623914063,0.020286458333333333,0.7499932646751404,0.08900873206734071,0.9284415826489456,0.0,0.0,0.4318181818181818,0.06477272727272727,0.06235677083333333,0.0004557291666666667,0.0,0.0125,0.3045179843902588,0.7409512996673584,0.253398060798645,0.4061163067817688,0.0,0.33559930324554443,0.0,0.7409512996673584,1.0,0.64981609582901,0.35018390417099
5,1660,0.02678942121565342,0.07056225836277008,0.06626672297716141,0.0017857514321804047,0.018580729166666667,0.7504721283912659,0.08501567217690861,0.9325233285653733,0.0,0.0,0.38624526515151514,0.05793678977272727,0.06032552083333333,0.00040364583333333333,0.0,0.011497395833333333,0.27873435616493225,0.7628136873245239,0.23593521118164062,0.3689585030078888,0.0,0.34303975105285645,0.0,0.7628136873245239,1.0,0.6515488624572754,0.3484511375427246
5,1670,0.026273131370544434,0.06931692361831665,0.06395813077688217,0.0017916796496137977,0.0194921875,0.747916579246521,0.08130124254662396,0.9326514399106358,0.0,0.0,0.40518465909090906,0.060777698863636355,0.05865885416666667,0.0004427083333333333,0.0,0.0119140625,0.25028401613235474,0.7866786122322083,0.21229222416877747,0.322162926197052,0.0,0.34140512347221375,0.0,0.7866786122322083,1.0,0.651099681854248,0.34890031814575195
5,1680,0.02591942623257637,0.0682338997721672,0.06062304228544235,0.0017955480143427849,0.02046875,0.7476310729980469,0.0762993112639795,0.9322362538846471,0.0,0.0,0.43477746212121215,0.06521661931818182,0.05768229166666667,0.0004166666666666667,0.0,0.012565104166666667,0.22116148471832275,0.810809850692749,0.18830092251300812,0.2745438814163208,0.0,0.3401932418346405,0.0,0.810809850692749,1.0,0.6501451730728149,0.34985482692718506
5,1690,0.025660080835223198,0.06786605715751648,0.05886753648519516,0.0018005925230681896,0.0191015625,0.7490028142929077,0.06894205285071991,0.937208795192779,0.0,0.0,0.39216382575757575,0.05882457386363636,0.05555989583333333,0.0004557291666666667,0.0,0.011627604166666666,0.19233816862106323,0.8349602222442627,0.1643349826335907,0.2269248366355896,0.0,0.33915042877197266,0.0,0.8349602222442627,1.0,0.6495566368103027,0.35044336318969727
5,1700,0.025845998898148537,0.06859371811151505,0.058980636298656464,0.0018111172830685973,0.019791666666666666,0.7480353713035583,0.07278220374511091,0.9329453685426043,0.0,0.0,0.41642992424242425,0.062464488636363634,0.05479166666666667,0.00048177083333333335,0.0,0.012161458333333333,0.16412615776062012,0.8590221405029297,0.14032253623008728,0.1793057918548584,0.0,0.3377976417541504,0.0,0.8590221405029297,1.0,0.6510826349258423,0.3489173650741577
5,1710,0.02576138824224472,0.06861185282468796,0.05854859575629234,0.0018358592642471194,0.0193359375,0.7470921874046326,0.071489117658587,0.9335479466549486,0.0,0.0,0.4022253787878788,0.06033380681818182,0.054713541666666664,0.0004947916666666667,0.0,0.011848958333333333,0.14912763237953186,0.8659980297088623,0.12332156300544739,0.1442638635635376,0.0,0.34126418828964233,0.0,0.8659980297088623,1.0,0.653344452381134,0.34665554761886597
5,1720,0.025837929919362068,0.0690990537405014,0.05838426202535629,0.0018389216857030988,0.0183984375,0.7487254738807678,0.06967142493395909,0.9351211932422261,0.0,0.0,0.38091856060606055,0.05713778409090908,0.055234375,0.0005729166666666667,0.0,0.011380208333333334,0.13384060561656952,0.873450756072998,0.10599611699581146,0.1086406409740448,0.0,0.34450531005859375,0.0,0.873450756072998,1.0,0.6536517143249512,0.34634828567504883
5,1730,0.019215380772948265,0.05593140423297882,0.03325233235955238,0.001731404452584684,0.0157421875,0.7592087984085083,0.027044188408932426,0.9693198689408984,0.0,0.0,0.3584280303030302,0.05376420454545453,0.0295703125,5.208333333333334e-05,0.0,0.010885416666666667,0.11769217997789383,0.88193678855896,0.08825179934501648,0.0721881240606308,0.0,0.3477182388305664,0.0,0.88193678855896,1.0,0.653577446937561,0.34642255306243896
5,1740,0.019211705774068832,0.055738143622875214,0.032880526036024094,0.001727034104987979,0.014973958333333334,0.7596903443336487,0.02487164671918968,0.9717367650918298,0.0,0.0,0.326467803030303,0.04897017045454544,0.0290234375,1.3020833333333334e-05,0.0,0.010182291666666666,0.12591341137886047,0.8697363138198853,0.09365521371364594,0.0833585262298584,0.0,0.34650635719299316,0.0,0.8697363138198853,1.0,0.6531151533126831,0.3468848466873169
5,1750,0.01905856840312481,0.05566978454589844,0.032327767461538315,0.0017315095756202936,0.0146875,0.7620160579681396,0.024991720321520073,0.9716003178164543,0.0,0.0,0.3140388257575757,0.047105823863636355,0.029296875,0.00014322916666666667,0.0,0.009908854166666667,0.14837870001792908,0.8516740798950195,0.10627381503582001,0.1091114804148674,0.0,0.3447871804237366,0.0,0.8516740798950195,1.0,0.6534910202026367,0.3465089797973633
5,1760,0.01919153518974781,0.056043289601802826,0.03256078436970711,0.0017389216227456927,0.018502604166666665,0.7603155970573425,0.034890099353214646,0.9605970971802047,0.0,0.0,0.4205729166666667,0.0630859375,0.029205729166666666,0.00010416666666666667,0.0,0.012252604166666667,0.17016766965389252,0.8345699906349182,0.11757676303386688,0.1333492249250412,0.0,0.3393477201461792,0.0,0.8345699906349182,1.0,0.6527090072631836,0.3472909927368164
5,1770,0.010716453194618225,0.0376722477376461,0.00201747240498662,0.001468796981498599,0.011875,0.8225744366645813,0.017943333649962416,0.9796098481250426,0.0,0.0,0.2311789772727272,0.03467684659090908,0.0,0.0,0.0,0.0080859375,0.19124454259872437,0.8181557655334473,0.1288340985774994,0.1570560485124588,0.0,0.33537381887435913,0.0,0.8181557655334473,1.0,0.6511430144309998,0.34885698556900024
5,1780,0.01011473685503006,0.0377221554517746,0.0022722547873854637,0.0015167108504101634,0.012044270833333334,0.8099047541618347,0.019228827693931215,0.9781490594387146,0.0,0.0,0.23709753787878787,0.03556463068181818,1.3020833333333334e-05,0.0,0.0,0.008216145833333334,0.2034909874200821,0.8037383556365967,0.14566156268119812,0.1924273818731308,0.0,0.3296525478363037,0.0,0.8037383556365967,1.0,0.649547815322876,0.350452184677124
5,1790,0.010216249153017998,0.0376507043838501,0.002305643167346716,0.0015166980447247624,0.012083333333333333,0.8133664727210999,0.01922848412676192,0.9781494498559522,0.0,0.0,0.23828124999999994,0.03574218749999999,0.0,0.0,0.0,0.0082421875,0.2166157364845276,0.7886886596679688,0.16543449461460114,0.2340785413980484,0.0,0.32263481616973877,0.0,0.7886886596679688,1.0,0.6489804983139038,0.3510195016860962
5,1800,0.010941125452518463,0.03806288540363312,0.0023728725500404835,0.0015445483149960637,0.012109375,0.8090842962265015,0.019975686499894393,0.9773003562501199,0.0,0.0,0.23532196969696967,0.03529829545454545,0.0003385416666666667,0.0,0.0,0.008177083333333333,0.23111125826835632,0.7725725173950195,0.18810144066810608,0.2811880111694336,0.0,0.3167162835597992,0.0,0.7725725173950195,1.0,0.6485140919685364,0.3514859080314636
5,1810,0.0785055160522461,0.1590670645236969,0.047748904675245285,0.0036211316473782063,0.030455729166666667,0.7425504326820374,0.31662350767311304,0.6187661377466129,0.2641194661458333,0.0,0.33416193181818177,0.18218402284564392,0.15036458333333333,0.034153645833333336,0.00013020833333333333,0.0103515625,0.2458365261554718,0.7560294270515442,0.21032731235027313,0.327398419380188,0.0,0.31085407733917236,0.0,0.7560294270515442,1.0,0.6480330228805542,0.3519669771194458
5,1820,0.07643801718950272,0.15610967576503754,0.044876959174871445,0.0035346022341400385,0.0316015625,0.7429220676422119,0.31156028623589604,0.6252720604846376,0.2519124348958334,0.0,0.34777462121212116,0.17812241062973488,0.14665364583333335,0.03395833333333333,0.0001171875,0.010651041666666666,0.24898193776607513,0.7532656192779541,0.21793803572654724,0.344463050365448,0.0,0.3047100603580475,0.0,0.7532656192779541,1.0,0.6468765735626221,0.35312342643737793
5,1830,0.07406464964151382,0.15164604783058167,0.04374068230390549,0.003452504985034466,0.030559895833333333,0.7442119121551514,0.2975458058600242,0.6421392234376608,0.23449707031250006,0.0,0.33475378787878785,0.1674616033380682,0.14299479166666668,0.03204427083333333,0.00010416666666666667,0.010364583333333333,0.25086623430252075,0.7520147562026978,0.22119438648223877,0.3526921272277832,0.0,0.29898878931999207,0.0,0.7520147562026978,1.0,0.6459327340126038,0.35406726598739624
5,1840,0.37935659289360046,0.31620708107948303,0.21649493277072906,0.005752949509769678,0.05231770833333333,0.6593759059906006,0.8318395066971248,0.19294342521548566,1.0,0.0,0.2637310606060606,0.5395596590909091,0.56609375,0.11842447916666667,0.0008854166666666666,0.008802083333333334,0.2573557496070862,0.7464837431907654,0.23108401894569397,0.3736804723739624,0.0,0.29495853185653687,0.0,0.7464837431907654,1.0,0.645294189453125,0.354705810546875
5,1850,0.11856215447187424,0.19735169410705566,0.16775235533714294,0.0020279744639992714,0.028515625,0.7427969574928284,0.5556999722939806,0.5548963276394083,0.5408121744791667,0.0,0.3489583333333333,0.3227498372395834,0.24138020833333335,0.0316796875,0.0,0.010677083333333334,0.2800478935241699,0.7205929756164551,0.254525750875473,0.421299546957016,0.0,0.29250654578208923,0.0,0.7205929756164551,1.0,0.6467175483703613,0.35328245162963867
5,1860,0.11421360075473785,0.19614624977111816,0.16835613548755646,0.0019123050151392817,0.0279296875,0.7448310852050781,0.5465771300845353,0.5692549556818315,0.5089925130208334,0.0,0.3175899621212121,0.3021347508285985,0.22966145833333335,0.033216145833333335,0.0,0.009986979166666667,0.3005872070789337,0.697442889213562,0.27811121940612793,0.4689185619354248,0.0,0.29101282358169556,0.0,0.697442889213562,1.0,0.6469861268997192,0.35301387310028076
5,1870,0.11187954992055893,0.19463874399662018,0.1659502387046814,0.0018772946204990149,0.024635416666666667,0.7459782958030701,0.5276296563394103,0.5878254184250681,0.4978434244791668,0.0,0.30279356060606055,0.29434074633049245,0.224453125,0.034856770833333335,0.0,0.009661458333333333,0.31336188316345215,0.6832774877548218,0.2958805561065674,0.5064018964767456,0.0,0.2845305800437927,0.0,0.6832774877548218,1.0,0.6474137306213379,0.3525862693786621
5,1880,0.11049346625804901,0.13150529563426971,0.08101502060890198,0.00292982067912817,0.03338541666666667,0.6700576543807983,0.3384765863150502,0.6298846005255422,0.7427978515625001,0.0,0.2850378787878788,0.4141546075994319,0.33740885416666666,0.00028645833333333333,0.0,0.009270833333333334,0.326914519071579,0.6684075593948364,0.31404048204421997,0.5419185757637024,0.0,0.28720802068710327,0.0,0.6684075593948364,1.0,0.6481119394302368,0.3518880605697632
5,1890,0.11554902046918869,0.13125412166118622,0.08339717239141464,0.0030098208226263523,0.034869791666666664,0.6643458008766174,0.35191917841889436,0.6161928309451992,0.8746744791666669,0.0,0.287405303030303,0.48044803503787886,0.379609375,0.00028645833333333333,0.0,0.009322916666666667,0.35198062658309937,0.6443554162979126,0.3379092216491699,0.5895376205444336,0.0,0.28760260343551636,0.0,0.6443554162979126,1.0,0.6491027474403381,0.35089725255966187
5,1900,0.1232302337884903,0.1341223418712616,0.08945119380950928,0.0029822024516761303,0.035390625,0.6531287431716919,0.3733483066125595,0.5987695523220266,0.9892985026041666,0.0,0.26787405303030304,0.5348303592566288,0.4163411458333333,0.000234375,0.0,0.008893229166666667,0.37628063559532166,0.6208763122558594,0.3617863655090332,0.6371567249298096,0.0,0.2880535423755646,0.0,0.6208763122558594,1.0,0.6515079140663147,0.3484920859336853
5,1910,0.12221559137105942,0.13713885843753815,0.08753643929958344,0.003025028621777892,0.037447916666666664,0.6625996232032776,0.3820127037901968,0.5855412415056924,0.9704182942708335,0.0,0.2933238636363636,0.5292077266808712,0.41022135416666666,0.0003125,0.0,0.009453125,0.3987317979335785,0.5986279249191284,0.38576921820640564,0.684775710105896,0.0,0.2892090678215027,0.0,0.5986279249191284,1.0,0.6540124416351318,0.34598755836486816
5,1920,0.06837356835603714,0.08065970242023468,0.07452766597270966,0.002088557928800583,0.017734375,0.7104005217552185,0.13754255899084292,0.8755087505369503,0.3583577473958333,0.0,0.27320075757575757,0.2201589873342803,0.21467447916666665,0.0,0.0,0.009010416666666667,0.3972410261631012,0.6004853248596191,0.3981229066848755,0.7106837034225464,0.0,0.28520697355270386,0.0,0.6004853248596191,1.0,0.6566106081008911,0.3433893918991089
5,1930,0.059814855456352234,0.07296305149793625,0.0716950073838234,0.00208259467035532,0.016927083333333332,0.7216207385063171,0.1092416444705667,0.9088527908060315,0.17281087239583334,0.0,0.2607717803030303,0.1255212032433712,0.15529947916666667,0.0,0.0,0.008736979166666667,0.3974544405937195,0.6004688739776611,0.41115501523017883,0.73796546459198,0.0,0.2811485528945923,0.0,0.6004688739776611,1.0,0.6594491600990295,0.34055083990097046
5,1940,0.07450107485055923,0.08591888099908829,0.08080240339040756,0.0021881968714296818,0.0168359375,0.6967830061912537,0.16332459711936245,0.8531681836922749,0.44075520833333337,0.0,0.2737926136363636,0.26144649621212124,0.24104166666666665,0.0,0.0,0.0090234375,0.3994221091270447,0.598928689956665,0.42528170347213745,0.767301082611084,0.0,0.27754104137420654,0.0,0.598928689956665,1.0,0.6628084182739258,0.3371915817260742
5,1950,0.170831099152565,0.16570517420768738,0.09106545895338058,0.003917550668120384,0.0398046875,0.6728395819664001,0.5014056504052928,0.4280308670735258,1.0,0.0,0.27497632575757575,0.5412464488636364,0.571953125,0.005690104166666667,5.208333333333334e-05,0.009049479166666667,0.3751085698604584,0.6195370554924011,0.42075055837631226,0.7583317756652832,0.0,0.27723100781440735,0.0,0.6195370554924011,1.0,0.6661030054092407,0.3338969945907593
5,1960,0.15955790877342224,0.15124815702438354,0.09238477796316147,0.003999403677880764,0.03272135416666667,0.6883290410041809,0.45631756829714093,0.48544758962529055,1.0,0.0,0.2826704545454545,0.5424005681818181,0.5662109375,0.0027864583333333335,0.0,0.00921875,0.3530273735523224,0.6355555057525635,0.4090465009212494,0.73747718334198,0.0,0.26871955394744873,0.0,0.6355555057525635,1.0,0.669312596321106,0.33068740367889404
5,1970,0.10709134489297867,0.12606103718280792,0.07790577411651611,0.0030230041593313217,0.024908854166666668,0.7106713056564331,0.30315831010984534,0.6631249065500251,0.787150065104167,0.0,0.2844460227272727,0.4362419359611744,0.3506901041666667,0.0011979166666666666,0.0,0.0092578125,0.3308168947696686,0.6515555381774902,0.397480309009552,0.7164500951766968,0.0,0.2617018520832062,0.0,0.6515555381774902,1.0,0.672839879989624,0.327160120010376
5,1980,0.10517442971467972,0.12234082072973251,0.07887689769268036,0.0030688021797686815,0.026627604166666666,0.7095955610275269,0.30254887861402174,0.6673422675333569,0.7458496093750001,0.0,0.287405303030303,0.4160356001420455,0.33805989583333335,0.0006119791666666667,0.0,0.009322916666666667,0.30917927622795105,0.6670774221420288,0.38517990708351135,0.6929738521575928,0.0,0.2579534351825714,0.0,0.6670774221420288,1.0,0.6766512393951416,0.3233487606048584
5,1990,0.15352539718151093,0.17498818039894104,0.13429725170135498,0.003622652729973197,0.03169270833333333,0.6833072304725647,0.5456175630538025,0.47305359217888676,1.0,0.0,0.24538352272727268,0.5368075284090909,0.47561197916666664,0.0069791666666666665,2.604166666666667e-05,0.0083984375,0.29639801383018494,0.6807703375816345,0.36819717288017273,0.6594141721725464,0.0,0.25660061836242676,0.0,0.6807703375816345,1.0,0.6803992390632629,0.31960076093673706
5,2000,0.1495331972837448,0.17150455713272095,0.13029053807258606,0.0035778586752712727,0.0315625,0.6867538690567017,0.5295282757308195,0.4850871234917491,1.0,0.0,0.247750946969697,0.5371626420454545,0.47001302083333335,0.007083333333333333,3.90625e-05,0.008450520833333334,0.2950090765953064,0.6842522621154785,0.36327409744262695,0.6492551565170288,0.0,0.2576434016227722,0.0,0.6842522621154785,1.0,0.6841716766357422,0.3158283233642578
5,2010,0.1337244212627411,0.16836296021938324,0.11699122190475464,0.0035187366884201765,0.031536458333333336,0.6783273816108704,0.49145002348571776,0.510084160246007,1.0,0.0,0.2595880681818182,0.5389382102272727,0.44951822916666667,0.008151041666666666,0.00013020833333333333,0.0087109375,0.29241272807121277,0.688822329044342,0.35589396953582764,0.634232759475708,0.0,0.2585171163082123,0.0,0.688822329044342,1.0,0.6878358125686646,0.31216418743133545
5,2020,0.1013692319393158,0.12969671189785004,0.06187178194522858,0.0031042606569826603,0.0273046875,0.6939564943313599,0.285317344288463,0.6577716620896018,0.8081868489583336,0.0,0.2501183712121212,0.441611180160985,0.3566666666666667,0.001953125,2.604166666666667e-05,0.008502604166666667,0.2894977331161499,0.6940653324127197,0.349330872297287,0.6211150884628296,0.0,0.25848889350891113,0.0,0.6940653324127197,1.0,0.6895259618759155,0.3104740381240845
5,2030,0.10657618939876556,0.138234943151474,0.06415099650621414,0.0032857016194611788,0.028880208333333334,0.6917485594749451,0.3160417439938694,0.6249267992176883,0.8248291015625,0.0,0.26254734848484845,0.45179665305397726,0.3605078125,0.0034375,0.0,0.008776041666666666,0.2989165186882019,0.6847510933876038,0.3588259518146515,0.6397162675857544,0.0,0.25978535413742065,0.0,0.6847510933876038,1.0,0.6914021968841553,0.3085978031158447
5,2040,0.11071748286485672,0.14363572001457214,0.07074647396802902,0.0032234021928161383,0.029505208333333335,0.6913653612136841,0.33886714755085506,0.6097952501226565,0.8505452473958333,0.0,0.2589962121212121,0.4641220555160984,0.36959635416666664,0.002578125,0.0,0.008697916666666666,0.3115793466567993,0.6724386215209961,0.3747737407684326,0.6710960865020752,0.0,0.26150453090667725,0.0,0.6724386215209961,1.0,0.6933315992355347,0.30666840076446533
5,2050,0.10751063376665115,0.1395336091518402,0.0675177276134491,0.003146993461996317,0.029322916666666667,0.6957957744598389,0.32125520661276025,0.6257187369693756,0.8116455078125002,0.0,0.2572206439393939,0.4444058504971592,0.35772135416666667,0.0020052083333333332,0.0,0.008658854166666667,0.3213038444519043,0.6631410121917725,0.38392871618270874,0.6891101598739624,0.0,0.26249098777770996,0.0,0.6631410121917725,1.0,0.6943526268005371,0.3056473731994629
5,2060,0.05677450820803642,0.07911787927150726,0.037872251123189926,0.002553759142756462,0.017421875,0.680970311164856,0.09199456387400405,0.8912851121968557,0.1028645833333333,0.0,0.17021780303030298,0.0769649621212121,0.13287760416666666,3.90625e-05,9.114583333333334e-05,0.006744791666666666,0.3153369724750519,0.673629641532898,0.3802897036075592,0.6816037893295288,0.0,0.2632519602775574,0.0,0.673629641532898,1.0,0.695580005645752,0.30441999435424805
5,2070,0.054650839418172836,0.07620062679052353,0.036622051149606705,0.0025437127333134413,0.0153515625,0.677727460861206,0.08015734802078855,0.9052547286778312,0.06742350260416667,0.0,0.17021780303030298,0.05924442175662878,0.1215625,1.3020833333333334e-05,0.00013020833333333333,0.006744791666666666,0.3176754117012024,0.6777180433273315,0.3742925822734833,0.669195294380188,0.0,0.2646329402923584,0.0,0.6777180433273315,1.0,0.6966856718063354,0.30331432819366455
5,2080,0.05099116638302803,0.07339847087860107,0.03515003249049187,0.002446370432153344,0.0158203125,0.6697227954864502,0.07323949040596918,0.913785563849479,0.0048421223958333105,0.0,0.22407670454545447,0.03603256687973483,0.10154947916666666,0.0,6.510416666666667e-05,0.0079296875,0.3277454376220703,0.6730163097381592,0.3731873631477356,0.6661900281906128,0.0,0.2672821879386902,0.0,0.6730163097381592,1.0,0.6966193914413452,0.3033806085586548
5,2090,0.05272579938173294,0.07317405939102173,0.03848305344581604,0.0023490057792514563,0.01578125,0.661505401134491,0.07007027195895872,0.9174352194158111,0.03804524739583334,0.0,0.25662878787878785,0.05751694187973485,0.11216145833333334,1.3020833333333334e-05,0.0,0.008645833333333333,0.3378898501396179,0.6680569648742676,0.37284359335899353,0.665172815322876,0.0,0.26838135719299316,0.0,0.6680569648742676,1.0,0.6968008875846863,0.3031991124153137
5,2100,0.09560554474592209,0.12635180354118347,0.09541403502225876,0.002678835531696677,0.030455729166666667,0.6870303153991699,0.3227512002439906,0.6893132122595826,0.6613362630208335,0.0,0.3093039772727272,0.3770637281013258,0.31114583333333334,0.00048177083333333335,0.0,0.0098046875,0.3373170793056488,0.6713701486587524,0.3677051067352295,0.6539403796195984,0.0,0.27156609296798706,0.0,0.6713701486587524,1.0,0.6966844201087952,0.30331557989120483
5,2110,0.09702236950397491,0.12785489857196808,0.09662666916847229,0.0026248397771269083,0.027395833333333335,0.691620945930481,0.31882481612082614,0.6947417508147513,0.6738281250000002,0.0,0.2862215909090909,0.3798473011363637,0.31528645833333335,0.0003385416666666667,0.0,0.009296875,0.33294445276260376,0.6739442944526672,0.3591867685317993,0.6368699073791504,0.0,0.2716788649559021,0.0,0.6739442944526672,1.0,0.6963596343994141,0.30364036560058594
5,2120,0.09904009103775024,0.126890167593956,0.09888724982738495,0.0025469439569860697,0.027578125,0.7093712687492371,0.32079819842672125,0.695642900611376,0.6949462890625001,0.0,0.2927320075757575,0.39138294566761367,0.321953125,0.0004296875,0.0,0.009440104166666666,0.3301786482334137,0.6752959489822388,0.35040581226348877,0.6188344955444336,0.0,0.27325713634490967,0.0,0.6752959489822388,1.0,0.6973746418952942,0.3026253581047058
5,2130,0.1042139083147049,0.1308516561985016,0.1010037511587143,0.0025669517926871777,0.027486979166666668,0.709267795085907,0.3353369048376499,0.6799105008826287,0.7489827473958334,0.0,0.3004261363636363,0.4195552941524621,0.33921875,0.0004557291666666667,0.0,0.009609375,0.3372645974159241,0.6694502830505371,0.3466504216194153,0.6094467043876648,0.0,0.2795138955116272,0.0,0.6694502830505371,1.0,0.6995989084243774,0.30040109157562256
5,2140,0.1123497262597084,0.13728860020637512,0.11183055490255356,0.0026310845278203487,0.0283984375,0.7006815671920776,0.37516142948652736,0.650291026257311,0.831787109375,0.0,0.29687499999999994,0.46042480468749997,0.36578125,0.000390625,0.0,0.00953125,0.34133055806159973,0.6663966178894043,0.3406134247779846,0.5958000421524048,0.0,0.28475603461265564,0.0,0.6663966178894043,1.0,0.7016483545303345,0.2983516454696655
5,2150,0.11139874905347824,0.13633233308792114,0.11108822375535965,0.00258469907566905,0.02734375,0.7051169872283936,0.36753885324919366,0.6579183339199515,0.8190511067708335,0.0,0.29450757575757575,0.4537016897490531,0.36169270833333333,0.00040364583333333333,0.0,0.009479166666666667,0.34560075402259827,0.6631761193275452,0.33588773012161255,0.5842517614364624,0.0,0.2917455732822418,0.0,0.6631761193275452,1.0,0.7037588357925415,0.2962411642074585
5,2160,0.11238695681095123,0.13554012775421143,0.11149826645851135,0.002555308397859335,0.0305859375,0.7084037065505981,0.3761012168401806,0.6482929012993937,0.8423665364583334,0.0,0.2909564393939394,0.4648267341382576,0.3692317708333333,0.0003255208333333333,0.0,0.009401041666666667,0.34606629610061646,0.6629697680473328,0.32709771394729614,0.5649976134300232,0.0,0.29732590913772583,0.0,0.6629697680473328,1.0,0.7043250799179077,0.2956749200820923
5,2170,0.11644583195447922,0.16512225568294525,0.14668415486812592,0.0029144680593162775,0.03459635416666667,0.7104597091674805,0.5054245442673813,0.5713039245981392,0.7394205729166667,0.0,0.3116714015151515,0.4164609966856061,0.329609375,0.007005208333333333,0.0,0.009856770833333334,0.3561488389968872,0.6508966684341431,0.3338736593723297,0.575361967086792,0.0,0.3079511523246765,0.0,0.6508966684341431,1.0,0.705260694026947,0.294739305973053
5,2180,0.11577942222356796,0.16507506370544434,0.14828993380069733,0.002913398202508688,0.037096354166666665,0.7131990790367126,0.514629505799867,0.564387214435181,0.7240397135416669,0.0,0.3400804924242424,0.4130319306344698,0.3251822916666667,0.006510416666666667,0.0,0.010481770833333333,0.3607841730117798,0.645196795463562,0.33314767479896545,0.5721513032913208,0.0,0.31381335854530334,0.0,0.645196795463562,1.0,0.7065851092338562,0.2934148907661438
5,2190,0.11650438606739044,0.1665087342262268,0.1484101116657257,0.0028877039439976215,0.03658854166666667,0.7163198590278625,0.5155807450839118,0.5631966427287519,0.7244873046875001,0.0,0.31048768939393934,0.40881680575284096,0.325390625,0.0064453125,0.0,0.009830729166666666,0.3655128479003906,0.6393808722496033,0.33339595794677734,0.5719207525253296,0.0,0.3162371516227722,0.0,0.6393808722496033,1.0,0.7085285782814026,0.2914714217185974
5,2200,0.12263460457324982,0.1698567122220993,0.14991500973701477,0.00291741406545043,0.0384765625,0.7158464789390564,0.533589803278586,0.542629835648186,0.7641194661458335,0.0,0.31226325757575757,0.42889922170928035,0.3384375,0.006080729166666667,0.0,0.009869791666666667,0.3701527714729309,0.6336655616760254,0.33248165249824524,0.5701090693473816,0.0,0.3161807954311371,0.0,0.6336655616760254,1.0,0.70973801612854,0.29026198387145996
5,2210,0.12110760062932968,0.18768273293972015,0.0917154997587204,0.0020729959942400455,0.03626302083333333,0.7897887825965881,0.4377032868352431,0.5391444402361476,0.6415201822916666,0.0,0.2501183712121212,0.3582778468276515,0.2892708333333333,0.016015625,0.0,0.008502604166666667,0.3632722795009613,0.6382262110710144,0.3164988160133362,0.5386168360710144,0.0,0.31460249423980713,0.0,0.6382262110710144,1.0,0.7114642262458801,0.2885357737541199
5,2220,0.11868888884782791,0.18539868295192719,0.08814654499292374,0.0020206549670547247,0.0392578125,0.7767947316169739,0.4333680955812565,0.5384682235287179,0.6212565104166666,0.0,0.2927320075757575,0.35453805634469693,0.28389322916666665,0.014908854166666667,0.0,0.009440104166666666,0.380896657705307,0.6218080520629883,0.3239012360572815,0.5541488528251648,0.0,0.31217873096466064,0.0,0.6218080520629883,1.0,0.7135055661201477,0.2864944338798523
5,2230,0.11806434392929077,0.18294315040111542,0.08646474033594131,0.002052134368568659,0.041979166666666665,0.7454465627670288,0.43412173485621414,0.5350135029521487,0.6110432942708334,0.0,0.3815104166666666,0.36274820963541665,0.28208333333333335,0.013450520833333333,0.0,0.011393229166666666,0.39633864164352417,0.608683168888092,0.32849180698394775,0.5623915195465088,0.0,0.3153071105480194,0.0,0.608683168888092,1.0,0.7158093452453613,0.28419065475463867
5,2240,0.11198023706674576,0.18098871409893036,0.07884161919355392,0.001984169241040945,0.038203125,0.7436152100563049,0.4014274095985258,0.5607994923866666,0.5382486979166669,0.0,0.3726325757575757,0.3250192353219698,0.2598046875,0.012434895833333333,0.0,0.011197916666666667,0.40795910358428955,0.6021758317947388,0.3268227279186249,0.5584445595741272,0.0,0.3173363208770752,0.0,0.6021758317947388,1.0,0.7189100980758667,0.2810899019241333
5,2250,0.11748448759317398,0.17741017043590546,0.08716153353452682,0.002102331258356571,0.042291666666666665,0.726743757724762,0.42854127788244867,0.5421656533667407,0.6080322265625,0.0,0.405776515151515,0.36488259055397726,0.28658854166666664,0.007981770833333334,0.0,0.011927083333333333,0.4183273911476135,0.5965728163719177,0.3224872946739197,0.5488436222076416,0.0,0.3204365372657776,0.0,0.5965728163719177,1.0,0.7215264439582825,0.27847355604171753
5,2260,0.09609095007181168,0.16634899377822876,0.06421001255512238,0.001936851185746491,0.035104166666666665,0.7549368739128113,0.3310316426722709,0.621384485735703,0.4073079427083334,0.0,0.3744081439393938,0.25981519294507577,0.226015625,0.004322916666666667,0.0,0.011236979166666666,0.4285821318626404,0.5913022756576538,0.31819579005241394,0.539043128490448,0.0,0.32449495792388916,0.0,0.5913022756576538,1.0,0.7249399423599243,0.2750600576400757
5,2270,0.0883055105805397,0.16343291103839874,0.05376475304365158,0.0018861329881474376,0.036184895833333335,0.7621867656707764,0.3037274231429198,0.637750693306846,0.3205159505208333,0.0,0.3933475378787879,0.21926010594223483,0.19877604166666665,0.0037890625,0.0,0.011653645833333334,0.4361472725868225,0.589241623878479,0.3128225803375244,0.5272313952445984,0.0,0.3280460834503174,0.0,0.589241623878479,1.0,0.7296035289764404,0.27039647102355957
5,2280,0.05783670395612717,0.1174711287021637,0.028298916295170784,0.0026545936707407236,0.019622395833333334,0.780428946018219,0.1775001293397727,0.7855569318727269,0.0,0.0,0.2933238636363636,0.04399857954545454,0.08615885416666667,0.0040494791666666665,0.0,0.009453125,0.42990443110466003,0.594746470451355,0.30974873900413513,0.5203819274902344,0.0,0.33038532733917236,0.0,0.594746470451355,1.0,0.7348374128341675,0.2651625871658325
5,2290,0.05541167035698891,0.11537446826696396,0.02652515098452568,0.0026502518448978662,0.019388020833333332,0.7844259738922119,0.17254128199741664,0.7916521095459916,0.0,0.0,0.27497632575757575,0.04124644886363636,0.081953125,0.0030859375,0.0,0.009049479166666667,0.429775595664978,0.5948984622955322,0.31566816568374634,0.5335228443145752,0.0,0.32604503631591797,0.0,0.5948984622955322,1.0,0.7398423552513123,0.26015764474868774
5,2300,0.04952267184853554,0.11496586352586746,0.016251079738140106,0.002565718023106456,0.018684895833333333,0.7996598482131958,0.1675089765459607,0.7974143336015667,0.0,0.0,0.2554450757575757,0.038316761363636355,0.07889322916666666,0.004140625,0.0,0.008619791666666666,0.42722442746162415,0.5970315933227539,0.3222026228904724,0.5466424822807312,0.0,0.3258759379386902,0.0,0.5970315933227539,1.0,0.7441492080688477,0.25585079193115234
5,2310,0.05058210715651512,0.11618076264858246,0.017093202099204063,0.002631297567859292,0.0210546875,0.7928338050842285,0.17826072599207649,0.7850860427636968,0.0,0.0,0.27616003787878785,0.04142400568181818,0.0814453125,0.004348958333333333,0.0,0.009075520833333333,0.4226248860359192,0.5995678901672363,0.32810211181640625,0.5578749179840088,0.0,0.32776424288749695,0.0,0.5995678901672363,1.0,0.748171865940094,0.251828134059906
5,2320,0.21769657731056213,0.24388623237609863,0.1599925309419632,0.0036318106576800346,0.04747395833333334,0.6546939611434937,0.6889368598249485,0.34995971519997804,1.0,0.0,0.23532196969696967,0.5352982954545454,0.47421875,0.009635416666666667,0.00029947916666666664,0.008177083333333333,0.4236997365951538,0.6023685932159424,0.3340240716934204,0.5676811933517456,0.0,0.334556519985199,0.0,0.6023685932159424,1.0,0.751894474029541,0.24810552597045898
5,2330,0.18130101263523102,0.22859255969524384,0.16382232308387756,0.002675710478797555,0.044036458333333334,0.6398020386695862,0.6450802468490543,0.42002023536342664,0.8680419921875,0.0,0.3584280303030302,0.48778520063920455,0.3662890625,0.011484375,2.604166666666667e-05,0.010885416666666667,0.4192372262477875,0.6085286140441895,0.3394451141357422,0.5772550106048584,0.0,0.33878403902053833,0.0,0.6085286140441895,1.0,0.7566017508506775,0.2433982491493225
5,2340,0.13637225329875946,0.17810386419296265,0.21858637034893036,0.0024997477885335684,0.033463541666666666,0.6635867357254028,0.5793663067766945,0.5432563006629896,0.6660970052083335,0.0,0.3430397727272727,0.38450446851325765,0.31192708333333335,0.0012239583333333334,2.604166666666667e-05,0.010546875,0.4238925576210022,0.6072721481323242,0.34728652238845825,0.5945696234703064,0.0,0.33334463834762573,0.0,0.6072721481323242,1.0,0.7613340616226196,0.23866593837738037
5,2350,0.12946738302707672,0.17325754463672638,0.20179593563079834,0.0024601570330560207,0.04346354166666667,0.6447530388832092,0.5928944961614682,0.5326284804012125,0.6301676432291667,0.0,0.3619791666666667,0.3693806966145834,0.30109375,0.0005598958333333334,7.8125e-05,0.010963541666666667,0.42796772718429565,0.6071954965591431,0.3576929569244385,0.6165578365325928,0.0,0.3294270932674408,0.0,0.6071954965591431,1.0,0.7659680843353271,0.23403191566467285
5,2360,0.12332502007484436,0.1670040786266327,0.1920296549797058,0.002609599381685257,0.043671875,0.653408408164978,0.582888412611644,0.54723595756434,0.6132405598958335,0.0,0.3797348484848484,0.363580507220644,0.29575520833333335,0.00048177083333333335,3.90625e-05,0.011354166666666667,0.4389690160751343,0.6002919673919678,0.3672453761100769,0.6352229118347168,0.0,0.3308926224708557,0.0,0.6002919673919678,1.0,0.7698063850402832,0.2301936149597168
5,2370,0.11173901706933975,0.15219047665596008,0.17890769243240356,0.002520150039345026,0.03958333333333333,0.6704171895980835,0.5349693582157573,0.6050199131252217,0.5943196614583335,0.0,0.3655303030303029,0.3519893761837122,0.28966145833333334,0.0005208333333333333,0.00013020833333333333,0.011041666666666667,0.4535052180290222,0.5900657773017883,0.3821011185646057,0.6634463667869568,0.0,0.3358529806137085,0.0,0.5900657773017883,1.0,0.773530900478363,0.22646909952163696
5,2380,0.1025087833404541,0.1330079436302185,0.12392605096101761,0.0024294850882142782,0.03046875,0.6793366074562073,0.3743252485914186,0.6869059525460217,0.5955810546875001,0.0,0.36079545454545453,0.35190984552556825,0.28967447916666667,0.0009114583333333333,0.0,0.0109375,0.4753369987010956,0.5746431946754456,0.3994799256324768,0.6958027482032776,0.0,0.3438571095466614,0.0,0.5746431946754456,1.0,0.7763655185699463,0.2236344814300537
5,2390,0.13719123601913452,0.14328332245349884,0.15823502838611603,0.003048112615942955,0.03453125,0.6800732612609863,0.5119239994810227,0.567578264296906,1.0,0.0,0.24893465909090906,0.5373401988636364,0.4849088541666667,0.0011979166666666666,0.0014322916666666666,0.0084765625,0.4993972182273865,0.556223452091217,0.42520028352737427,0.7434217929840088,0.0,0.35659611225128174,0.0,0.556223452091217,1.0,0.780265212059021,0.219734787940979
5,2400,0.12358543276786804,0.13258664309978485,0.14694844186306,0.0027846279554069042,0.03490885416666667,0.6800404787063599,0.46200622837023675,0.6079923879033917,1.0,0.0,0.306936553030303,0.5460404829545454,0.4416796875,0.00040364583333333333,0.0010416666666666667,0.009752604166666666,0.5182033777236938,0.5421290397644043,0.44474589824676514,0.7783784866333008,0.0,0.37037789821624756,0.0,0.5421290397644043,1.0,0.7832769155502319,0.21672308444976807
5,2410,0.11988914757966995,0.13096439838409424,0.12395042181015015,0.0024921714793890715,0.0450390625,0.6599921584129333,0.43699945891295033,0.5958925741516778,1.0,0.0,0.3519176136363636,0.5527876420454545,0.4211328125,0.00014322916666666667,0.0003255208333333333,0.0107421875,0.5393330454826355,0.5225483179092407,0.46756964921951294,0.8189697265625,0.0,0.387231707572937,0.0,0.5225483179092407,1.0,0.7867751121520996,0.2132248878479004
5,2420,0.10427379608154297,0.12879188358783722,0.13585728406906128,0.002568467753008008,0.0490234375,0.6675853729248047,0.4602753219254702,0.5979577579102441,0.847452799479167,0.0,0.3927556818181817,0.48263975201231074,0.3708984375,0.00028645833333333333,0.0005729166666666667,0.011640625,0.5601307153701782,0.5095131397247314,0.4800327718257904,0.8357030749320984,0.0,0.414541631937027,0.0,0.5095131397247314,1.0,0.7898461818695068,0.21015381813049316
5,2430,0.09757527709007263,0.10953181982040405,0.09905768185853958,0.0026220197323709726,0.04123697916666667,0.6874477863311768,0.33965485422336356,0.6678302697533979,0.8223063151041666,0.0,0.3815104166666666,0.4683797200520833,0.3630598958333333,7.8125e-05,0.0004947916666666667,0.011393229166666666,0.5686120986938477,0.5011317729949951,0.48229873180389404,0.8357030749320984,0.0,0.4296480417251587,0.0,0.5011317729949951,1.0,0.7934465408325195,0.20655345916748047
5,2440,0.13949933648109436,0.15711167454719543,0.1368389129638672,0.0027486199978739023,0.05061197916666667,0.6964475512504578,0.5318840341797662,0.5086269718425476,0.9746500651041669,0.0,0.26728219696969696,0.527417362097538,0.41165364583333336,0.000234375,0.00029947916666666664,0.008880208333333334,0.5823480486869812,0.48560142517089844,0.48628610372543335,0.8419867753982544,0.0,0.4352847635746002,0.0,0.48560142517089844,1.0,0.7962698936462402,0.20373010635375977
5,2450,0.14559073746204376,0.14581216871738434,0.13727162778377533,0.0026604747399687767,0.04180989583333333,0.7186309695243835,0.4870057349764968,0.5591898279521232,1.0,0.0,0.2903645833333333,0.5435546875,0.4406380208333333,7.8125e-05,0.00020833333333333335,0.009388020833333333,0.5955537557601929,0.4682598114013672,0.4948364794254303,0.8578869104385376,0.0,0.43928685784339905,0.0,0.4682598114013672,1.0,0.7990049719810486,0.20099502801895142
5,2460,0.15596389770507812,0.14087529480457306,0.16690774261951447,0.003383958013728261,0.07165364583333333,0.7029825448989868,0.6595680344670356,0.3971919436076505,1.0,0.0,0.4365530303030303,0.5654829545454545,0.6015104166666667,0.0004427083333333333,0.0032161458333333334,0.012604166666666666,0.5975087285041809,0.4654897451400757,0.4964642822742462,0.8593246340751648,0.0,0.44534632563591003,0.0,0.4654897451400757,1.0,0.801021158695221,0.19897884130477905
5,2470,0.14240145683288574,0.13857920467853546,0.15480376780033112,0.0035428202245384455,0.073125,0.6719528436660767,0.6362924222937888,0.40663448191399126,1.0,0.0,0.4785748106060605,0.5717862215909091,0.5641796875,0.0048046875,0.0036588541666666666,0.013528645833333333,0.5987454652786255,0.46355822682380676,0.4970657229423523,0.858346164226532,0.0,0.45261770486831665,0.0,0.46355822682380676,1.0,0.804280161857605,0.19571983814239502
5,2480,0.15023045241832733,0.16911710798740387,0.19212117791175842,0.004019123036414385,0.08358072916666667,0.596845269203186,0.7621942475581476,0.31387660307441223,1.0,0.0,0.5614346590909091,0.5842151988636364,0.46248697916666665,0.006028645833333333,0.009466145833333333,0.0153515625,0.5990961790084839,0.46166855096817017,0.49375537037849426,0.8489099144935608,0.0,0.46200284361839294,0.0,0.46166855096817017,1.0,0.8078099489212036,0.1921900510787964
5,2490,0.13583523035049438,0.14564964175224304,0.17577821016311646,0.0035164079163223505,0.07477864583333334,0.5889772772789001,0.6827657904744394,0.39874234178113016,1.0,0.0,0.560842803030303,0.5841264204545454,0.41161458333333334,0.017161458333333334,0.008372395833333334,0.015338541666666667,0.6149852275848389,0.442366361618042,0.5040920972824097,0.8654320240020752,0.0,0.4758409857749939,0.0,0.442366361618042,1.0,0.8124998211860657,0.18750017881393433
5,2500,0.1106845885515213,0.13295824825763702,0.1501433551311493,0.00409004557877779,0.05805989583333333,0.6171615719795227,0.5674703130880532,0.49566983980853374,0.7340901692708334,0.0,0.5643939393939393,0.4517041755445076,0.33252604166666666,0.0023828125,0.007903645833333334,0.015416666666666667,0.6191115379333496,0.4407918155193329,0.4923538565635681,0.832705557346344,0.0,0.5066739320755005,0.0,0.4407918155193329,1.0,0.8167595267295837,0.18324047327041626
5,2510,0.1312739998102188,0.15225909650325775,0.1223815307021141,0.003921614494174719,0.0771484375,0.6448990106582642,0.6112320679054208,0.3862190124893952,0.8524169921874999,0.0,0.609375,0.5176147460937499,0.367265625,0.0055078125,0.0056770833333333335,0.01640625,0.6310062408447266,0.4304988980293274,0.4894210994243622,0.816939115524292,0.0,0.5396769046783447,0.0,0.4304988980293274,1.0,0.8213323354721069,0.17866766452789307
5,2520,0.10468806326389313,0.13838748633861542,0.20294611155986786,0.003344070166349411,0.06571614583333334,0.6264451146125793,0.6150108155418689,0.5113473092830004,0.3513997395833334,0.0,0.8496685606060607,0.3031501538825758,0.21111979166666667,0.001328125,0.0035026041666666665,0.021692708333333335,0.6389123797416687,0.42732474207878113,0.4764139950275421,0.78166663646698,0.0,0.5705379843711853,0.0,0.42732474207878113,1.0,0.8262286186218262,0.17377138137817383
5,2530,0.24455012381076813,0.2097373753786087,0.20355650782585144,0.005031385459005833,0.12920572916666667,0.5666801929473877,0.8670471111460913,0.17395007492868395,1.0,0.0,0.5525568181818181,0.5828835227272727,0.6016536458333334,0.04639322916666667,0.004765625,0.01515625,0.6531903743743896,0.41242799162864685,0.48131436109542847,0.7889307141304016,0.0,0.5789930820465088,0.0,0.41242799162864685,1.0,0.8295464515686035,0.17045354843139648
5,2540,0.25827890634536743,0.21555520594120026,0.22288557887077332,0.007314779795706272,0.1445703125,0.5807482004165649,0.9335346048678648,0.09388300504283047,1.0,0.0,0.4767992424242424,0.5715198863636364,0.6341276041666667,0.065625,0.006744791666666666,0.013489583333333333,0.6698131561279297,0.39925187826156616,0.48647522926330566,0.7973923683166504,0.0,0.5851934552192688,0.0,0.4135039448738098,1.0,0.8328120112419128,0.16718798875808716
5,2550,0.24013961851596832,0.19813549518585205,0.20544521510601044,0.004479242023080587,0.11765625,0.5806667804718018,0.8566859207504244,0.17908213108101595,1.0,0.0,0.42708333333333326,0.5640625,0.6722395833333333,0.021158854166666668,0.007239583333333333,0.012395833333333333,0.6760661602020264,0.3953361511230469,0.4889853894710541,0.7985994815826416,0.0,0.5979042649269104,0.0,0.4156375825405121,1.0,0.8365838527679443,0.16341614723205566
5,2560,0.12083680182695389,0.13700434565544128,0.18966782093048096,0.0033655278384685516,0.0667578125,0.6268286108970642,0.6339492008412457,0.47445712018732433,0.6603597005208335,0.0,0.4892282196969697,0.4035640832149622,0.3084635416666667,0.0028515625,0.004973958333333334,0.013763020833333334,0.6778446435928345,0.39304211735725403,0.49069756269454956,0.7985994815826416,0.0,0.6093186736106873,0.0,0.4170929491519928,1.0,0.8401390314102173,0.15986096858978271
5,2570,0.11621503531932831,0.14678233861923218,0.17691007256507874,0.0030090706422924995,0.06110677083333333,0.6515560746192932,0.6088599955616568,0.506674673790615,0.5926920572916667,0.0,0.532433712121212,0.37621108546401516,0.2794140625,0.010247395833333334,0.0039453125,0.014713541666666666,0.6784090399742126,0.3925713896751404,0.48737454414367676,0.787675142288208,0.0,0.6235796213150024,0.0,0.4142683744430542,1.0,0.8435219526290894,0.15647804737091064
5,2580,0.10276419669389725,0.12823952734470367,0.16347229480743408,0.0031707549933344126,0.059140625,0.6526646614074707,0.5423342317235201,0.5653368763510492,0.39615885416666674,0.0,0.5626183712121212,0.28247218276515157,0.22125,0.005520833333333333,0.00296875,0.015377604166666666,0.6803772449493408,0.38656193017959595,0.48926424980163574,0.787675142288208,0.0,0.636177659034729,0.0,0.4158746302127838,1.0,0.8462124466896057,0.1537875533103943
5,2590,0.18587219715118408,0.22411789000034332,0.1278347373008728,0.003566877916455269,0.0958984375,0.5878902673721313,0.7079957353111379,0.2815597645728407,0.9425455729166669,0.0,0.6513967803030303,0.568982303503788,0.369453125,0.03216145833333333,0.0036979166666666666,0.017330729166666666,0.6821516752243042,0.3838975429534912,0.4883003234863281,0.787675142288208,0.0,0.6297518014907837,0.0,0.4150552749633789,1.0,0.8500453233718872,0.1499546766281128
5,2600,0.09517049789428711,0.1255161315202713,0.20419681072235107,0.003126403782516718,0.07166666666666667,0.6386861205101013,0.5985763463407618,0.5345131619736453,0.312744140625,0.0,0.8964251893939393,0.2908358487215909,0.19881510416666667,0.0012630208333333332,0.0010677083333333333,0.022721354166666666,0.6809933185577393,0.3831484913825989,0.48666852712631226,0.787675142288208,0.0,0.618872880935669,0.0,0.4136682450771332,1.0,0.8536827564239502,0.1463172435760498
5,2610,0.12875333428382874,0.16182172298431396,0.19024376571178436,0.003505934029817581,0.0888671875,0.5833057761192322,0.7117950614535712,0.3918409329919311,0.6689046223958334,0.0,1.0,0.48445231119791665,0.294921875,0.019127604166666666,0.003411458333333333,0.0271875,0.6850703954696655,0.37685585021972656,0.49191322922706604,0.800337553024292,0.0,0.6116297245025635,0.0,0.41812625527381897,1.0,0.8570243120193481,0.14297568798065186
5,2620,0.0988774523139,0.12628141045570374,0.1782347857952118,0.00310385855846107,0.0753125,0.6055198907852173,0.6030280013099836,0.5292351689201671,0.25927734375000006,0.0,1.0,0.279638671875,0.1787109375,0.0042578125,0.00265625,0.0309375,0.6931706070899963,0.36656543612480164,0.4940531849861145,0.8073652982711792,0.0,0.6024700403213501,0.0,0.41994521021842957,1.0,0.8602628111839294,0.13973718881607056
5,2630,0.18245206773281097,0.1753084808588028,0.16662603616714478,0.004151362460106611,0.1005078125,0.5723829865455627,0.7601122441015127,0.28512602976031176,1.0,0.0,0.5703124999999999,0.585546875,0.5133333333333333,0.009518229166666666,0.002942708333333333,0.015546875,0.7036055326461792,0.3518615663051605,0.5058096051216125,0.838250994682312,0.0,0.5778939127922058,0.0,0.4299381673336029,1.0,0.86290442943573,0.13709557056427002
5,2640,0.16100454330444336,0.136454239487648,0.1832558959722519,0.003126984229311347,0.0805078125,0.6532707810401917,0.6887338603985544,0.39113156569889446,1.0,0.0,0.5117187499999999,0.5767578125,0.6091536458333333,0.0005729166666666667,0.006171875,0.0142578125,0.6984408497810364,0.3575519323348999,0.5040213465690613,0.8382510542869568,0.0,0.5659722089767456,0.0,0.4284181594848633,1.0,0.8665931820869446,0.13340681791305542
5,2650,0.14515578746795654,0.13085953891277313,0.17753571271896362,0.0035639882553368807,0.07626302083333333,0.6356379985809326,0.6631984181884092,0.426396719706702,1.0,0.0,0.5342092803030303,0.5801313920454545,0.4778645833333333,0.0006640625,0.0059375,0.014752604166666667,0.694365382194519,0.36188456416130066,0.5031631588935852,0.8382511138916016,0.0,0.560250997543335,0.0,0.42768868803977966,1.0,0.8687517642974854,0.13124823570251465
5,2660,0.14236515760421753,0.11745884269475937,0.14036263525485992,0.0030448741745203733,0.0619921875,0.6301293969154358,0.5243519549284962,0.5110155738007075,1.0,0.0,0.5300662878787878,0.5795099431818181,0.46188802083333336,0.0008203125,0.005208333333333333,0.014661458333333334,0.6943601369857788,0.361458957195282,0.5024445056915283,0.8382510542869568,0.0,0.55545973777771,0.0,0.4270778298377991,1.0,0.8715295195579529,0.12847048044204712
5,2670,0.1388823539018631,0.1563374400138855,0.15767714381217957,0.003441128646954894,0.08040364583333333,0.6053815484046936,0.6714213503514876,0.38730606011910046,0.7705891927083335,0.0,0.7360321969696969,0.4956994258996213,0.34184895833333334,0.0047395833333333335,0.0042578125,0.019192708333333332,0.7000502943992615,0.3531225025653839,0.5095165967941284,0.8544243574142456,0.0,0.5486956834793091,0.0,0.43308910727500916,1.0,0.8730134963989258,0.12698650360107422
5,2680,0.16624443233013153,0.18097680807113647,0.11214372515678406,0.00442038057371974,0.10145833333333333,0.5993703603744507,0.6776244778210312,0.2804357316396464,1.0,0.0,0.7431344696969696,0.6114701704545454,0.4406640625,0.015104166666666667,0.002109375,0.019348958333333333,0.6981191635131836,0.3510596752166748,0.5175021886825562,0.8738199472427368,0.0,0.5372812747955322,0.0,0.43987688422203064,1.0,0.8751664757728577,0.12483352422714233
5,2690,0.19933998584747314,0.1732551008462906,0.18978503346443176,0.004552934784442186,0.10102864583333333,0.6171405911445618,0.7994578104926562,0.25792527528949144,1.0,0.0,0.42649147727272724,0.5639737215909091,0.5958984375,0.004140625,0.0021614583333333334,0.0123828125,0.7086278200149536,0.33788588643074036,0.5301249623298645,0.9025743007659912,0.0,0.5255850553512573,0.0,0.45060622692108154,1.0,0.8767725229263306,0.12322747707366943
5,2700,0.18747621774673462,0.14790911972522736,0.16270381212234497,0.0030325918924063444,0.06977864583333333,0.6757309436798096,0.6584407652320667,0.3830117368784205,1.0,0.0,0.33238636363636365,0.5498579545454545,0.6758723958333334,0.0003255208333333333,0.0020442708333333333,0.0103125,0.7127227783203125,0.3364226222038269,0.5292819142341614,0.9053102731704712,0.0,0.5108450651168823,0.0,0.4498896300792694,1.0,0.8787549734115601,0.12124502658843994
5,2710,0.17404188215732574,0.15625464916229248,0.1462584137916565,0.003234644653275609,0.07313802083333333,0.6409425139427185,0.6530883304096877,0.36352449356465494,1.0,0.0,0.41228693181818177,0.5618430397727272,0.601796875,0.0006901041666666667,0.005364583333333333,0.0120703125,0.7182961106300354,0.3274924159049988,0.5414471626281738,0.9380367398262024,0.0,0.48285871744155884,0.0,0.46023011207580566,1.0,0.8812590837478638,0.11874091625213623
5,2720,0.23531337082386017,0.1926356554031372,0.13206344842910767,0.004946848377585411,0.11833333333333333,0.6135426759719849,0.7813358131147983,0.17012057813081316,1.0,0.0,0.4170217803030302,0.5625532670454545,0.6115104166666666,0.029166666666666667,0.005416666666666667,0.012174479166666667,0.716521143913269,0.3236100375652313,0.5447942018508911,0.9538031816482544,0.0,0.45261770486831665,0.0,0.46307507157325745,1.0,0.883087158203125,0.116912841796875
5,2730,0.24261759221553802,0.18858610093593597,0.25436580181121826,0.004165292717516422,0.0941796875,0.6634226441383362,0.8341445708513098,0.2025663043754453,1.0,0.0,0.3335700757575757,0.5500355113636364,0.6750260416666667,0.009440104166666666,0.0033463541666666667,0.010338541666666666,0.7217325568199158,0.31480419635772705,0.5575687885284424,0.9890757203102112,0.0,0.42020654678344727,0.0,0.47393348813056946,1.0,0.885113537311554,0.11488646268844604
5,2740,0.23693466186523438,0.16548103094100952,0.1883615106344223,0.003227593842893839,0.0784375,0.6754830479621887,0.7585886219884266,0.29344727421653527,1.0,0.0,0.30220170454545453,0.5453302556818181,0.7302604166666666,0.0003255208333333333,0.0033072916666666667,0.0096484375,0.7210621237754822,0.31219482421875,0.5558693408966064,0.9890757203102112,0.0,0.4088767170906067,0.0,0.4724889397621155,1.0,0.88648521900177,0.11351478099822998
5,2750,0.28920555114746094,0.2299877554178238,0.187906414270401,0.0038541133981198072,0.09888020833333333,0.6487310528755188,0.8479487423377673,0.18486855747602213,1.0,0.0,0.3566524621212121,0.5534978693181818,0.6736979166666667,0.03440104166666667,0.002916666666666667,0.010846354166666667,0.7219679355621338,0.311004102230072,0.554977297782898,0.9890757203102112,0.0,0.40292996168136597,0.0,0.47173070907592773,1.0,0.8877890706062317,0.11221092939376831
5,2760,0.27717873454093933,0.20509494841098785,0.1848042607307434,0.003963359631597996,0.10041666666666667,0.6521648168563843,0.8565763534290519,0.17014465045941068,1.0,0.0,0.326467803030303,0.5489701704545454,0.7361067708333333,0.023567708333333333,0.0023828125,0.010182291666666666,0.7254836559295654,0.30624139308929443,0.554871678352356,0.9890757203102112,0.0,0.4022253751754761,0.0,0.471640944480896,1.0,0.889175295829773,0.11082470417022705
5,2770,0.2124171257019043,0.163676455616951,0.22068123519420624,0.0035385966766625643,0.07484375,0.6926332712173462,0.7534431413136856,0.29939138195524606,1.0,0.0,0.3471827651515151,0.5520774147727272,0.7138802083333333,0.0018489583333333333,0.0021875,0.010638020833333333,0.732938289642334,0.30084529519081116,0.5546814203262329,0.9890757203102112,0.0,0.4009571075439453,0.0,0.471479207277298,1.0,0.8914119005203247,0.10858809947967529
5,2780,0.1639205366373062,0.12113001942634583,0.15189705789089203,0.0029381895437836647,0.06125,0.6915962100028992,0.568306090113786,0.4633547688010604,1.0,0.0,0.2927320075757575,0.5439098011363637,0.7533463541666666,0.00015625,0.0027604166666666667,0.009440104166666666,0.7412564754486084,0.29171454906463623,0.5581820011138916,1.0,0.0,0.3878799080848694,0.0,0.47445470094680786,1.0,0.893768846988678,0.10623115301132202
5,2790,0.18623191118240356,0.1474347561597824,0.1928204447031021,0.004406571388244629,0.08213541666666667,0.6699807047843933,0.763015732322605,0.288687567614766,1.0,0.0,0.316998106060606,0.5475497159090909,0.749296875,0.002421875,0.012486979166666667,0.009973958333333333,0.7463956475257874,0.2910965085029602,0.5562204122543335,1.0,0.0,0.37480270862579346,0.0,0.47278735041618347,1.0,0.896082878112793,0.10391712188720703
5,2800,0.19636276364326477,0.1643185019493103,0.18235674500465393,0.004353337921202183,0.0896484375,0.6518958806991577,0.7939899915711182,0.2508312094193406,1.0,0.0,0.34185606060606055,0.5512784090909091,0.7413151041666667,0.006067708333333333,0.011614583333333333,0.010520833333333333,0.7489435076713562,0.2873648405075073,0.5553537607192993,1.0,0.0,0.3690250515937805,0.0,0.4720506966114044,1.0,0.8976144790649414,0.1023855209350586
5,2810,0.19629070162773132,0.15277059376239777,0.2032284140586853,0.0036738947965204716,0.06881510416666667,0.6192640066146851,0.715617436873281,0.34697921090021383,1.0,0.0,0.3087121212121212,0.5463068181818181,0.7086328125,0.001796875,0.010481770833333333,0.009791666666666667,0.7554135322570801,0.2808922529220581,0.5551804304122925,1.0,0.0,0.3678695559501648,0.0,0.47190338373184204,1.0,0.899701714515686,0.10029828548431396
5,2820,0.21079735457897186,0.16327664256095886,0.13805706799030304,0.0034981807693839073,0.07345052083333334,0.6066421270370483,0.6745201455938249,0.310311007531333,1.0,0.0,0.36493844696969696,0.5547407670454545,0.6879166666666666,0.0004166666666666667,0.0075390625,0.011028645833333333,0.7632826566696167,0.27238965034484863,0.5544744729995728,1.0,0.0,0.3631628751754761,0.0,0.4713033139705658,1.0,0.9014219641685486,0.09857803583145142
5,2830,0.16435794532299042,0.1343679279088974,0.17606300115585327,0.0038651148788630962,0.08143229166666667,0.6798011064529419,0.7124677540443733,0.34431211142772983,1.0,0.0,0.31936553030303033,0.5479048295454545,0.7218229166666666,0.0003385416666666667,0.004622395833333333,0.010026041666666667,0.7639741897583008,0.2762989401817322,0.5535190105438232,1.0,0.0,0.3567934036254883,0.0,0.4704911708831787,1.0,0.9033393263816833,0.09666067361831665
5,2840,0.19150061905384064,0.18158447742462158,0.1403726041316986,0.003999789245426655,0.092890625,0.6318293213844299,0.7460329031130102,0.2303288743285548,1.0,0.0,0.33238636363636365,0.5498579545454545,0.6836848958333334,0.028880208333333334,0.0031770833333333334,0.0103125,0.7655439376831055,0.2744836211204529,0.5535570979118347,1.0,0.0,0.35704702138900757,0.0,0.47052353620529175,1.0,0.9047050476074219,0.09529495239257812
5,2850,0.16294977068901062,0.15402723848819733,0.18907897174358368,0.0036932318471372128,0.0692578125,0.6070523262023926,0.7077552610878829,0.3661263267613042,1.0,0.0,0.38683712121212116,0.5580255681818181,0.5321354166666666,0.006875,0.0037369791666666667,0.011510416666666667,0.7684988975524902,0.27080029249191284,0.5538065433502197,1.0,0.0,0.3587098717689514,0.0,0.4707355797290802,1.0,0.9066438674926758,0.09335613250732422
5,2860,0.16654708981513977,0.17202290892601013,0.19268284738063812,0.0030492686200886965,0.0719921875,0.6168699264526367,0.7370299364090174,0.32638015184320446,1.0,0.0,0.5194128787878788,0.5779119318181818,0.487890625,0.0071875,0.003372395833333333,0.014427083333333333,0.7692973613739014,0.2686680555343628,0.553683876991272,1.0,0.0,0.35789254307746887,0.0,0.47063130140304565,1.0,0.9087269306182861,0.09127306938171387
5,2870,0.14181262254714966,0.13120977580547333,0.2008981853723526,0.003629630897194147,0.074765625,0.6080465912818909,0.6808985774800078,0.3976975117131993,1.0,0.0,0.5034327651515151,0.5755149147727273,0.43015625,0.0005338541666666666,0.0042578125,0.014075520833333334,0.768241822719574,0.26724594831466675,0.553497850894928,1.0,0.0,0.3566524386405945,0.0,0.47047320008277893,1.0,0.9110016226768494,0.08899837732315063
5,2880,0.22620266675949097,0.21876934170722961,0.2002820521593094,0.004156275652348995,0.1076953125,0.5743628740310669,0.8461032775799595,0.19556080751646016,1.0,0.0,0.46141098484848475,0.5692116477272727,0.5061328125,0.006536458333333333,0.0028125,0.013151041666666667,0.7703559398651123,0.2622956931591034,0.5534006357192993,1.0,0.0,0.3560042381286621,0.0,0.47039055824279785,1.0,0.9127061367034912,0.08729386329650879
5,2890,0.19096435606479645,0.16827630996704102,0.22331155836582184,0.004085942637175322,0.10916666666666666,0.5868931412696838,0.785547560013447,0.2674570401752908,1.0,0.0,0.4685132575757575,0.5702769886363637,0.4949869791666667,0.0003385416666666667,0.0026692708333333334,0.013307291666666667,0.7807453870773315,0.2526492476463318,0.5541151165962219,1.0,0.0,0.36076727509498596,0.0,0.4709978699684143,1.0,0.914049506187439,0.08595049381256104
5,2900,0.22913742065429688,0.18988454341888428,0.2165602296590805,0.004712647292762995,0.10583333333333333,0.6146411299705505,0.8529630369010575,0.1795596420121831,1.0,0.0,0.30516098484848486,0.5457741477272727,0.6685286458333334,0.00037760416666666666,0.0052734375,0.009713541666666667,0.7839051485061646,0.2453254610300064,0.5548633337020874,1.0,0.0,0.3657557964324951,0.0,0.4716338515281677,1.0,0.9155486822128296,0.08445131778717041
5,2910,0.2214651256799698,0.17199774086475372,0.18677709996700287,0.003722434863448143,0.08345052083333333,0.6517390012741089,0.79431199297107,0.24708757950805713,1.0,0.0,0.30812026515151514,0.5462180397727273,0.7219270833333333,6.510416666666667e-05,0.004192708333333333,0.009778645833333334,0.7831274271011353,0.2427101582288742,0.5548591613769531,1.0,0.0,0.36572760343551636,0.0,0.4716303050518036,1.0,0.9170202016830444,0.08297979831695557
5,2920,0.23261889815330505,0.19010411202907562,0.16423557698726654,0.004246129188686609,0.11404947916666666,0.628166139125824,0.8183395248589843,0.18496994452697396,1.0,0.0,0.31344696969696967,0.5470170454545454,0.7076432291666667,0.00028645833333333333,0.004270833333333333,0.009895833333333333,0.7895823121070862,0.23154029250144958,0.5548930168151855,1.0,0.0,0.36595308780670166,0.0,0.4716590642929077,1.0,0.9183867573738098,0.08161324262619019
5,2930,0.1830296665430069,0.16120892763137817,0.20817351341247559,0.004775593988597393,0.08825520833333333,0.67191082239151,0.7958574767556131,0.25221585962285353,1.0,0.0,0.28326231060606055,0.5424893465909091,0.6836197916666666,0.00453125,0.0021614583333333334,0.009231770833333333,0.795966625213623,0.22645413875579834,0.5544533133506775,1.0,0.0,0.36302196979522705,0.0,0.471285343170166,1.0,0.918967604637146,0.081032395362854
5,2940,0.22184871137142181,0.18773865699768066,0.20806348323822021,0.005420258734375238,0.10014322916666667,0.584623396396637,0.8671090862726374,0.16444458850384325,1.0,0.0,0.3388967803030303,0.5508345170454545,0.6077473958333334,0.00203125,0.012877604166666667,0.010455729166666667,0.8004014492034912,0.21807053685188293,0.5542672872543335,1.0,0.0,0.36178189516067505,0.0,0.4711272120475769,1.0,0.920184850692749,0.07981514930725098
5,2950,0.22984881699085236,0.17845715582370758,0.19761785864830017,0.004239424131810665,0.08795572916666666,0.622173547744751,0.8206411972298693,0.21609731306167962,1.0,0.0,0.33712121212121204,0.5505681818181818,0.6436197916666667,0.0007942708333333334,0.015559895833333334,0.010416666666666666,0.8103742599487305,0.207491934299469,0.5539755821228027,1.0,0.0,0.35983720421791077,0.0,0.4708792567253113,1.0,0.9214403629302979,0.07855963706970215
5,2960,0.262797087430954,0.20501087605953217,0.16998764872550964,0.004831526428461075,0.10528645833333333,0.6149334907531738,0.8647171889872062,0.1400910811106041,1.0,0.0,0.33948863636363635,0.5509232954545454,0.6732161458333333,0.00203125,0.0130859375,0.01046875,0.8222686052322388,0.19248703122138977,0.5533161163330078,1.0,0.0,0.35544055700302124,0.0,0.4703187048435211,1.0,0.9226232767105103,0.07737672328948975
5,2970,0.27569982409477234,0.19611866772174835,0.15205363929271698,0.005094750784337521,0.1005078125,0.6513364911079407,0.8344111368175358,0.14028056372734435,1.0,0.0,0.3004261363636363,0.5450639204545454,0.7137239583333334,0.008971354166666667,0.004713541666666667,0.009609375,0.8272167444229126,0.18646350502967834,0.5519083142280579,1.0,0.0,0.34605541825294495,0.0,0.4691220819950104,1.0,0.9236100316047668,0.07638996839523315
5,2980,0.24147328734397888,0.18014582991600037,0.15732629597187042,0.004582189489156008,0.10139322916666667,0.6130158305168152,0.7978385970748655,0.19543588116391483,1.0,0.0,0.3335700757575757,0.5500355113636364,0.7218229166666666,0.0008072916666666667,0.0038020833333333335,0.010338541666666666,0.8374962210655212,0.1738673746585846,0.5506527423858643,1.0,0.0,0.33768486976623535,0.0,0.4680548310279846,1.0,0.9249570369720459,0.0750429630279541
5,2990,0.20015692710876465,0.15552224218845367,0.1791754812002182,0.004824772477149963,0.09358072916666667,0.5969553589820862,0.7864850121427134,0.2607795832336433,1.0,0.0,0.3927556818181817,0.5589133522727272,0.63515625,0.00037760416666666666,0.0025,0.011640625,0.8382654786109924,0.17288048565387726,0.5486996173858643,1.0,0.0,0.32466405630111694,0.0,0.46639469265937805,1.0,0.927239179611206,0.07276082038879395
5,3000,0.22686800360679626,0.19603390991687775,0.1435040831565857,0.005681311711668968,0.1102734375,0.5842532515525818,0.8293708191655168,0.13488814897128562,1.0,0.0,0.42175662878787884,0.5632634943181818,0.6244921875,0.002109375,0.0028385416666666667,0.012278645833333334,0.8454956412315369,0.16431201994419098,0.5477948784828186,1.0,0.0,0.31863275170326233,0.0,0.46562567353248596,1.0,0.9287839531898499,0.07121604681015015
5,3010,0.22585850954055786,0.16108635067939758,0.14191758632659912,0.006345336325466633,0.109296875,0.6289739012718201,0.777657369695649,0.19590996364974553,1.0,0.0,0.3412642045454545,0.5511896306818181,0.6646614583333333,0.0013671875,0.0023046875,0.0105078125,0.8423435688018799,0.16806626319885254,0.5487503409385681,1.0,0.0,0.3250022530555725,0.0,0.46643781661987305,1.0,0.9296685457229614,0.07033145427703857
5,3020,0.26812949776649475,0.19204068183898926,0.14609086513519287,0.006473633460700512,0.10033854166666667,0.651631772518158,0.8511708825237991,0.1124121168920099,1.0,0.0,0.31344696969696967,0.5470170454545454,0.6758854166666667,0.0013671875,0.0014713541666666666,0.009895833333333333,0.843259334564209,0.16802722215652466,0.5499721169471741,1.0,0.0,0.3331473469734192,0.0,0.4674763083457947,1.0,0.931286096572876,0.06871390342712402
5,3030,0.26947662234306335,0.16770312190055847,0.16717484593391418,0.005312387365847826,0.0791796875,0.6838122010231018,0.808590473722397,0.20350160788822352,1.0,0.0,0.30338541666666663,0.5455078125,0.7599869791666667,0.001171875,0.0009244791666666667,0.009674479166666666,0.839150071144104,0.17549791932106018,0.5515363216400146,1.0,0.0,0.34357526898384094,0.0,0.46880587935447693,1.0,0.9321757555007935,0.06782424449920654
5,3040,0.27045390009880066,0.18039119243621826,0.14884139597415924,0.005302500911056995,0.09180989583333334,0.6648975610733032,0.8055982063342898,0.16825672605880068,1.0,0.0,0.2933238636363636,0.5439985795454545,0.7635677083333333,0.0015234375,0.00125,0.009453125,0.8435989618301392,0.16795510053634644,0.5528552532196045,1.0,0.0,0.3523685336112976,0.0,0.46992698311805725,1.0,0.933807373046875,0.066192626953125
5,3050,0.3036617338657379,0.2121126800775528,0.15705406665802002,0.008860455825924873,0.1337890625,0.6727110743522644,0.9554627468576897,0.008178006662182019,1.0,0.0,0.29154829545454547,0.5437322443181818,0.7259505208333333,0.0029296875,0.0008854166666666666,0.0094140625,0.8436617851257324,0.16759008169174194,0.5545082092285156,1.0,0.0,0.3633883595466614,0.0,0.47133198380470276,1.0,0.9345531463623047,0.06544685363769531
5,3060,0.2655472755432129,0.2033318728208542,0.201869934797287,0.007536700461059809,0.12850260416666667,0.6659311056137085,0.9575354489383254,0.05102338109912506,1.0,0.0,0.29450757575757575,0.5441761363636364,0.7387630208333333,0.024140625,0.0014453125,0.009479166666666667,0.8467077016830444,0.16169823706150055,0.5548168420791626,1.0,0.0,0.3654457628726959,0.0,0.47159433364868164,1.0,0.9360874891281128,0.06391251087188721
5,3070,0.19077034294605255,0.15444479882717133,0.21824735403060913,0.006846505682915449,0.12098958333333333,0.6364059448242188,0.8409414798822911,0.19988619942177682,1.0,0.0,0.3223248106060606,0.5483487215909091,0.721171875,0.003841145833333333,0.0030078125,0.010091145833333334,0.8442682027816772,0.16395118832588196,0.5559879541397095,1.0,0.0,0.37325263023376465,0.0,0.47258976101875305,1.0,0.9372408390045166,0.0627591609954834
5,3080,0.26354676485061646,0.22118428349494934,0.2289092093706131,0.005837107542902231,0.12924479166666666,0.7092756628990173,0.8967673437153987,0.1331787800266935,1.0,0.0,0.3276515151515151,0.5491477272727272,0.566171875,0.0012239583333333334,0.0031380208333333334,0.010208333333333333,0.8499314785003662,0.1604350209236145,0.5563557147979736,1.0,0.0,0.3757045865058899,0.0,0.4729023575782776,1.0,0.9388428926467896,0.06115710735321045
5,3090,0.2302529364824295,0.17276915907859802,0.20436511933803558,0.006419103126972914,0.1195703125,0.5978943705558777,0.8622582851816725,0.17483589924538767,1.0,0.0,0.18797348484848483,0.5281960227272727,0.7119401041666666,0.002734375,0.005221354166666667,0.007135416666666667,0.8562747240066528,0.15548773109912872,0.5559160113334656,1.0,0.0,0.37277352809906006,0.0,0.4725286364555359,1.0,0.9397304058074951,0.06026959419250488
5,3100,0.2250649482011795,0.21174508333206177,0.18301361799240112,0.007372180465608835,0.12734375,0.5745037198066711,0.9373814804797491,0.08751926934119406,1.0,0.0,0.34185606060606055,0.5512784090909091,0.6267057291666667,0.0032682291666666667,0.005729166666666666,0.010520833333333333,0.8632867336273193,0.147335946559906,0.5553791522979736,1.0,0.0,0.3691942095756531,0.0,0.4720723032951355,1.0,0.9406476020812988,0.05935239791870117
5,3110,0.1594257652759552,0.14607658982276917,0.17099609971046448,0.006552773527801037,0.11765625,0.5515905022621155,0.7867684969680929,0.258399123342097,1.0,0.0,0.4389204545454546,0.5658380681818181,0.5129296875,0.0007942708333333334,0.006106770833333333,0.01265625,0.860183596611023,0.15374669432640076,0.5546519756317139,1.0,0.0,0.36434662342071533,0.0,0.4714542031288147,1.0,0.9413696527481079,0.05863034725189209
5,3120,0.15134835243225098,0.15724582970142365,0.19899775087833405,0.006302031688392162,0.099140625,0.545072078704834,0.8135437756700085,0.24626729330901045,1.0,0.0,0.4791666666666667,0.571875,0.5237369791666666,0.0025911458333333333,0.0050260416666666665,0.013541666666666667,0.8607450723648071,0.15100502967834473,0.5547534227371216,1.0,0.0,0.36502301692962646,0.0,0.4715404212474823,1.0,0.942268967628479,0.057731032371520996
5,3130,0.13149981200695038,0.12966333329677582,0.17571711540222168,0.005803936161100864,0.092109375,0.5611099004745483,0.7320446295235428,0.34185468606731595,1.0,0.0,0.532433712121212,0.5798650568181818,0.4672265625,0.0013411458333333333,0.0036979166666666666,0.014713541666666666,0.8577189445495605,0.15880349278450012,0.555886447429657,1.0,0.0,0.37257620692253113,0.0,0.4725034832954407,1.0,0.9426702260971069,0.057329773902893066
5,3140,0.21869705617427826,0.21563951671123505,0.14882385730743408,0.008046410977840424,0.12811197916666667,0.5219457149505615,0.8892843163828564,0.0938167596525616,1.0,0.0,0.4679214015151515,0.5701882102272727,0.5245182291666667,0.007734375,0.005182291666666667,0.013294270833333333,0.8576323390007019,0.15546272695064545,0.5569771528244019,1.0,0.0,0.37984758615493774,0.0,0.4734306037425995,1.0,0.9430177211761475,0.05698227882385254
5,3150,0.21611785888671875,0.1687309294939041,0.17151740193367004,0.007672914769500494,0.11721354166666667,0.529443621635437,0.868428616638631,0.15677929321813794,1.0,0.0,0.5703124999999999,0.585546875,0.625078125,0.001015625,0.005989583333333334,0.015546875,0.8582747578620911,0.1585395187139511,0.5581355094909668,1.0,0.0,0.3875699043273926,0.0,0.4744151830673218,1.0,0.943763017654419,0.056236982345581055
5,3160,0.23111052811145782,0.19876478612422943,0.15247701108455658,0.007126352749764919,0.12885416666666666,0.5203609466552734,0.8846050626013722,0.09236854452044177,1.0,0.0,0.3803267045454546,0.5570490056818181,0.6286848958333333,0.0057552083333333335,0.004231770833333333,0.0113671875,0.856753945350647,0.16294853389263153,0.5593234300613403,1.0,0.0,0.39548951387405396,0.0,0.4754249155521393,1.0,0.9444423913955688,0.05555760860443115
5,3170,0.22402526438236237,0.1687774509191513,0.1568470597267151,0.006392304785549641,0.11453125,0.5090261101722717,0.813488573380248,0.18740302558170585,1.0,0.0,0.5034327651515151,0.5755149147727273,0.6511458333333333,0.0035807291666666665,0.003997395833333334,0.014075520833333334,0.8555996417999268,0.16463638842105865,0.559851884841919,1.0,0.0,0.3990124464035034,0.0,0.475874125957489,1.0,0.9446166157722473,0.055383384227752686
5,3180,0.28965941071510315,0.23226600885391235,0.1925773173570633,0.007839899510145187,0.13561197916666667,0.5975019335746765,0.9533393284056567,0.06644096598473345,1.0,0.0,0.3519176136363636,0.5527876420454545,0.6012890625,0.001640625,0.004192708333333333,0.0107421875,0.8598453998565674,0.15838897228240967,0.5604056715965271,1.0,0.0,0.40270450711250305,0.0,0.4763448238372803,1.0,0.9447615146636963,0.05523848533630371
5,3190,0.30447161197662354,0.21205970644950867,0.19698680937290192,0.0069990395568311214,0.13076822916666667,0.6575232148170471,0.9310465982049543,0.09154308600447122,1.0,0.0,0.2720170454545454,0.5408025568181818,0.6759895833333334,0.0007942708333333334,0.003125,0.008984375,0.8639816641807556,0.1536063253879547,0.5605705380439758,1.0,0.0,0.40380364656448364,0.0,0.4764849841594696,1.0,0.9451408386230469,0.054859161376953125
5,3200,0.2553883492946625,0.2075929194688797,0.19252750277519226,0.007147019729018211,0.12157552083333334,0.5952920317649841,0.9337364160021147,0.08959225927790007,1.0,0.0,0.3175899621212121,0.5476384943181818,0.6658463541666667,0.0012630208333333332,0.0026692708333333334,0.009986979166666667,0.8696836233139038,0.1468629240989685,0.5610905289649963,1.0,0.0,0.40727025270462036,0.0,0.4769269526004791,1.0,0.9456214904785156,0.054378509521484375
5,3210,0.1958356499671936,0.15040351450443268,0.16680972278118134,0.005416295025497675,0.09764322916666666,0.5789671540260315,0.7642053287483758,0.2695135325753713,1.0,0.0,0.3199573863636363,0.5479936079545454,0.7042578125,0.0005859375,0.0030859375,0.0100390625,0.8690245747566223,0.14758358895778656,0.5602407455444336,1.0,0.0,0.4016053378582001,0.0,0.47620463371276855,1.0,0.9458833932876587,0.05411660671234131
5,3220,0.20723485946655273,0.19068853557109833,0.11803130805492401,0.006451031193137169,0.12305989583333334,0.4986213743686676,0.7894481340922961,0.13833487469612102,1.0,0.0,0.35546874999999994,0.5533203125,0.6476692708333334,0.01,0.0020963541666666665,0.0108203125,0.873449444770813,0.1376952975988388,0.5588076710700989,1.0,0.0,0.392051100730896,0.0,0.4749865233898163,1.0,0.9464713931083679,0.05352860689163208
5,3230,0.15181756019592285,0.15034019947052002,0.1870805323123932,0.005802743136882782,0.11416666666666667,0.5121521949768066,0.7876238610654018,0.2761797961003089,1.0,0.0,0.4720643939393939,0.5708096590909091,0.5120833333333333,0.0022526041666666666,0.0030989583333333333,0.013385416666666667,0.8755635619163513,0.13491776585578918,0.5574336647987366,1.0,0.0,0.3828914165496826,0.0,0.4738186299800873,1.0,0.9467549920082092,0.05324500799179077
5,3240,0.21595057845115662,0.22307159006595612,0.12312258780002594,0.0063844225369393826,0.13151041666666666,0.5167800784111023,0.8067706730409026,0.13334564589276948,1.0,0.0,0.45608428030303017,0.5684126420454545,0.5429427083333334,0.008645833333333333,0.0012109375,0.013033854166666666,0.8727168440818787,0.13268424570560455,0.556241512298584,1.0,0.0,0.37494364380836487,0.0,0.47280529141426086,1.0,0.9471169710159302,0.052883028984069824
5,3250,0.1804078370332718,0.15874463319778442,0.1979226917028427,0.006105368956923485,0.100234375,0.56044602394104,0.8190884161714294,0.23286939816302077,1.0,0.0,0.4554924242424242,0.5683238636363637,0.6356640625,0.00109375,0.003411458333333333,0.013020833333333334,0.8772029876708984,0.12978878617286682,0.5552099943161011,1.0,0.0,0.36806684732437134,0.0,0.47192850708961487,1.0,0.9475202560424805,0.05247974395751953
5,3260,0.23983865976333618,0.20483380556106567,0.17981155216693878,0.006775494199246168,0.12438802083333333,0.5568416118621826,0.9235257010299023,0.10076734741458157,1.0,0.0,0.45785984848484845,0.5686789772727272,0.644765625,0.0078125,0.003919270833333334,0.013072916666666667,0.8777336478233337,0.12743984162807465,0.5534429550170898,1.0,0.0,0.35628610849380493,0.0,0.4704265296459198,1.0,0.9476059079170227,0.052394092082977295
5,3270,0.2580346465110779,0.21778923273086548,0.17702636122703552,0.007408507633954287,0.16084635416666668,0.5333836674690247,0.9332955882504151,0.08646815733201699,1.0,0.0,0.36848958333333326,0.5552734375,0.6469140625,0.011145833333333334,0.0011979166666666666,0.011106770833333333,0.8723416924476624,0.13353493809700012,0.5526566505432129,1.0,0.0,0.3510439395904541,0.0,0.46975815296173096,1.0,0.9474799633026123,0.052520036697387695
5,3280,0.23984135687351227,0.21060320734977722,0.1667373776435852,0.007868615910410881,0.13506510416666667,0.5332446098327637,0.9301028305788523,0.06869046597663303,1.0,0.0,0.3998579545454545,0.5599786931818181,0.6550130208333333,0.0048828125,0.0017317708333333334,0.011796875,0.8684905767440796,0.13486790657043457,0.551316499710083,1.0,0.0,0.342109739780426,0.0,0.46861904859542847,1.0,0.9481618404388428,0.05183815956115723
5,3290,0.29466766119003296,0.24754522740840912,0.24623988568782806,0.012998531572520733,0.15860677083333333,0.5861669778823853,0.9836284722222222,0.03274305555555556,1.0,0.0,0.35073390151515144,0.5526100852272727,0.6183984375,0.027174479166666668,0.0025520833333333333,0.010716145833333333,0.8661812543869019,0.13800343871116638,0.5519759654998779,1.0,0.0,0.34650635719299316,0.0,0.46917957067489624,1.0,0.9485481977462769,0.051451802253723145
5,3300,0.27053338289260864,0.20012986660003662,0.1871541142463684,0.008880142122507095,0.13569010416666666,0.6119738221168518,0.9819991445977514,0.033224516082100725,1.0,0.0,0.2607717803030303,0.5391157670454545,0.708515625,0.004973958333333334,0.002578125,0.008736979166666667,0.8607752919197083,0.14178788661956787,0.5547153949737549,1.0,0.0,0.3647693395614624,0.0,0.47150808572769165,1.0,0.9489823579788208,0.0510176420211792
5,3310,0.24705587327480316,0.18242304027080536,0.2101142853498459,0.007968590594828129,0.10877604166666667,0.6127609014511108,0.9235413083906581,0.10265343301725098,1.0,0.0,0.2228929924242424,0.5334339488636364,0.7070052083333334,0.0013411458333333333,0.0027734375,0.007903645833333334,0.8609439730644226,0.14190402626991272,0.5557173490524292,1.0,0.0,0.3714488744735718,0.0,0.4723597466945648,1.0,0.9492936730384827,0.050706326961517334
5,3320,0.2514769732952118,0.2062731385231018,0.12829160690307617,0.008358708582818508,0.1350390625,0.5840507745742798,0.8796913209254043,0.05074514398588559,1.0,0.0,0.23828124999999994,0.5357421875,0.6724869791666667,0.0028125,0.001953125,0.0082421875,0.8682961463928223,0.13138160109519958,0.556926429271698,1.0,0.0,0.3795093894004822,0.0,0.4733874797821045,1.0,0.9500294923782349,0.04997050762176514
5,3330,0.17435503005981445,0.1535131186246872,0.1953534185886383,0.007858446799218655,0.12514322916666668,0.5914779901504517,0.8579399987663517,0.18793905745939346,1.0,0.0,0.2868134469696969,0.5430220170454545,0.6501953125,0.0002734375,0.0019140625,0.009309895833333333,0.873505711555481,0.12966173887252808,0.5583426356315613,1.0,0.0,0.388950914144516,0.0,0.4745912551879883,1.0,0.9506236910820007,0.04937630891799927
5,3340,0.16253994405269623,0.1317419856786728,0.12305857241153717,0.006176978815346956,0.10111979166666667,0.5802196264266968,0.6722630390683132,0.29495060206984036,1.0,0.0,0.3655303030303029,0.5548295454545454,0.6743880208333334,0.0040885416666666665,0.0012760416666666666,0.011041666666666667,0.8773903846740723,0.12385092675685883,0.5600970983505249,1.0,0.0,0.4006471037864685,0.0,0.47608253359794617,1.0,0.951540470123291,0.048459529876708984
5,3350,0.2666381895542145,0.2059815675020218,0.19826091825962067,0.009252391755580902,0.156875,0.6198163032531738,0.983493923611111,0.033012152777777776,1.0,0.0,0.32350852272727265,0.5485262784090909,0.679609375,0.0017708333333333332,0.0014713541666666666,0.0101171875,0.8837494850158691,0.12083451449871063,0.5606762170791626,1.0,0.0,0.4045082628726959,0.0,0.4765748083591461,1.0,0.9515585899353027,0.048441410064697266
5,3360,0.25791606307029724,0.19034092128276825,0.15709638595581055,0.0072134798392653465,0.14149739583333334,0.6237841844558716,0.8795724488564933,0.10745158041981344,1.0,0.0,0.3229166666666666,0.5484375,0.6989713541666667,0.0017838541666666667,0.001015625,0.010104166666666666,0.8823782205581665,0.11752884089946747,0.5604394674301147,1.0,0.0,0.40292999148368835,0.0,0.476373553276062,1.0,0.9517821073532104,0.04821789264678955
5,3370,0.20550572872161865,0.15533730387687683,0.14702247083187103,0.006484969984740019,0.09830729166666667,0.6147527694702148,0.7713744414256671,0.22036573467549025,1.0,0.0,0.27024147727272724,0.5405362215909091,0.7090364583333333,0.0014713541666666666,0.0013802083333333333,0.0089453125,0.8779248595237732,0.12320095300674438,0.5611624717712402,1.0,0.0,0.40774938464164734,0.0,0.4769881069660187,1.0,0.9522128105163574,0.04778718948364258
5,3380,0.22015132009983063,0.15650880336761475,0.12200161069631577,0.006503957323729992,0.10401041666666666,0.5918234586715698,0.7326151995490696,0.21539543005125472,1.0,0.0,0.3158143939393939,0.5473721590909091,0.7221223958333334,0.0014192708333333334,0.0011197916666666667,0.009947916666666667,0.8777390718460083,0.12286645919084549,0.5632423758506775,1.0,0.0,0.42161571979522705,0.0,0.47875604033470154,1.0,0.9526548981666565,0.047345101833343506
5,3390,0.1895248144865036,0.1795559525489807,0.18658100068569183,0.007819090038537979,0.12826822916666666,0.527865469455719,0.9048421493568395,0.13228708222225755,1.0,0.0,0.444247159090909,0.5666370738636364,0.5702083333333333,0.0029296875,0.0027994791666666667,0.0127734375,0.8799096941947937,0.12190110236406326,0.5639610290527344,1.0,0.0,0.42640694975852966,0.0,0.47936689853668213,1.0,0.9530584812164307,0.046941518783569336
5,3400,0.19788017868995667,0.16438741981983185,0.14775371551513672,0.007645668927580118,0.16755208333333332,0.48139673471450806,0.8175212704362951,0.17101647637108072,1.0,0.0,0.6555397727272727,0.598330965909091,0.615390625,0.007395833333333333,0.0017317708333333334,0.017421875,0.8769364356994629,0.12174072861671448,0.5643837451934814,1.0,0.0,0.4292253255844116,0.0,0.4797261953353882,1.0,0.9533565640449524,0.04664343595504761
5,3410,0.20577967166900635,0.17772753536701202,0.18594171106815338,0.00945903267711401,0.17489583333333333,0.5468717813491821,0.9372801575395796,0.09203098797135885,1.0,0.0,0.45785984848484845,0.5686789772727272,0.640546875,0.006354166666666667,0.0015625,0.013072916666666667,0.8766113519668579,0.12208126485347748,0.5653984546661377,1.0,0.0,0.4359893798828125,0.0,0.4805887043476105,1.0,0.9535989761352539,0.046401023864746094
5,3420,0.20989789068698883,0.19753602147102356,0.14733508229255676,0.010837783105671406,0.16420572916666668,0.555906355381012,0.9186015451871432,0.04854275882244112,1.0,0.0,0.4892282196969697,0.5733842329545454,0.6539322916666667,0.01109375,0.008919270833333333,0.013763020833333334,0.877549946308136,0.12007364630699158,0.5669161081314087,1.0,0.0,0.44610726833343506,0.0,0.48187869787216187,1.0,0.9537368416786194,0.046263158321380615
5,3430,0.1888343244791031,0.17494633793830872,0.16153237223625183,0.009405752643942833,0.147109375,0.5009716749191284,0.8988481006866845,0.10221748848756156,1.0,0.0,0.5537405303030303,0.5830610795454545,0.6471744791666667,0.005598958333333333,0.014609375,0.015182291666666667,0.8817967772483826,0.12002532929182053,0.5684971809387207,1.0,0.0,0.45664796233177185,0.0,0.4832226037979126,1.0,0.9538857936859131,0.046114206314086914
5,3440,0.18554335832595825,0.16552506387233734,0.17080512642860413,0.007937949150800705,0.15567708333333333,0.4759034216403961,0.8692025565463652,0.1541528768801108,1.0,0.0,0.717684659090909,0.6076526988636364,0.6141276041666667,0.0162890625,0.0114453125,0.0187890625,0.8802404403686523,0.11769270896911621,0.5697231888771057,1.0,0.0,0.4648212194442749,0.0,0.4842647314071655,1.0,0.9543487429618835,0.045651257038116455
5,3450,0.18570180237293243,0.1867305189371109,0.17129218578338623,0.009867767803370953,0.13966145833333332,0.5393980741500854,0.9403111084200377,0.0700009596016672,1.0,0.0,0.5371685606060606,0.5805752840909091,0.6167838541666667,0.03490885416666667,0.005442708333333333,0.014817708333333334,0.8880469799041748,0.1137254610657692,0.5701205730438232,1.0,0.0,0.4674704968929291,0.0,0.48460251092910767,1.0,0.9544564485549927,0.045543551445007324
5,3460,0.1944880485534668,0.16209425032138824,0.13155972957611084,0.007482828106731176,0.11266927083333333,0.5124471187591553,0.7902927688385593,0.1634501704005247,1.0,0.0,0.4223484848484848,0.5633522727272727,0.7322135416666666,0.0515625,0.009661458333333333,0.012291666666666666,0.8793059587478638,0.1221407875418663,0.5709280371665955,1.0,0.0,0.47285354137420654,0.0,0.4852888584136963,1.0,0.9548214673995972,0.04517853260040283
5,3470,0.1654987335205078,0.14909401535987854,0.1759636551141739,0.007701392285525799,0.12967447916666666,0.5403422117233276,0.8300040116365351,0.2198818338234331,1.0,0.0,0.5590672348484848,0.5838600852272727,0.574296875,0.004479166666666667,0.006822916666666666,0.015299479166666666,0.8797174096107483,0.124141626060009,0.5719468593597412,1.0,0.0,0.4796457886695862,0.0,0.48615485429763794,1.0,0.9549401998519897,0.045059800148010254
5,3480,0.17908889055252075,0.19202275574207306,0.16528519988059998,0.010086453519761562,0.13924479166666667,0.5255267024040222,0.9293931080235376,0.07944397870037294,1.0,0.0,0.6596827651515151,0.5989524147727273,0.5051432291666667,0.022044270833333334,0.010690104166666667,0.017513020833333334,0.8820447325706482,0.12082383036613464,0.5736970901489258,1.0,0.0,0.4913138151168823,0.0,0.4876425266265869,1.0,0.9547438025474548,0.045256197452545166
5,3490,0.25875428318977356,0.19986030459403992,0.19749823212623596,0.011141200549900532,0.16127604166666668,0.5922862887382507,0.9756863209936354,0.048417814903789144,1.0,0.0,0.5004734848484848,0.5750710227272727,0.6210546875,0.0022005208333333334,0.007760416666666666,0.014010416666666666,0.893904983997345,0.11195475608110428,0.5746186971664429,1.0,0.0,0.4974578320980072,0.0,0.4884259104728699,1.0,0.9548913836479187,0.0451086163520813
5,3500,0.29060816764831543,0.20720160007476807,0.1421104520559311,0.010471107438206673,0.17069010416666666,0.575798749923706,0.9211917265561912,0.02937500000000001,1.0,0.0,0.4099195075757575,0.5614879261363637,0.6818619791666667,0.013841145833333334,0.0048177083333333336,0.012018229166666667,0.8930325508117676,0.1095445305109024,0.5739549398422241,1.0,0.0,0.4930329918861389,0.0,0.4878617227077484,1.0,0.9546489119529724,0.04535108804702759
5,3510,0.26910609006881714,0.19697125256061554,0.2282102108001709,0.008795563131570816,0.14626302083333334,0.5896281003952026,0.9751720232514508,0.04037588050856502,1.0,0.0,0.40281723484848475,0.5604225852272727,0.6955208333333334,0.001484375,0.00375,0.011861979166666667,0.8972499966621399,0.10461606085300446,0.5719637870788574,1.0,0.0,0.4797585606575012,0.0,0.4861692190170288,1.0,0.9549354910850525,0.04506450891494751
5,3520,0.23609425127506256,0.20203028619289398,0.17151200771331787,0.007952407002449036,0.12899739583333333,0.5764797329902649,0.9432522080181687,0.060493498400944035,1.0,0.0,0.4353693181818181,0.5653053977272727,0.6646875,0.0033984375,0.0022005208333333334,0.012578125,0.8889021873474121,0.11231552064418793,0.5716678500175476,1.0,0.0,0.4777856767177582,0.0,0.48591768741607666,1.0,0.954931378364563,0.04506862163543701
5,3530,0.2208113819360733,0.19165128469467163,0.18891726434230804,0.009025045670568943,0.13819010416666666,0.5239676833152771,0.968873315917121,0.04973029520776538,1.0,0.0,0.45963541666666663,0.5689453125,0.6739322916666667,0.0027604166666666667,0.0018619791666666667,0.013111979166666666,0.8919216394424438,0.1117173284292221,0.5710379481315613,1.0,0.0,0.4735863208770752,0.0,0.4853822588920593,1.0,0.9552631378173828,0.04473686218261719
5,3540,0.23911412060260773,0.1722896546125412,0.13995479047298431,0.007557328324764967,0.149609375,0.5202478170394897,0.8252574454470832,0.1389542004507449,1.0,0.0,0.4584517045454545,0.5687677556818181,0.7158854166666667,0.0007161458333333333,0.0022135416666666666,0.0130859375,0.8940432667732239,0.11058100312948227,0.5699218511581421,1.0,0.0,0.4661458730697632,0.0,0.4844335913658142,1.0,0.9555844664573669,0.04441553354263306
5,3550,0.19153045117855072,0.15383566915988922,0.19320078194141388,0.006983763538300991,0.11216145833333334,0.591488242149353,0.8361987171251437,0.2116383953770083,1.0,0.0,0.42116477272727265,0.5631747159090909,0.6665104166666667,0.00078125,0.0016145833333333333,0.012265625,0.8987895250320435,0.1055506095290184,0.5671612620353699,1.0,0.0,0.44774192571640015,0.0,0.48208707571029663,1.0,0.9564398527145386,0.043560147285461426
5,3560,0.21087132394313812,0.1578138768672943,0.158790722489357,0.006611817516386509,0.12709635416666668,0.6068028211593628,0.79993277500362,0.20973408273867963,1.0,0.0,0.4365530303030303,0.5654829545454545,0.6853515625,0.00048177083333333335,0.0010677083333333333,0.012604166666666666,0.8979598879814148,0.10545357316732407,0.5654871463775635,1.0,0.0,0.43658122420310974,0.0,0.48066407442092896,1.0,0.9564836025238037,0.04351639747619629
5,3570,0.20206740498542786,0.18557731807231903,0.21566005051136017,0.006735572125762701,0.15287760416666665,0.5729528069496155,0.888214193177296,0.14946914000936398,1.0,0.0,0.4655539772727272,0.5698330965909091,0.6229036458333334,0.002395833333333333,0.0022135416666666666,0.0132421875,0.9027771949768066,0.1014222502708435,0.5646628141403198,1.0,0.0,0.43108540773391724,0.0,0.47996339201927185,1.0,0.9566118121147156,0.043388187885284424
5,3580,0.21098162233829498,0.16830755770206451,0.14118856191635132,0.00770912878215313,0.16665364583333334,0.5316877961158752,0.8202485725896194,0.15069197027946551,1.0,0.0,0.5152698863636364,0.5772904829545454,0.6872395833333333,0.0013020833333333333,0.0010026041666666666,0.0143359375,0.9034783244132996,0.10045979917049408,0.56382155418396,1.0,0.0,0.42547687888145447,0.0,0.4792483448982239,1.0,0.9568479061126709,0.0431520938873291
5,3590,0.2650909423828125,0.21199364960193634,0.17778554558753967,0.009660322219133377,0.177265625,0.5805560350418091,0.9816799791246399,0.029144965277777782,1.0,0.0,0.44483901515151514,0.5667258522727273,0.6753776041666667,0.002395833333333333,0.0016276041666666667,0.012786458333333334,0.9033644199371338,0.10172544419765472,0.5631451606750488,1.0,0.0,0.4209674894809723,0.0,0.47867339849472046,1.0,0.9573388695716858,0.04266113042831421
5,3600,0.23829345405101776,0.18336303532123566,0.14733868837356567,0.008577702566981316,0.1374609375,0.6022295951843262,0.8865207200508728,0.08167219454639649,1.0,0.0,0.3513257575757575,0.5526988636363637,0.7087890625,0.005950520833333334,0.0022916666666666667,0.010729166666666666,0.8945720195770264,0.10786007344722748,0.5649206638336182,1.0,0.0,0.4328046143054962,0.0,0.48018258810043335,1.0,0.9573079347610474,0.04269206523895264
5,3610,0.2212335169315338,0.18360361456871033,0.15172167122364044,0.009629285894334316,0.16430989583333333,0.5782532691955566,0.9060877069346924,0.06751874135600199,1.0,0.0,0.3767755681818181,0.5565163352272727,0.6980208333333333,0.005690104166666667,0.0018489583333333333,0.0112890625,0.8943862915039062,0.10922389477491379,0.5648488998413086,1.0,0.0,0.43232548236846924,0.0,0.48012158274650574,1.0,0.9578300714492798,0.042169928550720215
5,3620,0.17895904183387756,0.1456451267004013,0.15862804651260376,0.006045494228601456,0.121640625,0.5684168338775635,0.7619770659068636,0.25371965510735345,1.0,0.0,0.41642992424242425,0.5624644886363637,0.7337890625,0.0009635416666666667,0.0025130208333333333,0.012161458333333333,0.8889169692993164,0.1143590658903122,0.5654237866401672,1.0,0.0,0.4361584484577179,0.0,0.4806102216243744,1.0,0.958204984664917,0.04179501533508301
5,3630,0.26194506883621216,0.21640606224536896,0.1994333118200302,0.01074167713522911,0.14147135416666667,0.5816141366958618,0.982009548611111,0.03598090277777778,1.0,0.0,0.40104166666666663,0.56015625,0.6830208333333333,0.009713541666666667,0.007239583333333333,0.011822916666666667,0.8878195285797119,0.11255481094121933,0.565592885017395,1.0,0.0,0.43728581070899963,0.0,0.48075395822525024,1.0,0.9585963487625122,0.04140365123748779
5,3640,0.27787455916404724,0.19208931922912598,0.18234354257583618,0.00800854992121458,0.13561197916666667,0.5887194275856018,0.9434034110734939,0.07835453291996548,1.0,0.0,0.39749053030303033,0.5596235795454545,0.719453125,0.0030338541666666665,0.006809895833333334,0.011744791666666667,0.879314661026001,0.11924924701452255,0.5662777423858643,1.0,0.0,0.44185155630111694,0.0,0.4813360869884491,1.0,0.9586063027381897,0.0413936972618103
5,3650,0.26316457986831665,0.1908406764268875,0.18368829786777496,0.009384002536535263,0.1441015625,0.6030774712562561,0.9688731931315528,0.04851462837722571,1.0,0.0,0.3312026515151515,0.5496803977272727,0.715234375,0.0033984375,0.0049869791666666665,0.010286458333333333,0.8841648101806641,0.11715875566005707,0.5665398836135864,1.0,0.0,0.4435989260673523,0.0,0.4815589189529419,1.0,0.9592302441596985,0.040769755840301514
5,3660,0.28367412090301514,0.19101865589618683,0.16408149898052216,0.008183921687304974,0.14098958333333333,0.6066970825195312,0.9228888559290798,0.06796313689996394,1.0,0.0,0.30279356060606055,0.5454190340909091,0.7336458333333333,0.002265625,0.005299479166666667,0.009661458333333333,0.8837339878082275,0.11456078290939331,0.5661804676055908,1.0,0.0,0.44120335578918457,0.0,0.48125341534614563,1.0,0.9594851732254028,0.04051482677459717
5,3670,0.24984507262706757,0.20024703443050385,0.15150877833366394,0.00719318725168705,0.13147135416666667,0.5954785943031311,0.8914553238205768,0.07879235174395852,1.0,0.0,0.306936553030303,0.5460404829545454,0.7074088541666667,0.0059244791666666664,0.0039453125,0.009752604166666666,0.8885727524757385,0.1058339923620224,0.5663876533508301,1.0,0.0,0.4425843358039856,0.0,0.4814295172691345,1.0,0.9602001905441284,0.03979980945587158
5,3680,0.1890202909708023,0.15282630920410156,0.18434640765190125,0.007268886547535658,0.14552083333333332,0.5467094779014587,0.844728944480298,0.19967040948357764,1.0,0.0,0.44128787878787873,0.5661931818181818,0.7287760416666667,0.002916666666666667,0.003880208333333333,0.012708333333333334,0.8884443044662476,0.10336674749851227,0.5670555830001831,1.0,0.0,0.44703733921051025,0.0,0.4819972515106201,1.0,0.9606377482414246,0.03936225175857544
5,3690,0.19081173837184906,0.17334967851638794,0.18077731132507324,0.010043731890618801,0.1591796875,0.517427384853363,0.9270010063383314,0.10602250509791905,1.0,0.0,0.5649857954545454,0.5847478693181818,0.6909895833333334,0.020794270833333333,0.009388020833333333,0.0154296875,0.8930506706237793,0.09881041198968887,0.5664341449737549,1.0,0.0,0.4428943693637848,0.0,0.4814690351486206,1.0,0.9612045288085938,0.03879547119140625
5,3700,0.1522129774093628,0.14719577133655548,0.13229629397392273,0.00946404691785574,0.1529296875,0.5296168923377991,0.7910450065135957,0.1772449466586113,1.0,0.0,0.7490530303030302,0.6123579545454545,0.6306901041666667,0.022330729166666667,0.011002604166666667,0.019479166666666665,0.8857682943344116,0.10415908694267273,0.5666497945785522,1.0,0.0,0.44433170557022095,0.0,0.4816523492336273,1.0,0.9617078304290771,0.03829216957092285
5,3710,0.21691639721393585,0.19215501844882965,0.1517450213432312,0.010003840550780296,0.13856770833333334,0.5249802470207214,0.9172925302819309,0.058015231655703686,1.0,0.0,0.3998579545454545,0.5599786931818181,0.6841927083333333,0.008580729166666667,0.010455729166666667,0.011796875,0.8911720514297485,0.10026994347572327,0.5676178932189941,1.0,0.0,0.4507857859134674,0.0,0.482475221157074,1.0,0.962273359298706,0.037726640701293945
5,3720,0.20809349417686462,0.15726274251937866,0.16310270130634308,0.008574489504098892,0.16190104166666666,0.5462707281112671,0.8603147024743777,0.14821446217414808,1.0,0.0,0.4833096590909091,0.5724964488636364,0.7181510416666667,0.0041015625,0.007421875,0.0136328125,0.8931600451469421,0.09780144691467285,0.5680321455001831,1.0,0.0,0.45354777574539185,0.0,0.4828273355960846,1.0,0.9627842903137207,0.0372157096862793
5,3730,0.2428210973739624,0.21887190639972687,0.1395283192396164,0.009435190819203854,0.14604166666666665,0.5038731694221497,0.9202073799952483,0.022604166666666668,1.0,0.0,0.4590435606060606,0.5688565340909091,0.7000520833333334,0.0586328125,0.0055859375,0.013098958333333334,0.9044650197029114,0.08577845990657806,0.5703868865966797,1.0,0.0,0.4692460298538208,0.0,0.4848288595676422,1.0,0.9633818864822388,0.03661811351776123
5,3740,0.22265085577964783,0.15965726971626282,0.14551827311515808,0.006759118288755417,0.13946614583333333,0.48786500096321106,0.7902710547492184,0.19031354285433366,1.0,0.0,0.5555160984848484,0.5833274147727272,0.7544140625,0.0092578125,0.00390625,0.015221354166666666,0.8968027830123901,0.09029452502727509,0.5746651887893677,1.0,0.0,0.4977678656578064,0.0,0.48846542835235596,1.0,0.9638206958770752,0.036179304122924805
5,3750,0.23914581537246704,0.18902789056301117,0.19037948548793793,0.0075210826471447945,0.15337239583333334,0.5206391215324402,0.9271101495724545,0.09505393949930425,1.0,0.0,0.4951467803030303,0.5742720170454545,0.7282291666666667,0.0025911458333333333,0.0033333333333333335,0.013893229166666667,0.8959618806838989,0.08767819404602051,0.5771383047103882,1.0,0.0,0.5142552852630615,0.0,0.49056756496429443,1.0,0.9645510315895081,0.03544896841049194
5,3760,0.24190759658813477,0.17343096435070038,0.15182778239250183,0.006694933399558067,0.1603125,0.5071718096733093,0.827151645656884,0.1570809543128744,1.0,0.0,0.3708570075757575,0.5556285511363637,0.752890625,0.013606770833333334,0.0026432291666666666,0.011158854166666666,0.8929440379142761,0.08937377482652664,0.580114483833313,1.0,0.0,0.5340965986251831,0.0,0.49309733510017395,1.0,0.9655145406723022,0.034485459327697754
5,3770,0.2432631403207779,0.20238713920116425,0.1296437829732895,0.010200071148574352,0.17786458333333333,0.5005398392677307,0.901546109486849,0.02647135416666667,1.0,0.0,0.4655539772727272,0.5698330965909091,0.710390625,0.031640625,0.0021875,0.0132421875,0.891976535320282,0.0889723151922226,0.5823043584823608,1.0,0.0,0.5486956834793091,0.0,0.4949587285518646,1.0,0.9664640426635742,0.03353595733642578
5,3780,0.21836614608764648,0.16314545273780823,0.15753716230392456,0.018723059445619583,0.23192708333333334,0.5364422798156738,0.8855164557848222,0.09765720148881278,1.0,0.0,0.5590672348484848,0.5838600852272727,0.788984375,0.0369921875,0.002955729166666667,0.015299479166666666,0.8869895935058594,0.09243375062942505,0.583107590675354,1.0,0.0,0.5540505647659302,0.0,0.49564146995544434,1.0,0.9671059250831604,0.0328940749168396
5,3790,0.2322981208562851,0.17806066572666168,0.15691989660263062,0.0158140417188406,0.20053385416666666,0.5309016108512878,0.9169823997958093,0.05500892596112359,1.0,0.0,0.4282670454545454,0.5642400568181818,0.7993098958333333,0.027291666666666665,0.0049609375,0.012421875,0.894383430480957,0.08292563259601593,0.58292156457901,1.0,0.0,0.5528104901313782,0.0,0.4954833388328552,1.0,0.9679777026176453,0.032022297382354736
5,3800,0.24171656370162964,0.1616622656583786,0.14783918857574463,0.0075035723857581615,0.17466145833333332,0.49161478877067566,0.8287504848095589,0.14146712897118272,1.0,0.0,0.47502367424242425,0.5712535511363637,0.8255598958333333,0.0173046875,0.0032161458333333334,0.013450520833333333,0.8972643613815308,0.07854383438825607,0.5814419388771057,1.0,0.0,0.5429462194442749,0.0,0.4942256510257721,1.0,0.9686920046806335,0.031307995319366455
5,3810,0.28220218420028687,0.20129695534706116,0.18513669073581696,0.02539767138659954,0.20822916666666666,0.4999157786369324,0.9999999999999999,0.0,1.0,0.0,0.4868607954545454,0.5730291193181818,0.8042447916666666,0.031510416666666666,0.00484375,0.0137109375,0.9072146415710449,0.07010360062122345,0.5786898136138916,1.0,0.0,0.5245986580848694,0.0,0.49188634753227234,1.0,0.9694787859916687,0.0305212140083313
5,3820,0.2948361933231354,0.19372788071632385,0.1565876603126526,0.022762399166822433,0.2157421875,0.5087424516677856,0.9478348788848289,0.015680298209190396,1.0,0.0,0.43477746212121215,0.5652166193181818,0.8171354166666667,0.034166666666666665,0.0031510416666666666,0.012565104166666667,0.9111530780792236,0.06734097003936768,0.578393816947937,1.0,0.0,0.5226258039474487,0.0,0.4916347563266754,1.0,0.9702682495117188,0.02973175048828125
5,3830,0.27156734466552734,0.20477554202079773,0.20478308200836182,0.02695494331419468,0.221953125,0.476089745759964,0.9993815104166666,0.0012369791666666705,1.0,0.0,0.7460937499999999,0.6119140625,0.7876953125,0.071953125,0.0113671875,0.0194140625,0.9178047180175781,0.06028313562273979,0.5772947072982788,1.0,0.0,0.515298068523407,0.0,0.49070051312446594,1.0,0.9715688228607178,0.028431177139282227
5,3840,0.20830470323562622,0.14877167344093323,0.1356419175863266,0.01989777199923992,0.20619791666666668,0.4766635000705719,0.8211021248805217,0.13081821223100026,1.0,0.0,1.0,0.65,0.8110546875,0.039140625,0.016354166666666666,0.0332421875,0.9187197089195251,0.06281256675720215,0.5762166976928711,1.0,0.0,0.5081112384796143,0.0,0.48978421092033386,1.0,0.9724059700965881,0.027594029903411865
5,3850,0.23404739797115326,0.1906353235244751,0.14718908071517944,0.010756206698715687,0.18303385416666668,0.5041273832321167,0.9257444759515615,0.02341169118881227,1.0,0.0,0.7437263257575758,0.6115589488636364,0.800859375,0.10102864583333333,0.0089453125,0.019361979166666668,0.9248591065406799,0.05383426323533058,0.5745383501052856,1.0,0.0,0.4969223737716675,0.0,0.4883576035499573,1.0,0.9733376502990723,0.026662349700927734
5,3860,0.22307582199573517,0.1716407835483551,0.16377878189086914,0.008679011836647987,0.15608072916666665,0.4680822789669037,0.9054996473586804,0.08412176562155162,1.0,0.0,0.7478693181818182,0.6121803977272727,0.7953125,0.05653645833333333,0.004973958333333334,0.019453125,0.9241410493850708,0.05300453305244446,0.5732828378677368,1.0,0.0,0.4885518252849579,0.0,0.4872904121875763,1.0,0.9742569327354431,0.025743067264556885
5,3870,0.25258228182792664,0.17719046771526337,0.1501261293888092,0.009727846831083298,0.160625,0.4887734055519104,0.9025708141184261,0.05953251126739717,1.0,0.0,0.609375,0.59140625,0.800625,0.022682291666666667,0.005885416666666666,0.01640625,0.9323719143867493,0.045524489134550095,0.5728558301925659,1.0,0.0,0.48570528626441956,0.0,0.48692747950553894,1.0,0.9751787185668945,0.02482128143310547
5,3880,0.2522840201854706,0.14120465517044067,0.12579891085624695,0.00885259173810482,0.17852864583333333,0.4847172498703003,0.7867295344445092,0.15148251639997085,1.0,0.0,0.41938920454545453,0.5629083806818181,0.8374348958333333,0.0092578125,0.0053125,0.0122265625,0.9370601773262024,0.04426395148038864,0.571143627166748,1.0,0.0,0.4742909073829651,0.0,0.48547208309173584,1.0,0.9760487079620361,0.023951292037963867
5,3890,0.31068649888038635,0.20371681451797485,0.19734762609004974,0.01188705489039421,0.2086328125,0.5885388851165771,0.9999999999999999,0.0,1.0,0.0,0.4152462121212121,0.5622869318181818,0.7929427083333334,0.030130208333333332,0.0036197916666666666,0.012135416666666666,0.942511796951294,0.03961360454559326,0.5689960718154907,1.0,0.0,0.45997363328933716,0.0,0.4836466610431671,1.0,0.9772679209709167,0.022732079029083252
5,3900,0.32846376299858093,0.19439813494682312,0.17923426628112793,0.012308147735893726,0.22858072916666666,0.5715416669845581,0.9875004128309396,0.014004662632942215,1.0,0.0,0.3578361742424242,0.5536754261363637,0.8109505208333333,0.004322916666666667,0.002734375,0.010872395833333333,0.946465015411377,0.03699413314461708,0.5678631067276001,1.0,0.0,0.4524204134941101,0.0,0.4826836585998535,1.0,0.9781538248062134,0.02184617519378662
5,3910,0.3695201277732849,0.2391381561756134,0.2139105349779129,0.014010542072355747,0.2230078125,0.6352598071098328,0.9999999999999999,0.0,1.0,0.0,0.3637547348484848,0.5545632102272727,0.7316536458333334,0.0144921875,0.0020963541666666665,0.011002604166666667,0.9540549516677856,0.03025760129094124,0.5665737390518188,1.0,0.0,0.4438244104385376,0.0,0.481587678194046,1.0,0.9794284105300903,0.020571589469909668
5,3920,0.3697488307952881,0.23618343472480774,0.2204868644475937,0.014161955565214157,0.2189453125,0.6401943564414978,0.9999999999999999,0.0,1.0,0.0,0.3584280303030302,0.5537642045454545,0.7547005208333334,0.0222265625,0.0019010416666666668,0.010885416666666667,0.9522261619567871,0.03254615142941475,0.5652884840965271,1.0,0.0,0.43525660037994385,0.0,0.4804952144622803,1.0,0.980205774307251,0.019794225692749023
5,3930,0.3317195177078247,0.2189311385154724,0.21066515147686005,0.017908919602632523,0.20796875,0.558362603187561,0.9999999999999999,0.0,1.0,0.0,0.3294270833333333,0.5494140625,0.7918880208333333,0.07875,0.002903645833333333,0.010247395833333334,0.9547102451324463,0.03179946914315224,0.5642696619033813,1.0,0.0,0.4284643232822418,0.0,0.4796292185783386,1.0,0.9812687039375305,0.018731296062469482
5,3940,0.2758255898952484,0.16971109807491302,0.1898731291294098,0.012622342444956303,0.21723958333333335,0.5313718914985657,0.939422196149826,0.07572225481271744,1.0,0.0,0.30812026515151514,0.5462180397727273,0.82734375,0.0396875,0.0017317708333333334,0.009778645833333334,0.9547396898269653,0.03174056485295296,0.5613864660263062,1.0,0.0,0.409243106842041,0.0,0.47717851400375366,1.0,0.9819175004959106,0.018082499504089355
5,3950,0.28111135959625244,0.1992923468351364,0.1330898255109787,0.010133843868970871,0.19052083333333333,0.5761152505874634,0.9191982445350059,0.0017691329121590103,1.0,0.0,0.3205492424242424,0.5480823863636364,0.7944921875,0.033919270833333334,0.0020572916666666665,0.010052083333333333,0.9626613259315491,0.025511126965284348,0.5565924644470215,1.0,0.0,0.37728288769721985,0.0,0.4731036126613617,1.0,0.9828500747680664,0.017149925231933594
5,3960,0.3153538703918457,0.18311920762062073,0.16639038920402527,0.007837974466383457,0.16165364583333333,0.6152489185333252,0.9120304713975532,0.07762958868065986,1.0,0.0,0.31936553030303033,0.5479048295454545,0.809921875,0.0056640625,0.001328125,0.010026041666666667,0.9661973118782043,0.02439628541469574,0.5533202886581421,1.0,0.0,0.35546875,0.0,0.47032225131988525,1.0,0.9834794998168945,0.01652050018310547
5,3970,0.3435612618923187,0.23232263326644897,0.23423343896865845,0.009741000831127167,0.16833333333333333,0.6762176752090454,0.9999999999999999,0.0,1.0,0.0,0.3110795454545454,0.5466619318181818,0.7495703125,0.03921875,0.0012630208333333332,0.00984375,0.9703553318977356,0.02039048820734024,0.5499256253242493,1.0,0.0,0.33283731341362,0.0,0.4674367904663086,1.0,0.9842164516448975,0.01578354835510254
5,3980,0.33674490451812744,0.22885140776634216,0.2600972354412079,0.013439970090985298,0.2096875,0.6414853930473328,0.9999999999999999,0.0,1.0,0.0,0.2258522727272727,0.533877840909091,0.8064322916666666,0.0387109375,0.0032682291666666667,0.00796875,0.9747206568717957,0.01810392737388611,0.5475708246231079,1.0,0.0,0.31713902950286865,0.0,0.4654352068901062,1.0,0.9848433136940002,0.015156686305999756
5,3990,0.2998115122318268,0.2252766340970993,0.19504018127918243,0.012614491395652294,0.199140625,0.5932461619377136,0.9999999999999999,0.0,1.0,0.0,0.258404356060606,0.5387606534090909,0.7888932291666667,0.10583333333333333,0.006419270833333333,0.008684895833333333,0.9847446084022522,0.0111539913341403,0.5469028949737549,1.0,0.0,0.312686026096344,0.0,0.4648674726486206,1.0,0.9857139587402344,0.014286041259765625
5,4000,0.27154460549354553,0.20890314877033234,0.2044043391942978,0.012937578372657299,0.20438802083333332,0.6052975654602051,0.9999999999999999,0.0,1.0,0.0,0.26964962121212116,0.5404474431818181,0.8076041666666667,0.055924479166666666,0.010638020833333333,0.008932291666666667,0.9844878315925598,0.011667589657008648,0.5466450452804565,1.0,0.0,0.310966819524765,0.0,0.4646483063697815,1.0,0.9863039255142212,0.013696074485778809
5,4010,0.2770562171936035,0.21160998940467834,0.1729915589094162,0.013967498205602169,0.20139322916666666,0.5691554546356201,0.9881395612313196,0.0,1.0,0.0,0.29450757575757575,0.5441761363636364,0.7842838541666667,0.09401041666666667,0.006419270833333333,0.009479166666666667,0.9849586486816406,0.011249544098973274,0.5467211008071899,1.0,0.0,0.31147414445877075,0.0,0.4647129476070404,1.0,0.9870592951774597,0.012940704822540283
5,4020,0.26107990741729736,0.18083347380161285,0.19572772085666656,0.013635952956974506,0.20447916666666666,0.5483872294425964,0.9615953330198924,0.04805954466263454,1.0,0.0,0.306936553030303,0.5460404829545454,0.7978125,0.015859375,0.0087890625,0.009752604166666666,0.9847948551177979,0.011577132157981396,0.5462349653244019,1.0,0.0,0.30823302268981934,0.0,0.464299738407135,1.0,0.98744136095047,0.01255863904953003
5,4030,0.34267011284828186,0.2420637309551239,0.18525336682796478,0.017849141731858253,0.2032421875,0.5363367795944214,0.9999999999999999,0.0,1.0,0.0,0.29214015151515155,0.5438210227272727,0.7556119791666667,0.1019140625,0.0069140625,0.009427083333333334,0.9847728610038757,0.011621154844760895,0.5460024476051331,1.0,0.0,0.30668291449546814,0.0,0.4641020894050598,1.0,0.9877364039421082,0.012263596057891846
5,4040,0.30676642060279846,0.21663284301757812,0.21958540380001068,0.0128196245059371,0.2053515625,0.5627252459526062,0.9999999999999999,0.0,1.0,0.0,0.34244791666666663,0.5513671875,0.7738541666666666,0.040963541666666665,0.007356770833333333,0.010533854166666667,0.9847544431686401,0.011657943949103355,0.545753002166748,1.0,0.0,0.3050200939178467,0.0,0.46389007568359375,1.0,0.9879040122032166,0.012095987796783447
5,4050,0.3301410377025604,0.22896818816661835,0.17258809506893158,0.016968563199043274,0.2251953125,0.5483294129371643,0.9874567762704997,0.0,1.0,0.0,0.32883522727272724,0.5493252840909091,0.7575130208333334,0.063671875,0.004752604166666666,0.010234375,0.9876390695571899,0.008052121847867966,0.5454782247543335,1.0,0.0,0.30318814516067505,0.0,0.4636565148830414,1.0,0.9880639314651489,0.011936068534851074
5,4060,0.3319365978240967,0.23090443015098572,0.1972428262233734,0.021490195766091347,0.24884114583333333,0.5334196090698242,0.9999999999999999,0.0,1.0,0.0,0.2856297348484848,0.5428444602272727,0.7375,0.021953125,0.004114583333333333,0.009283854166666666,0.9913535118103027,0.008234494365751743,0.5454823970794678,1.0,0.0,0.3032163083553314,0.0,0.4636600613594055,1.0,0.9879307746887207,0.012069225311279297
5,4070,0.3286471664905548,0.2245614379644394,0.17575611174106598,0.01966768130660057,0.23677083333333335,0.5599048137664795,0.9928180352541117,0.0,1.0,0.0,0.2726089015151515,0.5408913352272727,0.7653645833333333,0.05859375,0.0030208333333333333,0.008997395833333333,0.9916262030601501,0.0063568102195858955,0.5457192063331604,1.0,0.0,0.3047946095466614,0.0,0.463861346244812,1.0,0.9878467321395874,0.012153267860412598
5,4080,0.33447790145874023,0.25610870122909546,0.22239790856838226,0.02545766532421112,0.23200520833333332,0.5481529831886292,0.9942426215277778,0.011514756944444447,1.0,0.0,0.2797111742424242,0.5419566761363637,0.7037760416666666,0.166328125,0.003359375,0.009153645833333333,0.9915268421173096,0.00655542965978384,0.5453344583511353,1.0,0.0,0.3022298812866211,0.0,0.46353429555892944,1.0,0.9875978231430054,0.012402176856994629
5,4090,0.3542637526988983,0.2638513445854187,0.21743705868721008,0.036388929933309555,0.24740885416666666,0.537702739238739,0.9972330729166665,0.005533854166666668,1.0,0.0,0.32587594696969696,0.5488813920454545,0.7049609375,0.28274739583333336,0.0023828125,0.010169270833333334,0.9900000095367432,0.008303865790367126,0.5453133583068848,1.0,0.0,0.30208897590637207,0.0,0.46351635456085205,1.0,0.9876822829246521,0.0123177170753479
5,4100,0.3462201952934265,0.25187167525291443,0.24402792751789093,0.029506200924515724,0.24930989583333332,0.5890951752662659,0.994607204861111,0.010785590277777778,1.0,0.0,0.37914299242424243,0.5568714488636364,0.710078125,0.15369791666666666,0.0020442708333333333,0.011341145833333333,0.9877280592918396,0.009254224598407745,0.5453387498855591,1.0,0.0,0.30225807428359985,0.0,0.46353796124458313,1.0,0.9872380495071411,0.012761950492858887
5,4110,0.36313551664352417,0.2596074342727661,0.22283948957920074,0.039358124136924744,0.27100260416666666,0.5726103782653809,0.9973871527777777,0.005225694444444448,1.0,0.0,0.36848958333333326,0.5552734375,0.7054166666666667,0.19510416666666666,0.0015755208333333333,0.011106770833333333,0.983949601650238,0.009254224598407745,0.545271098613739,1.0,0.0,0.30180713534355164,0.0,0.4634804427623749,1.0,0.9867571592330933,0.013242840766906738
5,4120,0.3455429673194885,0.24606002867221832,0.26125583052635193,0.03225741162896156,0.2554427083333333,0.5666654706001282,0.996560329861111,0.006879340277777777,1.0,0.0,0.2956912878787878,0.5443536931818181,0.7313411458333333,0.14912760416666668,0.0007942708333333334,0.009505208333333333,0.982302188873291,0.009388566017150879,0.5452330112457275,1.0,0.0,0.30155348777770996,0.0,0.46344807744026184,1.0,0.9861143827438354,0.01388561725616455
5,4130,0.35254862904548645,0.24284571409225464,0.21338889002799988,0.026795143261551857,0.238046875,0.5518051385879517,0.9995377604166666,0.000924479166666668,1.0,0.0,0.32587594696969696,0.5488813920454545,0.743359375,0.1481640625,0.0018229166666666667,0.010169270833333334,0.9806677103042603,0.007100015878677368,0.5452245473861694,1.0,0.0,0.30149710178375244,0.0,0.463440865278244,1.0,0.9855117201805115,0.014488279819488525
5,4140,0.334565669298172,0.2340003252029419,0.21753238141536713,0.0330602265894413,0.25234375,0.548969030380249,0.9996137152777778,0.0007725694444444451,1.0,0.0,0.29450757575757575,0.5441761363636364,0.7486979166666666,0.12592447916666666,0.0009505208333333334,0.009479166666666667,0.979826033115387,0.008152053691446781,0.5458544492721558,1.0,0.0,0.3056964874267578,0.0,0.46397629380226135,1.0,0.9845428466796875,0.0154571533203125
5,4150,0.3366681933403015,0.21200330555438995,0.21013304591178894,0.02790324203670025,0.2608463541666667,0.5582939386367798,0.9999999999999999,0.0,1.0,0.0,0.26964962121212116,0.5404474431818181,0.7822265625,0.03893229166666667,0.0013671875,0.008932291666666667,0.9737100601196289,0.013221055269241333,0.5464505553245544,1.0,0.0,0.3096703886985779,0.0,0.46448299288749695,1.0,0.9834268093109131,0.016573190689086914
5,4160,0.2684362232685089,0.2030973583459854,0.18074452877044678,0.014872454106807709,0.1932421875,0.5278055667877197,0.9972005208333332,0.0055989583333333395,1.0,0.0,0.32114109848484845,0.5481711647727273,0.7781770833333334,0.06279947916666667,0.002265625,0.010065104166666667,0.9700632691383362,0.014857903122901917,0.5464759469032288,1.0,0.0,0.30983948707580566,0.0,0.46450456976890564,1.0,0.9820968508720398,0.017903149127960205
5,4170,0.2391451746225357,0.18478494882583618,0.14943106472492218,0.01217721588909626,0.15014322916666667,0.49068954586982727,0.9177575582011133,0.03819821821318736,1.0,0.0,0.35250946969696967,0.5528764204545454,0.8025260416666666,0.0346484375,0.007942708333333333,0.010755208333333334,0.9693901538848877,0.014857903122901917,0.5465520024299622,1.0,0.0,0.310346782207489,0.0,0.46456921100616455,1.0,0.9812191128730774,0.018780887126922607
5,4180,0.31304723024368286,0.21756504476070404,0.21066570281982422,0.010314117185771465,0.20006510416666667,0.5690045952796936,0.9979144965277778,0.004171006944444444,1.0,0.0,0.2572206439393939,0.5385830965909091,0.7623046875,0.017486979166666666,0.0060416666666666665,0.008658854166666667,0.966010332107544,0.0170233603566885,0.5472072958946228,1.0,0.0,0.3147152364253998,0.0,0.4651262164115906,1.0,0.9803839921951294,0.019616007804870605
5,4190,0.3005202114582062,0.18561695516109467,0.1782754510641098,0.011342099867761135,0.22829427083333334,0.5523862838745117,0.9679356685866658,0.03671716070837446,1.0,0.0,0.2228929924242424,0.5334339488636364,0.8001822916666667,0.0077083333333333335,0.005247395833333333,0.007903645833333334,0.9631571173667908,0.019548287615180016,0.54776531457901,1.0,0.0,0.3184354901313782,0.0,0.46560052037239075,1.0,0.9795417785644531,0.020458221435546875
5,4200,0.27007409930229187,0.19201698899269104,0.1612410545349121,0.0100552411749959,0.1721484375,0.5192959308624268,0.9522880702752333,0.019957527518272414,1.0,0.0,0.2619554924242424,0.5392933238636364,0.79171875,0.0121484375,0.003125,0.008763020833333333,0.9615461826324463,0.019707059487700462,0.5474989414215088,1.0,0.0,0.31665992736816406,0.0,0.4653741121292114,1.0,0.9785271883010864,0.021472811698913574
5,4210,0.2856520414352417,0.20203733444213867,0.13311327993869781,0.01048962865024805,0.16171875,0.548457682132721,0.920653242973181,0.0,1.0,0.0,0.2601799242424242,0.5390269886363637,0.7856380208333333,0.03790364583333333,0.002421875,0.008723958333333334,0.9572664499282837,0.020736176520586014,0.5466281175613403,1.0,0.0,0.31085407733917236,0.0,0.46463391184806824,1.0,0.9776159524917603,0.022384047508239746
5,4220,0.26311951875686646,0.20232677459716797,0.15338198840618134,0.01286837924271822,0.17044270833333333,0.5403370261192322,0.9535435439480675,0.002821180555555562,1.0,0.0,0.28918087121212116,0.5433771306818181,0.782109375,0.04177083333333333,0.0036328125,0.009361979166666666,0.9515159726142883,0.024212699383497238,0.5457149744033813,1.0,0.0,0.3047664165496826,0.0,0.4638577401638031,1.0,0.9765841960906982,0.023415803909301758
5,4230,0.2551882266998291,0.21043835580348969,0.1370236873626709,0.009845037013292313,0.15434895833333334,0.5477893948554993,0.9272708555368278,0.0,1.0,0.0,0.30575284090909094,0.5458629261363637,0.8015364583333333,0.08236979166666666,0.005690104166666667,0.0097265625,0.9437038898468018,0.027744468301534653,0.5454951524734497,1.0,0.0,0.3033008575439453,0.0,0.46367087960243225,1.0,0.975692629814148,0.02430737018585205
5,4240,0.24008585512638092,0.19116288423538208,0.19011889398097992,0.011080262251198292,0.17240885416666665,0.5296764969825745,0.9823257684707641,0.02209278941154484,1.0,0.0,0.3803267045454546,0.5570490056818181,0.815390625,0.04639322916666667,0.0078515625,0.0113671875,0.935329794883728,0.035389792174100876,0.5448060035705566,1.0,0.0,0.29870694875717163,0.0,0.4630851149559021,1.0,0.9744703769683838,0.02552962303161621
5,4250,0.21144108474254608,0.15742039680480957,0.1544276773929596,0.009103761054575443,0.16244791666666666,0.5386283993721008,0.8715645553515506,0.10644900798797609,1.0,0.0,0.4258996212121211,0.5638849431818181,0.8243489583333333,0.0132421875,0.009973958333333333,0.012369791666666666,0.919620931148529,0.04752207547426224,0.5442733764648438,1.0,0.0,0.2951558232307434,0.0,0.4626323878765106,1.0,0.9736650586128235,0.026334941387176514
5,4260,0.25323644280433655,0.1862504631280899,0.14358390867710114,0.0114640137180686,0.18477864583333334,0.5933542847633362,0.9108736947866586,0.034373842179775266,1.0,0.0,0.33238636363636365,0.5498579545454545,0.8215625,0.060494791666666665,0.0084765625,0.0103125,0.9058572053909302,0.06093975156545639,0.543922483921051,1.0,0.0,0.2928165793418884,0.0,0.46233412623405457,1.0,0.9728894829750061,0.027110517024993896
5,4270,0.260719895362854,0.20740990340709686,0.17164722084999084,0.011988746002316475,0.17444010416666667,0.5515219569206238,0.9858645275922923,0.0,1.0,0.0,0.29628314393939387,0.5444424715909091,0.7917057291666667,0.13423177083333335,0.011145833333333334,0.009518229166666666,0.8968750834465027,0.06572842597961426,0.5431699752807617,1.0,0.0,0.2877998650074005,0.0,0.46169447898864746,1.0,0.9721425771713257,0.027857422828674316
5,4280,0.25350821018218994,0.188312366604805,0.1560303270816803,0.008474363945424557,0.17489583333333333,0.5325160622596741,0.9218432232542152,0.04547460767897326,1.0,0.0,0.36434659090909083,0.5546519886363637,0.8007291666666667,0.03334635416666667,0.009322916666666667,0.011015625,0.8946208953857422,0.06882515549659729,0.542282223701477,1.0,0.0,0.28188130259513855,0.0,0.4609399139881134,1.0,0.9714131355285645,0.028586864471435547
5,4290,0.2382616102695465,0.17467950284481049,0.17148138582706451,0.00968596339225769,0.18291666666666667,0.5298779606819153,0.9343243998136275,0.06453822205464047,1.0,0.0,0.3578361742424242,0.5536754261363637,0.8102083333333333,0.06669270833333334,0.009309895833333333,0.010872395833333333,0.8875038027763367,0.07169125229120255,0.542151153087616,1.0,0.0,0.28100764751434326,0.0,0.4608284831047058,1.0,0.970710039138794,0.029289960861206055
5,4300,0.2795250713825226,0.19680000841617584,0.16241303086280823,0.010640168562531471,0.1771484375,0.6185500025749207,0.9634034258993263,0.008868034515115999,1.0,0.0,0.28858901515151514,0.5432883522727273,0.7981640625,0.009296875,0.007890625,0.009348958333333334,0.8834132552146912,0.0740073174238205,0.5429121255874634,1.0,0.0,0.2860806882381439,0.0,0.46147531270980835,1.0,0.9700221419334412,0.029977858066558838
5,4310,0.2864084243774414,0.18760450184345245,0.13908782601356506,0.008953806944191456,0.15571614583333335,0.6040822267532349,0.904733691053084,0.03239707026358059,1.0,0.0,0.2572206439393939,0.5385830965909091,0.796875,0.066953125,0.007356770833333333,0.008658854166666667,0.882831335067749,0.0750679150223732,0.5428360104560852,1.0,0.0,0.2855733633041382,0.0,0.46141061186790466,1.0,0.9693299531936646,0.03067004680633545
5,4320,0.25980836153030396,0.17449693381786346,0.14463777840137482,0.008543727919459343,0.15565104166666666,0.5855482220649719,0.8766265438884429,0.0782326357292774,1.0,0.0,0.24064867424242425,0.5360973011363637,0.8036328125,0.020182291666666668,0.0067317708333333335,0.008294270833333334,0.8810782432556152,0.08080585300922394,0.5424893498420715,1.0,0.0,0.28326231241226196,0.0,0.4611159563064575,1.0,0.9685955047607422,0.03140449523925781
5,4330,0.268595814704895,0.18574172258377075,0.12129122763872147,0.007539183367043734,0.14283854166666668,0.5696719288825989,0.8325056390837223,0.08104650128652975,1.0,0.0,0.26491477272727265,0.5397372159090909,0.8036848958333334,0.030768229166666668,0.005859375,0.008828125,0.8744560480117798,0.08521153032779694,0.5420412421226501,1.0,0.0,0.2802748680114746,0.0,0.4607350826263428,1.0,0.9678729176521301,0.03212708234786987
5,4340,0.24766051769256592,0.15989556908607483,0.15503986179828644,0.006992140784859657,0.15229166666666666,0.5848163366317749,0.8236815107153906,0.16147629725860385,1.0,0.0,0.2294034090909091,0.5344105113636364,0.817578125,0.011940104166666667,0.0057161458333333335,0.008046875,0.8659402132034302,0.09540895372629166,0.5416142344474792,1.0,0.0,0.2774282991886139,0.0,0.46037212014198303,1.0,0.9671756029129028,0.03282439708709717
5,4350,0.2562190890312195,0.1382971853017807,0.11043336987495422,0.005677575245499611,0.11157552083333333,0.5724490880966187,0.6697280021942803,0.25555047438275524,1.0,0.0,0.21993371212121213,0.5329900568181818,0.8264713541666666,0.03467447916666667,0.004544270833333333,0.007838541666666667,0.8665634393692017,0.09436415135860443,0.5407307147979736,1.0,0.0,0.2715379297733307,0.0,0.4596211314201355,1.0,0.966516375541687,0.03348362445831299
5,4360,0.24649029970169067,0.13428999483585358,0.1479603797197342,0.005146123468875885,0.08993489583333333,0.6353564262390137,0.7109624063923926,0.2817712486153695,1.0,0.0,0.22052556818181812,0.5330788352272727,0.8302604166666666,0.0049609375,0.0030338541666666665,0.0078515625,0.8719591498374939,0.09009204059839249,0.5393863916397095,1.0,0.0,0.26257553696632385,0.0,0.4584784507751465,1.0,0.9658542275428772,0.0341457724571228
5,4370,0.27041757106781006,0.16886019706726074,0.11840862780809402,0.008071375079452991,0.1501953125,0.5957462787628174,0.8085745140577459,0.1061612427143789,1.0,0.0,0.2157907196969697,0.5323686079545454,0.8011979166666666,0.015533854166666666,0.0024088541666666668,0.0077473958333333336,0.8726327419281006,0.0884551852941513,0.538561999797821,1.0,0.0,0.25707975029945374,0.0,0.4577777087688446,1.0,0.9651622772216797,0.03483772277832031
5,4380,0.27276793122291565,0.17702974379062653,0.15439468622207642,0.007497641257941723,0.1485546875,0.6226674318313599,0.8704202323483817,0.10322926070813726,1.0,0.0,0.22821969696969693,0.5342329545454545,0.8001302083333334,0.00484375,0.0025390625,0.008020833333333333,0.8682962656021118,0.09115450084209442,0.5380250215530396,1.0,0.0,0.25350040197372437,0.0,0.45732128620147705,1.0,0.9644556045532227,0.035544395446777344
5,4390,0.27029865980148315,0.19014182686805725,0.12275277823209763,0.007697388529777527,0.15033854166666666,0.5942170023918152,0.8484556273593241,0.06435919716590789,1.0,0.0,0.23887310606060602,0.5358309659090909,0.7937890625,0.04970052083333333,0.0012239583333333334,0.008255208333333333,0.865779459476471,0.09107257425785065,0.5370104908943176,1.0,0.0,0.2467363476753235,0.0,0.4564589262008667,1.0,0.9637979865074158,0.03620201349258423
5,4400,0.24331341683864594,0.1726192981004715,0.15144172310829163,0.008445590734481812,0.17307291666666666,0.5264226794242859,0.8820348096095151,0.0853544762585221,1.0,0.0,0.3294270833333333,0.5494140625,0.8006640625,0.00328125,0.0015494791666666667,0.010247395833333334,0.8655619025230408,0.08815206587314606,0.5361396074295044,1.0,0.0,0.24093051254749298,0.0,0.45571866631507874,1.0,0.9632045030593872,0.03679549694061279
5,4410,0.278929740190506,0.20036174356937408,0.16653716564178467,0.007615990471094847,0.16326822916666667,0.6087042093276978,0.9400674177735908,0.042230134688842735,1.0,0.0,0.25130208333333326,0.5376953125,0.7870052083333333,0.039427083333333335,0.0012109375,0.008528645833333333,0.8654855489730835,0.08777586370706558,0.5357464551925659,1.0,0.0,0.23830942809581757,0.0,0.4553844928741455,1.0,0.9626303911209106,0.037369608879089355
5,4420,0.27694544196128845,0.16957533359527588,0.17042110860347748,0.007542535662651062,0.15326822916666666,0.6263357400894165,0.8838375338626846,0.1204965543456194,1.0,0.0,0.21164772727272724,0.5317471590909091,0.8094921875,0.0030208333333333333,0.0013020833333333333,0.00765625,0.8689467310905457,0.08633400499820709,0.535691499710083,1.0,0.0,0.23794305324554443,0.0,0.455337792634964,1.0,0.9620617628097534,0.03793823719024658
5,4430,0.291631817817688,0.17767708003520966,0.11731284111738205,0.007703313138335943,0.1312890625,0.6230061054229736,0.8144790391812685,0.09534043593831906,1.0,0.0,0.22644412878787878,0.5339666193181818,0.8056380208333334,0.03533854166666667,0.0010677083333333333,0.007981770833333334,0.8722271919250488,0.08276323974132538,0.5356491804122925,1.0,0.0,0.237661212682724,0.0,0.45530182123184204,1.0,0.9614847898483276,0.03851521015167236
5,4440,0.25915762782096863,0.15021000802516937,0.13682058453559875,0.00605879258364439,0.0983203125,0.6113031506538391,0.7484367162327493,0.2141459377527964,1.0,0.0,0.24597537878787876,0.5368963068181818,0.818984375,0.00328125,0.00078125,0.008411458333333333,0.8774266839027405,0.07890862971544266,0.535256028175354,1.0,0.0,0.23504014313220978,0.0,0.4549676477909088,1.0,0.9609752893447876,0.0390247106552124
5,4450,0.31777656078338623,0.23260003328323364,0.17733585834503174,0.011492287740111351,0.14782552083333333,0.6278288960456848,0.9954154977227888,0.00015190972222222288,1.0,0.0,0.25662878787878785,0.5384943181818181,0.7243359375,0.03401041666666667,0.0010677083333333333,0.008645833333333333,0.8779445886611938,0.07480844110250473,0.5351672172546387,1.0,0.0,0.23444829881191254,0.0,0.4548921585083008,1.0,0.9605342149734497,0.03946578502655029
5,4460,0.3625217080116272,0.22821025550365448,0.17893077433109283,0.008572678081691265,0.14611979166666667,0.6531596183776855,0.9848725081709356,0.01673470448773241,1.0,0.0,0.23768939393939387,0.5356534090909091,0.6941276041666666,0.004205729166666667,0.001953125,0.008229166666666666,0.8843724727630615,0.06786744296550751,0.5352686643600464,1.0,0.0,0.23512469232082367,0.0,0.4549783766269684,1.0,0.9605530500411987,0.03944694995880127
5,4470,0.36687132716178894,0.21896114945411682,0.13569286465644836,0.010902267880737782,0.15268229166666666,0.66840660572052,0.9250186940339896,0.0,1.0,0.0,0.2169744318181818,0.5325461647727273,0.6363932291666666,0.0016536458333333334,0.001015625,0.0077734375,0.8890503644943237,0.05872200056910515,0.5352391004562378,1.0,0.0,0.23492741584777832,0.0,0.45495325326919556,1.0,0.9603902101516724,0.03960978984832764
5,4480,0.38788434863090515,0.22369156777858734,0.14731264114379883,0.007140712812542915,0.12302083333333333,0.7483155131340027,0.8947996163809947,0.056685584983447695,1.0,0.0,0.2211174242424242,0.5331676136363637,0.43778645833333335,0.00046875,0.0005859375,0.007864583333333333,0.8917505145072937,0.055736713111400604,0.535382866859436,1.0,0.0,0.2358856499195099,0.0,0.4550754427909851,1.0,0.9603385329246521,0.0396614670753479
5,4490,0.38183271884918213,0.2146834135055542,0.1253374069929123,0.007564867381006479,0.12532552083333334,0.7576616406440735,0.8689905153020628,0.043754043261997555,1.0,0.0,0.22230113636363635,0.5333451704545454,0.5096744791666666,0.00020833333333333335,0.0005338541666666666,0.007890625,0.8939458131790161,0.050867944955825806,0.5354716777801514,1.0,0.0,0.23647749423980713,0.0,0.45515093207359314,1.0,0.9603272080421448,0.039672791957855225
5,4500,0.36438801884651184,0.2286931723356247,0.13943986594676971,0.0145513154566288,0.186875,0.6708264350891113,0.9297560405017984,0.0032074652777777848,1.0,0.0,0.23591382575757575,0.5353870738636364,0.5970963541666666,0.004283854166666667,0.0010677083333333333,0.008190104166666667,0.894017219543457,0.05036814510822296,0.5353533029556274,1.0,0.0,0.23568835854530334,0.0,0.4550503194332123,1.0,0.960411548614502,0.03958845138549805
5,4510,0.35173553228378296,0.2246861755847931,0.15771318972110748,0.015594902448356152,0.22893229166666668,0.6314079761505127,0.9617999185558058,0.0009678819444444431,1.0,0.0,0.23354640151515152,0.5350319602272727,0.6385677083333333,0.0265625,0.0008984375,0.008138020833333334,0.8909721374511719,0.05118284001946449,0.5345542430877686,1.0,0.0,0.23036165535449982,0.0,0.4543711245059967,1.0,0.9604713320732117,0.03952866792678833
5,4520,0.318083792924881,0.20356890559196472,0.16728205978870392,0.01092402171343565,0.20990885416666666,0.5500341057777405,0.9774183041723364,0.0021180555555555536,1.0,0.0,0.24952651515151514,0.5374289772727273,0.7705729166666667,0.0516015625,0.00014322916666666667,0.008489583333333333,0.8821320533752441,0.05583354830741882,0.5340807437896729,1.0,0.0,0.2272050976753235,0.0,0.4539686441421509,1.0,0.9605730772018433,0.03942692279815674
5,4530,0.3347960114479065,0.2320021539926529,0.1487649381160736,0.013362331315875053,0.21915364583333333,0.5974802374839783,0.9455174006152357,0.003246527777777777,1.0,0.0,0.2347301136363636,0.5352095170454545,0.6622005208333334,0.022434895833333333,0.0004166666666666667,0.0081640625,0.8808565139770508,0.052028074860572815,0.5339877605438232,1.0,0.0,0.2265850454568863,0.0,0.4538896083831787,1.0,0.9607712030410767,0.03922879695892334
5,4540,0.3736947774887085,0.2223360389471054,0.14557574689388275,0.010405954904854298,0.23901041666666667,0.6774067878723145,0.9416936584721265,9.982638888889062e-05,1.0,0.0,0.20987215909090906,0.5314808238636364,0.5976171875,0.0006901041666666667,6.510416666666667e-05,0.0076171875,0.8833625316619873,0.049717314541339874,0.5337679386138916,1.0,0.0,0.22511950135231018,0.0,0.45370274782180786,1.0,0.9610301852226257,0.03896981477737427
5,4550,0.38575199246406555,0.21584320068359375,0.12126923352479935,0.00655170576646924,0.14444010416666667,0.7218778729438782,0.8345589459347327,0.07537228354260445,1.0,0.0,0.2169744318181818,0.5325461647727273,0.565,0.00016927083333333334,5.208333333333334e-05,0.0077734375,0.8860468864440918,0.044023990631103516,0.5333874821662903,1.0,0.0,0.22258296608924866,0.0,0.453379362821579,1.0,0.9616686105728149,0.03833138942718506
5,4560,0.37756845355033875,0.21132276952266693,0.12150373309850693,0.00542666669934988,0.10438802083333333,0.7416538000106812,0.8047132226456659,0.10978944260112151,1.0,0.0,0.2341382575757575,0.5351207386363637,0.5622786458333333,0.0001171875,1.3020833333333334e-05,0.008151041666666666,0.8785850405693054,0.046858832240104675,0.5329351425170898,1.0,0.0,0.21956732869148254,0.0,0.4529948830604553,1.0,0.9626250267028809,0.03737497329711914
5,4570,0.36727726459503174,0.20867356657981873,0.11361348628997803,0.00609999243170023,0.11744791666666667,0.7288893461227417,0.8091974694156476,0.08971694822052144,1.0,0.0,0.21638257575757572,0.5324573863636364,0.6155338541666666,5.208333333333334e-05,2.604166666666667e-05,0.007760416666666666,0.8708130717277527,0.05044141039252281,0.5326307415962219,1.0,0.0,0.21753810346126556,0.0,0.45273613929748535,1.0,0.9635989665985107,0.03640103340148926
5,4580,0.3592720627784729,0.20574380457401276,0.12280646711587906,0.007601795252412558,0.1322265625,0.7547048926353455,0.8652771271043782,0.04347020741289626,1.0,0.0,0.23591382575757575,0.5353870738636364,0.6216145833333333,0.00036458333333333335,0.0,0.008190104166666667,0.8686220645904541,0.052651308476924896,0.5327744483947754,1.0,0.0,0.21849635243415833,0.0,0.4528582990169525,1.0,0.9641669988632202,0.035833001136779785
5,4590,0.3644199073314667,0.21205082535743713,0.1309630274772644,0.010175604373216629,0.2103515625,0.7061887383460999,0.9165217326645159,0.000985243055555557,1.0,0.0,0.24064867424242425,0.5360973011363637,0.631953125,5.208333333333334e-05,0.0,0.008294270833333334,0.8718915581703186,0.051376208662986755,0.5331634283065796,1.0,0.0,0.22108924388885498,0.0,0.4531889259815216,1.0,0.9646759033203125,0.0353240966796875
5,4600,0.35961848497390747,0.20107217133045197,0.1191958636045456,0.007255205884575844,0.16671875,0.723232626914978,0.8499549414267484,0.053863345321197166,1.0,0.0,0.22230113636363635,0.5333451704545454,0.6435286458333334,5.208333333333334e-05,0.0,0.007890625,0.8779038190841675,0.049745310097932816,0.5332267880439758,1.0,0.0,0.22151200473308563,0.0,0.45324277877807617,1.0,0.9650043249130249,0.0349956750869751
5,4610,0.36423641443252563,0.20599015057086945,0.12570548057556152,0.005651168525218964,0.121484375,0.7291741967201233,0.8180879773573253,0.10246310390592589,1.0,0.0,0.21756628787878787,0.5326349431818181,0.5980078125,0.0,0.0,0.007786458333333334,0.8794525861740112,0.0498606376349926,0.5330492258071899,1.0,0.0,0.22032828629016876,0.0,0.4530918598175049,1.0,0.9655033946037292,0.03449660539627075
5,4620,0.3582170307636261,0.19652524590492249,0.10700258612632751,0.00472854683175683,0.09061197916666666,0.719743013381958,0.7544259923535455,0.13989501875459262,1.0,0.0,0.18501420454545453,0.5277521306818181,0.6347265625,0.0,0.0,0.0070703125,0.8764306902885437,0.05177045613527298,0.5330238342285156,1.0,0.0,0.22015918791294098,0.0,0.4530702829360962,1.0,0.9658690094947815,0.034130990505218506
5,4630,0.35886937379837036,0.20679336786270142,0.11646044254302979,0.007694123778492212,0.12088541666666666,0.7527983784675598,0.8570517000625419,0.0405815286028797,1.0,0.0,0.19862689393939392,0.5297940340909091,0.612265625,0.00020833333333333335,0.0,0.007369791666666667,0.8697879314422607,0.056455403566360474,0.5331718921661377,1.0,0.0,0.2211456000804901,0.0,0.45319610834121704,1.0,0.9663617610931396,0.03363823890686035
5,4640,0.3691090941429138,0.20585455000400543,0.12579132616519928,0.007467897608876228,0.15216145833333333,0.7284222841262817,0.8671049748429139,0.04681460542044017,1.0,0.0,0.19566761363636365,0.5293501420454545,0.6030729166666666,1.3020833333333334e-05,1.3020833333333334e-05,0.0073046875,0.8715671300888062,0.05630390718579292,0.5331169366836548,1.0,0.0,0.22077922523021698,0.0,0.4531494081020355,1.0,0.9666075110435486,0.033392488956451416
5,4650,0.3671541213989258,0.19828392565250397,0.1136314794421196,0.0060397181659936905,0.13364583333333332,0.7123977541923523,0.804807996502426,0.09458608358573461,1.0,0.0,0.19270833333333331,0.52890625,0.6268229166666667,5.208333333333334e-05,0.0,0.007239583333333333,0.8715977668762207,0.05687239393591881,0.5333071351051331,1.0,0.0,0.22204749286174774,0.0,0.45331108570098877,1.0,0.9673272371292114,0.032672762870788574
5,4660,0.3700476288795471,0.206463024020195,0.11566789448261261,0.007051634602248669,0.14884114583333333,0.7202630043029785,0.8387160059543471,0.05968350213334003,1.0,0.0,0.19330018939393936,0.5289950284090909,0.6237630208333333,5.208333333333334e-05,2.604166666666667e-05,0.007252604166666667,0.8753324747085571,0.05455368012189865,0.5335016250610352,1.0,0.0,0.22334393858909607,0.0,0.4534763991832733,1.0,0.9675819277763367,0.03241807222366333
5,4670,0.3644281029701233,0.19772624969482422,0.12216155230998993,0.006171576678752899,0.1450390625,0.7216861248016357,0.8216614796550218,0.0919688774269771,1.0,0.0,0.19507575757575757,0.5292613636363637,0.6317447916666666,0.0,0.0,0.007291666666666667,0.8769109845161438,0.055324915796518326,0.5335565805435181,1.0,0.0,0.2237103283405304,0.0,0.45352309942245483,1.0,0.9678357839584351,0.03216421604156494
5,4680,0.3202037513256073,0.2076336294412613,0.13197912275791168,0.007573917508125305,0.12067708333333334,0.6782470345497131,0.8790083065198465,0.046407812252277275,1.0,0.0,0.23709753787878787,0.5355646306818181,0.72453125,0.007200520833333333,0.00015625,0.008216145833333334,0.8826614618301392,0.05137204751372337,0.5334466099739075,1.0,0.0,0.22297754883766174,0.0,0.453429639339447,1.0,0.9680948257446289,0.031905174255371094
5,4690,0.24894246459007263,0.1932704895734787,0.17217297852039337,0.008715743198990822,0.13869791666666667,0.5674420595169067,0.9634596471219776,0.02990854472850722,1.0,0.0,0.27556818181818177,0.5413352272727273,0.7697395833333334,0.02471354166666667,0.0004427083333333333,0.0090625,0.8857539892196655,0.051294952630996704,0.533366322517395,1.0,0.0,0.22244206070899963,0.0,0.4533613920211792,1.0,0.9683345556259155,0.03166544437408447
5,4700,0.2860442101955414,0.23592005670070648,0.18155749142169952,0.010945945978164673,0.15171875,0.6254499554634094,0.9952473958333332,0.009505208333333341,1.0,0.0,0.2311789772727272,0.5346768465909091,0.7119661458333333,0.008333333333333333,0.0016276041666666667,0.0080859375,0.8833465576171875,0.05629614368081093,0.5337045192718506,1.0,0.0,0.22469675540924072,0.0,0.4536488652229309,1.0,0.9685529470443726,0.03144705295562744
5,4710,0.3090822994709015,0.2084871381521225,0.15937387943267822,0.010540209710597992,0.17049479166666667,0.6484116315841675,0.9622795873625667,0.0056293402777777835,1.0,0.0,0.21105587121212122,0.5316583806818181,0.7463541666666667,0.0025390625,0.00328125,0.007643229166666667,0.8853081464767456,0.05423162505030632,0.5338482856750488,1.0,0.0,0.2256549894809723,0.0,0.45377105474472046,1.0,0.96877521276474,0.03122478723526001
5,4720,0.2769845426082611,0.1839575171470642,0.13917364180088043,0.009573329240083694,0.14802083333333332,0.5773261785507202,0.8983403332926269,0.041074089076783935,1.0,0.0,0.22999526515151514,0.5344992897727273,0.7933984375,0.001953125,0.0008723958333333333,0.008059895833333334,0.8894197940826416,0.049803636968135834,0.5342751741409302,1.0,0.0,0.22850152850151062,0.0,0.45413389801979065,1.0,0.9689954519271851,0.03100454807281494
5,4730,0.2666347622871399,0.17383542656898499,0.13325610756874084,0.00786924920976162,0.16381510416666667,0.5523654222488403,0.8379204283624557,0.10050186248046918,1.0,0.0,0.27024147727272724,0.5405362215909091,0.8034244791666667,0.0023046875,0.00040364583333333333,0.0089453125,0.9001985788345337,0.04371469467878342,0.5348290205001831,1.0,0.0,0.23219358921051025,0.0,0.4546046853065491,1.0,0.9692618250846863,0.03073817491531372
5,4740,0.31677356362342834,0.21192191541194916,0.16990278661251068,0.012713448144495487,0.20451822916666668,0.6296575665473938,0.9828798560301463,6.510416666667222e-05,1.0,0.0,0.22703598484848486,0.5340553977272727,0.7617708333333333,0.002955729166666667,0.00036458333333333335,0.007994791666666667,0.9011290073394775,0.04571571946144104,0.5350446701049805,1.0,0.0,0.2336309552192688,0.0,0.4547879695892334,1.0,0.9694710969924927,0.030528903007507324
5,4750,0.30300334095954895,0.19533060491085052,0.1515529751777649,0.009212605655193329,0.19045572916666667,0.6035889983177185,0.9423377992250981,0.01203807105620706,1.0,0.0,0.2365056818181818,0.5354758522727273,0.79484375,0.10854166666666666,0.00026041666666666666,0.008203125,0.9053248167037964,0.04382285103201866,0.5353279113769531,1.0,0.0,0.23551926016807556,0.0,0.4550287425518036,1.0,0.9696474671363831,0.030352532863616943
5,4760,0.27965018153190613,0.1910800039768219,0.140419140458107,0.010270628146827221,0.18395833333333333,0.5981516242027283,0.9129873447438591,0.026679330335723055,1.0,0.0,0.2441998106060606,0.5366299715909091,0.7867447916666667,0.024869791666666665,0.0015625,0.008372395833333334,0.9099995493888855,0.04250278323888779,0.5356999039649963,1.0,0.0,0.23799940943717957,0.0,0.45534494519233704,1.0,0.9697717428207397,0.030228257179260254
5,4770,0.2527783215045929,0.1781434714794159,0.146081805229187,0.006811671424657106,0.15904947916666667,0.5541067719459534,0.8378622985230197,0.125985392026684,1.0,0.0,0.24183238636363633,0.5362748579545454,0.7980859375,0.09653645833333334,0.0011328125,0.0083203125,0.9140603542327881,0.03966071084141731,0.5361184477806091,1.0,0.0,0.24078959226608276,0.0,0.45570069551467896,1.0,0.9699656367301941,0.030034363269805908
5,4780,0.30573177337646484,0.19978606700897217,0.14068695902824402,0.009654806926846504,0.18096354166666667,0.6016489863395691,0.9299564348734342,0.0067067074775696,1.0,0.0,0.20099431818181815,0.5301491477272727,0.7848567708333334,0.07805989583333334,0.0015885416666666667,0.007421875,0.9197700023651123,0.03530418127775192,0.5366553664207458,1.0,0.0,0.24436892569065094,0.0,0.4561570882797241,1.0,0.9702020883560181,0.029797911643981934
5,4790,0.3182004392147064,0.18751610815525055,0.15879085659980774,0.008689400739967823,0.17553385416666667,0.6025786399841309,0.9302207314081867,0.04185109424700098,1.0,0.0,0.22466856060606055,0.5337002840909091,0.8105729166666666,0.06436197916666667,0.0019010416666666668,0.007942708333333333,0.9219635725021362,0.03314223140478134,0.5371752977371216,1.0,0.0,0.24783548712730408,0.0,0.45659902691841125,1.0,0.9704352617263794,0.029564738273620605
5,4800,0.26450514793395996,0.17239899933338165,0.15266191959381104,0.007786143571138382,0.16196614583333332,0.5506633520126343,0.865966675103717,0.10601031961964397,1.0,0.0,0.28799715909090906,0.5431995738636364,0.8124348958333333,0.00484375,0.0010416666666666667,0.0093359375,0.9145879149436951,0.03624408692121506,0.5377376079559326,1.0,0.0,0.25158393383026123,0.0,0.4570769667625427,1.0,0.9706376194953918,0.029362380504608154
5,4810,0.2981635630130768,0.19616815447807312,0.12048181146383286,0.0098640825599432,0.19265625,0.573301374912262,0.8911488109419489,0.010508433249261671,1.0,0.0,0.2424242424242424,0.5363636363636364,0.787890625,0.02276041666666667,0.0005598958333333334,0.008333333333333333,0.9101963043212891,0.03611263632774353,0.5396695733070374,1.0,0.0,0.2644638419151306,0.0,0.4587191641330719,1.0,0.9708288311958313,0.0291711688041687
5,4820,0.27515217661857605,0.1990310102701187,0.1267571896314621,0.014667877927422523,0.2013671875,0.558157742023468,0.9044323272990366,0.00947542571359214,1.0,0.0,0.27734375,0.5416015625,0.7756380208333333,0.0133203125,0.0070182291666666665,0.0091015625,0.9061310887336731,0.039471335709095,0.5402402877807617,1.0,0.0,0.2682686448097229,0.0,0.4592042565345764,1.0,0.9710091352462769,0.028990864753723145
5,4830,0.27235907316207886,0.19630023837089539,0.17383535206317902,0.01185455359518528,0.185390625,0.5798646807670593,0.9807791067290509,0.012027181850539345,1.0,0.0,0.26254734848484845,0.5393821022727273,0.790625,0.011927083333333333,0.006432291666666667,0.008776041666666666,0.9075010418891907,0.03860463201999664,0.5410477519035339,1.0,0.0,0.27365168929100037,0.0,0.45989060401916504,1.0,0.9712148904800415,0.028785109519958496
5,4840,0.25337350368499756,0.16921567916870117,0.145125150680542,0.009093434549868107,0.17768229166666666,0.6004100441932678,0.8765912020104563,0.08260316318935822,1.0,0.0,0.228811553030303,0.5343217329545454,0.7980729166666667,0.0035286458333333333,0.0068359375,0.008033854166666667,0.9121617078781128,0.034844376146793365,0.54142826795578,1.0,0.0,0.2761882245540619,0.0,0.4602140486240387,1.0,0.971463680267334,0.028536319732666016
5,4850,0.2714937925338745,0.19881142675876617,0.15615034103393555,0.009143584407866001,0.1769140625,0.6081711053848267,0.9552154512181241,0.007064315047529038,1.0,0.0,0.23532196969696967,0.5352982954545454,0.7734895833333333,0.00328125,0.005481770833333333,0.008177083333333333,0.912039577960968,0.0358453243970871,0.5423709750175476,1.0,0.0,0.2824731469154358,0.0,0.46101534366607666,1.0,0.9716676473617554,0.02833235263824463
5,4860,0.25857001543045044,0.17679870128631592,0.15435980260372162,0.008758604526519775,0.17354166666666668,0.5842851996421814,0.9029789673084265,0.0668646009892306,1.0,0.0,0.2447916666666666,0.53671875,0.8094791666666666,0.06078125,0.004440104166666667,0.008385416666666666,0.9114165306091309,0.03630238398909569,0.543250322341919,1.0,0.0,0.288335382938385,0.0,0.46176278591156006,1.0,0.9718263745307922,0.028173625469207764
5,4870,0.3064139485359192,0.2107827216386795,0.13508641719818115,0.011011703871190548,0.21290364583333332,0.5616121292114258,0.9239923983353834,0.0,1.0,0.0,0.25189393939393934,0.5377840909090909,0.7826302083333333,0.08970052083333334,0.004908854166666666,0.008541666666666666,0.9132731556892395,0.03602255508303642,0.5441634654998779,1.0,0.0,0.29442304372787476,0.0,0.4625389575958252,1.0,0.9719620943069458,0.0280379056930542
5,4880,0.3165213465690613,0.20134574174880981,0.14561162889003754,0.010711798444390297,0.21787760416666666,0.5393770933151245,0.9415634096280122,0.00048177083333333925,1.0,0.0,0.27024147727272724,0.5405362215909091,0.7972916666666666,0.135625,0.005611979166666667,0.0089453125,0.9204728603363037,0.03106554038822651,0.5443875789642334,1.0,0.0,0.29591676592826843,0.0,0.46272945404052734,1.0,0.9720600843429565,0.027939915657043457
5,4890,0.29972609877586365,0.20505940914154053,0.1360234171152115,0.010565713047981262,0.20268229166666665,0.4999401867389679,0.9250746182804432,0.0010069444444444446,1.0,0.0,0.30989583333333326,0.546484375,0.7678385416666667,0.18018229166666666,0.002395833333333333,0.009817708333333333,0.921795129776001,0.03258846700191498,0.544852614402771,1.0,0.0,0.29901695251464844,0.0,0.46312472224235535,1.0,0.9720800518989563,0.0279199481010437
5,4900,0.25981318950653076,0.18301481008529663,0.11304853111505508,0.007458022329956293,0.163984375,0.4640284776687622,0.8085705434210397,0.09504740578402592,1.0,0.0,0.3542850378787878,0.5531427556818181,0.7699479166666666,0.16743489583333335,0.0016666666666666668,0.010794270833333333,0.9220576882362366,0.031578730791807175,0.5454359650611877,1.0,0.0,0.3029063045978546,0.0,0.4636205732822418,1.0,0.9720476269721985,0.027952373027801514
5,4910,0.2785768508911133,0.21130186319351196,0.12468819320201874,0.009742140769958496,0.19169270833333332,0.45323446393013,0.9030230080470061,0.006744791666666666,1.0,0.0,0.5016571969696969,0.5752485795454545,0.7536067708333334,0.19522135416666667,0.004518229166666667,0.014036458333333333,0.9226055145263672,0.030742855742573738,0.5455290079116821,1.0,0.0,0.3035263419151306,0.0,0.46369966864585876,1.0,0.9720299243927002,0.027970075607299805
5,4920,0.23750460147857666,0.2001252919435501,0.14215661585330963,0.007190342526882887,0.14119791666666667,0.4803463816642761,0.8769107723748165,0.07616206726983069,1.0,0.0,0.2909564393939394,0.543643465909091,0.7101041666666666,0.19563802083333334,0.007278645833333333,0.009401041666666667,0.9201849699020386,0.03390483185648918,0.5458671450614929,1.0,0.0,0.3057810068130493,0.0,0.4639870822429657,1.0,0.9719740152359009,0.02802598476409912
5,4930,0.27111098170280457,0.21479718387126923,0.14368630945682526,0.010113480500876904,0.1636328125,0.4634307324886322,0.9271094302132599,0.022873263888888898,1.0,0.0,0.3430397727272727,0.551455965909091,0.7030859375,0.17158854166666668,0.005208333333333333,0.010546875,0.9192419052124023,0.03938569873571396,0.5460108518600464,1.0,0.0,0.30673927068710327,0.0,0.46410924196243286,1.0,0.9718806147575378,0.028119385242462158
5,4940,0.2866307199001312,0.21846452355384827,0.14842379093170166,0.009213346987962723,0.16919270833333333,0.46087896823883057,0.9357951093331361,0.021536458333333335,1.0,0.0,0.32350852272727265,0.5485262784090909,0.7096614583333334,0.10934895833333333,0.0037109375,0.0101171875,0.911662220954895,0.04324926435947418,0.5462138652801514,1.0,0.0,0.30809205770492554,0.0,0.4642817974090576,1.0,0.9717793464660645,0.028220653533935547
5,4950,0.30400359630584717,0.24071277678012848,0.17459754645824432,0.012450399808585644,0.16876302083333333,0.46004506945610046,0.9803148515917297,0.02108506944444445,1.0,0.0,0.35901988636363635,0.5538529829545454,0.6831640625,0.11979166666666667,0.004830729166666666,0.0108984375,0.9098439812660217,0.04359232634305954,0.5463153123855591,1.0,0.0,0.30876848101615906,0.0,0.4643680155277252,1.0,0.971612811088562,0.02838718891143799
5,4960,0.26142147183418274,0.22255805134773254,0.14458709955215454,0.009724847041070461,0.13309895833333332,0.47996002435684204,0.9292523338040736,0.021636284722222225,1.0,0.0,0.3596117424242424,0.5539417613636364,0.7057682291666667,0.10415364583333334,0.0033854166666666668,0.010911458333333334,0.9073641896247864,0.04637559503316879,0.5465858578681946,1.0,0.0,0.3105722665786743,0.0,0.46459800004959106,1.0,0.9714414477348328,0.028558552265167236
5,4970,0.2659829258918762,0.20706886053085327,0.15776924788951874,0.01610158197581768,0.18776041666666668,0.4738349914550781,0.9519772515032027,0.020802951388888893,1.0,0.0,0.37204071969696967,0.5558061079545454,0.7278515625,0.1025390625,0.0017057291666666666,0.011184895833333333,0.9093375205993652,0.0442257896065712,0.5464378595352173,1.0,0.0,0.3095858097076416,0.0,0.4644722044467926,1.0,0.9711663722991943,0.028833627700805664
5,4980,0.314088374376297,0.27415332198143005,0.18280421197414398,0.012903480790555477,0.16819010416666666,0.4171890318393707,0.9890559895833333,0.02188802083333334,1.0,0.0,0.27320075757575757,0.5409801136363637,0.6518619791666667,0.13876302083333333,0.004270833333333333,0.009010416666666667,0.9080183506011963,0.046499162912368774,0.5465689897537231,1.0,0.0,0.3104594945907593,0.0,0.4645836651325226,1.0,0.9708474278450012,0.02915257215499878
5,4990,0.29955753684043884,0.22335895895957947,0.1702437400817871,0.00844568107277155,0.16009114583333334,0.5000023245811462,0.9577233378517086,0.03868816173799476,1.0,0.0,0.2660984848484848,0.5399147727272727,0.6998177083333333,0.14005208333333333,0.007005208333333333,0.008854166666666666,0.9062680006027222,0.05119588226079941,0.5468606352806091,1.0,0.0,0.31240418553352356,0.0,0.46483156085014343,1.0,0.970467209815979,0.029532790184020996
5,5000,0.30099767446517944,0.21091479063034058,0.14812515676021576,0.009177068248391151,0.16364583333333332,0.5105869770050049,0.9357346068997668,0.020646701388888897,1.0,0.0,0.3063446969696969,0.5459517045454545,0.7145703125,0.12213541666666666,0.0024739583333333332,0.009739583333333333,0.9060564041137695,0.05379505828022957,0.546974778175354,1.0,0.0,0.3131651282310486,0.0,0.4649285674095154,1.0,0.9700716733932495,0.02992832660675049
5,5010,0.2745802700519562,0.19414663314819336,0.14826640486717224,0.007255799602717161,0.13451822916666667,0.49637144804000854,0.8774712880391745,0.08845695989897986,1.0,0.0,0.3010179924242424,0.5451526988636364,0.7362890625,0.09391927083333333,0.0022526041666666666,0.009622395833333333,0.9110894203186035,0.05433795601129532,0.5467549562454224,1.0,0.0,0.3116995692253113,0.0,0.4647417366504669,1.0,0.9697906970977783,0.03020930290222168
5,5020,0.27548539638519287,0.19711174070835114,0.12054011970758438,0.0074086301028728485,0.13688802083333335,0.51910400390625,0.8403178411912291,0.07690989814153534,1.0,0.0,0.28977272727272724,0.5434659090909091,0.7344661458333334,0.11337239583333333,0.0007421875,0.009375,0.911592960357666,0.05626605451107025,0.5451949834823608,1.0,0.0,0.3012998402118683,0.0,0.4634157419204712,1.0,0.9694506525993347,0.030549347400665283
5,5030,0.24154281616210938,0.186900332570076,0.1702369749546051,0.0066919890232384205,0.12572916666666667,0.5173417329788208,0.8846272103709772,0.12457369022404517,1.0,0.0,0.297466856060606,0.5446200284090909,0.7347395833333333,0.07372395833333334,0.0015104166666666666,0.009544270833333333,0.9120898246765137,0.0565628856420517,0.5451315641403198,1.0,0.0,0.30087709426879883,0.0,0.46336182951927185,1.0,0.9691027402877808,0.03089725971221924
5,5040,0.2564660608768463,0.1978043019771576,0.11796068400144577,0.006826885510236025,0.13893229166666668,0.5062045454978943,0.8216062851711932,0.09316200643202398,1.0,0.0,0.2909564393939394,0.543643465909091,0.7472395833333333,0.06609375,0.0004947916666666667,0.009401041666666667,0.9106953144073486,0.05672619491815567,0.5450428128242493,1.0,0.0,0.3002852201461792,0.0,0.4632863998413086,1.0,0.9687188863754272,0.031281113624572754
5,5050,0.2604783773422241,0.19820812344551086,0.1261799931526184,0.00690565025433898,0.1439453125,0.5556343197822571,0.8384085168558714,0.08980751222277158,1.0,0.0,0.24301609848484845,0.5364524147727273,0.7463541666666667,0.058255208333333336,0.0007682291666666666,0.008346354166666667,0.9065450429916382,0.06011739373207092,0.5451062321662903,1.0,0.0,0.30070799589157104,0.0,0.46334031224250793,1.0,0.9684027433395386,0.031597256660461426
5,5060,0.2723837196826935,0.21898987889289856,0.15159790217876434,0.00761565612629056,0.14841145833333333,0.5388042330741882,0.9031403323490315,0.06551289757244227,1.0,0.0,0.27320075757575757,0.5409801136363637,0.720703125,0.10782552083333333,0.0037109375,0.009010416666666667,0.9000449180603027,0.06291988492012024,0.5450343489646912,1.0,0.0,0.30022886395454407,0.0,0.46327921748161316,1.0,0.9679098725318909,0.03209012746810913
5,5070,0.27337586879730225,0.21346569061279297,0.1535734236240387,0.009077584370970726,0.1419921875,0.5275514721870422,0.9444187265176038,0.021718750000000002,1.0,0.0,0.22407670454545447,0.5336115056818181,0.7159505208333333,0.13270833333333334,0.0028385416666666667,0.0079296875,0.9009748697280884,0.06303246319293976,0.5446285009384155,1.0,0.0,0.29752323031425476,0.0,0.4629342257976532,1.0,0.9671746492385864,0.032825350761413574
5,5080,0.272180438041687,0.2054634988307953,0.1386491060256958,0.00814875215291977,0.13592447916666667,0.5086494088172913,0.8962891099483788,0.0477408727090856,1.0,0.0,0.27024147727272724,0.5405362215909091,0.7175130208333333,0.17151041666666667,0.002916666666666667,0.0089453125,0.8976354598999023,0.06695631146430969,0.5444636344909668,1.0,0.0,0.2964240610599518,0.0,0.46279409527778625,1.0,0.9666412472724915,0.033358752727508545
5,5090,0.25469353795051575,0.21156719326972961,0.17007441818714142,0.006510729901492596,0.13802083333333334,0.47772216796875,0.9048073231661062,0.09911286716316613,1.0,0.0,0.3110795454545454,0.5466619318181818,0.7075651041666666,0.16997395833333334,0.004322916666666667,0.00984375,0.892690122127533,0.06824013590812683,0.5447130799293518,1.0,0.0,0.29808688163757324,0.0,0.4630061388015747,1.0,0.9660922288894653,0.03390777111053467
5,5100,0.2556261420249939,0.20743007957935333,0.15719987452030182,0.007878785021603107,0.14572916666666666,0.4868580102920532,0.9206306697959412,0.05558963348771014,1.0,0.0,0.32587594696969696,0.5488813920454545,0.7154817708333333,0.13794270833333333,0.004752604166666666,0.010169270833333334,0.888486921787262,0.071432925760746,0.5451695919036865,1.0,0.0,0.3011307120323181,0.0,0.4633941650390625,1.0,0.9655716419219971,0.03442835807800293
5,5110,0.24926966428756714,0.18482932448387146,0.17782749235630035,0.0074930558912456036,0.126796875,0.49513620138168335,0.9142628272748631,0.10644823174015051,1.0,0.0,0.32350852272727265,0.5485262784090909,0.7274739583333333,0.09334635416666667,0.00625,0.0101171875,0.886796772480011,0.07216452062129974,0.5456430912017822,1.0,0.0,0.30428728461265564,0.0,0.4637966454029083,1.0,0.9650386571884155,0.03496134281158447
5,5120,0.25487640500068665,0.1988963633775711,0.14870914816856384,0.008222963660955429,0.14356770833333332,0.4846731126308441,0.9135988659496628,0.04723481412179428,1.0,0.0,0.28326231060606055,0.5424893465909091,0.7262890625,0.07270833333333333,0.0026302083333333334,0.009231770833333333,0.8838822841644287,0.0735866129398346,0.5476765632629395,1.0,0.0,0.31784361600875854,0.0,0.4655250906944275,1.0,0.9645174145698547,0.035482585430145264
5,5130,0.26218199729919434,0.19085797667503357,0.15041717886924744,0.007745068985968828,0.14830729166666667,0.495652973651886,0.8873436457538588,0.08239553214805481,1.0,0.0,0.2820785984848484,0.5423117897727272,0.7388671875,0.10654947916666667,0.0048828125,0.009205729166666666,0.8843120336532593,0.07535029947757721,0.5480951070785522,1.0,0.0,0.32063379883766174,0.0,0.4658808410167694,1.0,0.9640339016914368,0.03596609830856323
5,5140,0.26212167739868164,0.21165132522583008,0.12846486270427704,0.008843808434903622,0.15475260416666667,0.4687802195549011,0.8978257860197347,0.026302736571366545,1.0,0.0,0.3306107954545454,0.5495916193181818,0.7150390625,0.11764322916666667,0.004544270833333333,0.0102734375,0.8817431926727295,0.07332974672317505,0.5480232238769531,1.0,0.0,0.32015466690063477,0.0,0.46581974625587463,1.0,0.9635974168777466,0.03640258312225342
5,5150,0.2600165903568268,0.18812142312526703,0.13263116776943207,0.0076263705268502235,0.14076822916666668,0.4571896493434906,0.8486386257823504,0.09275160481673757,1.0,0.0,0.33238636363636365,0.5498579545454545,0.7329166666666667,0.13915364583333334,0.0038020833333333335,0.0103125,0.8843232989311218,0.07197919487953186,0.5480612516403198,1.0,0.0,0.32040834426879883,0.0,0.4658520817756653,1.0,0.9632255434989929,0.03677445650100708
5,5160,0.2538290023803711,0.2073986679315567,0.12443047016859055,0.00708572706207633,0.14442708333333334,0.4596198499202728,0.8438129545547409,0.07993750064807936,1.0,0.0,0.3489583333333333,0.55234375,0.7197916666666667,0.11916666666666667,0.009700520833333334,0.010677083333333334,0.8876857161521912,0.06999422609806061,0.5484459400177002,1.0,0.0,0.32297301292419434,0.0,0.4661790728569031,1.0,0.9627882242202759,0.03721177577972412
5,5170,0.2680665850639343,0.2265215516090393,0.1574006974697113,0.008915905840694904,0.14990885416666666,0.46851593255996704,0.9487805257531375,0.024000478264721736,1.0,0.0,0.30279356060606055,0.5454190340909091,0.710703125,0.1196484375,0.0096484375,0.009661458333333333,0.8790706396102905,0.07794512808322906,0.548678457736969,1.0,0.0,0.3245231509208679,0.0,0.4663766920566559,1.0,0.96233069896698,0.03766930103302002
5,5180,0.24630233645439148,0.18625009059906006,0.15739119052886963,0.007448376622051001,0.13266927083333332,0.48998475074768066,0.8818484803700145,0.10320380179347786,1.0,0.0,0.3489583333333333,0.55234375,0.7252734375,0.13236979166666665,0.005169270833333333,0.010677083333333334,0.8745840787887573,0.08206169307231903,0.5497480630874634,1.0,0.0,0.3316535949707031,0.0,0.4672858715057373,1.0,0.9618502855300903,0.03814971446990967
5,5190,0.28735682368278503,0.23671089112758636,0.13283014297485352,0.00808979943394661,0.14368489583333333,0.4784739315509796,0.8852050277856034,0.04884810753550308,1.0,0.0,0.30812026515151514,0.5462180397727273,0.6866536458333333,0.13287760416666666,0.0074609375,0.009778645833333334,0.8758026361465454,0.08127565681934357,0.5514305830001831,1.0,0.0,0.34287065267562866,0.0,0.46871599555015564,1.0,0.9614002108573914,0.03859978914260864
5,5200,0.24913688004016876,0.19147534668445587,0.1519622802734375,0.006942803971469402,0.1453125,0.4727139174938202,0.8694563158374604,0.10573675356926475,1.0,0.0,0.33001893939393934,0.5495028409090909,0.7130729166666666,0.14561197916666666,0.00796875,0.010260416666666666,0.8763992190361023,0.08140747994184494,0.553683876991272,1.0,0.0,0.35789254307746887,0.0,0.47063130140304565,1.0,0.960946798324585,0.03905320167541504
5,5210,0.2519325911998749,0.21156373620033264,0.13474392890930176,0.008554157800972462,0.15286458333333333,0.4280695617198944,0.900242415434567,0.03601028469257399,1.0,0.0,0.3726325757575757,0.5558948863636364,0.7072135416666666,0.18125,0.0116796875,0.011197916666666667,0.8706391453742981,0.0837760865688324,0.5575097799301147,1.0,0.0,0.38339871168136597,0.0,0.47388333082199097,1.0,0.9604948163032532,0.039505183696746826
5,5220,0.2289331555366516,0.189565971493721,0.12688085436820984,0.00668205413967371,0.1426953125,0.4181256890296936,0.8162657927124544,0.11832099265098411,1.0,0.0,0.5857007575757575,0.5878551136363637,0.7177994791666666,0.1520703125,0.0034895833333333333,0.015885416666666666,0.8720011711120605,0.08006095886230469,0.5602070093154907,1.0,0.0,0.40137988328933716,0.0,0.4761759638786316,1.0,0.9600204825401306,0.039979517459869385
5,5230,0.2623699903488159,0.18829797208309174,0.14388565719127655,0.0069465795531868935,0.1271484375,0.4952738583087921,0.8493437591375586,0.11394702531841552,1.0,0.0,0.34836647727272724,0.5522549715909091,0.7343880208333333,0.1408984375,0.0025911458333333333,0.0106640625,0.8664497137069702,0.08292900025844574,0.5608495473861694,1.0,0.0,0.40566378831863403,0.0,0.4767221212387085,1.0,0.9595509171485901,0.04044908285140991
5,5240,0.28788504004478455,0.20102855563163757,0.11805234104394913,0.006979104597121477,0.13477864583333332,0.5082609057426453,0.8306815983284996,0.08214217861079508,1.0,0.0,0.287405303030303,0.5431107954545454,0.7310546875,0.11786458333333333,0.0036197916666666666,0.009322916666666667,0.8625036478042603,0.0834932029247284,0.5618768930435181,1.0,0.0,0.4125123918056488,0.0,0.47759535908699036,1.0,0.9591062068939209,0.0408937931060791
5,5250,0.2712596654891968,0.19951102137565613,0.13564613461494446,0.0075857327319681644,0.1399609375,0.527410089969635,0.8757878644827949,0.06480042051846985,1.0,0.0,0.29628314393939387,0.5444424715909091,0.7205598958333334,0.11451822916666667,0.005768229166666666,0.009518229166666666,0.8570881485939026,0.08667248487472534,0.5616401433944702,1.0,0.0,0.41093412041664124,0.0,0.47739413380622864,1.0,0.9586681723594666,0.04133182764053345
5,5260,0.2812952399253845,0.2158612757921219,0.14648936688899994,0.008118843659758568,0.14643229166666666,0.47879698872566223,0.9090195776742401,0.048123203123891886,1.0,0.0,0.29687499999999994,0.54453125,0.7067838541666667,0.12782552083333334,0.009661458333333333,0.00953125,0.853387176990509,0.09128953516483307,0.561745822429657,1.0,0.0,0.41163870692253113,0.0,0.47748395800590515,1.0,0.9580039978027344,0.041996002197265625
5,5270,0.22971685230731964,0.1586499959230423,0.12742814421653748,0.005413037724792957,0.11266927083333333,0.4707108438014984,0.7222225307231337,0.23248188003271741,1.0,0.0,0.30575284090909094,0.5458629261363637,0.7482161458333333,0.11634114583333334,0.00109375,0.0097265625,0.8531762361526489,0.09132342040538788,0.5615851879119873,1.0,0.0,0.4105677306652069,0.0,0.4773474335670471,1.0,0.9574803709983826,0.04251962900161743
5,5280,0.26239895820617676,0.2192414104938507,0.1430177241563797,0.006140450946986675,0.1289453125,0.4180554151535034,0.8502023798436367,0.10816661662303496,1.0,0.0,0.37381628787878785,0.5560724431818181,0.6711588541666667,0.21787760416666666,0.0102734375,0.011223958333333334,0.8495548367500305,0.09539911895990372,0.5619909763336182,1.0,0.0,0.4132733643054962,0.0,0.4776923358440399,1.0,0.9569116830825806,0.043088316917419434
5,5290,0.25381582975387573,0.2052423655986786,0.14540135860443115,0.008658709935843945,0.155546875,0.3967616558074951,0.9218773937982359,0.031234177938362126,1.0,0.0,0.5058001893939393,0.5758700284090909,0.6481770833333333,0.1965234375,0.014205729166666667,0.014127604166666667,0.8546313047409058,0.09158419817686081,0.5617965459823608,1.0,0.0,0.4119769036769867,0.0,0.47752708196640015,1.0,0.9566217660903931,0.043378233909606934
5,5300,0.24247242510318756,0.21642440557479858,0.17953604459762573,0.006329532712697983,0.12552083333333333,0.41327229142189026,0.9173359565247041,0.10188109531069835,1.0,0.0,0.6265388257575758,0.5939808238636364,0.6348567708333334,0.221796875,0.025377604166666668,0.016783854166666667,0.8595305681228638,0.09036816656589508,0.5622784495353699,1.0,0.0,0.41518986225128174,0.0,0.47793668508529663,1.0,0.9563393592834473,0.043660640716552734
5,5310,0.2236049920320511,0.19387517869472504,0.1108606830239296,0.006750095635652542,0.136171875,0.37321922183036804,0.7996702660504346,0.10533030962879421,1.0,0.0,0.8615056818181818,0.6292258522727272,0.667578125,0.2275390625,0.05029947916666667,0.021953125,0.8584158420562744,0.09097928553819656,0.563512921333313,1.0,0.0,0.4234194755554199,0.0,0.478985995054245,1.0,0.9560390710830688,0.04396092891693115
5,5320,0.24886159598827362,0.19754095375537872,0.15572857856750488,0.009052791632711887,0.15731770833333333,0.4186631143093109,0.9428657012617486,0.02843060172266433,1.0,0.0,0.7011126893939393,0.6051669034090909,0.6595182291666667,0.21868489583333334,0.032252604166666664,0.018424479166666667,0.861473023891449,0.09161480516195297,0.5636736154556274,1.0,0.0,0.42449045181274414,0.0,0.4791225790977478,1.0,0.9555841684341431,0.044415831565856934
5,5330,0.2517331838607788,0.20209164917469025,0.11097371578216553,0.006200095638632774,0.1315625,0.4316967725753784,0.797016555719545,0.1074636322910062,1.0,0.0,0.3732244318181818,0.5559836647727273,0.66578125,0.20140625,0.016028645833333334,0.0112109375,0.8639076948165894,0.09146733582019806,0.563639760017395,1.0,0.0,0.42426496744155884,0.0,0.4790938198566437,1.0,0.9553264379501343,0.04467356204986572
5,5340,0.24700762331485748,0.19153815507888794,0.10778992623090744,0.007286294363439083,0.14903645833333334,0.4010077118873596,0.8044761716138142,0.09424374925755069,1.0,0.0,0.4258996212121211,0.5638849431818181,0.6927083333333334,0.17665364583333334,0.013802083333333333,0.012369791666666666,0.867677628993988,0.0894404947757721,0.5645233392715454,1.0,0.0,0.43015533685684204,0.0,0.4798448383808136,1.0,0.9550162553787231,0.044983744621276855
5,5350,0.26757386326789856,0.21868853271007538,0.09597644209861755,0.006654635071754456,0.13528645833333333,0.4103729724884033,0.7841006117242809,0.09306752830016904,1.0,0.0,0.297466856060606,0.5446200284090909,0.6644270833333333,0.199921875,0.0076171875,0.009544270833333333,0.869568943977356,0.09045921266078949,0.5653688311576843,1.0,0.0,0.43579208850860596,0.0,0.48056352138519287,1.0,0.9545536041259766,0.04544639587402344
5,5360,0.23667627573013306,0.17717115581035614,0.13587842881679535,0.005336948204785585,0.1218359375,0.44778624176979065,0.7709184372324278,0.18970972025368193,1.0,0.0,0.3471827651515151,0.5520774147727272,0.7209895833333333,0.16618489583333335,0.006158854166666667,0.010638020833333333,0.8657302260398865,0.09689793735742569,0.5670894384384155,1.0,0.0,0.44726282358169556,0.0,0.48202604055404663,1.0,0.9543404579162598,0.045659542083740234
5,5370,0.25579771399497986,0.19975098967552185,0.1223563402891159,0.007053190842270851,0.1374609375,0.4302430748939514,0.8393833338744024,0.08064920660239573,1.0,0.0,0.326467803030303,0.5489701704545454,0.6979166666666666,0.16265625,0.0109765625,0.010182291666666666,0.8558081984519958,0.1050858125090599,0.5686832070350647,1.0,0.0,0.45788806676864624,0.0,0.4833807349205017,1.0,0.9539535045623779,0.04604649543762207
5,5380,0.23907813429832458,0.17832213640213013,0.15398797392845154,0.007947361096739769,0.14315104166666667,0.4422752261161804,0.8727309137455419,0.10959025987320474,1.0,0.0,0.3596117424242424,0.5539417613636364,0.739140625,0.1163671875,0.0118359375,0.010911458333333334,0.8576849699020386,0.10275685787200928,0.5697485208511353,1.0,0.0,0.4649903178215027,0.0,0.48428624868392944,1.0,0.9539263248443604,0.04607367515563965
5,5390,0.3183262050151825,0.25075170397758484,0.190688356757164,0.010042095556855202,0.14953125,0.49066752195358276,0.988454861111111,0.02309027777777778,1.0,0.0,0.32173295454545453,0.5482599431818181,0.6337109375,0.12610677083333333,0.012513020833333333,0.010078125,0.8565046191215515,0.10224901139736176,0.5700275897979736,1.0,0.0,0.4668504595756531,0.0,0.4845234751701355,1.0,0.9540218710899353,0.0459781289100647
5,5400,0.3067641258239746,0.22379884123802185,0.17984890937805176,0.01038807351142168,0.1435546875,0.5006271600723267,0.9880884922060192,0.023311631944444453,1.0,0.0,0.37559185606060597,0.5563387784090909,0.6869791666666667,0.17002604166666666,0.014075520833333334,0.011263020833333333,0.8539697527885437,0.10635252296924591,0.5688818693161011,1.0,0.0,0.45921266078948975,0.0,0.4835495948791504,1.0,0.9541562795639038,0.04584372043609619
5,5410,0.21892954409122467,0.1786731481552124,0.14316515624523163,0.007589870132505894,0.13524739583333334,0.4196161925792694,0.8460470119756426,0.1185701785870603,1.0,0.0,0.5028409090909091,0.5754261363636364,0.7288671875,0.13544270833333333,0.016940104166666668,0.0140625,0.854699432849884,0.10332578420639038,0.5670217871665955,1.0,0.0,0.44681188464164734,0.0,0.4819685220718384,1.0,0.9543344974517822,0.04566550254821777
5,5420,0.27327677607536316,0.25142791867256165,0.21365822851657867,0.008061034604907036,0.14111979166666666,0.4036214053630829,0.9644436621641725,0.04935616041950093,1.0,0.0,0.395123106060606,0.5592684659090909,0.6642838541666667,0.16266927083333332,0.014049479166666667,0.011692708333333333,0.8538175225257874,0.10564706474542618,0.565047562122345,1.0,0.0,0.4336501359939575,0.0,0.4802904427051544,1.0,0.9545725584030151,0.04542744159698486
5,5430,0.21794037520885468,0.18076559901237488,0.15432989597320557,0.00752177694812417,0.135078125,0.37177515029907227,0.8673946844126618,0.11522409094088691,1.0,0.0,0.5809659090909091,0.5871448863636364,0.7048828125,0.16326822916666667,0.0118359375,0.01578125,0.8542115688323975,0.10532186925411224,0.563766598701477,1.0,0.0,0.42511045932769775,0.0,0.47920161485671997,1.0,0.9548690319061279,0.04513096809387207
5,5440,0.25532808899879456,0.22610564529895782,0.16995851695537567,0.007376982364803553,0.1478125,0.415490061044693,0.9285118245896304,0.07138328664216811,1.0,0.0,0.4720643939393939,0.5708096590909091,0.6787630208333333,0.14036458333333332,0.015208333333333334,0.013385416666666667,0.8582022190093994,0.10418964922428131,0.5665525197982788,1.0,0.0,0.4436835050582886,0.0,0.48156964778900146,1.0,0.9552087783813477,0.044791221618652344
5,5450,0.23263823986053467,0.1891365349292755,0.15137438476085663,0.0071665034629404545,0.1439453125,0.4187360405921936,0.870399635208055,0.10353537789881637,1.0,0.0,0.405776515151515,0.5608664772727272,0.7163932291666667,0.11744791666666667,0.016940104166666668,0.011927083333333333,0.8584924936294556,0.10578624904155731,0.5673896074295044,1.0,0.0,0.4492638409137726,0.0,0.4822811782360077,1.0,0.9555720090866089,0.04442799091339111
5,5460,0.20925593376159668,0.16096819937229156,0.15381939709186554,0.0063035632483661175,0.1280859375,0.3880234658718109,0.795174490787836,0.200013633563529,1.0,0.0,0.5371685606060606,0.5805752840909091,0.7409635416666667,0.11096354166666667,0.0056770833333333335,0.014817708333333334,0.858720064163208,0.10714737325906754,0.5680321455001831,1.0,0.0,0.45354777574539185,0.0,0.4828273355960846,1.0,0.9560182094573975,0.04398179054260254
5,5470,0.20736853778362274,0.16806858777999878,0.10924381017684937,0.005062391050159931,0.105546875,0.37860307097435,0.7006572781858567,0.22006855612100784,1.0,0.0,0.5200047348484848,0.5780007102272727,0.725703125,0.12725260416666667,0.009283854166666666,0.014440104166666667,0.8581075072288513,0.10646794736385345,0.5683915615081787,1.0,0.0,0.45594337582588196,0.0,0.48313283920288086,1.0,0.9565553069114685,0.043444693088531494
5,5480,0.20657643675804138,0.16281276941299438,0.12561695277690887,0.006699219346046448,0.10938802083333334,0.3954641819000244,0.7616343935094626,0.18357389755688386,1.0,0.0,0.4549005681818182,0.5682350852272727,0.7473567708333333,0.05591145833333333,0.0112890625,0.0130078125,0.8625298142433167,0.10458222031593323,0.5685395002365112,1.0,0.0,0.4569298028945923,0.0,0.48325857520103455,1.0,0.9574392437934875,0.04256075620651245
5,5490,0.229152113199234,0.2029656618833542,0.12255125492811203,0.006530260667204857,0.12518229166666667,0.4072462320327759,0.8254153170733123,0.0975017919890118,1.0,0.0,0.4128787878787878,0.5619318181818181,0.7269401041666667,0.0628515625,0.012057291666666666,0.012083333333333333,0.8639371991157532,0.1015927642583847,0.5681970715522766,1.0,0.0,0.45464691519737244,0.0,0.4829675257205963,1.0,0.9580955505371094,0.041904449462890625
5,5500,0.23013798892498016,0.18149979412555695,0.15653684735298157,0.007354066241532564,0.13404947916666668,0.43777841329574585,0.868645234892868,0.11740798445645627,1.0,0.0,0.34540719696969696,0.5518110795454545,0.7376692708333333,0.023450520833333332,0.010807291666666666,0.010598958333333333,0.8596482276916504,0.10146833956241608,0.5678123235702515,1.0,0.0,0.45208218693733215,0.0,0.48264047503471375,1.0,0.9587403535842896,0.04125964641571045
5,5510,0.23608221113681793,0.20266792178153992,0.1553395688533783,0.008443398401141167,0.13454427083333334,0.4101963937282562,0.9326588358525836,0.03831938732970695,1.0,0.0,0.3661221590909091,0.5549183238636364,0.7243880208333333,0.08194010416666667,0.011979166666666667,0.0110546875,0.8529295921325684,0.10561519861221313,0.5668991804122925,1.0,0.0,0.4459945559501648,0.0,0.4818643033504486,1.0,0.9593628644943237,0.04063713550567627
5,5520,0.2020222246646881,0.16576474905014038,0.12216159701347351,0.0074243610724806786,0.12791666666666668,0.3958740234375,0.7811501898521342,0.15407728844400506,1.0,0.0,0.5851089015151515,0.5877663352272727,0.7394661458333334,0.06446614583333334,0.010208333333333333,0.015872395833333334,0.8556917905807495,0.10184191167354584,0.5649503469467163,1.0,0.0,0.43300187587738037,0.0,0.48020780086517334,1.0,0.9600345492362976,0.03996545076370239
5,5530,0.2482922375202179,0.20714938640594482,0.157511368393898,0.01037394255399704,0.17247395833333334,0.419293612241745,0.9511415344935198,0.021601562500000004,1.0,0.0,0.5217803030303029,0.5782670454545454,0.727578125,0.035130208333333336,0.018216145833333332,0.014479166666666666,0.8529461622238159,0.10190635174512863,0.5635637044906616,1.0,0.0,0.4237576723098755,0.0,0.4790291488170624,1.0,0.9607168436050415,0.039283156394958496
5,5540,0.2290668487548828,0.17405818402767181,0.14579854905605316,0.009294023737311363,0.2003125,0.3942694664001465,0.8808207568959294,0.08368700520859829,1.0,0.0,0.7632575757575757,0.6144886363636364,0.7457682291666666,0.037434895833333336,0.012864583333333334,0.019791666666666666,0.8554065227508545,0.09721788763999939,0.560955286026001,1.0,0.0,0.4063683748245239,0.0,0.4768120050430298,1.0,0.9614145755767822,0.03858542442321777
5,5550,0.20926205813884735,0.1614079624414444,0.1255761981010437,0.008611814118921757,0.135234375,0.4097108542919159,0.8105706304948864,0.1277724945728937,1.0,0.0,0.5430871212121211,0.5814630681818181,0.740390625,0.013541666666666667,0.012552083333333333,0.014947916666666667,0.8557579517364502,0.09478181600570679,0.5594671964645386,1.0,0.0,0.39644771814346313,0.0,0.4755471348762512,1.0,0.962101936340332,0.03789806365966797
5,5560,0.21407653391361237,0.18472163379192352,0.11213166266679764,0.006929917261004448,0.12091145833333333,0.43059661984443665,0.7888789120859495,0.12165107609254883,1.0,0.0,0.3874289772727273,0.5581143465909091,0.7293359375,0.046263020833333335,0.008046875,0.0115234375,0.857330322265625,0.09190593659877777,0.558630108833313,1.0,0.0,0.39086735248565674,0.0,0.474835604429245,1.0,0.9627904891967773,0.037209510803222656
5,5570,0.19973942637443542,0.16424797475337982,0.11948190629482269,0.006842571776360273,0.12138020833333334,0.42351314425468445,0.7580552642047871,0.17544177217060716,1.0,0.0,0.39749053030303033,0.5596235795454545,0.7408203125,0.0146484375,0.008815104166666667,0.011744791666666667,0.8645734190940857,0.08334481716156006,0.5577719211578369,1.0,0.0,0.3851460814476013,0.0,0.4741061329841614,1.0,0.9635841846466064,0.036415815353393555
5,5580,0.24941498041152954,0.21807533502578735,0.15656214952468872,0.0083474637940526,0.14450520833333333,0.44950875639915466,0.9322516194649765,0.04104891041167544,1.0,0.0,0.3471827651515151,0.5520774147727272,0.7058463541666666,0.004544270833333333,0.006184895833333333,0.010638020833333333,0.873961329460144,0.07630030810832977,0.5575858950614929,1.0,0.0,0.3839060068130493,0.0,0.47394803166389465,1.0,0.9644261598587036,0.03557384014129639
5,5590,0.24998575448989868,0.18984918296337128,0.14069132506847382,0.008985121734440327,0.14748697916666667,0.4532332420349121,0.9022863685983792,0.04681155102665671,1.0,0.0,0.3116714015151515,0.5467507102272727,0.7327213541666666,0.09485677083333334,0.0136328125,0.009856770833333334,0.8848324418067932,0.06851789355278015,0.5567150115966797,1.0,0.0,0.37810018658638,0.0,0.4732077717781067,1.0,0.9652976989746094,0.034702301025390625
5,5600,0.2734251320362091,0.21798408031463623,0.1260056346654892,0.00991485919803381,0.16809895833333333,0.49866893887519836,0.8983862049253577,0.020477430555555558,1.0,0.0,0.26787405303030304,0.5401811079545454,0.7078125,0.04796875,0.007239583333333333,0.008893229166666667,0.8914353847503662,0.06525124609470367,0.5560766458511353,1.0,0.0,0.3738444745540619,0.0,0.4726651608943939,1.0,0.9661365747451782,0.03386342525482178
5,5610,0.2695225775241852,0.1898573637008667,0.14159342646598816,0.006824581418186426,0.13403645833333333,0.48734161257743835,0.8469964599056912,0.11039560577602489,1.0,0.0,0.247750946969697,0.5371626420454545,0.7456119791666667,0.056966145833333336,0.0037630208333333335,0.008450520833333334,0.897262692451477,0.060515835881233215,0.5550662875175476,1.0,0.0,0.3671085834503174,0.0,0.4718063473701477,1.0,0.9669703841209412,0.03302961587905884
5,5620,0.2909056544303894,0.21281957626342773,0.13972605764865875,0.008298743516206741,0.15802083333333333,0.5949693918228149,0.9040542047691513,0.03933115973624432,1.0,0.0,0.22999526515151514,0.5344992897727273,0.6916015625,0.0024609375,0.0021223958333333333,0.008059895833333334,0.9000120162963867,0.05960586667060852,0.5542926788330078,1.0,0.0,0.36195099353790283,0.0,0.4711487889289856,1.0,0.9677828550338745,0.03221714496612549
5,5630,0.27697500586509705,0.20179599523544312,0.14728829264640808,0.00792098231613636,0.1471875,0.5685662627220154,0.9067862210840714,0.05070938060559876,1.0,0.0,0.20099431818181815,0.5301491477272727,0.727109375,0.031223958333333333,0.0015364583333333333,0.007421875,0.9099223017692566,0.053291093558073044,0.5522972345352173,1.0,0.0,0.348648339509964,0.0,0.4694526493549347,1.0,0.9685589075088501,0.0314410924911499
5,5640,0.2684326767921448,0.21606895327568054,0.1371259242296219,0.01079967524856329,0.15830729166666666,0.5405866503715515,0.9190606252454284,0.016766493055555554,1.0,0.0,0.2157907196969697,0.5323686079545454,0.7185807291666667,0.04993489583333333,0.0015625,0.0077473958333333336,0.9102504253387451,0.053149521350860596,0.5504202246665955,1.0,0.0,0.33613479137420654,0.0,0.4678572118282318,1.0,0.9693374037742615,0.030662596225738525
5,5650,0.24598050117492676,0.2008235901594162,0.14809340238571167,0.010725677944719791,0.1451171875,0.4848666489124298,0.9358913721997515,0.020225694444444442,1.0,0.0,0.2637310606060606,0.5395596590909091,0.732734375,0.015625,0.003671875,0.008802083333333334,0.9095156192779541,0.052089590579271317,0.5468902587890625,1.0,0.0,0.3126014769077301,0.0,0.46485674381256104,1.0,0.9700635671615601,0.02993643283843994
5,5660,0.24783635139465332,0.18935781717300415,0.14039278030395508,0.011992941610515118,0.17721354166666667,0.41493475437164307,0.9034198026168041,0.043141915400823,1.0,0.0,0.28858901515151514,0.5432883522727273,0.7508072916666667,0.07251302083333333,0.007395833333333333,0.009348958333333334,0.9143218398094177,0.0468108244240284,0.5446411371231079,1.0,0.0,0.29760777950286865,0.0,0.46294498443603516,1.0,0.9707757234573364,0.029224276542663574
5,5670,0.2522377073764801,0.22283458709716797,0.1548244059085846,0.01156945526599884,0.1521875,0.40368837118148804,0.9472801310995705,0.020230034722222227,1.0,0.0,0.4170217803030302,0.5625532670454545,0.7205598958333334,0.0864453125,0.013671875,0.012174479166666667,0.9217046499252319,0.041900232434272766,0.5435758233070374,1.0,0.0,0.2905054986476898,0.0,0.4620394706726074,1.0,0.971718430519104,0.028281569480895996
5,5680,0.2185719609260559,0.17867591977119446,0.15037338435649872,0.010579246096313,0.16423177083333335,0.4085730016231537,0.8978025976307372,0.07213398529423612,1.0,0.0,0.4939630681818181,0.5740944602272727,0.7408333333333333,0.083203125,0.0155859375,0.0138671875,0.9309158325195312,0.03448522090911865,0.5422695279121399,1.0,0.0,0.28179675340652466,0.0,0.46092912554740906,1.0,0.9725327491760254,0.02746725082397461
5,5690,0.2602294385433197,0.2307807356119156,0.18263575434684753,0.009957719594240189,0.1465234375,0.4135293662548065,0.9899283854166666,0.020143229166666665,1.0,0.0,0.3329782196969697,0.5499467329545454,0.709609375,0.08522135416666667,0.010872395833333333,0.010325520833333334,0.9323800802230835,0.03338451310992241,0.5411238670349121,1.0,0.0,0.2741590142250061,0.0,0.4599553048610687,1.0,0.9733511209487915,0.026648879051208496
5,5700,0.23643791675567627,0.19549816846847534,0.16930760443210602,0.011706644669175148,0.14536458333333332,0.432399183511734,0.9640777289459848,0.028902148273256108,1.0,0.0,0.32350852272727265,0.5485262784090909,0.7385677083333333,0.0386328125,0.010625,0.0101171875,0.9365573525428772,0.032050520181655884,0.5403925180435181,1.0,0.0,0.2692832350730896,0.0,0.4593336582183838,1.0,0.9738759994506836,0.026124000549316406
5,5710,0.3208782970905304,0.2786516547203064,0.227911576628685,0.015081268735229969,0.17078125,0.4935861825942993,0.9910177951388888,0.017964409722222224,1.0,0.0,0.20395359848484848,0.5305930397727273,0.6600911458333333,0.13059895833333332,0.0086328125,0.007486979166666667,0.9382467269897461,0.03191762417554855,0.5399824380874634,1.0,0.0,0.2665494382381439,0.0,0.4589850902557373,1.0,0.974392831325531,0.025607168674468994
5,5720,0.32350394129753113,0.26556700468063354,0.2412697672843933,0.027978232130408287,0.21845052083333333,0.5847266912460327,0.9903949652777777,0.01921006944444445,1.0,0.0,0.2578125,0.538671875,0.675234375,0.261640625,0.0108984375,0.008671875,0.9430860280990601,0.02724538743495941,0.5398091077804565,1.0,0.0,0.2653938829898834,0.0,0.45883774757385254,1.0,0.9749441146850586,0.025055885314941406
5,5730,0.35205918550491333,0.24933916330337524,0.22744828462600708,0.02216494269669056,0.16024739583333333,0.6251989603042603,0.9892664930555555,0.021467013888888886,1.0,0.0,0.30575284090909094,0.5458629261363637,0.5496875,0.041653645833333336,0.0016796875,0.0097265625,0.9468685388565063,0.025372475385665894,0.5404305458068848,1.0,0.0,0.26953691244125366,0.0,0.45936596393585205,1.0,0.9756482839584351,0.02435171604156494
5,5740,0.340417742729187,0.22453555464744568,0.16070429980754852,0.010122356936335564,0.1290234375,0.6658174395561218,0.9580315020247403,0.01862847222222222,1.0,0.0,0.2589962121212121,0.5388494318181818,0.5682161458333334,0.0045703125,0.00048177083333333335,0.008697916666666666,0.9509333968162537,0.02295774407684803,0.5412295460700989,1.0,0.0,0.274863600730896,0.0,0.46004512906074524,1.0,0.9761443138122559,0.02385568618774414
5,5750,0.3268066346645355,0.21649254858493805,0.12842972576618195,0.007565266918390989,0.13084635416666668,0.6789954900741577,0.8653910734725945,0.06142849418862159,1.0,0.0,0.2690577651515151,0.5403586647727272,0.5896354166666666,0.00125,0.0002734375,0.008919270833333333,0.9534869194030762,0.022159339860081673,0.5417749285697937,1.0,0.0,0.2784992754459381,0.0,0.46050870418548584,1.0,0.976632297039032,0.023367702960968018
5,5760,0.3498111367225647,0.23753806948661804,0.1327032595872879,0.010720698162913322,0.18223958333333334,0.6381729245185852,0.9115001609895984,0.01691840277777778,1.0,0.0,0.22821969696969693,0.5342329545454545,0.5900130208333333,0.009895833333333333,0.00018229166666666667,0.008020833333333333,0.9547903537750244,0.021196210756897926,0.5418087244033813,1.0,0.0,0.278724730014801,0.0,0.4605374336242676,1.0,0.9772458672523499,0.022754132747650146
5,5770,0.3463974893093109,0.2392701506614685,0.15233545005321503,0.012719147838652134,0.19372395833333333,0.6319328546524048,0.9439187464041586,0.01852864583333334,1.0,0.0,0.23828124999999994,0.5357421875,0.5965494791666667,0.0113671875,0.00013020833333333333,0.0082421875,0.9585082530975342,0.01914183422923088,0.5416100025177002,1.0,0.0,0.2774001359939575,0.0,0.4603685140609741,1.0,0.9775282740592957,0.022471725940704346
5,5780,0.31397655606269836,0.21919837594032288,0.15716245770454407,0.010230339132249355,0.16201822916666667,0.6624459028244019,0.9514885702499976,0.019726562500000003,1.0,0.0,0.21460700757575754,0.5321910511363637,0.6191276041666667,0.0008984375,0.00015625,0.007721354166666666,0.9591307044029236,0.01817850023508072,0.5406926870346069,1.0,0.0,0.271284282207489,0.0,0.45958879590034485,1.0,0.9778869152069092,0.02211308479309082
5,5790,0.33099934458732605,0.23984824120998383,0.16343647241592407,0.01419722568243742,0.19005208333333334,0.6614252924919128,0.9630024009688288,0.017934027777777778,1.0,0.0,0.1867897727272727,0.528018465909091,0.5945182291666666,0.031158854166666666,9.114583333333334e-05,0.007109375,0.9616913199424744,0.014743547886610031,0.5390481352806091,1.0,0.0,0.26032084226608276,0.0,0.45819091796875,1.0,0.9778734445571899,0.02212655544281006
5,5800,0.3434715270996094,0.24376781284809113,0.17964987456798553,0.016644440591335297,0.21942708333333333,0.6081010699272156,0.9900086085103516,0.01879774305555556,1.0,0.0,0.209280303030303,0.5313920454545454,0.6247395833333333,0.058684895833333334,0.00029947916666666664,0.007604166666666667,0.9586858153343201,0.013784346170723438,0.5386127233505249,1.0,0.0,0.2574179470539093,0.0,0.4578208327293396,1.0,0.9777249693870544,0.022275030612945557
5,5810,0.3390326499938965,0.2296879142522812,0.14614509046077728,0.016199497506022453,0.22178385416666666,0.6055119633674622,0.93386376019217,0.017686631944444448,1.0,0.0,0.21046401515151514,0.5315696022727273,0.6418489583333333,0.0305078125,0.00018229166666666667,0.0076302083333333335,0.953708291053772,0.013821129687130451,0.5382238030433655,1.0,0.0,0.25482505559921265,0.0,0.4574902355670929,1.0,0.9774905443191528,0.022509455680847168
5,5820,0.34407398104667664,0.23062127828598022,0.1532677561044693,0.01660739816725254,0.23360677083333334,0.703615665435791,0.9486214951062814,0.012278645833333334,1.0,0.0,0.22348484848484848,0.5335227272727273,0.6640625,0.025846354166666665,0.00015625,0.007916666666666667,0.9488418698310852,0.012965681962668896,0.5384689569473267,1.0,0.0,0.25645968317985535,0.0,0.45769861340522766,1.0,0.9772027134895325,0.02279728651046753
5,5830,0.3690289258956909,0.2231702357530594,0.17024190723896027,0.016835510730743408,0.24467447916666665,0.6890794634819031,0.9834863045582404,0.0,1.0,0.0,0.316998106060606,0.5475497159090909,0.7006510416666667,0.0038671875,0.0,0.009973958333333333,0.9442590475082397,0.013554036617279053,0.5383970737457275,1.0,0.0,0.25598055124282837,0.0,0.4576375186443329,1.0,0.9768881797790527,0.023111820220947266
5,5840,0.3728424608707428,0.22509673237800598,0.1753608137369156,0.016918540000915527,0.2390625,0.6643082499504089,0.9921490694009342,0.0,1.0,0.0,0.3128551136363636,0.5469282670454545,0.6846744791666667,0.04014322916666667,0.0,0.0098828125,0.944770097732544,0.012531798332929611,0.5380039811134338,1.0,0.0,0.25335949659347534,0.0,0.45730340480804443,1.0,0.9764717221260071,0.02352827787399292
5,5850,0.3817659020423889,0.22839680314064026,0.16385866701602936,0.017469294369220734,0.24875,0.6750609278678894,0.9726838980271265,0.0,1.0,0.0,0.29214015151515155,0.5438210227272727,0.6997395833333333,0.05848958333333333,0.0,0.009427083333333334,0.9409493207931519,0.013337003998458385,0.5375939011573792,1.0,0.0,0.2506256699562073,0.0,0.45695483684539795,1.0,0.9760228991508484,0.02397710084915161
5,5860,0.36235836148262024,0.22098110616207123,0.15829262137413025,0.01583958975970745,0.23748697916666667,0.6379841566085815,0.9632644361716051,0.0,1.0,0.0,0.268465909090909,0.5402698863636364,0.7027604166666667,0.0633984375,0.0,0.00890625,0.9391987323760986,0.015566961839795113,0.537082314491272,1.0,0.0,0.24721546471118927,0.0,0.4565199911594391,1.0,0.9755756855010986,0.024424314498901367
5,5870,0.36619916558265686,0.21272766590118408,0.16906529664993286,0.013705606572329998,0.23424479166666667,0.6787077784538269,0.9814951174075787,0.0,1.0,0.0,0.2607717803030303,0.5391157670454545,0.7038411458333333,0.024921875,0.0,0.008736979166666667,0.9360678195953369,0.019753992557525635,0.5367990732192993,1.0,0.0,0.2453271597623825,0.0,0.4562792181968689,1.0,0.9751094579696655,0.024890542030334473
5,5880,0.3559214174747467,0.2180325835943222,0.15657153725624084,0.01362518034875393,0.23403645833333334,0.6615821123123169,0.9603518322797923,0.0,1.0,0.0,0.28858901515151514,0.5432883522727273,0.7136979166666667,0.017291666666666667,0.0,0.009348958333333334,0.9319113492965698,0.023389969021081924,0.5364735126495361,1.0,0.0,0.2431570142507553,0.0,0.45600250363349915,1.0,0.9745842814445496,0.02541571855545044
5,5890,0.34979212284088135,0.20121324062347412,0.15138520300388336,0.011780603788793087,0.21979166666666666,0.737485945224762,0.9515749589296488,0.0,1.0,0.0,0.2637310606060606,0.5395596590909091,0.6909635416666666,0.0008984375,1.3020833333333334e-05,0.008802083333333334,0.9279797077178955,0.028146561235189438,0.5363636016845703,1.0,0.0,0.24242424964904785,0.0,0.4559090733528137,1.0,0.9740175008773804,0.02598249912261963
5,5900,0.3514854311943054,0.20705455541610718,0.136752650141716,0.011048592627048492,0.19520833333333334,0.71088045835495,0.926812177162904,0.0,1.0,0.0,0.2720170454545454,0.5408025568181818,0.65171875,0.00026041666666666666,1.3020833333333334e-05,0.008984375,0.9220815300941467,0.03176920861005783,0.5364566445350647,1.0,0.0,0.24304428696632385,0.0,0.45598816871643066,1.0,0.9734228253364563,0.0265771746635437
5,5910,0.34719523787498474,0.18982310593128204,0.111235111951828,0.008861178532242775,0.12578125,0.7307646870613098,0.8595503844547226,0.02967459699366151,1.0,0.0,0.2690577651515151,0.5403586647727272,0.6933854166666666,0.0004166666666666667,0.0,0.008919270833333333,0.9176197648048401,0.03449632227420807,0.5362156629562378,1.0,0.0,0.24143782258033752,0.0,0.45578333735466003,1.0,0.9728096723556519,0.027190327644348145
5,5920,0.3568396270275116,0.20445089042186737,0.11430437862873077,0.009942034259438515,0.12130208333333334,0.7279840707778931,0.8888227946024675,0.0,1.0,0.0,0.23828124999999994,0.5357421875,0.6603385416666666,0.000859375,1.3020833333333334e-05,0.0082421875,0.9162232875823975,0.03782431036233902,0.535797119140625,1.0,0.0,0.23864763975143433,0.0,0.4554275572299957,1.0,0.9721685647964478,0.027831435203552246
5,5930,0.3648703098297119,0.20697426795959473,0.13386952877044678,0.007964651100337505,0.12950520833333334,0.7560644745826721,0.8941553952828692,0.03156551523361262,1.0,0.0,0.247750946969697,0.5371626420454545,0.5868619791666667,0.000234375,0.0,0.008450520833333334,0.915252685546875,0.04112275317311287,0.5352898240089417,1.0,0.0,0.2352656126022339,0.0,0.45499637722969055,1.0,0.9714679718017578,0.028532028198242188
5,5940,0.34590673446655273,0.21945466101169586,0.2138957530260086,0.011485688388347626,0.1994140625,0.6700382232666016,0.9999999999999999,0.0,1.0,0.0,0.2507102272727273,0.5376065340909091,0.71375,0.002578125,0.010208333333333333,0.008515625,0.911550760269165,0.04504911229014397,0.5339792966842651,1.0,0.0,0.22652868926525116,0.0,0.4538824260234833,1.0,0.9707216024398804,0.02927839756011963
5,5950,0.35328948497772217,0.20004668831825256,0.12626686692237854,0.007834360003471375,0.17451822916666668,0.7146003246307373,0.8777937373613999,0.03553780477221419,1.0,0.0,0.20158617424242423,0.5302379261363637,0.7194270833333334,0.0013541666666666667,0.0005729166666666667,0.007434895833333333,0.9039638638496399,0.051529236137866974,0.5330111980438232,1.0,0.0,0.2200746387243271,0.0,0.45305952429771423,1.0,0.9699443578720093,0.030055642127990723
5,5960,0.4047747254371643,0.1990615874528885,0.1349179446697235,0.005526099819689989,0.1026953125,0.7815322875976562,0.8286282659257721,0.10825762223088889,1.0,0.0,0.19744318181818177,0.5296164772727273,0.5838802083333333,0.00037760416666666666,0.0003515625,0.00734375,0.8990921974182129,0.05484776943922043,0.5323052406311035,1.0,0.0,0.21536797285079956,0.0,0.452459454536438,1.0,0.969188928604126,0.030811071395874023
5,5970,0.39399001002311707,0.20531557500362396,0.1433732956647873,0.005561049561947584,0.10516927083333333,0.8161972165107727,0.8457518225618922,0.10484604994062244,1.0,0.0,0.1885653409090909,0.5282848011363637,0.6248046875,0.00024739583333333335,0.00013020833333333333,0.0071484375,0.8908894062042236,0.06000077351927757,0.5317978858947754,1.0,0.0,0.21198594570159912,0.0,0.45202821493148804,1.0,0.9684486985206604,0.0315513014793396
5,5980,0.38757431507110596,0.2196473777294159,0.14462293684482574,0.005887798964977264,0.1235546875,0.7806176543235779,0.8566330473418532,0.0948841778970346,1.0,0.0,0.19270833333333331,0.52890625,0.6702083333333333,0.050833333333333335,3.90625e-05,0.007239583333333333,0.881196916103363,0.06539402902126312,0.5313370823860168,1.0,0.0,0.2089139223098755,0.0,0.45163652300834656,1.0,0.9677276611328125,0.0322723388671875
5,5990,0.3664657473564148,0.2070728838443756,0.16474543511867523,0.005076629109680653,0.11795572916666666,0.7525864243507385,0.8689234122804473,0.11961496616827277,1.0,0.0,0.19921874999999997,0.5298828125,0.6839322916666667,7.8125e-05,0.0,0.0073828125,0.8705739974975586,0.07333917915821075,0.5306310653686523,1.0,0.0,0.20420725643634796,0.0,0.4510364234447479,1.0,0.9670565128326416,0.0329434871673584
5,6000,0.3779730498790741,0.21682588756084442,0.13383229076862335,0.005916485097259283,0.14321614583333334,0.7586749196052551,0.8391415819213998,0.09400960069331454,1.0,0.0,0.19981060606060602,0.5299715909090909,0.6946484375,0.016236979166666665,0.0,0.007395833333333333,0.8643349409103394,0.078162282705307,0.5301406979560852,1.0,0.0,0.20093795657157898,0.0,0.4506196081638336,1.0,0.9664305448532104,0.03356945514678955
5,6010,0.39599505066871643,0.21437804400920868,0.1582840383052826,0.006504997611045837,0.15759114583333333,0.7030662298202515,0.8963108224940345,0.07606714600470008,1.0,0.0,0.17554450757575754,0.5263316761363637,0.693671875,0.0051953125,0.0,0.006861979166666666,0.859768807888031,0.08219319581985474,0.5296798944473267,1.0,0.0,0.19786593317985535,0.0,0.45022791624069214,1.0,0.9658190608024597,0.03418093919754028
5,6020,0.4093216359615326,0.21657902002334595,0.16912880539894104,0.006127560045570135,0.16975260416666665,0.6965569853782654,0.9045371315600333,0.08757438885456903,1.0,0.0,0.15187026515151514,0.5227805397727273,0.7041015625,0.037369791666666666,1.3020833333333334e-05,0.006341145833333333,0.8601740598678589,0.08578551560640335,0.5291345119476318,1.0,0.0,0.19423025846481323,0.0,0.44976434111595154,1.0,0.9652427434921265,0.034757256507873535
5,6030,0.42094138264656067,0.20884917676448822,0.1840372234582901,0.006325294263660908,0.16013020833333333,0.6825060844421387,0.9282396021957805,0.08154590659570402,1.0,0.0,0.1524621212121212,0.5228693181818181,0.7136588541666666,0.0725,1.3020833333333334e-05,0.006354166666666667,0.8602718710899353,0.08922100067138672,0.5288344025611877,1.0,0.0,0.19222921133041382,0.0,0.44950926303863525,1.0,0.9646815061569214,0.03531849384307861
5,6040,0.4109621047973633,0.19951817393302917,0.16712366044521332,0.006335034035146236,0.15022135416666665,0.6852743029594421,0.9057465325267967,0.08245352751052963,1.0,0.0,0.13352272727272727,0.5200284090909091,0.7415625,0.023658854166666667,3.90625e-05,0.0059375,0.8571720123291016,0.09217812120914459,0.528479278087616,1.0,0.0,0.18986178934574127,0.0,0.4492073953151703,1.0,0.9641277194023132,0.03587228059768677
5,6050,0.3746950924396515,0.19535009562969208,0.15142741799354553,0.004917782731354237,0.1256640625,0.6885062456130981,0.8328236886112484,0.1360826044820431,1.0,0.0,0.17732007575757572,0.5265980113636364,0.7819661458333333,0.0032942708333333335,2.604166666666667e-05,0.0069010416666666664,0.8531893491744995,0.09449809044599533,0.5282721519470215,1.0,0.0,0.18848079442977905,0.0,0.44903135299682617,1.0,0.9635597467422485,0.036440253257751465
5,6060,0.37283119559288025,0.19649899005889893,0.13923020660877228,0.0070012761279940605,0.16805989583333333,0.70892333984375,0.8703786461429904,0.06968922826756792,1.0,0.0,0.19330018939393936,0.5289950284090909,0.71984375,0.000234375,5.208333333333334e-05,0.007252604166666667,0.8534865975379944,0.09539563953876495,0.5283439755439758,1.0,0.0,0.18895992636680603,0.0,0.44909238815307617,1.0,0.9630019664764404,0.03699803352355957
5,6070,0.3725821077823639,0.19742907583713531,0.11247032135725021,0.0056614261120557785,0.14291666666666666,0.7023928165435791,0.7910056624934777,0.10821309967375388,1.0,0.0,0.19744318181818177,0.5296164772727273,0.6867317708333334,0.0001171875,5.208333333333334e-05,0.00734375,0.8559579849243164,0.09205104410648346,0.5284031629562378,1.0,0.0,0.18935447931289673,0.0,0.4491426944732666,1.0,0.9624570608139038,0.03754293918609619
5,6080,0.3762345016002655,0.19643238186836243,0.10726291686296463,0.005577666684985161,0.13552083333333334,0.703082799911499,0.7779525397323757,0.11325847566491223,1.0,0.0,0.19625946969696967,0.5294389204545454,0.6822395833333333,7.8125e-05,0.00020833333333333335,0.007317708333333333,0.8553001284599304,0.09121602773666382,0.5285975933074951,1.0,0.0,0.19065093994140625,0.0,0.44930797815322876,1.0,0.9619338512420654,0.03806614875793457
5,6090,0.3658778667449951,0.1906787008047104,0.1104101687669754,0.004291733726859093,0.09233072916666667,0.7449585199356079,0.7372706558718914,0.16684795143764192,1.0,0.0,0.189749053030303,0.5284623579545454,0.6286197916666667,2.604166666666667e-05,2.604166666666667e-05,0.007174479166666667,0.8570040464401245,0.08945590257644653,0.5286991000175476,1.0,0.0,0.19132733345031738,0.0,0.44939425587654114,1.0,0.961434006690979,0.038565993309020996
5,6100,0.36066359281539917,0.20503169298171997,0.12663328647613525,0.005677844863384962,0.10184895833333334,0.7705337405204773,0.8205561087202232,0.10128521757972675,1.0,0.0,0.19507575757575757,0.5292613636363637,0.5812369791666666,0.0,1.3020833333333334e-05,0.007291666666666667,0.8562586307525635,0.086878702044487,0.5287413597106934,1.0,0.0,0.19160917401313782,0.0,0.4494301676750183,1.0,0.960942268371582,0.03905773162841797
5,6110,0.36478355526924133,0.20770922303199768,0.12410780042409897,0.006223503965884447,0.0998046875,0.7574743032455444,0.8309218437048497,0.08464926933279124,1.0,0.0,0.20750473484848483,0.5311257102272727,0.5685026041666666,0.00022135416666666666,0.0,0.007565104166666667,0.8575407266616821,0.08587290346622467,0.5287667512893677,1.0,0.0,0.1917782723903656,0.0,0.449451744556427,1.0,0.9605023264884949,0.03949767351150513
5,6120,0.3713937997817993,0.2218129187822342,0.1566748470067978,0.005555271171033382,0.12096354166666666,0.7388999462127686,0.8680615373007986,0.10511336622865702,1.0,0.0,0.19270833333333331,0.52890625,0.535546875,3.90625e-05,0.0,0.007239583333333333,0.8548359870910645,0.08625245094299316,0.5291388034820557,1.0,0.0,0.1942584365606308,0.0,0.4497680068016052,1.0,0.9600984454154968,0.039901554584503174
5,6130,0.37776434421539307,0.21592135727405548,0.15265069901943207,0.0066895876079797745,0.11524739583333334,0.7467060685157776,0.8908770290557633,0.07214513136240525,1.0,0.0,0.19625946969696967,0.5294389204545454,0.5008333333333334,0.00010416666666666667,0.0,0.007317708333333333,0.8519504070281982,0.08665790408849716,0.5295615196228027,1.0,0.0,0.19707679748535156,0.0,0.4501273036003113,1.0,0.959733784198761,0.040266215801239014
5,6140,0.3793197572231293,0.21400879323482513,0.12742702662944794,0.005966932978481054,0.10520833333333333,0.7538239359855652,0.8290585956930624,0.09366513192300308,1.0,0.0,0.19803503787878785,0.5297052556818181,0.51859375,0.00037760416666666666,0.0,0.007356770833333333,0.8488146066665649,0.08624699711799622,0.5299166440963745,1.0,0.0,0.1994442343711853,0.0,0.45042917132377625,1.0,0.9594006538391113,0.04059934616088867
5,6150,0.38079166412353516,0.22379325330257416,0.15541814267635345,0.007474187295883894,0.14446614583333334,0.7291201949119568,0.9163632349402011,0.04871920083687315,1.0,0.0,0.22170928030303028,0.5332563920454545,0.5699348958333333,0.00010416666666666667,3.90625e-05,0.007877604166666666,0.8485697507858276,0.08571123331785202,0.5303647518157959,1.0,0.0,0.20243169367313385,0.0,0.450810045003891,1.0,0.9591223001480103,0.040877699851989746
5,6160,0.3818252980709076,0.22060644626617432,0.13917796313762665,0.007300693076103926,0.15111979166666667,0.7111003398895264,0.884036329129316,0.0543862629236608,1.0,0.0,0.21164772727272724,0.5317471590909091,0.5931640625,7.8125e-05,0.00013020833333333333,0.00765625,0.8532769083976746,0.08136751502752304,0.5305761694908142,1.0,0.0,0.20384086668491364,0.0,0.4509897530078888,1.0,0.95890212059021,0.04109787940979004
5,6170,0.37515389919281006,0.21394793689250946,0.12859593331813812,0.00783732533454895,0.1508203125,0.7258971929550171,0.8805278996407849,0.03802118305914445,1.0,0.0,0.20572916666666666,0.530859375,0.611640625,0.00014322916666666667,6.510416666666667e-05,0.007526041666666667,0.8566642999649048,0.07939218729734421,0.5306479930877686,1.0,0.0,0.20431998372077942,0.0,0.4510508179664612,1.0,0.9586840867996216,0.04131591320037842
5,6180,0.3706556558609009,0.20761702954769135,0.1252109408378601,0.006264758296310902,0.13303385416666666,0.7070986032485962,0.8319358847953328,0.08731078618970826,1.0,0.0,0.2157907196969697,0.5323686079545454,0.6176041666666666,0.00022135416666666666,9.114583333333334e-05,0.0077473958333333336,0.8627358078956604,0.07533992826938629,0.5307241082191467,1.0,0.0,0.20482727885246277,0.0,0.45111551880836487,1.0,0.9584972262382507,0.04150277376174927
5,6190,0.3634214699268341,0.2128864824771881,0.1456615924835205,0.007229438051581383,0.13576822916666667,0.7229846119880676,0.892415481164216,0.0579215194301069,1.0,0.0,0.20691287878787876,0.5310369318181818,0.60578125,0.0001171875,5.208333333333334e-05,0.007552083333333333,0.8700024485588074,0.07052619755268097,0.5301491022109985,1.0,0.0,0.2009943127632141,0.0,0.45062676072120667,1.0,0.9583494663238525,0.04165053367614746
5,6200,0.35756736993789673,0.20748576521873474,0.12614651024341583,0.007027908228337765,0.12971354166666665,0.7310591340065002,0.8532690839820449,0.06549367274715485,1.0,0.0,0.20513731060606058,0.5307705965909091,0.6013020833333333,0.00010416666666666667,2.604166666666667e-05,0.007513020833333333,0.8788983821868896,0.06439992785453796,0.529337465763092,1.0,0.0,0.19558307528495789,0.0,0.4499368667602539,1.0,0.9581704139709473,0.041829586029052734
5,6210,0.350278377532959,0.2070140242576599,0.1374346762895584,0.006802744697779417,0.12029947916666667,0.7355419397354126,0.8660664044984566,0.07288792842135923,1.0,0.0,0.2033617424242424,0.5305042613636364,0.5952864583333334,0.0002734375,0.0,0.007473958333333333,0.8789931535720825,0.06524790823459625,0.5286822319030762,1.0,0.0,0.19121460616588593,0.0,0.44937992095947266,1.0,0.9579893350601196,0.04201066493988037
5,6220,0.34754759073257446,0.21058772504329681,0.1278662383556366,0.006389484275132418,0.1109375,0.7358496189117432,0.8395110150144569,0.08403767877306313,1.0,0.0,0.22762784090909086,0.5341441761363637,0.5796484375,0.0002734375,0.0,0.0080078125,0.8801652789115906,0.06625914573669434,0.5280860662460327,1.0,0.0,0.18724071979522705,0.0,0.4488731622695923,1.0,0.957862377166748,0.04213762283325195
5,6230,0.3385714888572693,0.20069007575511932,0.13664449751377106,0.006009581033140421,0.104609375,0.7563352584838867,0.8439396295081751,0.0960888446874533,1.0,0.0,0.21105587121212122,0.5316583806818181,0.6106901041666667,0.00024739583333333335,0.0,0.007643229166666667,0.878372848033905,0.06689023971557617,0.527633786201477,1.0,0.0,0.18422506749629974,0.0,0.4484887421131134,1.0,0.9577947854995728,0.042205214500427246
5,6240,0.36941877007484436,0.22178111970424652,0.13563203811645508,0.006749833468347788,0.11213541666666667,0.7601984739303589,0.862388317175994,0.07291687427123951,1.0,0.0,0.2021780303030303,0.5303267045454545,0.5076432291666667,0.0005598958333333334,0.0,0.007447916666666667,0.8756580352783203,0.0691094622015953,0.527320921421051,1.0,0.0,0.18213947117328644,0.0,0.4482227861881256,1.0,0.957754373550415,0.04224562644958496
5,6250,0.3712189793586731,0.2228415161371231,0.15719476342201233,0.0068247150629758835,0.11524739583333334,0.7488009333610535,0.9006038132757227,0.07120247521414988,1.0,0.0,0.19625946969696967,0.5294389204545454,0.5219401041666667,0.00026041666666666666,1.3020833333333334e-05,0.007317708333333333,0.8746860027313232,0.07021407037973404,0.5271475911140442,1.0,0.0,0.18098394572734833,0.0,0.44807547330856323,1.0,0.9578001499176025,0.04219985008239746
5,6260,0.3724972605705261,0.2254784256219864,0.1614992767572403,0.007741133216768503,0.1321484375,0.7259024977684021,0.9316744215709575,0.04486445985461881,1.0,0.0,0.20691287878787876,0.5310369318181818,0.5320052083333333,0.00014322916666666667,0.00010416666666666667,0.007552083333333333,0.8728686571121216,0.07180966436862946,0.5272067785263062,1.0,0.0,0.1813785284757614,0.0,0.44812577962875366,1.0,0.9578959941864014,0.04210400581359863
5,6270,0.36647090315818787,0.22306376695632935,0.15855513513088226,0.008301721885800362,0.149765625,0.7113492488861084,0.9415151979638334,0.028207369674108196,1.0,0.0,0.2033617424242424,0.5305042613636364,0.5712760416666667,0.0006510416666666666,9.114583333333334e-05,0.007473958333333333,0.8723020553588867,0.07174424082040787,0.5271898508071899,1.0,0.0,0.18126578629016876,0.0,0.4481113851070404,1.0,0.9579992294311523,0.042000770568847656
5,6280,0.36419153213500977,0.22194822132587433,0.14161142706871033,0.00857094582170248,0.13903645833333333,0.7295038104057312,0.9185061519589118,0.023115642292268555,1.0,0.0,0.20809659090909088,0.5312144886363637,0.5833203125,0.0008072916666666667,0.00010416666666666667,0.007578125,0.8715578317642212,0.0729779601097107,0.5269361734390259,1.0,0.0,0.17957475781440735,0.0,0.44789576530456543,1.0,0.9581105709075928,0.04188942909240723
5,6290,0.3865361511707306,0.2426231950521469,0.1425584852695465,0.009928387589752674,0.15509114583333333,0.6609776020050049,0.9305523671655573,0.012170138888888897,1.0,0.0,0.11576704545454543,0.5173650568181818,0.598984375,0.0609375,7.8125e-05,0.005546875,0.8701197504997253,0.07384797930717468,0.5265345573425293,1.0,0.0,0.1768973171710968,0.0,0.4475543797016144,1.0,0.9582490921020508,0.04175090789794922
5,6300,0.35006505250930786,0.2196797877550125,0.15083792805671692,0.008355613797903061,0.14442708333333334,0.6715404987335205,0.9240852174154788,0.0381962680178606,1.0,0.0,0.0761126893939394,0.511416903409091,0.5982942708333333,0.002447916666666667,1.3020833333333334e-05,0.004674479166666667,0.8665913343429565,0.07630003988742828,0.5261245369911194,1.0,0.0,0.17416352033615112,0.0,0.44720587134361267,1.0,0.957891047000885,0.04210895299911499
5,6310,0.33723846077919006,0.21024349331855774,0.13254952430725098,0.005754022393375635,0.10154947916666666,0.683979868888855,0.8225468867346691,0.11909294024261274,1.0,0.0,0.10333806818181819,0.5155007102272727,0.5909765625,1.3020833333333334e-05,1.3020833333333334e-05,0.0052734375,0.867857038974762,0.07659216225147247,0.5256129503250122,1.0,0.0,0.17075330018997192,0.0,0.4467710256576538,1.0,0.9580855369567871,0.04191446304321289
5,6320,0.3381597399711609,0.2170945107936859,0.1451052874326706,0.006197486538439989,0.1048046875,0.7208245992660522,0.855536669780727,0.10588519191748,1.0,0.0,0.12405303030303028,0.5186079545454545,0.55,2.604166666666667e-05,0.0,0.005729166666666666,0.8688245415687561,0.07810577750205994,0.5256257057189941,1.0,0.0,0.17083784937858582,0.0,0.44678187370300293,1.0,0.9583096504211426,0.04169034957885742
5,6330,0.33815133571624756,0.21399512887001038,0.136508047580719,0.005823984742164612,0.112890625,0.7013083100318909,0.8304198397465837,0.11836619180392444,1.0,0.0,0.1293797348484848,0.5194069602272727,0.5605338541666667,0.0,0.0,0.005846354166666666,0.872272253036499,0.07745673507452011,0.525486171245575,1.0,0.0,0.16990777850151062,0.0,0.4466632604598999,1.0,0.9575464129447937,0.0424535870552063
5,6340,0.337990403175354,0.21268072724342346,0.1386580616235733,0.005823956802487373,0.11947916666666666,0.6954838037490845,0.8338666032265568,0.11874898806779688,1.0,0.0,0.1524621212121212,0.5228693181818181,0.5682421875,3.90625e-05,0.0,0.006354166666666667,0.8745957612991333,0.07605288177728653,0.5254143476486206,1.0,0.0,0.16942866146564484,0.0,0.4466021955013275,1.0,0.95530766248703,0.04469233751296997
5,6350,0.3365475833415985,0.21227242052555084,0.12265358865261078,0.005903361830860376,0.11911458333333333,0.7021628022193909,0.8086455622331404,0.1168619572230915,1.0,0.0,0.17376893939393936,0.5260653409090909,0.5714453125,5.208333333333334e-05,0.0,0.006822916666666666,0.8780269026756287,0.07537513971328735,0.5259174108505249,1.0,0.0,0.1727825105190277,0.0,0.44702979922294617,1.0,0.9540891051292419,0.04591089487075806
5,6360,0.34861695766448975,0.2247808426618576,0.14582474529743195,0.007027441635727882,0.129375,0.7159318327903748,0.8781988191966814,0.0822266481316025,1.0,0.0,0.22999526515151514,0.5344992897727273,0.5224088541666667,0.0,0.0,0.008059895833333334,0.877780556678772,0.07633323222398758,0.5264458060264587,1.0,0.0,0.17630547285079956,0.0,0.4474789500236511,1.0,0.9530220031738281,0.046977996826171875
5,6370,0.3524310290813446,0.226100891828537,0.12712238729000092,0.007975419983267784,0.14110677083333334,0.6804425716400146,0.8721384902982158,0.05301236924319086,1.0,0.0,0.209280303030303,0.5313920454545454,0.5263020833333333,1.3020833333333334e-05,5.208333333333334e-05,0.007604166666666667,0.8734951019287109,0.08026646077632904,0.5271899104118347,1.0,0.0,0.18126578629016876,0.0,0.4481114447116852,1.0,0.9509111642837524,0.04908883571624756
5,6380,0.3552466928958893,0.21993428468704224,0.1292407214641571,0.007512144278734922,0.13825520833333332,0.7089921832084656,0.8648977479845136,0.06392916324995153,1.0,0.0,0.17021780303030298,0.5255326704545454,0.5624348958333333,3.90625e-05,2.604166666666667e-05,0.006744791666666666,0.8705130815505981,0.08564548194408417,0.5283439755439758,1.0,0.0,0.18895992636680603,0.0,0.44909238815307617,1.0,0.9484200477600098,0.051579952239990234
5,6390,0.35004064440727234,0.21531735360622406,0.11382413655519485,0.006109942216426134,0.11596354166666667,0.7172548770904541,0.8017371325626153,0.1055811358474417,1.0,0.0,0.15956439393939392,0.5239346590909091,0.5547265625,2.604166666666667e-05,2.604166666666667e-05,0.006510416666666667,0.8677743673324585,0.09243175387382507,0.5295318961143494,1.0,0.0,0.1968795210123062,0.0,0.4501021206378937,1.0,0.9476402997970581,0.052359700202941895
5,6400,0.34149235486984253,0.216587096452713,0.12592646479606628,0.005938783288002014,0.10295572916666666,0.7236568331718445,0.8183182012336513,0.10941484724926108,1.0,0.0,0.1495028409090909,0.5224254261363637,0.5645052083333333,3.90625e-05,3.90625e-05,0.0062890625,0.8531057834625244,0.10307079553604126,0.5317302942276001,1.0,0.0,0.2115350067615509,0.0,0.45197075605392456,1.0,0.9460684061050415,0.053931593894958496
5,6410,0.3450333774089813,0.21774916350841522,0.14312322437763214,0.0071071418933570385,0.09529947916666667,0.7357432842254639,0.8798495155469916,0.0716283594504968,1.0,0.0,0.13352272727272727,0.5200284090909091,0.5509765625,5.208333333333334e-05,0.0,0.0059375,0.8471243381500244,0.10936123132705688,0.535442054271698,1.0,0.0,0.23628020286560059,0.0,0.45512574911117554,1.0,0.9437813758850098,0.056218624114990234
5,6420,0.3460063934326172,0.2184850573539734,0.16466577351093292,0.00595050398260355,0.10114583333333334,0.7255225777626038,0.8863833293043215,0.10467382844365869,1.0,0.0,0.20513731060606058,0.5307705965909091,0.5846354166666666,0.0025651041666666665,0.0,0.007513020833333333,0.8500556349754333,0.10996153950691223,0.5411492586135864,1.0,0.0,0.2743281126022339,0.0,0.4599768817424774,1.0,0.9428948163986206,0.057105183601379395
5,6430,0.34841135144233704,0.21816979348659515,0.1620955914258957,0.00705065717920661,0.11048177083333334,0.723486065864563,0.9119125088603421,0.0704077460607741,1.0,0.0,0.20809659090909088,0.5312144886363637,0.5638151041666667,0.0007682291666666666,0.0,0.007578125,0.8568209409713745,0.10514715313911438,0.5498908758163452,1.0,0.007305046543478966,0.3155607581138611,0.0,0.4674072563648224,1.0,0.9421807527542114,0.057819247245788574
5,6440,0.3496081531047821,0.21320344507694244,0.14894317090511322,0.0071525112725794315,0.1069921875,0.7212615013122559,0.8927344594605862,0.0666079938915485,1.0,0.0,0.20099431818181815,0.5301491477272727,0.5611458333333333,0.00048177083333333335,0.0,0.007421875,0.8602253794670105,0.10567737370729446,0.5570598840713501,1.0,0.010080540552735329,0.3568779528141022,0.0,0.47350090742111206,1.0,0.9358307123184204,0.06416928768157959
5,6450,0.35496771335601807,0.222076416015625,0.1698000580072403,0.007363862823694944,0.110859375,0.7267502546310425,0.9344411547711727,0.058684314318243544,1.0,0.0,0.2726089015151515,0.5408913352272727,0.5322005208333334,0.0015494791666666667,0.0,0.008997395833333333,0.8679578900337219,0.10037980228662491,0.5656707286834717,1.0,0.018002362921833992,0.39579951763153076,0.0,0.4808201193809509,1.0,0.9340112805366516,0.06598871946334839
5,6460,0.3534219264984131,0.22209995985031128,0.16362300515174866,0.006307572592049837,0.11876302083333333,0.7438920736312866,0.8954311727993974,0.0913223125730063,1.0,0.0,0.27024147727272724,0.5405362215909091,0.5585416666666667,0.010859375,0.0,0.0089453125,0.8716627359390259,0.1013718843460083,0.5732008218765259,1.0,0.025251932442188263,0.4290843904018402,0.0,0.4872207045555115,1.0,0.9325159788131714,0.06748402118682861
5,6470,0.3454684019088745,0.21335166692733765,0.15104874968528748,0.0050645265728235245,0.09786458333333334,0.6680654883384705,0.8416805546484889,0.1274622445616134,1.0,0.0,0.3110795454545454,0.5466619318181818,0.6111848958333334,0.055299479166666665,0.0,0.00984375,0.8732773065567017,0.10254404693841934,0.5787918567657471,1.0,0.026912987232208252,0.4624819755554199,0.0,0.4919731020927429,1.0,0.9307941794395447,0.06920582056045532
5,6480,0.3959152102470398,0.27758723497390747,0.2200830727815628,0.004638927988708019,0.09194010416666666,0.6382514238357544,0.8788918963264482,0.14116697781716742,1.0,0.0,0.36493844696969696,0.5547407670454545,0.6254817708333333,0.13279947916666668,6.510416666666667e-05,0.011028645833333333,0.8782768249511719,0.10219784080982208,0.5831573009490967,0.99836665391922,0.02767171710729599,0.49525949358940125,0.0,0.4956837296485901,1.0,0.9281700849533081,0.0718299150466919
5,6490,0.39619407057762146,0.2998974323272705,0.24501460790634155,0.004560469649732113,0.0761328125,0.49366119503974915,0.860993146468214,0.16562730964179248,1.0,0.0,0.3744081439393938,0.5561612215909091,0.6395052083333334,0.2826432291666667,0.00029947916666666664,0.011236979166666666,0.8824681043624878,0.10234591364860535,0.5882225036621094,0.99836665391922,0.03394227847456932,0.5143961906433105,0.0,0.4999891519546509,1.0,0.9249483346939087,0.07505166530609131
5,6500,0.42691782116889954,0.21385347843170166,0.08027628809213638,0.003577589523047209,0.05716145833333333,0.2778002917766571,0.6225122974459327,0.23558982848746002,1.0,0.0,0.42353219696969696,0.5635298295454545,0.3037890625,0.8040625,0.06770833333333333,0.012317708333333333,0.8883858919143677,0.10234956443309784,0.5929160714149475,0.996246874332428,0.037226855754852295,0.5450881719589233,0.0,0.5039786696434021,1.0,0.9015301465988159,0.09846985340118408
5,6510,0.314397931098938,0.18009912967681885,0.14711840450763702,0.005046181846410036,0.11859375,0.35450801253318787,0.7984744343434166,0.1702954121978908,1.0,0.0,0.5957623106060606,0.5893643465909091,0.7262760416666667,0.7303515625,0.026236979166666667,0.016106770833333332,0.894049346446991,0.1015988364815712,0.597875714302063,0.996246874332428,0.037700045853853226,0.5770484209060669,0.0,0.5081943869590759,1.0,0.8781394362449646,0.1218605637550354
5,6520,0.3163139820098877,0.24423445761203766,0.24641667306423187,0.004680255893617868,0.12873697916666665,0.4107743501663208,0.8841044264141379,0.1316995154384796,1.0,0.0,0.9023437499999999,0.6353515624999999,0.7378776041666667,0.27911458333333333,0.05091145833333333,0.0228515625,0.899465799331665,0.09879788011312485,0.6021201610565186,0.996246874332428,0.03770004212856293,0.6053447723388672,0.0,0.5118021368980408,1.0,0.8547417521476746,0.14525824785232544
5,6530,0.3913670778274536,0.2960280776023865,0.27172231674194336,0.009054522961378098,0.15678385416666665,0.3230679929256439,0.9976085069444444,0.004782986111111109,1.0,0.15340597587719298,0.989938446969697,0.7021828586024721,0.47912760416666667,0.40122395833333335,0.25829427083333334,0.024778645833333335,0.9047614336013794,0.0940428227186203,0.6044833064079285,0.996246874332428,0.03770004212856293,0.6210993528366089,0.0,0.5138108134269714,0.9140101671218872,0.8313418626785278,0.16865813732147217
5,6540,0.34165576100349426,0.30342841148376465,0.29759281873703003,0.00612245500087738,0.14294270833333333,0.33594799041748047,0.9019121565276045,0.1295008637943888,1.0,0.05828536184210521,0.9970407196969697,0.6699559845992823,0.3038671875,0.33057291666666666,0.2221484375,0.024934895833333335,0.8848839402198792,0.11028587818145752,0.5791873931884766,0.9486278295516968,0.03770004212856293,0.6111900806427002,0.13301804661750793,0.4923093020915985,0.8046808838844299,0.8079193830490112,0.19208061695098877
5,6550,0.40617311000823975,0.3089398741722107,0.27584758400917053,0.010044713504612446,0.16022135416666666,0.3084215819835663,0.9962499999999999,0.007499999999999999,1.0,0.166358278508772,0.9698153409090909,0.7036976986144339,0.3847526041666667,0.3790234375,0.26321614583333336,0.0243359375,0.8889632225036621,0.10917115956544876,0.5792043209075928,0.9486278295516968,0.03770004212856293,0.6113027334213257,0.07381461560726166,0.49232369661331177,0.884587824344635,0.7844792604446411,0.2155207395553589
5,6560,0.37708580493927,0.28718286752700806,0.2652663588523865,0.00514114648103714,0.16106770833333334,0.31661441922187805,0.8864459121098041,0.13769571619466714,1.0,0.15224095394736847,0.872750946969697,0.6841969759270334,0.3587890625,0.4044270833333333,0.2578515625,0.022200520833333334,0.8919076323509216,0.10673153400421143,0.5793437957763672,0.9486278295516968,0.03770004212856293,0.6122328639030457,0.09356170892715454,0.49244225025177,0.8950296640396118,0.7610166072845459,0.2389833927154541
5,6570,0.3938469886779785,0.3142167627811432,0.30071038007736206,0.006024457979947329,0.14962239583333334,0.2948356866836548,0.9121063188556329,0.10684187645824539,1.0,0.034882127192982434,0.931344696969697,0.6519104490629983,0.33541666666666664,0.3327994791666667,0.21325520833333333,0.023489583333333335,0.8968871235847473,0.1023828536272049,0.5807853937149048,0.9486278295516968,0.03770004212856293,0.6218434572219849,0.14504484832286835,0.4936676025390625,0.8093152642250061,0.7375577688217163,0.2624422311782837
5,6580,0.33000609278678894,0.30870339274406433,0.29955264925956726,0.010113677009940147,0.14329427083333332,0.3254489600658417,0.9771289062499999,0.0457421875,0.9656982421875003,0.01593338815789471,0.8976089015151515,0.6230671421762861,0.20682291666666666,0.20220052083333334,0.2060546875,0.022747395833333333,0.9042986035346985,0.096568264067173,0.5855076313018799,0.9486278295516968,0.03770004212856293,0.653324544429779,0.21903328597545624,0.49768149852752686,0.7753443121910095,0.714134693145752,0.28586530685424805
5,6590,0.36754924058914185,0.30952441692352295,0.27161428332328796,0.007828980684280396,0.14342447916666667,0.323757529258728,0.9529140058248671,0.06703861396164107,1.0,0.13168174342105268,0.5720880681818182,0.6319018204246412,0.24483072916666668,0.26760416666666664,0.2500390625,0.0155859375,0.9099564552307129,0.09006448090076447,0.5879384279251099,0.9486278295516968,0.03770004212856293,0.6695301532745361,0.13774506747722626,0.4997476637363434,0.9153953194618225,0.6907429099082947,0.3092570900917053
5,6600,0.32058972120285034,0.2909718453884125,0.28878647089004517,0.0071735684759914875,0.15184895833333334,0.36196380853652954,0.9260111994574951,0.10565784626042213,0.9554850260416669,0.06897615131578942,0.8040956439393939,0.6224985125722688,0.22643229166666667,0.17932291666666667,0.2262109375,0.020690104166666667,0.8689568042755127,0.08217746764421463,0.5614545345306396,0.9010087251663208,0.03770004212856293,0.6517012119293213,0.10135874152183533,0.4772363603115082,0.8739574551582336,0.6673843860626221,0.33261561393737793
5,6610,0.3257979452610016,0.29823392629623413,0.3127959072589874,0.007625380530953407,0.147890625,0.3652154505252838,0.9372497397701591,0.09364958154274843,1.0,0.009936951754385913,0.8206676136363635,0.6265780751594896,0.3150911458333333,0.22330729166666666,0.20377604166666666,0.0210546875,0.8393133878707886,0.07095889747142792,0.5346198081970215,0.8533897399902344,0.03770004212856293,0.6315330266952515,0.08654855191707611,0.4544268548488617,0.8335697054862976,0.6441411972045898,0.35585880279541016
5,6620,0.393655389547348,0.31709781289100647,0.31689536571502686,0.010715348646044731,0.151796875,0.348783940076828,0.9935959201388889,0.012808159722222224,1.0,0.0,0.727746212121212,0.6091619318181818,0.46807291666666667,0.24540364583333332,0.17923177083333333,0.019010416666666665,0.80129075050354,0.06284959614276886,0.5065548419952393,0.8057706356048584,0.037700045853853226,0.6031633615493774,0.0,0.43057161569595337,0.9656693935394287,0.6209498643875122,0.3790501356124878
5,6630,0.30411601066589355,0.25860923528671265,0.2927176058292389,0.010292689315974712,0.14470052083333335,0.4730304479598999,0.9975911458333333,0.004817708333333337,1.0,0.0,0.5359848484848484,0.5803977272727272,0.6387890625,0.07401041666666666,0.1603125,0.014791666666666667,0.759190559387207,0.056578196585178375,0.4763000011444092,0.7581515908241272,0.037700045853853226,0.5601946115493774,0.0,0.40485501289367676,1.0,0.5977420806884766,0.40225791931152344
5,6640,0.9425035715103149,0.18061959743499756,0.0004666784079745412,0.014298351481556892,0.027005208333333332,0.027918096631765366,0.4944843871776874,0.41151190384840364,0.0,0.0,0.0,0.0,0.028333333333333332,0.00018229166666666667,0.021028645833333335,0.0021614583333333334,0.7116853594779968,0.05635043606162071,0.44286271929740906,0.710532546043396,0.03039499931037426,0.513054609298706,0.5897558331489563,0.5897558331489563,0.6748087406158447,0.5744813680648804,0.42551863193511963
5,6650,0.5846538543701172,0.3372631371021271,0.2859898507595062,0.013475071638822556,0.15192708333333332,0.3925430178642273,0.9784006076388888,0.04319878472222223,1.0,0.0,0.2033617424242424,0.5305042613636364,0.404296875,0.055924479166666666,0.040859375,0.007473958333333333,0.6687371730804443,0.050183724611997604,0.4109600782394409,0.6629135012626648,0.027619505301117897,0.46557652950286865,0.0,0.3493160903453827,0.9504759907722473,0.5512011051177979,0.44879889488220215
5,6660,0.48283350467681885,0.32307812571525574,0.28823956847190857,0.013256248086690903,0.16337239583333332,0.4360956847667694,0.9962738715277777,0.00745225694444445,1.0,0.0,0.29214015151515155,0.5438210227272727,0.5469661458333334,0.04446614583333333,0.04140625,0.009427083333333334,0.6212967038154602,0.04982658103108406,0.3774506449699402,0.6152944564819336,0.019697681069374084,0.419394850730896,0.0,0.3208330571651459,1.0,0.5278608798980713,0.4721391201019287
5,6670,0.38113653659820557,0.2770827114582062,0.2362801730632782,0.0166470929980278,0.19416666666666665,0.4440602660179138,0.9999999999999999,0.0,1.0,0.0,0.4720643939393939,0.5708096590909091,0.6199479166666667,0.041653645833333336,0.03171875,0.013385416666666667,0.5790849924087524,0.04326964169740677,0.34486985206604004,0.5676754117012024,0.012448111549019814,0.3778352737426758,0.0,0.29313936829566956,1.0,0.5045003890991211,0.4954996109008789
5,6680,0.36512020230293274,0.29679784178733826,0.31213563680648804,0.015491561964154243,0.18095052083333332,0.39899975061416626,0.9973220486111111,0.005355902777777782,1.0,0.0,0.972182765151515,0.6458274147727272,0.4951041666666667,0.06640625,0.04251302083333333,0.024388020833333333,0.5356513261795044,0.038181934505701065,0.3138265013694763,0.5200563669204712,0.010787058621644974,0.33348554372787476,0.0,0.26675254106521606,0.9464341402053833,0.48113298416137695,0.518867015838623
5,6690,0.3570312559604645,0.2827575206756592,0.30493515729904175,0.01741807535290718,0.18860677083333333,0.4151340126991272,0.9977061631944444,0.004587673611111112,1.0,0.0,0.7052556818181818,0.6057883522727272,0.5423958333333333,0.0572265625,0.03640625,0.018515625,0.4891214072704315,0.03600373491644859,0.2841566205024719,0.4740707278251648,0.010028325952589512,0.29074227809906006,0.004928708076477051,0.24153313040733337,0.9196409583091736,0.45773422718048096,0.542265772819519
