video,frame,brightness,contrast,center_contrast,sharpness,edge_density,saturation,visibility_score,no_vision_score,brown_deposit_score,light_deposit_score,dark_structure_score,dirt_deposit_score,brown_fraction,yellow_fraction,light_deposit_fraction,dark_structure_fraction,visibility_score_smooth,no_vision_score_smooth,dirt_deposit_score_smooth,brown_deposit_score_smooth,light_deposit_score_smooth,dark_structure_score_smooth,feature_anomaly_score,anomaly_score,pipe_similarity_score,inspection_active_score,handling_score
20,0,0.9288148880004883,0.20323537290096283,0.3388802111148834,0.03396095708012581,0.037083333333333336,0.07449821382761002,0.7811538461538461,0.3320512820512821,0.0,0.0,0.0,0.0,0.0,0.020494791666666668,0.012890625,0.0,0.47713664174079895,0.06356468051671982,0.20245452225208282,0.2857142984867096,0.0,0.3973158001899719,0.6057586669921875,0.6057586669921875,0.8620299100875854,0.4466950297355652,0.5533049702644348
20,10,0.928793728351593,0.20341373980045319,0.3391696810722351,0.03467600420117378,0.037265625,0.07399918884038925,0.7816586538461539,0.3314903846153846,0.0,0.0,0.0,0.0,0.0,0.0205078125,0.01328125,0.0,0.5236172676086426,0.06584146618843079,0.2334069013595581,0.3333333432674408,0.0,0.4449348449707031,0.6063514351844788,0.6063514351844788,0.8620299100875854,0.4657782316207886,0.5342217683792114
20,20,0.5234400033950806,0.34100645780563354,0.23790881037712097,0.0274660587310791,0.11010416666666667,0.2441355437040329,0.9906640624999999,0.018671875000000004,0.0,0.0,0.6608664772727273,0.0991299715909091,0.048203125,0.027942708333333333,0.072421875,0.0175390625,0.5700253248214722,0.06826355308294296,0.2643592655658722,0.3809524178504944,0.0,0.4925538897514343,0.5807978510856628,0.5807978510856628,0.5893810391426086,0.4876385033130646,0.5123615264892578
20,30,0.4838760793209076,0.34968212246894836,0.2618124783039093,0.019491758197546005,0.09424479166666666,0.2423226684331894,0.987497829861111,0.025004340277777783,0.0,0.0,0.6827651515151515,0.10241477272727272,0.0323828125,0.0026171875,0.044934895833333335,0.018020833333333333,0.6165157556533813,0.07052069902420044,0.2953116297721863,0.4285714626312256,0.0,0.5401729345321655,0.48108285665512085,0.48108285665512085,0.5861749649047852,0.5094848871231079,0.4905151128768921
20,40,0.39087894558906555,0.3637356162071228,0.34685367345809937,0.04360046610236168,0.17161458333333332,0.22803688049316406,0.9732595486111111,0.053480902777777777,0.0,0.0,1.0,0.15,0.045598958333333335,0.043294270833333336,0.13434895833333332,0.0366015625,0.6621332168579102,0.07452388107776642,0.3257567286491394,0.4761905074119568,0.0,0.5844099521636963,0.5540344715118408,0.5540344715118408,0.5609108805656433,0.5326188802719116,0.4673811197280884
20,50,0.18692758679389954,0.12289085984230042,0.13300007581710815,0.0029652437660843134,0.11309895833333333,0.5340654253959656,0.5953986604269054,0.3946325848293478,1.0,0.0,1.0,0.65,0.7561197916666667,0.3265885416666667,0.005390625,0.030716145833333333,0.7088115811347961,0.07640528678894043,0.35662877559661865,0.523809552192688,0.0,0.6314935088157654,0.12111194431781769,0.3031344711780548,0.7162689566612244,0.5562293529510498,0.4437706470489502
20,60,0.3821741044521332,0.3285020589828491,0.22435294091701508,0.014139843173325062,0.17751302083333334,0.5185940265655518,0.9960763888888888,0.007847222222222228,1.0,0.0,1.0,0.65,0.5772526041666667,0.3176171875,0.005143229166666667,0.029088541666666665,0.7564060688018799,0.07645447552204132,0.3827660083770752,0.5714285969734192,0.0,0.647011399269104,0.04296012222766876,0.32535111904144287,0.7234677672386169,0.579809308052063,0.420190691947937
20,70,0.35082578659057617,0.31591200828552246,0.23465977609157562,0.015644259750843048,0.18733072916666665,0.5573020577430725,0.9848459201388888,0.030308159722222228,1.0,0.0,1.0,0.65,0.5442317708333333,0.35540364583333334,0.006549479166666667,0.030325520833333335,0.8040251135826111,0.07645447552204132,0.40953734517097473,0.6190476417541504,0.0,0.6667568683624268,0.024616196751594543,0.3481067419052124,0.8173514008522034,0.6033428907394409,0.3966571092605591
20,80,0.2796366214752197,0.25874587893486023,0.20160289108753204,0.020747685804963112,0.19541666666666666,0.5893317461013794,0.9784309895833332,0.043138020833333346,1.0,0.0,1.0,0.65,0.5884635416666667,0.42791666666666667,0.007096354166666667,0.029895833333333333,0.8516441583633423,0.07645447552204132,0.4350404143333435,0.6666667461395264,0.0,0.678047239780426,0.0,0.3697843551635742,0.9963850975036621,0.6267880201339722,0.37321197986602783
20,90,0.28220194578170776,0.2649865746498108,0.20822381973266602,0.02153226174414158,0.19248697916666666,0.6064926981925964,0.9750911458333332,0.049817708333333335,1.0,0.0,1.0,0.65,0.5583203125,0.447734375,0.0040104166666666665,0.0262890625,0.8992631435394287,0.07645447552204132,0.4611903131008148,0.7142857313156128,0.0,0.6936496496200562,0.0,0.3920117914676666,1.0,0.6502306461334229,0.34976935386657715
20,100,0.2782500982284546,0.2608979046344757,0.20564374327659607,0.0212994534522295,0.1929296875,0.6018993258476257,0.9757921006944443,0.048415798611111116,1.0,0.0,1.0,0.65,0.56828125,0.4470703125,0.004609375,0.02666666666666667,0.9468822479248047,0.07645447552204132,0.4849998354911804,0.7619048357009888,0.0,0.6936496496200562,0.0,0.4122498631477356,0.9882879853248596,0.6736681461334229,0.32633185386657715
20,110,0.27875787019729614,0.2610510587692261,0.20616191625595093,0.02145504392683506,0.197734375,0.5952622890472412,0.9760937499999999,0.04781250000000001,1.0,0.0,1.0,0.65,0.5699348958333333,0.4450911458333333,0.004713541666666667,0.029583333333333333,0.9349789619445801,0.0769810825586319,0.48921096324920654,0.7677854299545288,0.0,0.7021216750144958,0.0,0.4158293306827545,0.9912533164024353,0.6970975995063782,0.3029024004936218
20,120,0.2860264182090759,0.27134808897972107,0.21266032755374908,0.02193746156990528,0.19958333333333333,0.5988239645957947,0.974568142361111,0.05086371527777779,1.0,0.0,1.0,0.65,0.5438020833333334,0.44485677083333336,0.0037890625,0.028580729166666666,0.9278542995452881,0.07385792583227158,0.5001012682914734,0.7884618043899536,0.0,0.7058024406433105,0.0,0.4250860810279846,1.0,0.7206941246986389,0.2793058753013611
20,130,0.27902838587760925,0.26228809356689453,0.20721285045146942,0.022076861932873726,0.19985677083333334,0.5966759324073792,0.9762999131944443,0.04740017361111111,1.0,0.0,1.0,0.65,0.5669010416666667,0.44005208333333334,0.007799479166666666,0.029817708333333335,0.9036136865615845,0.09181258827447891,0.519742488861084,0.8360809087753296,0.0,0.6780134439468384,0.0,0.4417811334133148,0.9928330779075623,0.7444162964820862,0.2555837035179138
20,140,0.2687149941921234,0.2849551737308502,0.22852778434753418,0.03295622020959854,0.19166666666666668,0.6668875813484192,0.957966579861111,0.08406684027777778,1.0,0.0,0.9289772727272727,0.639346590909091,0.46837239583333334,0.41213541666666664,0.007486979166666667,0.0234375,0.8874009847640991,0.10206484794616699,0.5404193997383118,0.8837000131607056,0.0,0.6571293473243713,0.04036508500576019,0.45935651659965515,0.9326038360595703,0.7683222889900208,0.23167771100997925
20,150,0.27803725004196167,0.23424580693244934,0.2033216655254364,0.025495516136288643,0.2255859375,0.5779642462730408,0.9802452256944444,0.039509548611111125,1.0,0.0,0.9887547348484849,0.6483132102272727,0.6446223958333334,0.46076822916666665,0.006875,0.024752604166666668,0.8881560564041138,0.10055483877658844,0.5575451850891113,0.931318998336792,0.0,0.6125710010528564,0.05284026265144348,0.47391343116760254,0.9176687002182007,0.7923444509506226,0.20765554904937744
20,160,0.333530068397522,0.22947238385677338,0.21002164483070374,0.03407774493098259,0.269296875,0.5975727438926697,0.9994835069444443,0.0010329861111111154,1.0,0.0,0.32587594696969696,0.5488813920454545,0.7531901041666667,0.5547005208333333,0.0219921875,0.010169270833333334,0.9067792296409607,0.08304981142282486,0.5510812997817993,0.931318998336792,0.0,0.5694782733917236,0.0,0.4684191048145294,1.0,0.8163465857505798,0.18365341424942017
20,170,0.32214900851249695,0.21043822169303894,0.20926833152770996,0.03981752321124077,0.2772395833333333,0.6204776167869568,0.9999999999999999,0.0,1.0,0.0,0.4146543560606061,0.562198153409091,0.8034505208333333,0.576953125,0.0049609375,0.012122395833333334,0.9063263535499573,0.08395569026470184,0.544528603553772,0.931318998336792,0.0,0.5257936716079712,0.018120519816875458,0.46284931898117065,0.9072803854942322,0.8403205871582031,0.15967941284179688
20,180,0.4163840115070343,0.25575393438339233,0.22456273436546326,0.03824705630540848,0.261015625,0.5119643211364746,0.9999999999999999,0.0,1.0,0.0,0.23709753787878787,0.5355646306818181,0.7190625,0.6327734375,0.0430859375,0.008216145833333334,0.9063337445259094,0.08337616175413132,0.537743330001831,0.931318998336792,0.0,0.48055896162986755,0.0,0.4570818543434143,1.0,0.864253044128418,0.13574695587158203
20,190,0.354449063539505,0.23119069635868073,0.23541173338890076,0.03314026817679405,0.26231770833333334,0.529148280620575,0.9999999999999999,0.0,1.0,0.0,0.3276515151515151,0.5491477272727272,0.7405729166666667,0.6365885416666667,0.0363671875,0.010208333333333333,0.9058700203895569,0.0820920541882515,0.5308778285980225,0.931318998336792,0.0,0.4347887635231018,0.0,0.4512461721897125,1.0,0.8881064653396606,0.11189353466033936
20,200,0.47848525643348694,0.20710726082324982,0.2039390206336975,0.04347842559218407,0.30713541666666666,0.6611744165420532,0.9999999999999999,0.0,1.0,0.0,0.0,0.5,0.8340234375,0.5725911458333334,0.009127604166666666,0.0027213541666666666,0.9066866636276245,0.080458864569664,0.524003803730011,0.931318998336792,0.0,0.3889622092247009,0.202469602227211,0.44540324807167053,0.8153295516967773,0.9118282794952393,0.08817172050476074
20,210,0.7714309692382812,0.3556421995162964,0.0377766489982605,0.00941974762827158,0.0172265625,0.3142232596874237,0.5311853966346154,0.34310997596153847,0.12349446614583336,0.0,0.1779119318181818,0.08843402284564394,0.058307291666666664,0.0812109375,0.0039713541666666664,0.0069140625,0.9070568084716797,0.07887384295463562,0.5171509981155396,0.931318998336792,0.0,0.3432765305042267,0.269111305475235,0.4395783543586731,0.7646269202232361,0.9171881675720215,0.08281183242797852
20,220,0.6844030022621155,0.29718950390815735,0.1032036542892456,0.006838345434516668,0.013854166666666667,0.8186869025230408,0.6320413431191142,0.2659041026061991,0.43420410156250006,0.0,0.0772964015151515,0.22869651100852276,0.15001302083333334,0.08893229166666666,1.3020833333333334e-05,0.0047005208333333335,0.9071747064590454,0.07730017602443695,0.5103573203086853,0.931318998336792,0.0,0.2979854345321655,0.0,0.4338037371635437,1.0,0.9221842288970947,0.07781577110290527
20,230,0.386193186044693,0.18438826501369476,0.07997137308120728,0.003860555123537779,0.013450520833333333,0.8658463358879089,0.4816097697756807,0.39571973004083083,1.0,0.0,0.0772964015151515,0.5115944602272727,0.859296875,0.7086197916666667,0.0,0.0047005208333333335,0.9064304828643799,0.07633255422115326,0.5035129189491272,0.931318998336792,0.0,0.2523561716079712,0.0,0.4279859960079193,1.0,0.9290238618850708,0.0709761381149292
20,240,0.321941077709198,0.2287324070930481,0.09093428403139114,0.00422579376026988,0.0582421875,0.7042965888977051,0.6470328002256237,0.24030166283573692,1.0,0.0,0.2441998106060606,0.5366299715909091,0.6984114583333333,0.6345572916666666,0.0,0.008372395833333334,0.9044777750968933,0.07675041258335114,0.4967150092124939,0.931318998336792,0.0,0.20703688263893127,0.0,0.422207772731781,1.0,0.9354960918426514,0.06450390815734863
20,250,0.33152151107788086,0.26367032527923584,0.22596950829029083,0.037384115159511566,0.193125,0.6506459712982178,0.9891145833333332,0.021770833333333336,1.0,0.0,0.06427556818181815,0.5096413352272727,0.6662760416666667,0.21963541666666667,0.000390625,0.0044140625,0.9026634693145752,0.07636202871799469,0.4903441071510315,0.931318998336792,0.0,0.16456416249275208,0.0,0.41679251194000244,1.0,0.9418830871582031,0.058116912841796875
20,260,0.3199349045753479,0.26156818866729736,0.237216055393219,0.03495531156659126,0.18770833333333334,0.6329851746559143,0.9864865451388888,0.027026909722222228,1.0,0.0,0.0950520833333333,0.5142578125,0.6698828125,0.19776041666666666,0.00020833333333333335,0.005091145833333333,0.8987517356872559,0.07910957932472229,0.48358428478240967,0.931318998336792,0.0,0.11949855089187622,0.0,0.4110466539859772,1.0,0.9468663930892944,0.053133606910705566
20,270,0.3144662380218506,0.2540279030799866,0.23627375066280365,0.028527123853564262,0.18520833333333334,0.6206337809562683,0.9865646701388888,0.02687065972222223,1.0,0.0,0.08262310606060606,0.512393465909091,0.6739192708333334,0.1989453125,0.0003125,0.0048177083333333336,0.8932480812072754,0.08433517813682556,0.4816269278526306,0.931318998336792,0.0,0.10644953697919846,0.0,0.4093829095363617,1.0,0.9505773782730103,0.049422621726989746
20,280,0.3240104615688324,0.23205043375492096,0.17649619281291962,0.020494181662797928,0.1721875,0.6263700723648071,0.9850014697282742,0.018138020833333334,1.0,0.0,0.05007102272727273,0.507510653409091,0.7403645833333333,0.22493489583333334,0.00014322916666666667,0.0041015625,0.882301926612854,0.09325633943080902,0.4793778657913208,0.931318998336792,0.0,0.0914558544754982,0.0,0.4074712097644806,1.0,0.95285964012146,0.04714035987854004
20,290,0.33839040994644165,0.23823386430740356,0.16627882421016693,0.016578184440732002,0.16020833333333334,0.6416968107223511,0.9686936111633594,0.016171875000000002,1.0,0.0,0.038825757575757576,0.5058238636363637,0.7228255208333333,0.20703125,0.00018229166666666667,0.0038541666666666668,0.8820755481719971,0.09370897710323334,0.4788748025894165,0.931318998336792,0.0,0.08810200542211533,0.0,0.40704360604286194,1.0,0.9527180194854736,0.04728198051452637
20,300,0.33698388934135437,0.2340010553598404,0.18233327567577362,0.012372099794447422,0.146171875,0.6257485747337341,0.9922395833333333,0.015520833333333338,1.0,0.0,0.03764204545454544,0.5056463068181818,0.7314713541666666,0.18869791666666666,0.0001953125,0.003828125,0.8815619945526123,0.09454706311225891,0.47694283723831177,0.931318998336792,0.0,0.07522208988666534,0.0,0.40540140867233276,1.0,0.9515882134437561,0.048411786556243896
20,310,0.3308616876602173,0.22744353115558624,0.17475922405719757,0.011783408001065254,0.14317708333333334,0.6334334015846252,0.9835658903916676,0.01513020833333334,1.0,0.0,0.04060132575757576,0.5060901988636364,0.7502604166666667,0.1890234375,6.510416666666667e-05,0.003893229166666667,0.8805593252182007,0.09531053900718689,0.47721168398857117,0.931318998336792,0.0,0.07701456546783447,0.0,0.4056299328804016,1.0,0.9505846500396729,0.04941534996032715
20,320,0.32620975375175476,0.22027267515659332,0.17169906198978424,0.009569684974849224,0.13649739583333334,0.6386760473251343,0.9785694462519426,0.014765625000000004,1.0,0.0,0.04888731060606058,0.5073330965909091,0.7596223958333334,0.1893359375,9.114583333333334e-05,0.004075520833333333,0.9016999006271362,0.07967136800289154,0.49712541699409485,0.9730573892593384,0.0,0.07064507156610489,0.0,0.422556608915329,1.0,0.9497939348220825,0.05020606517791748
20,330,0.32748955488204956,0.21785077452659607,0.1684381514787674,0.008462974801659584,0.13307291666666668,0.6325883865356445,0.9589402982117932,0.030543726406042464,1.0,0.0,0.04178503787878789,0.5062677556818181,0.762578125,0.18694010416666668,3.90625e-05,0.003919270833333334,0.9175150394439697,0.06769213825464249,0.5103389024734497,1.0,0.0,0.0689258724451065,0.0,0.43378809094429016,1.0,0.9482617974281311,0.051738202571868896
20,340,0.32639095187187195,0.21631476283073425,0.167863667011261,0.0076118772849440575,0.13186197916666667,0.6372804045677185,0.9352921902480127,0.056174981150079545,1.0,0.0,0.048295454545454544,0.5072443181818181,0.7624479166666667,0.18145833333333333,5.208333333333334e-05,0.0040625,0.9403766989707947,0.0495014488697052,0.5100979208946228,1.0,0.0,0.06731940060853958,0.0,0.43358325958251953,1.0,0.9465337991714478,0.053466200828552246
20,350,0.33526158332824707,0.22479383647441864,0.16907617449760437,0.00695500522851944,0.12690104166666666,0.6337539553642273,0.9198661286639054,0.07591076962508482,1.0,0.0,0.03705018939393939,0.505557528409091,0.7498046875,0.193125,3.90625e-05,0.0038151041666666667,0.9551442861557007,0.03877975791692734,0.5086647868156433,1.0,0.0,0.05776515603065491,0.0,0.4323650896549225,1.0,0.9453828930854797,0.054617106914520264
20,360,0.3294396996498108,0.21767543256282806,0.16730055212974548,0.006254599895328283,0.1208203125,0.6326715350151062,0.8980980784798881,0.09720816714785044,1.0,0.0,0.04237689393939392,0.5063565340909091,0.7626953125,0.1930859375,3.90625e-05,0.003932291666666666,0.9522838592529297,0.039809271693229675,0.5086774826049805,1.0,0.0,0.0578497052192688,0.0,0.43237587809562683,1.0,0.9453762769699097,0.05462372303009033
20,370,0.32746124267578125,0.2149488478899002,0.16596683859825134,0.005809892900288105,0.1168359375,0.6270567774772644,0.8839076913907511,0.11077064751831657,1.0,0.0,0.05184659090909091,0.5077769886363637,0.7661979166666667,0.17747395833333332,3.90625e-05,0.004140625,0.9484291076660156,0.04174993932247162,0.5083857774734497,1.0,0.0,0.05590503662824631,0.0,0.4321279227733612,1.0,0.9432729482650757,0.056727051734924316
20,380,0.3203370273113251,0.21553167700767517,0.1388019472360611,0.0034334626980125904,0.07838541666666667,0.6203680634498596,0.7701304765393088,0.1873443823828765,1.0,0.0,0.09978693181818182,0.5149680397727273,0.7592317708333334,0.23891927083333334,0.0,0.0051953125,0.9429552555084229,0.04506232216954231,0.5082082152366638,1.0,0.0,0.054721321910619736,0.0,0.4319770038127899,1.0,0.9433315992355347,0.05666840076446533
20,390,0.33230623602867126,0.23170852661132812,0.2035931944847107,0.03493079915642738,0.21130208333333333,0.6156980395317078,0.9952473958333332,0.009505208333333341,1.0,0.0,0.16666666666666666,0.525,0.7061979166666666,0.14493489583333333,0.0005598958333333334,0.006666666666666667,0.9330021142959595,0.052630726248025894,0.5080221891403198,1.0,0.0,0.05348123982548714,0.0,0.4318188726902008,1.0,0.9423064589500427,0.057693541049957275
20,400,0.33196648955345154,0.23343054950237274,0.17882631719112396,0.027042221277952194,0.19255208333333335,0.6342033743858337,0.9892138543597653,0.01759982638888889,1.0,0.0,0.05717329545454546,0.5085759943181818,0.7021484375,0.13884114583333335,5.208333333333334e-05,0.0042578125,0.9162445068359375,0.06466129422187805,0.5077981352806091,1.0,0.0,0.05198751017451286,0.0,0.43162843585014343,1.0,0.9412802457809448,0.058719754219055176
20,410,0.34027963876724243,0.22984515130519867,0.17229518294334412,0.021783815696835518,0.18348958333333334,0.6273621916770935,0.9789445857716422,0.016032986111111112,1.0,0.0,0.03764204545454544,0.5056463068181818,0.7103255208333333,0.13217447916666666,7.8125e-05,0.003828125,0.9038078784942627,0.07390961050987244,0.5076924562454224,1.0,0.0,0.05128291994333267,0.0,0.4315386116504669,1.0,0.9424136877059937,0.05758631229400635
20,420,0.33926644921302795,0.22645606100559235,0.16964739561080933,0.016982825472950935,0.16942708333333334,0.6444487571716309,0.9751364579567542,0.014687500000000004,1.0,0.0,0.044152462121212106,0.5066228693181818,0.7300911458333333,0.15548177083333334,1.3020833333333334e-05,0.0039713541666666664,0.8929420113563538,0.07984335720539093,0.5082674026489258,1.0,0.0,0.055115893483161926,0.0,0.43202731013298035,1.0,0.945709228515625,0.054290771484375
20,430,0.3360147178173065,0.22132788598537445,0.16305869817733765,0.013067349791526794,0.157578125,0.6423704624176025,0.9641599657189133,0.014340277777777783,1.0,0.0,0.04119318181818181,0.5061789772727273,0.7432552083333334,0.134765625,1.3020833333333334e-05,0.00390625,0.8789104223251343,0.08931294828653336,0.5088423490524292,1.0,0.0,0.05894886702299118,0.0,0.4325160086154938,1.0,0.9462844133377075,0.05371558666229248
20,440,0.33577069640159607,0.22034646570682526,0.16142310202121735,0.010775687173008919,0.15276041666666668,0.6320909857749939,0.961704533762402,0.013715277777777778,1.0,0.0,0.04356060606060607,0.506534090909091,0.7539973958333334,0.1364453125,1.3020833333333334e-05,0.003958333333333334,0.8624171614646912,0.10081155598163605,0.5093623399734497,1.0,0.0,0.06241544708609581,0.0,0.4329580068588257,1.0,0.9465726613998413,0.05342733860015869
20,450,0.34290727972984314,0.22997227311134338,0.1596498340368271,0.00892787054181099,0.1454296875,0.6407511234283447,0.95715255270967,0.015146117458337043,1.0,0.0,0.04356060606060607,0.506534090909091,0.7431119791666667,0.1571875,0.0,0.003958333333333334,0.8465642929077148,0.1123582124710083,0.5098823308944702,1.0,0.0,0.06588203459978104,0.0,0.4334000051021576,1.0,0.9462233185768127,0.053776681423187256
20,460,0.34092745184898376,0.22358505427837372,0.1576886922121048,0.008007143624126911,0.1300390625,0.6357274651527405,0.9290444622595895,0.043390671181767614,1.0,0.0,0.06605113636363634,0.5099076704545454,0.7679947916666666,0.16157552083333335,0.0,0.004453125,0.8464725613594055,0.11334314942359924,0.5107066631317139,1.0,0.0,0.07137784361839294,0.0,0.4341006875038147,1.0,0.9455299973487854,0.0544700026512146
20,470,0.3402636647224426,0.22302398085594177,0.1565159410238266,0.007202018052339554,0.12618489583333334,0.6404844522476196,0.9055370014277205,0.06778093251674802,1.0,0.0,0.05421401515151513,0.5081321022727273,0.7647265625,0.16541666666666666,0.0,0.004192708333333333,0.8306030035018921,0.12307530641555786,0.5117762088775635,1.0,0.0,0.07850830256938934,0.0,0.43500977754592896,1.0,0.9440710544586182,0.055928945541381836
20,480,0.3272894322872162,0.21178126335144043,0.15141236782073975,0.0062559000216424465,0.12291666666666666,0.6395888328552246,0.8716141870057637,0.0964306819282452,1.0,0.0,0.05776515151515149,0.5086647727272727,0.7734505208333333,0.1471484375,0.0,0.004270833333333333,0.8317062258720398,0.1231989860534668,0.5123892426490784,1.0,0.0,0.08259492367506027,0.0,0.4355308711528778,1.0,0.9430002570152283,0.05699974298477173
20,490,0.31662100553512573,0.19722409546375275,0.13656924664974213,0.004502114374190569,0.073671875,0.6408886909484863,0.7759844812284087,0.1770745606213414,1.0,0.0,0.024029356060606053,0.503604403409091,0.7596875,0.185546875,0.00013020833333333333,0.0035286458333333333,0.842652440071106,0.11427782475948334,0.5123089551925659,1.0,0.0,0.08205943554639816,0.0,0.43546262383461,1.0,0.9418663382530212,0.05813366174697876
20,500,0.33372798562049866,0.1949789971113205,0.0907401517033577,0.0038848964031785727,0.051783854166666664,0.6971694827079773,0.6167843985557012,0.26881362148011734,1.0,0.0,0.007457386363636369,0.5011186079545454,0.7148567708333333,0.0928515625,1.3020833333333334e-05,0.0031640625,0.8394615650177002,0.11382520198822021,0.5115268230438232,1.0,0.0,0.07684546709060669,0.0,0.43479782342910767,1.0,0.9399453401565552,0.060054659843444824
20,510,0.36936357617378235,0.21086552739143372,0.127852663397789,0.004070494323968887,0.0648046875,0.7166967988014221,0.7310708177679899,0.20973558711060042,1.0,0.0,0.022845643939393926,0.5034268465909091,0.6055208333333333,2.604166666666667e-05,0.0,0.0035026041666666665,0.8259937167167664,0.12284424155950546,0.5113958120346069,1.0,0.0,0.07597177475690842,0.0,0.43468645215034485,1.0,0.9380314350128174,0.06196856498718262
20,520,0.3419635593891144,0.20569057762622833,0.10625782608985901,0.005029852502048016,0.07678385416666667,0.6064687967300415,0.7553821077936326,0.13973899892130034,1.0,0.0,0.12109374999999997,0.5181640625,0.7587760416666667,0.1130859375,1.3020833333333334e-05,0.0056640625,0.8107607960700989,0.13437733054161072,0.5113365650177002,1.0,0.0,0.07557719945907593,0.0,0.43463608622550964,1.0,0.9347955584526062,0.0652044415473938
20,530,0.34045565128326416,0.20430690050125122,0.10318814218044281,0.004735822323709726,0.055716145833333335,0.6298077702522278,0.6839073842117005,0.21362687796434282,1.0,0.0,0.1293797348484848,0.5194069602272727,0.7593359375,0.10967447916666667,1.3020833333333334e-05,0.005846354166666666,0.7967791557312012,0.14477956295013428,0.5111759901046753,1.0,0.0,0.07450622320175171,0.0,0.434499591588974,1.0,0.9321523904800415,0.0678476095199585
20,540,0.338861346244812,0.20091256499290466,0.09195499867200851,0.004399905912578106,0.040091145833333335,0.6432702541351318,0.6125811045339624,0.27201459948362555,1.0,0.0,0.11458333333333331,0.5171875,0.7652473958333333,0.12678385416666665,1.3020833333333334e-05,0.005520833333333333,0.794482946395874,0.14771480858325958,0.5113450288772583,1.0,0.0,0.07563357055187225,0.0,0.43464329838752747,1.0,0.9288302659988403,0.07116973400115967
20,550,0.33197638392448425,0.20173291862010956,0.1000654473900795,0.0043408228084445,0.03203125,0.6628780961036682,0.6023820800467944,0.29865465562121996,1.0,0.0,0.12109374999999997,0.5181640625,0.7663932291666666,0.13619791666666667,0.0,0.0056640625,0.789548933506012,0.15474078059196472,0.5110338926315308,1.0,0.0,0.07355925440788269,0.0,0.43437883257865906,1.0,0.9250286221504211,0.07497137784957886
20,560,0.5066750645637512,0.3190668225288391,0.22377052903175354,0.007502208463847637,0.06666666666666667,0.5128029584884644,0.9179400151625372,0.09659453101673611,1.0,0.0,0.1524621212121212,0.5228693181818181,0.5460286458333333,0.5437890625,0.0011067708333333333,0.006354166666666667,0.7861502766609192,0.16072054207324982,0.5107227563858032,1.0,0.0,0.07148493826389313,0.0,0.43411436676979065,1.0,0.9209598302841187,0.07904016971588135
20,570,0.3111461400985718,0.20832203328609467,0.07959400862455368,0.0035142668057233095,0.03864583333333333,0.502150297164917,0.5648387230765514,0.30158356687262167,1.0,0.0,0.19211647727272727,0.5288174715909091,0.672265625,0.7871744791666667,0.0,0.0072265625,0.77089524269104,0.17289334535598755,0.5102509260177612,1.0,0.0,0.06833964586257935,0.0,0.43371328711509705,1.0,0.9167689085006714,0.08323109149932861
20,580,0.47764596343040466,0.3479403555393219,0.3053218126296997,0.005871763452887535,0.1045703125,0.4998539090156555,0.9070743065612104,0.11336785712741254,1.0,0.0,0.13766571969696967,0.5206498579545454,0.5063020833333334,0.3248697916666667,0.0008854166666666666,0.006028645833333333,0.7664798498153687,0.17391252517700195,0.5100099444389343,1.0,0.0,0.06673318147659302,0.0,0.4335084557533264,1.0,0.9090926051139832,0.09090739488601685
20,590,0.3458341360092163,0.2076309323310852,0.1931161731481552,0.012457984499633312,0.1877734375,0.7155207395553589,0.9999999999999999,0.0,1.0,0.0,0.08854166666666664,0.51328125,0.7627994791666667,0.0092578125,0.0,0.0049479166666666664,0.7725934982299805,0.16932058334350586,0.5095973610877991,1.0,0.0,0.06398245692253113,0.0,0.4331577718257904,1.0,0.9015192985534668,0.0984807014465332
20,600,0.38352149724960327,0.2053164839744568,0.13759556412696838,0.012303538620471954,0.172265625,0.7709292769432068,0.9282386469841003,0.0,1.0,0.0,0.05717329545454546,0.5085759943181818,0.6846744791666667,0.0030729166666666665,0.0,0.0042578125,0.7722198367118835,0.168712317943573,0.5094257593154907,1.0,0.0,0.06283820420503616,0.0,0.433011919260025,1.0,0.894019365310669,0.10598063468933105
20,610,0.3991190195083618,0.16473375260829926,0.10997465997934341,0.005102239549160004,0.14220052083333334,0.8232951760292053,0.7063890227669846,0.20699977856583712,1.0,0.0,0.038825757575757576,0.5058238636363637,0.7182291666666667,1.3020833333333334e-05,0.0,0.0038541666666666668,0.7884174585342407,0.15862661600112915,0.5095441341400146,1.0,0.0,0.06362734735012054,0.0,0.4331125319004059,1.0,0.8867332935333252,0.1132667064666748
20,620,0.4107682406902313,0.1611732542514801,0.10822131484746933,0.0037139225751161575,0.08227864583333333,0.8570243120193481,0.6590532980274976,0.2582277614714169,1.0,0.0,0.029356060606060604,0.5044034090909091,0.6597265625,0.0,0.0,0.0036458333333333334,0.7786135673522949,0.1666584312915802,0.5102500915527344,1.0,0.0,0.06833401322364807,0.0,0.43371260166168213,1.0,0.8795607089996338,0.12043929100036621
20,630,0.4189957082271576,0.16090446710586548,0.10847681760787964,0.004720665048807859,0.0783984375,0.842902421951294,0.6815231807975842,0.23313424585048131,1.0,0.0,0.021661931818181816,0.5032492897727273,0.7011067708333333,0.0633203125,0.0,0.0034765625,0.7860826253890991,0.16059619188308716,0.5097808837890625,1.0,0.0,0.0652056336402893,0.0,0.4333137571811676,1.0,0.8725953102111816,0.12740468978881836
20,640,0.3518984615802765,0.1696077436208725,0.16624562442302704,0.023438340052962303,0.24528645833333335,0.7359090447425842,0.9159388516499446,0.07598064094781877,1.0,0.0,0.06486742424242423,0.5097301136363637,0.8889322916666667,0.0951953125,0.0003125,0.004427083333333333,0.7893438339233398,0.1595490574836731,0.5088566541671753,1.0,0.0,0.05904468894004822,0.0,0.43252816796302795,0.9638283848762512,0.8653612732887268,0.1346387267112732
20,650,0.4387846887111664,0.2868141531944275,0.23194965720176697,0.0037106561940163374,0.08774739583333334,0.5324252843856812,0.8580907759370237,0.1612604818897458,1.0,0.0,0.0,0.5,0.7461979166666667,0.28024739583333336,0.010703125,0.002994791666666667,0.7979129552841187,0.15306717157363892,0.5082775354385376,1.0,0.0,0.0551835298538208,0.0,0.4320359230041504,1.0,0.8579457402229309,0.1420542597770691
20,660,0.6203842759132385,0.2607036828994751,0.21438677608966827,0.005214300937950611,0.08170572916666667,0.4926743507385254,0.8857805544666967,0.14072147377521851,1.0,0.0,0.0,0.5,0.38993489583333335,0.7201953125,0.0014322916666666666,0.0026432291666666666,0.8150640726089478,0.1416327953338623,0.5079942941665649,1.0,0.0,0.053295232355594635,0.0,0.4317951500415802,1.0,0.8503268957138062,0.14967310428619385
20,670,0.401674747467041,0.16411112248897552,0.10092968493700027,0.0046620676293969154,0.0549609375,0.6690407991409302,0.6086884488495272,0.2990194986974488,1.0,0.0,0.0,0.5,0.8347135416666667,0.9206640625,0.001171875,0.0022265625,0.8151311874389648,0.14139725267887115,0.5069052577018738,1.0,0.0,0.04603512957692146,0.0,0.4308694899082184,1.0,0.8432369232177734,0.15676307678222656
20,680,0.41106393933296204,0.16432656347751617,0.11154995858669281,0.013501202687621117,0.1887109375,0.7815808057785034,0.8128145953325124,0.08918359130620959,1.0,0.0,0.020478219696969686,0.5030717329545454,0.85078125,0.030533854166666666,0.003463541666666667,0.0034505208333333332,0.7884854078292847,0.17436963319778442,0.4825630784034729,0.9523810148239136,0.0,0.042483992874622345,0.0,0.41017863154411316,1.0,0.8386433124542236,0.16135668754577637
20,690,0.45750758051872253,0.22476798295974731,0.20859166979789734,0.022683963179588318,0.20212239583333333,0.7624067664146423,0.9999999999999999,0.0,1.0,0.0,0.0,0.5,0.7495052083333333,0.12852864583333334,0.000703125,0.0028385416666666667,0.7455488443374634,0.21629761159420013,0.45861828327178955,0.9047619700431824,0.0,0.04158211499452591,0.0,0.3898255527019501,1.0,0.8340432643890381,0.16595673561096191
20,700,0.4250277876853943,0.15156827867031097,0.12270352244377136,0.007582326885312796,0.14661458333333333,0.8526734709739685,0.7681381552848147,0.1643010446256617,1.0,0.0,0.0,0.5,0.7051432291666667,0.038736979166666664,0.0,0.0022005208333333334,0.698186457157135,0.26362499594688416,0.4350200891494751,0.8571429252624512,0.0,0.04299129545688629,0.0,0.36976709961891174,1.0,0.8293933272361755,0.17060667276382446
20,710,0.5823102593421936,0.30012843012809753,0.17708078026771545,0.008169757202267647,0.08061197916666667,0.5857641696929932,0.956934280778645,0.05701366930755818,1.0,0.0,0.024029356060606053,0.503604403409091,0.56765625,0.2443359375,0.0056770833333333335,0.0035286458333333333,0.6542412042617798,0.31095242500305176,0.41164180636405945,0.8095238208770752,0.0,0.04586602747440338,0.0,0.34989553689956665,1.0,0.825397253036499,0.17460274696350098
20,720,0.24121813476085663,0.10362188518047333,0.08480984717607498,0.004491366446018219,0.11174479166666666,0.7672529816627502,0.5251894032519038,0.3784036271092368,1.0,0.0,0.12168560606060605,0.518252840909091,0.904375,0.0611328125,0.0,0.0056770833333333335,0.6208591461181641,0.3484240174293518,0.38839030265808105,0.761904776096344,0.0,0.04958626627922058,0.0,0.3484240174293518,1.0,0.8211272954940796,0.1788727045059204
20,730,0.3880017101764679,0.1950272023677826,0.1340140998363495,0.010452928021550179,0.16453125,0.7712323069572449,0.9122321121509257,0.012431994080543528,1.0,0.0,0.05539772727272728,0.5083096590909091,0.6503385416666667,0.0051953125,0.0,0.00421875,0.5897316932678223,0.38345563411712646,0.3652191758155823,0.7142857313156128,0.0,0.05384199321269989,0.0,0.38345563411712646,1.0,0.816710889339447,0.18328911066055298
20,740,0.42935535311698914,0.1601794809103012,0.12863148748874664,0.005979578942060471,0.1825,0.8332015872001648,0.7523919460350755,0.19163730558825703,1.0,0.0,0.0,0.5,0.6422916666666667,0.0141796875,0.0,0.0029817708333333332,0.5575340986251831,0.41968220472335815,0.3421071767807007,0.6666666865348816,0.0,0.05849228799343109,0.0,0.41968220472335815,1.0,0.8097056150436401,0.19029438495635986
20,750,0.4182887375354767,0.16572445631027222,0.12402081489562988,0.0073532406240701675,0.18536458333333333,0.8253993988037109,0.7925335579489902,0.13589493775876554,1.0,0.0,0.033499053030303025,0.5050248579545454,0.6606119791666667,0.07354166666666667,0.0,0.0037369791666666667,0.5141742825508118,0.46339184045791626,0.3186781406402588,0.6190476417541504,0.0,0.06102881580591202,0.0,0.46339184045791626,1.0,0.8035738468170166,0.1964261531829834
20,760,0.6014131903648376,0.3055098056793213,0.2644604742527008,0.00829403754323721,0.08470052083333333,0.5122706294059753,0.962554769537394,0.05853279424412301,1.0,0.0,0.08143939393939391,0.5122159090909091,0.5128385416666666,0.5039973958333334,0.005494791666666667,0.004791666666666666,0.4735705256462097,0.5030390024185181,0.2957208752632141,0.5714285969734192,0.0,0.06671063601970673,0.0,0.5030390024185181,1.0,0.7981127500534058,0.20188724994659424
20,770,0.4838346242904663,0.2473652958869934,0.1868305653333664,0.005993945058435202,0.1035546875,0.5425212383270264,0.9193497454702128,0.0916480165111219,1.0,0.0,0.0,0.5,0.6435677083333333,0.7233203125,0.0059375,0.0018489583333333333,0.4552000164985657,0.515385627746582,0.27242541313171387,0.523809552192688,0.0,0.07013776898384094,0.0,0.515385627746582,1.0,0.7920620441436768,0.20793795585632324
20,780,0.0031546163372695446,0.02667473442852497,8.948222966864705e-05,0.000996685354039073,0.007005208333333333,0.0019441379699856043,0.005276924132755616,0.9940034953036867,0.0,0.0,0.1175426136363636,0.01763139204545454,0.0,0.0,0.0,0.0055859375,0.4735255539417267,0.5017632842063904,0.2743811011314392,0.523809552192688,0.0,0.08317551016807556,0.14664627611637115,0.5017632842063904,1.0,0.7871074676513672,0.2128925323486328
20,790,0.003155841724947095,0.026692410930991173,6.931938696652651e-05,0.0010015432490035892,0.0069921875,0.001145833288319409,0.005407257900096294,0.9938553887498904,0.0,0.0,0.11872632575757576,0.017808948863636362,0.0,0.0,0.0,0.005611979166666667,0.48214399814605713,0.4981067180633545,0.27594953775405884,0.523809552192688,0.0,0.09363163262605667,0.14639906585216522,0.4981067180633545,1.0,0.7810996174812317,0.2189003825187683
20,800,0.0031571693252772093,0.026696965098381042,9.803155990084633e-05,0.0010008953977376223,0.007005208333333333,0.0017578124534338713,0.005389876524667914,0.9938751403128774,0.0,0.0,0.11813446969696968,0.01772017045454545,0.0,0.0,0.0,0.005598958333333333,0.48154589533805847,0.498943567276001,0.27748242020606995,0.523809552192688,0.0,0.10385100543498993,0.1464320719242096,0.498943567276001,1.0,0.7750127911567688,0.2249872088432312
20,810,0.0031564035452902317,0.026694156229496002,6.931938696652651e-05,0.0010008694371208549,0.0069791666666666665,0.0013932291185483336,0.005389180020315618,0.9938759317950958,0.0,0.0,0.1175426136363636,0.01763139204545454,0.0,0.0,0.0,0.0055859375,0.4921610355377197,0.4917542338371277,0.2788335382938385,0.523809552192688,0.0,0.11285848915576935,0.14643333852291107,0.4917542338371277,1.0,0.7688906788825989,0.23110932111740112
20,820,0.0031567097175866365,0.026696467772126198,8.489241008646786e-05,0.0009999672183766961,0.006953125,0.0013853145064786077,0.005364974151569895,0.993903438464125,0.0,0.0,0.11695075757575758,0.017542613636363637,0.0,0.0,0.0,0.005572916666666667,0.49384626746177673,0.4897702932357788,0.28051188588142395,0.523809552192688,0.0,0.12404739856719971,0.1464793086051941,0.4897702932357788,1.0,0.7628170251846313,0.23718297481536865
20,830,0.0031566075049340725,0.026699015870690346,8.003930997801945e-05,0.0010003825882449746,0.0070182291666666665,0.0012630207929760218,0.0053761182212066355,0.9938907747486287,0.0,0.0,0.11872632575757576,0.017808948863636362,0.0,0.0,0.0,0.005611979166666667,0.5102686882019043,0.478964239358902,0.2808247208595276,0.523809552192688,0.0,0.12613297998905182,0.14645814895629883,0.478964239358902,1.0,0.7575663924217224,0.2424336075782776
20,840,0.003156811697408557,0.026692863553762436,7.48717284295708e-05,0.001000326476059854,0.007044270833333333,0.0016276041278615594,0.005374612772337547,0.9938924854859801,0.0,0.0,0.1193181818181818,0.01789772727272727,0.0,0.0,0.0,0.005625,0.46708276867866516,0.5257030725479126,0.25747600197792053,0.4761905074119568,0.0,0.12920500338077545,0.14646098017692566,0.5257030725479126,1.0,0.7551780343055725,0.2448219656944275
20,850,0.003157577943056822,0.02670278213918209,0.00012005565076833591,0.0010006156517192721,0.0069921875,0.0015785845462232828,0.005382371143687789,0.9938836691549002,0.0,0.0,0.11813446969696968,0.01772017045454545,0.0,0.0,0.0,0.005598958333333333,0.4315107762813568,0.5639053583145142,0.23450607061386108,0.4285714626312256,0.0,0.13480225205421448,0.14644630253314972,0.5639053583145142,1.0,0.7534582018852234,0.2465417981147766
20,860,0.0031566075049340725,0.026694171130657196,8.489241008646786e-05,0.001001720200292766,0.0070182291666666665,0.001542943180538714,0.005412005373708359,0.9938499938935133,0.0,0.0,0.1193181818181818,0.01789772727272727,0.0,0.0,0.0,0.005625,0.3940272629261017,0.604762077331543,0.21129685640335083,0.380952388048172,0.0,0.1388043463230133,0.1463901251554489,0.604762077331543,1.0,0.7514254450798035,0.24857455492019653
20,870,0.909194827079773,0.26807790994644165,4.002434070571326e-05,0.009904958307743073,0.012994791666666667,0.003049377119168639,0.5,0.4,0.0,0.0,0.07196969696969696,0.010795454545454544,0.0,0.0008072916666666667,0.006966145833333334,0.004583333333333333,0.3484475612640381,0.6493027210235596,0.18774519860744476,0.3333333432674408,0.0,0.14052355289459229,0.11634223163127899,0.6493027210235596,0.9224588871002197,0.7496011257171631,0.2503988742828369
20,880,0.36187857389450073,0.25198283791542053,0.20698876678943634,0.019397173076868057,0.22270833333333334,0.569861650466919,0.9935243055555555,0.012951388888888887,1.0,0.0,0.2737926136363636,0.5410688920454545,0.5958072916666667,0.1203125,0.033046875,0.0090234375,0.30492520332336426,0.6922664046287537,0.16477525234222412,0.2857142984867096,0.0,0.1461208164691925,0.0,0.6922664046287537,1.0,0.7489067316055298,0.2510932683944702
20,890,0.3465157449245453,0.24326767027378082,0.1850288212299347,0.013307953253388405,0.185546875,0.6528494954109192,0.9938020833333332,0.012395833333333339,1.0,0.0,0.24005681818181818,0.5360085227272727,0.5455208333333333,0.0733984375,0.008489583333333333,0.00828125,0.30493009090423584,0.6922608613967896,0.16477526724338531,0.2857142984867096,0.0,0.1461208164691925,0.0,0.6922608613967896,1.0,0.7482339143753052,0.2517660856246948
20,900,0.34089142084121704,0.2410365790128708,0.17777088284492493,0.009394776076078415,0.1676953125,0.6589659452438354,0.9874407555303004,0.01757378472222223,1.0,0.0,0.21460700757575754,0.5321910511363637,0.5288411458333333,0.06459635416666666,0.0025,0.007721354166666666,0.3049287796020508,0.6922623515129089,0.1647668033838272,0.2857142984867096,0.0,0.14606444537639618,0.0,0.6922623515129089,1.0,0.7480407953262329,0.2519592046737671
20,910,0.34090229868888855,0.2374095469713211,0.17865145206451416,0.010672400705516338,0.193359375,0.6303302049636841,0.9910555155664429,0.013324652777777779,1.0,0.0,0.18915719696969693,0.5283735795454545,0.5787630208333333,0.10270833333333333,0.004466145833333333,0.007161458333333333,0.30492833256721497,0.6922628879547119,0.16476258635520935,0.2857142984867096,0.0,0.1460362672805786,0.0,0.6922628879547119,1.0,0.748968780040741,0.25103121995925903
20,920,0.33576542139053345,0.22992801666259766,0.1885651797056198,0.011696581728756428,0.20049479166666667,0.6007379293441772,0.9923242187499999,0.015351562499999999,1.0,0.0,0.2589962121212121,0.5388494318181818,0.6469791666666667,0.13063802083333334,0.016041666666666666,0.008697916666666666,0.30492788553237915,0.6922633647918701,0.16476258635520935,0.2857142984867096,0.0,0.1460362672805786,0.0,0.6922633647918701,1.0,0.7502287030220032,0.24977129697799683
20,930,0.3661372661590576,0.2448076605796814,0.19707103073596954,0.0043215625919401646,0.11173177083333333,0.7151445746421814,0.8700603746719718,0.15147643266442587,1.0,0.0,0.16548295454545453,0.5248224431818181,0.6586197916666666,0.2185546875,0.0,0.006640625,0.30810049176216125,0.6884326338768005,0.16756200790405273,0.2881847620010376,0.0,0.15646420419216156,0.0,0.6884326338768005,1.0,0.7531484365463257,0.24685156345367432
20,940,0.0031618159264326096,0.02669965848326683,0.00012332525511737913,0.0009985711658373475,0.0070182291666666665,0.009889093227684498,0.00532751908344103,0.9939460010415442,0.0,0.0,0.11991003787878787,0.01798650568181818,0.0,0.0,0.0,0.005638020833333333,0.3549928069114685,0.6420459151268005,0.19276240468025208,0.3358038067817688,0.0,0.1657366156578064,0.14655031263828278,0.6420459151268005,1.0,0.7556155920028687,0.24438440799713135
20,950,0.0031570671126246452,0.026696646586060524,9.384739678353071e-05,0.0010005342774093151,0.0069921875,0.0018749999580904841,0.00538018793049382,0.9938861500789842,0.0,0.0,0.1175426136363636,0.01763139204545454,0.0,0.0,0.0,0.0055859375,0.4018508195877075,0.5957279801368713,0.2175823152065277,0.3834228515625,0.0,0.1724725067615509,0.146450474858284,0.5957279801368713,1.0,0.7585631012916565,0.2414368987083435
20,960,0.003156964899972081,0.026696674525737762,8.489241736242548e-05,0.0010005154181271791,0.0069921875,0.0014192708767950535,0.005379681949753586,0.9938867250570982,0.0,0.0,0.1175426136363636,0.01763139204545454,0.0,0.0,0.0,0.0055859375,0.4475417733192444,0.550307035446167,0.2422035038471222,0.4310418963432312,0.0,0.17788374423980713,0.14645136892795563,0.550307035446167,1.0,0.7617331743240356,0.23826682567596436
20,970,0.003157526720315218,0.026696648448705673,0.00011666837963275611,0.00100054987706244,0.0069921875,0.0018749999580904841,0.005380606457772778,0.9938856744798037,0.0,0.0,0.1175426136363636,0.01763139204545454,0.0,0.0,0.0,0.0055859375,0.49222633242607117,0.5059135556221008,0.26686277985572815,0.4786609709262848,0.0,0.18354865908622742,0.14644965529441833,0.5059135556221008,1.0,0.7649970054626465,0.23500299453735352
20,980,0.003157475497573614,0.026696674525737762,0.00012334286293480545,0.001000537071377039,0.0069921875,0.0013932291185483336,0.005380262890603484,0.9938860648970413,0.0,0.0,0.1175426136363636,0.01763139204545454,0.0,0.0,0.0,0.0055859375,0.5125908851623535,0.49129801988601685,0.29179683327674866,0.5262800455093384,0.0,0.19104550778865814,0.14645032584667206,0.49129801988601685,1.0,0.7683566808700562,0.23164331912994385
20,990,0.0031570158898830414,0.02669665589928627,8.948222966864705e-05,0.0010005104122683406,0.0069921875,0.001953125,0.005379547646223772,0.9938868776747456,0.0,0.0,0.1175426136363636,0.01763139204545454,0.0,0.0,0.0,0.0055859375,0.5096063613891602,0.494931697845459,0.2918010354042053,0.5262800455093384,0.0,0.1910736858844757,0.1464516669511795,0.494931697845459,1.0,0.7752023935317993,0.22479760646820068
20,1000,0.0031573225278407335,0.02669663541018963,0.00010587477299850434,0.0010005227522924542,0.0069921875,0.0021484375465661287,0.0053798787200414555,0.9938865014544982,0.0,0.0,0.1175426136363636,0.01763139204545454,0.0,0.0,0.0,0.0055859375,0.506243109703064,0.4990537166595459,0.29152625799179077,0.5262800455093384,0.0,0.18924175202846527,0.14645107090473175,0.4990537166595459,1.0,0.7819356918334961,0.2180643081665039
20,1010,0.0031575774773955345,0.026696639135479927,9.80179465841502e-05,0.0010005423100665212,0.0069921875,0.0021093750838190317,0.005380403440809104,0.9938859051808986,0.0,0.0,0.1175426136363636,0.01763139204545454,0.0,0.0,0.0,0.0055859375,0.5022938251495361,0.5039371252059937,0.29184332489967346,0.5262800455093384,0.0,0.19135552644729614,0.14645002782344818,0.5039371252059937,1.0,0.7886331081390381,0.21136689186096191
20,1020,0.0031573737505823374,0.026696640998125076,9.384739678353071e-05,0.001000538351945579,0.0069921875,0.0018489583162590861,0.005380297247320413,0.9938860258553177,0.0,0.0,0.1175426136363636,0.01763139204545454,0.0,0.0,0.0,0.0055859375,0.49844950437545776,0.5087323784828186,0.2924985885620117,0.5262800455093384,0.0,0.1957239806652069,0.14645017683506012,0.5087323784828186,1.0,0.795214831829071,0.20478516817092896
20,1030,0.025733865797519684,0.08239251375198364,0.0010446959640830755,0.001292522414587438,0.020052083333333335,0.15186652541160583,0.07198942812047829,0.9134579165511618,0.05187988281250001,0.0,0.3359375,0.07633056640625001,0.069453125,0.0471484375,0.0002734375,0.010390625,0.49346059560775757,0.5147222876548767,0.2904565930366516,0.522305965423584,0.0,0.19535759091377258,0.07290706038475037,0.5147222876548767,1.0,0.8017421364784241,0.19825786352157593
20,1040,0.37828969955444336,0.26450231671333313,0.20460350811481476,0.01944449543952942,0.19075520833333334,0.6563266515731812,0.9901150173611111,0.019769965277777787,1.0,0.0,0.31344696969696967,0.5470170454545454,0.4488671875,0.0809375,0.008697916666666666,0.009895833333333333,0.4937076270580292,0.5149853229522705,0.2883692681789398,0.5161442756652832,0.0,0.20198073983192444,0.0,0.5149853229522705,1.0,0.8081076145172119,0.19189238548278809
20,1050,0.35826027393341064,0.2515222430229187,0.19006747007369995,0.016715606674551964,0.19037760416666666,0.6597203612327576,0.9893923611111111,0.021215277777777784,1.0,0.0,0.2607717803030303,0.5391157670454545,0.481796875,0.053385416666666664,0.0107421875,0.008736979166666667,0.5369478464126587,0.472278356552124,0.31297075748443604,0.56298828125,0.0,0.20984399318695068,0.0,0.472278356552124,1.0,0.8148146271705627,0.18518537282943726
20,1060,0.3455559313297272,0.2476261854171753,0.17520900070667267,0.008397755213081837,0.1593359375,0.6834182143211365,0.9648923541870755,0.04004514933016079,1.0,0.0,0.2317708333333333,0.534765625,0.4873958333333333,0.05221354166666667,0.0036197916666666666,0.008098958333333333,0.5765135288238525,0.4329985976219177,0.33618277311325073,0.607383131980896,0.0,0.21660804748535156,0.0,0.4329985976219177,1.0,0.8217726945877075,0.17822730541229248
20,1070,0.335789293050766,0.24357686936855316,0.17384131252765656,0.0077055757865309715,0.15305989583333332,0.6978394985198975,0.9437879533916619,0.061586548682998815,1.0,0.0,0.23828124999999994,0.5357421875,0.49755208333333334,0.0362890625,0.0014453125,0.0082421875,0.6168527603149414,0.3940794765949249,0.35764557123184204,0.6486177444458008,0.0,0.22224478423595428,0.0,0.3940794765949249,1.0,0.829062283039093,0.17093771696090698
20,1080,0.3261581063270569,0.2392926663160324,0.18052847683429718,0.006772473454475403,0.15110677083333332,0.6988454461097717,0.9276567975421586,0.09307298495840574,1.0,0.0,0.2294034090909091,0.5344105113636364,0.5079427083333333,0.039322916666666666,0.00022135416666666666,0.008046875,0.6562093496322632,0.3556411862373352,0.3797870874404907,0.6918015480041504,0.0,0.22590863704681396,0.0,0.3556411862373352,1.0,0.8357906341552734,0.16420936584472656
20,1090,0.3421826958656311,0.24931566417217255,0.1861966848373413,0.006883349269628525,0.14100260416666666,0.7064229249954224,0.9308485284229604,0.08925859696254497,1.0,0.0,0.27438446969696967,0.5411576704545454,0.47415364583333336,0.0308984375,1.3020833333333334e-05,0.009036458333333334,0.6988508701324463,0.3132033348083496,0.4040447175502777,0.7394206523895264,0.0,0.2288961112499237,0.0,0.3434380292892456,1.0,0.840118408203125,0.159881591796875
20,1100,0.332075297832489,0.24804186820983887,0.18708473443984985,0.006639485247433186,0.1391796875,0.7025772333145142,0.9231730226445488,0.09895910068801264,1.0,0.0,0.20158617424242423,0.5302379261363637,0.46734375,0.027565104166666667,7.8125e-05,0.007434895833333333,0.7370848059654236,0.27431750297546387,0.4273494780063629,0.7852860689163208,0.0,0.2313762754201889,0.0,0.3632470667362213,1.0,0.8442847728729248,0.1557152271270752
20,1110,0.33296558260917664,0.253982812166214,0.19702564179897308,0.0059416769072413445,0.12993489583333334,0.7031375169754028,0.9045055889408924,0.12012523826161212,1.0,0.0,0.2589962121212121,0.5388494318181818,0.446171875,0.0094921875,1.3020833333333334e-05,0.008697916666666666,0.7757861018180847,0.2350979596376419,0.4517001211643219,0.8329051733016968,0.0,0.23498377203941345,0.0,0.383945107460022,1.0,0.8485226631164551,0.15147733688354492
20,1120,0.3414938747882843,0.255691796541214,0.2023192197084427,0.006180768832564354,0.1258203125,0.7234117984771729,0.9103256322964419,0.1140250864055583,1.0,0.0,0.28089488636363635,0.5421342329545454,0.4091796875,0.012252604166666667,3.90625e-05,0.0091796875,0.8148610591888428,0.19593720138072968,0.476000040769577,0.8805241584777832,0.0,0.23825307190418243,0.0,0.40460005402565,1.0,0.852672278881073,0.147327721118927
20,1130,0.3426514267921448,0.2535140812397003,0.18765176832675934,0.005385665688663721,0.1209375,0.7182161211967468,0.8875569647839318,0.14113929980361284,0.916544596354167,0.0,0.25130208333333326,0.49596761067708345,0.3876041666666667,0.005690104166666667,0.00020833333333333335,0.008528645833333333,0.8534218072891235,0.1570548713207245,0.5003295540809631,0.9281432628631592,0.0,0.24171966314315796,0.0,0.4252801239490509,1.0,0.8566356897354126,0.1433643102645874
20,1140,0.3396104872226715,0.2512779235839844,0.1805461198091507,0.0050077722407877445,0.12462239583333333,0.7217652797698975,0.8752482211959315,0.15700071928492648,0.87060546875,0.0,0.3045691287878788,0.4809881036931818,0.3724609375,0.0061328125,0.0,0.009700520833333334,0.8889830112457275,0.12005262821912766,0.5220372080802917,0.97329181432724,0.0,0.23594200611114502,0.0,0.4437316358089447,1.0,0.8604869842529297,0.1395130157470703
20,1150,0.3349269926548004,0.24413856863975525,0.1721860021352768,0.006854681763797998,0.15239583333333334,0.7115116715431213,0.9133726386069376,0.09709875211997973,0.9837239583333336,0.0,0.2850378787878788,0.5346176609848486,0.4103645833333333,0.004427083333333333,0.00020833333333333335,0.009270833333333334,0.879880428314209,0.12718407809734344,0.5202375054359436,0.971544086933136,0.0,0.22976979613304138,0.0,0.4422018826007843,1.0,0.867480993270874,0.13251900672912598
20,1160,0.33023586869239807,0.24483545124530792,0.1639060527086258,0.004511593375355005,0.10524739583333333,0.728815495967865,0.8362583542155124,0.169011804274407,0.9322916666666669,0.0,0.2595880681818182,0.5050840435606061,0.3976692708333333,0.0006640625,6.510416666666667e-05,0.0087109375,0.8706597089767456,0.1341736912727356,0.5195399522781372,0.971544086933136,0.0,0.22511950135231018,0.0,0.4416089653968811,1.0,0.8739216327667236,0.12607836723327637
20,1170,0.3347627520561218,0.25087717175483704,0.17685241997241974,0.00434959726408124,0.10389322916666667,0.7328208088874817,0.8525040796861808,0.17658525871703534,0.8659261067708335,0.0,0.23591382575757575,0.4683501272490531,0.3761067708333333,0.0009895833333333334,0.0,0.008190104166666667,0.8638006448745728,0.14045846462249756,0.519104540348053,0.971544086933136,0.0,0.22221659123897552,0.0,0.4412388801574707,1.0,0.8804806470870972,0.11951935291290283
20,1180,0.33234402537345886,0.24293792247772217,0.16972535848617554,0.004045198671519756,0.09018229166666666,0.7338573932647705,0.8318681210906016,0.18668167583442474,0.9068603515625,0.0,0.1944839015151515,0.48260276100852273,0.38936197916666665,0.0008333333333333334,0.0,0.007278645833333333,0.8582932949066162,0.14563778042793274,0.5185930132865906,0.971544086933136,0.0,0.21880637109279633,0.0,0.44080406427383423,1.0,0.886017382144928,0.11398261785507202
20,1190,0.3416774868965149,0.2407418191432953,0.16831225156784058,0.006581272929906845,0.10537760416666667,0.7126754522323608,0.9008532295433065,0.1026913317440325,1.0,0.0,0.18027935606060605,0.527041903409091,0.4136197916666667,0.008893229166666667,0.00036458333333333335,0.006966145833333334,0.8547418117523193,0.14808279275894165,0.517473042011261,0.9706993103027344,0.0,0.21415607631206512,0.0,0.4398520886898041,1.0,0.8915258646011353,0.10847413539886475
20,1200,0.34870341420173645,0.23792743682861328,0.15368087589740753,0.003948287572711706,0.08203125,0.7459084987640381,0.8082920811938505,0.17728385194984636,0.9631754557291669,0.0,0.16962594696969696,0.507031619910038,0.40415364583333335,0.0040625,2.604166666666667e-05,0.0067317708333333335,0.8482973575592041,0.152822345495224,0.5162836313247681,0.9703582525253296,0.0,0.20736382901668549,0.0,0.4388411045074463,1.0,0.8968602418899536,0.10313975811004639
20,1210,0.36353760957717896,0.23451071977615356,0.15656575560569763,0.004071648698300123,0.08364583333333334,0.7306223511695862,0.8181071379397602,0.17027631424559245,1.0,0.0,0.19330018939393936,0.5289950284090909,0.41963541666666665,0.017916666666666668,7.8125e-05,0.007252604166666667,0.8430870771408081,0.15684573352336884,0.5158228874206543,0.9703582525253296,0.0,0.20429182052612305,0.0,0.4384494721889496,1.0,0.9023102521896362,0.09768974781036377
20,1220,0.345392107963562,0.23164427280426025,0.16185173392295837,0.00412832573056221,0.07907552083333333,0.7510590553283691,0.8259545531081784,0.17151009472697035,1.0,0.0,0.18619791666666663,0.5279296875,0.44256510416666667,0.003984375,0.0,0.007096354166666667,0.8389432430267334,0.16021254658699036,0.5150915384292603,0.9703582525253296,0.0,0.19941604137420654,0.0,0.43782782554626465,1.0,0.9084361791610718,0.09156382083892822
20,1230,0.3389395773410797,0.2282819300889969,0.1574772745370865,0.00398930674418807,0.08946614583333333,0.7597259879112244,0.8151553778104176,0.17735705217583797,1.0,0.0,0.1903409090909091,0.5285511363636364,0.45700520833333336,0.0024739583333333332,0.0,0.0071875,0.8342443108558655,0.16458895802497864,0.5127166509628296,0.967451810836792,0.0,0.19327202439308167,0.0,0.4358091652393341,1.0,0.914526104927063,0.08547389507293701
20,1240,0.3352128863334656,0.21988144516944885,0.13936138153076172,0.005180864129215479,0.10247395833333334,0.7279813289642334,0.8187753532695967,0.13641102756456874,1.0,0.0,0.21460700757575754,0.5321910511363637,0.5062890625,0.00026041666666666666,3.90625e-05,0.007721354166666666,0.829931378364563,0.16824494302272797,0.5130701661109924,0.9697904586791992,0.0,0.1878325641155243,0.0,0.43610966205596924,1.0,0.9200161695480347,0.07998383045196533
20,1250,0.35713568329811096,0.22797420620918274,0.14542093873023987,0.0043149362318217754,0.07717447916666667,0.7517384886741638,0.798960670612633,0.16953035220628834,0.9632975260416667,0.0,0.18383049242424238,0.5092233368844697,0.408125,0.00013020833333333333,0.0,0.007044270833333333,0.825499415397644,0.17189082503318787,0.5147197246551514,0.9751441478729248,0.0,0.18098396062850952,0.0,0.43751177191734314,1.0,0.9219491481781006,0.07805085182189941
20,1260,0.3542308509349823,0.22492997348308563,0.14320233464241028,0.003996205981820822,0.08768229166666666,0.7525305151939392,0.7957575414946689,0.16799740400952778,1.0,0.0,0.1631155303030303,0.5244673295454545,0.4522265625,0.0,0.0,0.006588541666666667,0.8187910318374634,0.17930278182029724,0.51411372423172,0.975919246673584,0.0,0.17436079680919647,0.0,0.4369966685771942,1.0,0.9237321615219116,0.07626783847808838
20,1270,0.34730011224746704,0.23281629383563995,0.15886534750461578,0.0040481677278876305,0.09158854166666666,0.7428971529006958,0.8208522846889429,0.17202518360098687,1.0,0.0,0.17080965909090906,0.5256214488636364,0.45147135416666667,9.114583333333334e-05,9.114583333333334e-05,0.0067578125,0.8194998502731323,0.17970310151576996,0.5124744176864624,0.9744330644607544,0.0,0.16838587820529938,0.0,0.4356032609939575,1.0,0.9250322580337524,0.07496774196624756
20,1280,0.3468547761440277,0.22822299599647522,0.1623942255973816,0.004088949412107468,0.08364583333333334,0.7390575408935547,0.8281332187279081,0.17035215206989426,1.0,0.0,0.16666666666666666,0.525,0.46752604166666667,0.00010416666666666667,0.0,0.006666666666666667,0.8155117034912109,0.18422867357730865,0.5112002491950989,0.9729585647583008,0.0,0.1648065447807312,0.0,0.4345202147960663,1.0,0.926200270652771,0.073799729347229
20,1290,0.36662328243255615,0.2296084761619568,0.1645653247833252,0.004805471748113632,0.10102864583333333,0.7557894587516785,0.853075427404786,0.14441841723230797,0.9822591145833335,0.0,0.1317471590909091,0.5108916311553031,0.4142838541666667,3.90625e-05,3.90625e-05,0.0058984375,0.8129061460494995,0.18780897557735443,0.5111731886863708,0.9734370708465576,0.0,0.1630309820175171,0.0,0.43449723720550537,1.0,0.9275392293930054,0.07246077060699463
20,1300,0.3669430613517761,0.23113863170146942,0.15460346639156342,0.004107649903744459,0.0715234375,0.7754108905792236,0.7955143461989,0.1887890931211951,0.992838541666667,0.0,0.1317471590909091,0.5161813446969699,0.41770833333333335,0.0,0.0,0.0058984375,0.8062840700149536,0.19604182243347168,0.5105946660041809,0.9725167751312256,0.0,0.1622418463230133,0.0,0.434005469083786,1.0,0.9284349679946899,0.07156503200531006
20,1310,0.3659386932849884,0.23037564754486084,0.16181261837482452,0.004047492519021034,0.07483072916666667,0.7686949968338013,0.8137573886757,0.18345034989955675,1.0,0.0,0.13707386363636362,0.5205610795454545,0.4227473958333333,0.0,0.0,0.006015625,0.803959846496582,0.20027229189872742,0.5111984014511108,0.9738595485687256,0.0,0.1617909073829651,0.0,0.4345186650753021,1.0,0.9291677474975586,0.0708322525024414
20,1320,0.3635811507701874,0.23008371889591217,0.16744980216026306,0.004193414002656937,0.07173177083333333,0.7572045922279358,0.8174846406903196,0.19082844725587303,1.0,0.0,0.1566051136363636,0.5234907670454545,0.4256770833333333,0.0,0.0,0.0064453125,0.8043979406356812,0.2007071077823639,0.510961651802063,0.9738595485687256,0.0,0.16021262109279633,0.0,0.434317409992218,1.0,0.9295979142189026,0.07040208578109741
20,1330,0.37214919924736023,0.23425479233264923,0.17242297530174255,0.004270586185157299,0.06555989583333334,0.7753206491470337,0.8116481360546781,0.20592956309584012,0.9389648437500003,0.0,0.15187026515151514,0.4922629616477274,0.4004296875,3.90625e-05,0.0,0.006341145833333333,0.8036223649978638,0.20161423087120056,0.5108137130737305,0.9738595485687256,0.0,0.159226194024086,0.0,0.43419167399406433,1.0,0.9296910762786865,0.07030892372131348
20,1340,0.37023991346359253,0.2316834032535553,0.1708448976278305,0.004055776167660952,0.06270833333333334,0.7614209055900574,0.7969865496668632,0.21791501384554635,0.9656575520833334,0.0,0.13707386363636362,0.5033898555871212,0.40901041666666665,0.0,0.0,0.006015625,0.8035260438919067,0.20166239142417908,0.5106995105743408,0.9738595485687256,0.0,0.15846523642539978,0.0,0.4340946078300476,1.0,0.929450273513794,0.07054972648620605
20,1350,0.3661605715751648,0.23080980777740479,0.17022787034511566,0.0038374820724129677,0.059934895833333335,0.7588613033294678,0.7821753556180839,0.23356404491809535,0.9830322265625001,0.0,0.16074810606060605,0.515628329190341,0.4145703125,0.0,0.0,0.006536458333333333,0.8000022172927856,0.2076823115348816,0.5101315975189209,0.9738227128982544,0.0,0.1548013687133789,0.0,0.4336118698120117,1.0,0.9287327527999878,0.07126724720001221
20,1360,0.3648205101490021,0.23603558540344238,0.1745191365480423,0.003710956545546651,0.05515625,0.7577295899391174,0.7724972380399441,0.25275005613431356,1.0,0.0,0.14595170454545453,0.5218927556818181,0.4201171875,1.3020833333333334e-05,0.0,0.0062109375,0.7985664010047913,0.21060025691986084,0.5108448266983032,0.9755704402923584,0.0,0.1537303924560547,0.0,0.4342181086540222,1.0,0.928174614906311,0.07182538509368896
20,1370,0.3668360412120819,0.24128517508506775,0.19674180448055267,0.004494446329772472,0.07354166666666667,0.7454105019569397,0.8511435305564345,0.17741852770393496,0.9010823567708334,0.0,0.13411458333333334,0.4706583658854167,0.3883463541666667,0.0,2.604166666666667e-05,0.005950520833333334,0.7962188720703125,0.21544134616851807,0.5106714367866516,0.9755704402923584,0.0,0.15257486701011658,0.0,0.43407073616981506,1.0,0.9279806613922119,0.07201933860778809
20,1380,0.36340826749801636,0.24388691782951355,0.1839897632598877,0.003687984077259898,0.0524609375,0.7596579194068909,0.7687530324863663,0.2716221777179987,0.8349609375000002,0.0,0.16074810606060605,0.441592684659091,0.3671875,0.0,0.0,0.006536458333333333,0.7929570078849792,0.21935203671455383,0.5105996131896973,0.9755704998970032,0.0,0.1520957499742508,0.0,0.4340096712112427,1.0,0.9279072880744934,0.07209271192550659
20,1390,0.3566168248653412,0.24050070345401764,0.18322081863880157,0.003509153611958027,0.057005208333333335,0.7602333426475525,0.7771512557359282,0.2618679959221677,0.916910807291667,0.0,0.15719696969696967,0.4820349491003789,0.39341145833333335,0.0,0.0,0.006458333333333333,0.7928211688995361,0.21917510032653809,0.5103989839553833,0.9752875566482544,0.0,0.1517011821269989,0.0,0.4338391423225403,1.0,0.9279673099517822,0.07203269004821777
20,1400,0.35837894678115845,0.23457534611225128,0.1787879914045334,0.0036063322331756353,0.05084635416666667,0.7565709352493286,0.7617892598838768,0.2755812480374324,0.9806722005208336,0.0,0.16370738636363633,0.5148922082149623,0.41380208333333335,1.3020833333333334e-05,0.0,0.0066015625,0.7902794480323792,0.22197912633419037,0.5110031366348267,0.9761323928833008,0.0,0.15291306376457214,0.0,0.43435266613960266,1.0,0.9280540943145752,0.0719459056854248
20,1410,0.35738158226013184,0.23248016834259033,0.1728760153055191,0.00361235742457211,0.053203125,0.7514016032218933,0.759483755761181,0.2661233811692368,0.9913736979166669,0.0,0.16015624999999997,0.5197102864583334,0.4172265625,1.3020833333333334e-05,0.0,0.0065234375,0.7922643423080444,0.22012200951576233,0.5114357471466064,0.9764734506607056,0.0,0.1546604484319687,0.0,0.43472039699554443,1.0,0.9279597997665405,0.07204020023345947
20,1420,0.3606221377849579,0.22783975303173065,0.16752071678638458,0.0039488403126597404,0.07727864583333334,0.742273211479187,0.8273084417510796,0.1794077586691709,1.0,0.0,0.16015624999999997,0.5240234375,0.42203125,9.114583333333334e-05,0.0,0.0065234375,0.7928386926651001,0.2186516374349594,0.5115879774093628,0.976473331451416,0.0,0.15567505359649658,0.0,0.4348497986793518,1.0,0.9280643463134766,0.07193565368652344
20,1430,0.3619079887866974,0.22660429775714874,0.16337543725967407,0.004017727915197611,0.07252604166666667,0.7463977336883545,0.8096662634883711,0.19055939654259943,1.0,0.0,0.16548295454545453,0.5248224431818181,0.42184895833333336,5.208333333333334e-05,0.0,0.006640625,0.7924737930297852,0.21749189496040344,0.5117654800415039,0.9764733910560608,0.0,0.15685877203941345,0.0,0.4350006580352783,1.0,0.9282826781272888,0.07171732187271118
20,1440,0.3660064935684204,0.22347961366176605,0.15940366685390472,0.003960103262215853,0.07639322916666667,0.7370821237564087,0.8131322187744275,0.17836859614622294,1.0,0.0,0.17436079545454544,0.5261541193181818,0.43111979166666664,1.3020833333333334e-05,0.0,0.0068359375,0.7948141098022461,0.21357212960720062,0.513121485710144,0.9793797731399536,0.0,0.1562105417251587,0.0,0.43615326285362244,1.0,0.9285008907318115,0.07149910926818848
20,1450,0.3623773157596588,0.22596606612205505,0.16350682079792023,0.0035677722189575434,0.05321614583333333,0.7677022814750671,0.7447749227131233,0.2628289068381195,0.9992268880208334,0.0,0.13766571969696967,0.5202633019649622,0.41975260416666665,0.0,0.0,0.006028645833333333,0.7938159108161926,0.2133897840976715,0.5137785077095032,0.9805501103401184,0.0,0.15668965876102448,0.0,0.43671175837516785,1.0,0.9288086891174316,0.07119131088256836
20,1460,0.35964635014533997,0.22835884988307953,0.16081322729587555,0.00391098577529192,0.060208333333333336,0.7566453218460083,0.7688093844523635,0.23080725304639496,1.0,0.0,0.16133996212121213,0.5242009943181818,0.4343359375,2.604166666666667e-05,0.0,0.006549479166666667,0.7956126928329468,0.21183541417121887,0.5141233205795288,0.9813581109046936,0.0,0.15629510581493378,0.0,0.43700483441352844,1.0,0.9291715621948242,0.07082843780517578
20,1470,0.35320913791656494,0.2263922244310379,0.16710089147090912,0.0034165685065090656,0.05384114583333333,0.7371644973754883,0.7464587977834702,0.2696606644747862,1.0,0.0,0.13884943181818182,0.5208274147727273,0.44623697916666666,1.3020833333333334e-05,0.0,0.0060546875,0.7998334765434265,0.20635375380516052,0.5142078995704651,0.9813581109046936,0.0,0.15685877203941345,0.0,0.43707671761512756,1.0,0.9296256899833679,0.07037431001663208
20,1480,0.3561031222343445,0.2214675396680832,0.16298700869083405,0.003278659889474511,0.059283854166666664,0.7529757618904114,0.7523533454078195,0.25414965061014233,1.0,0.0,0.16074810606060605,0.524112215909091,0.4685416666666667,0.0,0.0,0.006536458333333333,0.8055111765861511,0.1997501701116562,0.516808271408081,0.9860684871673584,0.0,0.15849342942237854,0.0,0.4392870366573334,1.0,0.9300733804702759,0.06992661952972412
20,1490,0.3722449243068695,0.2274547815322876,0.16060899198055267,0.003943182528018951,0.08505208333333333,0.7514196038246155,0.8252810964152941,0.1666365421674439,0.9940592447916669,0.0,0.1583806818181818,0.5207867246685607,0.41790364583333334,0.0001953125,3.90625e-05,0.006484375,0.8106390237808228,0.19273313879966736,0.5207419395446777,0.9939274787902832,0.0,0.1585216075181961,0.0,0.4426306486129761,1.0,0.9305335879325867,0.06946641206741333
20,1500,0.3688930869102478,0.23067407310009003,0.16425761580467224,0.0037971227429807186,0.07046875,0.7477101683616638,0.7996996402892844,0.20330279219336458,1.0,0.0,0.15719696969696967,0.5235795454545454,0.4229557291666667,7.8125e-05,0.0,0.006458333333333333,0.8162527084350586,0.18548280000686646,0.5228090882301331,0.9978841543197632,0.0,0.15911346673965454,0.0,0.4443877339363098,1.0,0.9309883713722229,0.0690116286277771
20,1510,0.36052000522613525,0.23483502864837646,0.15809538960456848,0.0046117790043354034,0.095390625,0.7268772125244141,0.8371965988272052,0.1497898296442458,1.0,0.0,0.1684422348484848,0.5252663352272727,0.45524739583333335,0.00037760416666666666,7.8125e-05,0.006705729166666666,0.8199661374092102,0.1811310350894928,0.522969126701355,0.9988045692443848,0.0,0.15711241960525513,0.0,0.44452378153800964,1.0,0.9315661191940308,0.06843388080596924
20,1520,0.3649425208568573,0.2258259505033493,0.1531456559896469,0.0044728233478963375,0.081796875,0.7405303120613098,0.8258190444961876,0.15257228952890567,1.0,0.0,0.1583806818181818,0.5237571022727273,0.4388671875,0.000234375,0.0006119791666666667,0.006484375,0.8230541944503784,0.1768702268600464,0.5231449007987976,0.999215304851532,0.0,0.15691512823104858,0.0,0.44467318058013916,1.0,0.9321057796478271,0.06789422035217285
20,1530,0.3630293309688568,0.22195440530776978,0.1511409878730774,0.0039848159067332745,0.081875,0.7507950067520142,0.8098219279042037,0.16647400267412102,1.0,0.0,0.18146306818181818,0.5272194602272727,0.4590755208333333,0.00010416666666666667,6.510416666666667e-05,0.0069921875,0.822228193283081,0.17614826560020447,0.523115336894989,0.999215304851532,0.0,0.15671785175800323,0.0,0.44464805722236633,1.0,0.932709813117981,0.06729018688201904
20,1540,0.3572638928890228,0.23073139786720276,0.15915070474147797,0.005364839918911457,0.11365885416666667,0.7392627596855164,0.8607946629857667,0.12361450958603282,1.0,0.0,0.13825757575757575,0.5207386363636364,0.5238151041666667,0.00016927083333333334,5.208333333333334e-05,0.0060416666666666665,0.8215484023094177,0.1761307269334793,0.5232125520706177,0.999215304851532,0.0,0.157366082072258,0.0,0.444730669260025,1.0,0.9334590435028076,0.06654095649719238
20,1550,0.37855103611946106,0.2308238297700882,0.15697695314884186,0.003618551418185234,0.0673046875,0.7623198628425598,0.7760239123530828,0.214085915434732,0.9902343750000002,0.0,0.14713541666666666,0.5171875000000001,0.416328125,0.000546875,0.0,0.006236979166666667,0.8278272747993469,0.1697332113981247,0.522570013999939,0.999215304851532,0.0,0.15308216214179993,0.0,0.4441845118999481,1.0,0.9342501163482666,0.0657498836517334
20,1560,0.36028802394866943,0.22463274002075195,0.17547421157360077,0.004161247983574867,0.0670703125,0.7630405426025391,0.8199077832258341,0.20092203256507726,1.0,0.0,0.1524621212121212,0.5228693181818181,0.4643359375,0.00013020833333333333,0.0,0.006354166666666667,0.8387031555175781,0.15866947174072266,0.5219119787216187,0.9992521405220032,0.0,0.14857277274131775,0.0,0.44362518191337585,1.0,0.9350947141647339,0.06490528583526611
20,1570,0.3683149814605713,0.2232552021741867,0.16688568890094757,0.005310638342052698,0.07584635416666667,0.7500842213630676,0.8611342068795758,0.13763511901444503,1.0,0.0,0.15778882575757575,0.5236683238636364,0.4353125,6.510416666666667e-05,3.90625e-05,0.006471354166666667,0.8459630012512207,0.15193918347358704,0.520779013633728,0.9992520809173584,0.0,0.14101958274841309,0.0,0.44266217947006226,1.0,0.9360253810882568,0.06397461891174316
20,1580,0.3765861988067627,0.2603488266468048,0.19565723836421967,0.008115017786622047,0.13174479166666667,0.7334384918212891,0.9703754983741417,0.03874331781978851,1.0,0.0,0.1684422348484848,0.5252663352272727,0.5587890625,0.0401953125,0.0,0.006705729166666666,0.8532230854034424,0.14410285651683807,0.5200180411338806,0.9992521405220032,0.0,0.13594651222229004,0.0,0.4420153498649597,1.0,0.9363836050033569,0.06361639499664307
20,1590,0.37019333243370056,0.2473793476819992,0.16937734186649323,0.0052492753602564335,0.09407552083333333,0.7364158630371094,0.8764373990540326,0.12426455541223612,1.0,0.0,0.16133996212121213,0.5242009943181818,0.5504036458333333,0.021067708333333334,0.0,0.006549479166666667,0.8634109497070312,0.1338241696357727,0.5191133618354797,0.9992520809173584,0.0,0.12991522252559662,0.0,0.44124636054039,1.0,0.937343180179596,0.06265681982040405
20,1600,0.36580586433410645,0.22437520325183868,0.173138827085495,0.005672964733093977,0.08536458333333333,0.754595160484314,0.8950383208368238,0.10961108537315109,1.0,0.0,0.16962594696969696,0.5254438920454545,0.5419401041666667,0.0057552083333333335,1.3020833333333334e-05,0.0067317708333333335,0.8630887269973755,0.1333504319190979,0.5181235074996948,0.9995350241661072,0.0,0.12237329035997391,0.0,0.4404049813747406,1.0,0.9381206035614014,0.06187939643859863
20,1610,0.3456185460090637,0.20480991899967194,0.18079182505607605,0.004523157607764006,0.06678385416666667,0.773726224899292,0.8397710713845586,0.18419409198238776,1.0,0.0,0.12168560606060605,0.518252840909091,0.5871484375,0.0001953125,0.0,0.0056770833333333335,0.8635291457176208,0.13178426027297974,0.517000675201416,0.9995350241661072,0.0,0.11488771438598633,0.0,0.43945059180259705,1.0,0.939112663269043,0.06088733673095703
20,1620,0.3638443648815155,0.21762202680110931,0.1668647825717926,0.00423581525683403,0.07194010416666667,0.7673469185829163,0.8243332571862315,0.17664643656202272,1.0,0.0,0.15601325757575757,0.5234019886363637,0.5251822916666666,0.0007942708333333334,0.0,0.006432291666666667,0.864658772945404,0.13145464658737183,0.51579749584198,0.9995350241661072,0.0,0.10686665773391724,0.0,0.4384278953075409,1.0,0.9400286078453064,0.059971392154693604
20,1630,0.3721562325954437,0.21771451830863953,0.15188919007778168,0.004171973560005426,0.07641927083333333,0.7807053327560425,0.8099630850086784,0.16424654236485436,1.0,0.0,0.15601325757575757,0.5234019886363637,0.4717578125,2.604166666666667e-05,1.3020833333333334e-05,0.006432291666666667,0.8635135889053345,0.13212773203849792,0.5146661996841431,0.9995350241661072,0.0,0.09932472556829453,0.0,0.4374662935733795,1.0,0.9401856064796448,0.059814393520355225
20,1640,0.35996758937835693,0.22579744458198547,0.1555519849061966,0.0037671271711587906,0.07389322916666667,0.7619192600250244,0.7953902396529895,0.1901908490265847,1.0,0.0,0.17909564393939392,0.5268643465909091,0.4893489583333333,1.3020833333333334e-05,0.0,0.0069401041666666665,0.8628183603286743,0.13338907063007355,0.5133700370788574,0.9995350241661072,0.0,0.09068362414836884,0.0,0.4363645315170288,1.0,0.9402559995651245,0.05974400043487549
20,1650,0.37974146008491516,0.21907904744148254,0.17038412392139435,0.00755611015483737,0.13740885416666668,0.8073936700820923,0.9449884709029496,0.044021031864714316,1.0,0.0,0.08439867424242424,0.5126598011363637,0.554296875,0.009921875,0.00024739583333333335,0.004856770833333334,0.86577308177948,0.1316777765750885,0.5123825073242188,0.9995350241661072,0.0,0.08409993350505829,0.0,0.43552514910697937,1.0,0.940131425857544,0.059868574142456055
20,1660,0.40125352144241333,0.2229028046131134,0.20757724344730377,0.007999926805496216,0.11776041666666667,0.8153958916664124,0.9731687679523374,0.030490036417798294,1.0,0.0,0.04296874999999999,0.5064453125,0.5633854166666666,0.039049479166666665,0.000234375,0.0039453125,0.8680367469787598,0.12943457067012787,0.5115640163421631,1.0,0.0,0.07709348201751709,0.0,0.4348294138908386,1.0,0.9411410093307495,0.05885899066925049
20,1670,0.40589410066604614,0.20900601148605347,0.18695858120918274,0.0060653374530375,0.11322916666666667,0.8416210412979126,0.9212651511790549,0.08947141911471035,1.0,0.0,0.002722537878787874,0.5004083806818181,0.5431119791666666,0.013307291666666667,3.90625e-05,0.0030598958333333333,0.8715133666992188,0.12491809576749802,0.5104750394821167,1.0,0.0,0.06983337551355362,0.0,0.4339037835597992,1.0,0.9419642686843872,0.05803573131561279
20,1680,0.3980240523815155,0.21028394997119904,0.174922913312912,0.005552787333726883,0.08623697916666667,0.8385095596313477,0.8989218136595517,0.10509794714247309,1.0,0.0,0.0323153409090909,0.5048473011363637,0.4810286458333333,0.025013020833333333,9.114583333333334e-05,0.0037109375,0.8709225654602051,0.1247229278087616,0.5093479752540588,1.0,0.0,0.06231962516903877,0.0,0.43294578790664673,1.0,0.942963719367981,0.05703628063201904
20,1690,0.4336093068122864,0.20446428656578064,0.2021939605474472,0.0077438512817025185,0.1528125,0.8149322271347046,0.966298449021287,0.03829721702126468,1.0,0.0,0.03409090909090908,0.5051136363636364,0.5404947916666667,0.04243489583333333,0.0013671875,0.00375,0.8676139116287231,0.1257874071598053,0.5081447958946228,1.0,0.0,0.05429856851696968,0.0,0.4319230914115906,1.0,0.9438088536262512,0.05619114637374878
20,1700,0.445893257856369,0.18582472205162048,0.1525602638721466,0.005022998433560133,0.08141927083333333,0.8694444894790649,0.8185129255527458,0.1566882426282618,1.0,0.0,0.0,0.5,0.4991145833333333,0.0179296875,0.00046875,0.0024609375,0.8637043237686157,0.12833872437477112,0.5069923400878906,1.0,0.0,0.046615712344646454,0.0,0.43094348907470703,1.0,0.9441844820976257,0.05581551790237427
20,1710,0.44111552834510803,0.18505918979644775,0.1539558321237564,0.004635593853890896,0.08283854166666667,0.8734260201454163,0.8089498105239802,0.1704131885000118,1.0,0.0,0.0,0.5,0.49223958333333334,0.009075520833333333,0.00022135416666666666,0.0023567708333333335,0.858815610408783,0.13187450170516968,0.5060876607894897,1.0,0.0,0.040584415197372437,0.0,0.4301745295524597,1.0,0.9447026252746582,0.0552973747253418
20,1720,0.44198867678642273,0.18613201379776,0.17046740651130676,0.0054511153139173985,0.09682291666666666,0.8730120658874512,0.8609179669242583,0.14286766934958173,1.0,0.0,0.0,0.5,0.4991145833333333,0.0005729166666666667,9.114583333333334e-05,0.0023307291666666667,0.8623181581497192,0.1269192099571228,0.5056902170181274,1.0,0.0,0.037935152649879456,0.0,0.4298366904258728,1.0,0.9450993537902832,0.0549006462097168
20,1730,0.436705619096756,0.184306338429451,0.14769716560840607,0.0048188744112849236,0.08516927083333334,0.8833882808685303,0.8017698015496274,0.16670749504573465,1.0,0.0,0.0,0.5,0.4953385416666667,0.00013020833333333333,6.510416666666667e-05,0.001966145833333333,0.859087347984314,0.12871280312538147,0.5049039125442505,1.0,0.0,0.03269299864768982,0.0,0.42916834354400635,1.0,0.9454584717750549,0.05454152822494507
20,1740,0.43838638067245483,0.18122601509094238,0.15711644291877747,0.004210315179079771,0.08108072916666667,0.8825087547302246,0.79522227140811,0.192961938520212,1.0,0.0,0.0,0.5,0.5125260416666667,0.00028645833333333333,2.604166666666667e-05,0.0009114583333333333,0.8541994690895081,0.13325300812721252,0.5040415525436401,1.0,0.0,0.026943542063236237,0.0,0.4284353256225586,1.0,0.9458434581756592,0.05415654182434082
20,1750,0.45964315533638,0.2078605741262436,0.1946742981672287,0.006124196108430624,0.10213541666666667,0.872235119342804,0.9228442858359435,0.08767694791370048,1.0,0.0,0.0,0.5,0.48713541666666665,0.00828125,1.3020833333333334e-05,0.0013020833333333333,0.8490731716156006,0.13750052452087402,0.5030691623687744,1.0,0.0,0.0204613097012043,0.0,0.42760878801345825,1.0,0.9462661743164062,0.05373382568359375
20,1760,0.4302936792373657,0.17908570170402527,0.1600978821516037,0.005238065496087074,0.09522135416666666,0.8656158447265625,0.8235609461750143,0.16697887085923335,1.0,0.0,0.0,0.5,0.543984375,3.90625e-05,9.114583333333334e-05,0.0020052083333333332,0.8427047729492188,0.14240658283233643,0.5027521252632141,1.0,0.0,0.018347539007663727,0.0,0.4273393154144287,1.0,0.9469075202941895,0.05309247970581055
20,1770,0.43125849962234497,0.1909532994031906,0.1708138883113861,0.006262535694986582,0.12326822916666667,0.8487272262573242,0.8929167070524945,0.10607602908389599,1.0,0.0,0.0,0.5,0.5447135416666666,0.0003255208333333333,0.0,0.002942708333333333,0.8324871063232422,0.15006932616233826,0.5028958916664124,1.0,0.0,0.01930578239262104,0.0,0.42746153473854065,1.0,0.9474630355834961,0.052536964416503906
20,1780,0.43640926480293274,0.1812179833650589,0.157831072807312,0.006160127930343151,0.10666666666666667,0.8685065507888794,0.8487276310380024,0.13353650712567133,1.0,0.0,0.0,0.5,0.5251822916666666,0.00015625,0.0,0.0015234375,0.8241096138954163,0.15566697716712952,0.5033735632896423,1.0,0.0,0.02249053120613098,0.0,0.4278675317764282,1.0,0.9477701783180237,0.05222982168197632
20,1790,0.4277120530605316,0.18913082778453827,0.15192274749279022,0.007887279614806175,0.13639322916666666,0.8517475128173828,0.9008928314231573,0.06109733252627095,1.0,0.0,0.0,0.5,0.5674348958333333,0.0016145833333333333,0.00015625,0.001875,0.818645715713501,0.15847235918045044,0.5036145448684692,1.0,0.0,0.02409699559211731,0.0,0.42807236313819885,1.0,0.9480598568916321,0.05194014310836792
20,1800,0.43979328870773315,0.18745656311511993,0.14952877163887024,0.0043648611754179,0.0783203125,0.8639096021652222,0.7943376066743991,0.17784206950949685,1.0,0.0,0.0,0.5,0.48028645833333333,0.00022135416666666666,2.604166666666667e-05,0.0027213541666666666,0.8122303485870361,0.1631721556186676,0.5037033557891846,1.0,0.0,0.024688852950930595,0.0,0.4281478524208069,1.0,0.9483016133308411,0.051698386669158936
20,1810,0.4312073290348053,0.1917339414358139,0.15211226046085358,0.004114940296858549,0.07536458333333333,0.8544905781745911,0.7923741308655624,0.18386271397028123,1.0,0.0,0.04296874999999999,0.5064453125,0.47377604166666665,0.0001171875,2.604166666666667e-05,0.0039453125,0.813732385635376,0.16141390800476074,0.5041159391403198,1.0,0.0,0.027439575642347336,0.0,0.4284985661506653,1.0,0.9485649466514587,0.05143505334854126
20,1820,0.4215702414512634,0.21163149178028107,0.170451819896698,0.006371644325554371,0.10740885416666666,0.8194935917854309,0.9133246818053454,0.08013279495261064,1.0,0.0,0.06605113636363634,0.5099076704545454,0.59234375,0.01734375,0.0,0.004453125,0.8144733309745789,0.15959382057189941,0.504583477973938,1.0,0.0,0.030556684359908104,0.0,0.4288959801197052,1.0,0.9490766525268555,0.05092334747314453
20,1830,0.4297068417072296,0.18139727413654327,0.14567072689533234,0.004389583133161068,0.07114583333333334,0.8522173166275024,0.7564855134959628,0.21431189424488192,1.0,0.0,0.04592803030303029,0.5068892045454545,0.4818359375,3.90625e-05,6.510416666666667e-05,0.0040104166666666665,0.8126649856567383,0.15798020362854004,0.5050848722457886,1.0,0.0,0.03389926254749298,0.0,0.42932215332984924,1.0,0.9494417309761047,0.050558269023895264
20,1840,0.4250057637691498,0.1772790402173996,0.13987770676612854,0.003801933955401182,0.06559895833333333,0.8598282933235168,0.7073186987561592,0.25959092020333807,1.0,0.0,0.03527462121212121,0.5052911931818181,0.5029557291666666,5.208333333333334e-05,0.0,0.0037760416666666667,0.8174687027931213,0.15353479981422424,0.5056412816047668,1.0,0.0,0.037608224898576736,0.0,0.42979511618614197,1.0,0.9497389197349548,0.050261080265045166
20,1850,0.41641101241111755,0.1781444549560547,0.1389225423336029,0.0036874008364975452,0.059596354166666664,0.8494012355804443,0.6877376601875779,0.27938879801996,1.0,0.0,0.04296874999999999,0.5064453125,0.5382291666666666,2.604166666666667e-05,0.0,0.0039453125,0.8251197934150696,0.14673271775245667,0.5063074827194214,1.0,0.0,0.042049966752529144,0.0,0.4303613603115082,1.0,0.9499195218086243,0.05008047819137573
20,1860,0.41201889514923096,0.19006934762001038,0.14375850558280945,0.004991145338863134,0.09623697916666667,0.8467762470245361,0.8112522982070695,0.1470478096431712,1.0,0.0,0.04000946969696968,0.5060014204545454,0.5420182291666666,0.00028645833333333333,0.0,0.003880208333333333,0.827725887298584,0.14352434873580933,0.5068469047546387,1.0,0.0,0.04564619064331055,0.0,0.43081986904144287,1.0,0.950169026851654,0.04983097314834595
20,1870,0.40651920437812805,0.18456770479679108,0.13506156206130981,0.003987268544733524,0.0821484375,0.8380246758460999,0.7585978282971296,0.1914079165222441,1.0,0.0,0.06309185606060605,0.509463778409091,0.5389583333333333,1.3020833333333334e-05,0.0,0.004388020833333333,0.8313559293746948,0.1397569179534912,0.5077076554298401,1.0,0.0,0.05138437822461128,0.0,0.4315515160560608,1.0,0.9503614902496338,0.04963850975036621
20,1880,0.40001946687698364,0.18663723766803741,0.13574329018592834,0.003731189062818885,0.07578125,0.8292925953865051,0.7453374703567454,0.20702215485278289,1.0,0.0,0.06960227272727271,0.510440340909091,0.5465755208333334,0.0,0.0,0.00453125,0.834938108921051,0.1362302303314209,0.5085134506225586,1.0,0.0,0.05675617977976799,0.0,0.4322364330291748,1.0,0.9505078792572021,0.04949212074279785
20,1890,0.3951928913593292,0.1857789307832718,0.13607509434223175,0.004786565434187651,0.10087239583333334,0.830025851726532,0.7841800394381692,0.16401104395073363,1.0,0.0,0.06605113636363634,0.5099076704545454,0.6174348958333333,0.0003255208333333333,9.114583333333334e-05,0.004453125,0.841321587562561,0.12987135350704193,0.5094587206840515,1.0,0.0,0.0630580335855484,0.0,0.43303993344306946,1.0,0.9506223797798157,0.049377620220184326
20,1900,0.4149510860443115,0.19538681209087372,0.15120099484920502,0.00497690262272954,0.07908854166666666,0.8397091627120972,0.8315760488703315,0.1369928647959145,1.0,0.0,0.04651988636363636,0.5069779829545454,0.47924479166666667,0.0007682291666666666,0.0001171875,0.0040234375,0.8459774255752563,0.12708906829357147,0.5107802152633667,1.0,0.0,0.07186824083328247,0.0,0.4341631829738617,1.0,0.9507087469100952,0.049291253089904785
20,1910,0.41162818670272827,0.1912975162267685,0.15264500677585602,0.005785318091511726,0.09497395833333333,0.8222549557685852,0.8500544035988274,0.11976480420406274,1.0,0.0,0.05776515151515149,0.5086647727272727,0.5192708333333333,0.00028645833333333333,0.0002734375,0.004270833333333333,0.8538126349449158,0.1208750456571579,0.5119242072105408,1.0,0.0,0.07949472218751907,0.0,0.4351356029510498,1.0,0.9507723450660706,0.04922765493392944
20,1920,0.3955802321434021,0.18869948387145996,0.14370565116405487,0.005590758286416531,0.10220052083333334,0.8216403126716614,0.8245103014122143,0.1321915864671876,1.0,0.0,0.0654592803030303,0.5098188920454545,0.59171875,0.000234375,0.00013020833333333333,0.004440104166666667,0.8590338230133057,0.11613285541534424,0.5126302242279053,1.0,0.0,0.0842013880610466,0.0,0.43573570251464844,1.0,0.9508269429206848,0.049173057079315186
20,1930,0.3947000503540039,0.19473044574260712,0.13142256438732147,0.005857506766915321,0.10876302083333333,0.8136685490608215,0.8229421294669274,0.10898160616435655,1.0,0.0,0.07019412878787877,0.5105291193181818,0.5815625,6.510416666666667e-05,0.00015625,0.004544270833333333,0.8583678007125854,0.11793240904808044,0.5134926438331604,1.0,0.0,0.08995084464550018,0.0,0.4364687502384186,1.0,0.9508247375488281,0.049175262451171875
20,1940,0.40848416090011597,0.20773495733737946,0.16061818599700928,0.0065939901396632195,0.11513020833333333,0.8172556161880493,0.9026485230140456,0.07335395915660914,1.0,0.0,0.07788825757575758,0.5116832386363637,0.502578125,0.0005208333333333333,3.90625e-05,0.004713541666666667,0.8611065149307251,0.11550195515155792,0.5142874121665955,1.0,0.0,0.09524936974048615,0.0,0.43714430928230286,1.0,0.9508451819419861,0.049154818058013916
20,1950,0.3967144191265106,0.2069893330335617,0.19423751533031464,0.007356120739132166,0.12989583333333332,0.8063248991966248,0.9558959222693996,0.050118270148409555,1.0,0.0,0.09327651515151512,0.5139914772727273,0.6154947916666667,0.0013020833333333333,1.3020833333333334e-05,0.005052083333333333,0.8653091192245483,0.11221525818109512,0.5118119120597839,0.993611752986908,0.0,0.10004058480262756,0.0,0.435040146112442,1.0,0.9509321451187134,0.04906785488128662
20,1960,0.3945225179195404,0.21680055558681488,0.1773037314414978,0.008334117010235786,0.14653645833333334,0.7819621562957764,0.9775719305940015,0.02030131066354307,1.0,0.0,0.07552083333333333,0.511328125,0.6193489583333334,0.0012890625,0.0,0.004661458333333333,0.8710719347000122,0.1065305769443512,0.51267009973526,0.993611752986908,0.0,0.10576185584068298,0.0,0.43576958775520325,1.0,0.9511234760284424,0.04887652397155762
20,1970,0.3754878342151642,0.20486971735954285,0.16647572815418243,0.006118094082921743,0.1247265625,0.7851801514625549,0.8997933436788995,0.0878629852767761,1.0,0.0,0.12050189393939394,0.5180752840909091,0.6244010416666667,0.000625,0.0,0.005651041666666667,0.8713308572769165,0.10686683654785156,0.5133549571037292,0.9936116933822632,0.0,0.11032760888338089,0.0,0.4363517165184021,1.0,0.951445460319519,0.04855453968048096
20,1980,0.37841957807540894,0.2116709053516388,0.17782209813594818,0.007949891500175,0.15390625,0.777096152305603,0.968140677244142,0.03201550304344514,1.0,0.0,0.11280776515151514,0.5169211647727273,0.5986588541666666,0.0007161458333333333,0.0,0.005481770833333333,0.8764665126800537,0.102268747985363,0.5140186548233032,0.9936116933822632,0.0,0.11475243419408798,0.0,0.43691587448120117,1.0,0.9519032835960388,0.04809671640396118
20,1990,0.372543603181839,0.23361705243587494,0.16982531547546387,0.010613817721605301,0.16631510416666667,0.7404699921607971,0.9827813031123235,0.0,1.0,0.0,0.13233901515151514,0.5198508522727273,0.6220442708333334,0.0044921875,0.0,0.005911458333333334,0.8825746774673462,0.09871350228786469,0.5147754549980164,0.9936116933822632,0.0,0.11979730427265167,0.0,0.4375591576099396,1.0,0.9524718523025513,0.04752814769744873
20,2000,0.36171650886535645,0.23262245953083038,0.20422856509685516,0.01081747654825449,0.157578125,0.7302013039588928,0.9986653645833332,0.0026692708333333395,1.0,0.0,0.18501420454545453,0.5277521306818181,0.611953125,0.0018489583333333333,0.0,0.0070703125,0.8876553177833557,0.09532977640628815,0.5159379839897156,0.993611752986908,0.0,0.12754780054092407,0.0,0.4385473132133484,1.0,0.9531146883964539,0.04688531160354614
20,2010,0.360187828540802,0.2212417870759964,0.18749062716960907,0.007493835408240557,0.1297265625,0.7539381980895996,0.9588767303803021,0.0473476035766768,1.0,0.0,0.16015624999999997,0.5240234375,0.5656770833333333,0.0007291666666666667,0.0,0.0065234375,0.8907857537269592,0.0945991799235344,0.5173203945159912,0.9936116933822632,0.0,0.13676384091377258,0.0,0.43972235918045044,1.0,0.9538468718528748,0.046153128147125244
20,2020,0.36062923073768616,0.2185007631778717,0.164976567029953,0.006374525837600231,0.11260416666666667,0.7742609977722168,0.9020202927047234,0.08427671480893602,1.0,0.0,0.1418087121212121,0.5212713068181818,0.5057552083333333,0.0005338541666666666,1.3020833333333334e-05,0.006119791666666667,0.8931443691253662,0.09382639825344086,0.518592894077301,0.9936116933822632,0.0,0.14524711668491364,0.0,0.44080397486686707,1.0,0.9545700550079346,0.04542994499206543
20,2030,0.3656139671802521,0.22929441928863525,0.18379026651382446,0.005400456488132477,0.10692708333333334,0.7717075347900391,0.8993361695833645,0.11792360385097463,1.0,0.0,0.1867897727272727,0.528018465909091,0.45178385416666667,0.0025911458333333333,0.0003515625,0.007109375,0.8948366045951843,0.09365226328372955,0.5198696255683899,0.9936116933822632,0.0,0.15375857055187225,0.0,0.4418891966342926,1.0,0.9552853107452393,0.04471468925476074
20,2040,0.3613714873790741,0.22704635560512543,0.152073934674263,0.004070902708917856,0.0809765625,0.7799521088600159,0.8139990353368554,0.16327214810209786,1.0,0.0,0.15719696969696967,0.5235795454545454,0.44352864583333335,0.00024739583333333335,5.208333333333334e-05,0.006458333333333333,0.8972077369689941,0.09452012181282043,0.5215141773223877,0.993611752986908,0.0,0.1647219955921173,0.0,0.44328707456588745,1.0,0.9561318159103394,0.043868184089660645
20,2050,0.38749822974205017,0.23354880511760712,0.1570669710636139,0.003994479309767485,0.06997395833333334,0.7843544483184814,0.7955745204644034,0.19057041236898173,0.8658447265625002,0.0,0.13589015151515152,0.45330588600852284,0.3769661458333333,0.00010416666666666667,1.3020833333333334e-05,0.005989583333333334,0.896343469619751,0.09650538861751556,0.5225837230682373,0.9936116933822632,0.0,0.1718524545431137,0.0,0.4441961646080017,1.0,0.9571138620376587,0.04288613796234131
20,2060,0.3700815439224243,0.22565262019634247,0.1494363248348236,0.003862839424982667,0.0834375,0.7603126168251038,0.8087557196108229,0.16001050618277773,1.0,0.0,0.1631155303030303,0.5244673295454545,0.44981770833333334,0.00029947916666666664,2.604166666666667e-05,0.006588541666666667,0.8938544988632202,0.09958672523498535,0.5231966972351074,0.9936116933822632,0.0,0.17593908309936523,0.0,0.4447171986103058,1.0,0.9581423997879028,0.04185760021209717
20,2070,0.37436893582344055,0.22758643329143524,0.1511324644088745,0.004088171292096376,0.07959635416666666,0.7694065570831299,0.8166905290653632,0.15410918186489578,1.0,0.0,0.13589015151515152,0.5203835227272727,0.4396484375,0.00024739583333333335,0.00010416666666666667,0.005989583333333334,0.889811635017395,0.10495103150606155,0.5242239832878113,0.9936116933822632,0.0,0.1827877014875412,0.0,0.44559040665626526,1.0,0.9586204290390015,0.041379570960998535
20,2080,0.36952969431877136,0.23257093131542206,0.1490933746099472,0.006080316379666328,0.09692708333333333,0.7464457154273987,0.8664468382627909,0.09484807785570136,1.0,0.0,0.15601325757575757,0.5234019886363637,0.46078125,0.006158854166666667,0.00028645833333333333,0.006432291666666667,0.8885946273803711,0.10761244595050812,0.5248073935508728,0.993611752986908,0.0,0.18667703866958618,0.0,0.4460862874984741,1.0,0.9590179324150085,0.040982067584991455
20,2090,0.3685607612133026,0.24006247520446777,0.1715637892484665,0.005035211332142353,0.09440104166666667,0.7593063116073608,0.8736087692575092,0.13236207828834287,1.0,0.0,0.17554450757575754,0.5263316761363637,0.42421875,0.0010026041666666666,0.0015234375,0.006861979166666666,0.8846849203109741,0.1121654063463211,0.525610625743866,0.9936116933822632,0.0,0.19203191995620728,0.0,0.4467690587043762,1.0,0.959311842918396,0.040688157081604004
20,2100,0.3564189672470093,0.23467108607292175,0.16071030497550964,0.00640998175367713,0.12197916666666667,0.7218286395072937,0.8908732486753562,0.09295268620225552,1.0,0.0,0.228811553030303,0.5343217329545454,0.492109375,0.007369791666666667,0.0016145833333333333,0.008033854166666667,0.8792009353637695,0.11933453381061554,0.5261348485946655,0.9936116933822632,0.0,0.19552670419216156,0.0,0.44721463322639465,1.0,0.9593948125839233,0.04060518741607666
20,2110,0.36559224128723145,0.23288412392139435,0.18172219395637512,0.005386841483414173,0.11419270833333334,0.74969881772995,0.8973150729967488,0.12165032740268443,1.0,0.0,0.24005681818181818,0.5360085227272727,0.4445703125,0.00028645833333333333,0.00078125,0.00828125,0.8732099533081055,0.1260504424571991,0.5263251066207886,0.9936116933822632,0.0,0.19679495692253113,0.0,0.4473763406276703,1.0,0.9592945575714111,0.04070544242858887
20,2120,0.3739829659461975,0.23901879787445068,0.1724010854959488,0.005911077838391066,0.1231640625,0.7157683372497559,0.8995857875392522,0.10353643531328052,1.0,0.0,0.23591382575757575,0.5353870738636364,0.47311197916666664,0.013567708333333333,0.0009765625,0.008190104166666667,0.8677009344100952,0.13168324530124664,0.5266505479812622,0.993611752986908,0.0,0.19896510243415833,0.0,0.4476529657840729,1.0,0.9589589834213257,0.041041016578674316
20,2130,0.3621213436126709,0.25354236364364624,0.1616820991039276,0.005142809357494116,0.10510416666666667,0.7062659859657288,0.8600461228028302,0.12853477568615498,1.0,0.0,0.2441998106060606,0.5366299715909091,0.5026692708333333,0.0045703125,0.00036458333333333335,0.008372395833333334,0.8655611872673035,0.135929137468338,0.5272720456123352,0.9936116933822632,0.0,0.20310808718204498,0.0,0.44818124175071716,1.0,0.9584174156188965,0.041582584381103516
20,2140,0.3658882975578308,0.25129735469818115,0.168282613158226,0.005216697230935097,0.09971354166666667,0.7154445648193359,0.8727363415068953,0.1272065757844991,1.0,0.0,0.3004261363636363,0.5450639204545454,0.4940234375,0.008450520833333334,0.00029947916666666664,0.009609375,0.8654279112815857,0.13619710505008698,0.5271240472793579,0.9936116933822632,0.0,0.20212167501449585,0.0,0.4480554461479187,1.0,0.9576914310455322,0.04230856895446777
20,2150,0.35850760340690613,0.24522216618061066,0.1683996617794037,0.005690060090273619,0.097578125,0.7239466905593872,0.884499420302984,0.11504474657024875,1.0,0.0,0.22762784090909086,0.5341441761363637,0.5020963541666666,0.0115625,0.00026041666666666666,0.0080078125,0.8690448999404907,0.1347121149301529,0.5271198749542236,0.9936116933822632,0.0,0.2020934820175171,0.0,0.44805189967155457,1.0,0.9564428329467773,0.043557167053222656
20,2160,0.3683513402938843,0.2481359988451004,0.17864474654197693,0.005835170857608318,0.08526041666666667,0.7548034191131592,0.9036276071806775,0.11482636697671116,1.0,0.0,0.17909564393939392,0.5268643465909091,0.44321614583333335,0.010677083333333334,0.000234375,0.0069401041666666665,0.8760876059532166,0.12659363448619843,0.5311425924301147,1.0,0.0,0.20761746168136597,0.0,0.451471209526062,1.0,0.9546356201171875,0.0453643798828125
20,2170,0.34851521253585815,0.25193023681640625,0.17951169610023499,0.005987748969346285,0.07583333333333334,0.7701441049575806,0.8926715515327964,0.13295170532011796,1.0,0.0,0.21934185606060605,0.532901278409091,0.4367317708333333,0.006549479166666667,0.0003125,0.007825520833333334,0.8845353126525879,0.12004058063030243,0.5316541194915771,1.0,0.0,0.21102769672870636,0.0,0.4519060254096985,1.0,0.9526493549346924,0.04735064506530762
20,2180,0.33036309480667114,0.2464672029018402,0.1733378767967224,0.005543090403079987,0.07791666666666666,0.7538659572601318,0.8742356594863324,0.14375262640443026,1.0,0.0,0.2021780303030303,0.5303267045454545,0.4619921875,0.008111979166666667,0.00020833333333333335,0.007447916666666667,0.8929098844528198,0.11341096460819244,0.5319966077804565,1.0,0.0,0.21331056952476501,0.0,0.4521971344947815,1.0,0.9504687190055847,0.04953128099441528
20,2190,0.3315787613391876,0.24591375887393951,0.17219236493110657,0.005811765324324369,0.08110677083333333,0.7429470419883728,0.8860364020093329,0.12762762391965,1.0,0.0,0.22526041666666663,0.5337890625,0.4624609375,0.007734375,0.0003255208333333333,0.007955729166666667,0.8989193439483643,0.10959482192993164,0.5321487784385681,1.0,0.0,0.2143251746892929,0.0,0.4523264765739441,1.0,0.9475632905960083,0.0524367094039917
20,2200,0.3292527198791504,0.2460581213235855,0.17305774986743927,0.005602153949439526,0.07513020833333334,0.7538384795188904,0.8676168632735021,0.15055166814299964,1.0,0.0,0.20572916666666666,0.530859375,0.4649609375,0.008997395833333333,0.00022135416666666666,0.007526041666666667,0.9030101895332336,0.10583212971687317,0.5318613052368164,1.0,0.0,0.21240869164466858,0.0,0.4520821273326874,1.0,0.9438318610191345,0.05616813898086548
20,2210,0.3283902704715729,0.24564804136753082,0.17245443165302277,0.0055689094588160515,0.07774739583333333,0.7548342943191528,0.8728560479028799,0.14370330729323588,1.0,0.0,0.21164772727272724,0.5317471590909091,0.4660546875,0.008671875,0.00028645833333333333,0.00765625,0.9078766703605652,0.10206595063209534,0.5313624739646912,1.0,0.0,0.20908302068710327,0.0,0.45165812969207764,1.0,0.9398560523986816,0.06014394760131836
20,2220,0.31332749128341675,0.22893838584423065,0.16703304648399353,0.004905525594949722,0.07625,0.7275310158729553,0.8431863105760556,0.16563649133335484,1.0,0.0,0.20572916666666666,0.530859375,0.5675130208333333,0.030716145833333333,0.00024739583333333335,0.007526041666666667,0.9083588123321533,0.10150608420372009,0.5307832956314087,1.0,0.0,0.20522186160087585,0.0,0.4511658251285553,1.0,0.9356198906898499,0.06438010931015015
20,2230,0.2587575912475586,0.20803144574165344,0.20351287722587585,0.0041496641933918,0.0848046875,0.6731166839599609,0.8570869212793464,0.17344032777599525,1.0,0.0,0.228811553030303,0.5343217329545454,0.7164713541666666,0.0235546875,5.208333333333334e-05,0.008033854166666667,0.9086676836013794,0.1018311083316803,0.5300265550613403,1.0,0.0,0.20017699897289276,0.0,0.4505225718021393,1.0,0.9311275482177734,0.06887245178222656
20,2240,0.322932630777359,0.23304304480552673,0.21748673915863037,0.0054016620852053165,0.09708333333333333,0.6656045913696289,0.8965364836206846,0.12355091034265633,1.0,0.0,0.16607481060606058,0.5249112215909091,0.7009505208333333,0.0207421875,5.208333333333334e-05,0.0066536458333333335,0.910524845123291,0.10142284631729126,0.5291810631752014,1.0,0.0,0.19454026222229004,0.0,0.4498039186000824,1.0,0.9263767004013062,0.07362329959869385
20,2250,0.3256174325942993,0.23850274085998535,0.22225642204284668,0.005202098749577999,0.09397135416666667,0.6806100606918335,0.8899562168755343,0.132087415324519,1.0,0.0,0.1566051136363636,0.5234907670454545,0.6696354166666667,0.0185546875,5.208333333333334e-05,0.0064453125,0.9083535671234131,0.1051378846168518,0.5289274454116821,1.0,0.0,0.19284924864768982,0.0,0.4495883285999298,1.0,0.9221391677856445,0.07786083221435547
20,2260,0.38090166449546814,0.29618608951568604,0.15253064036369324,0.010304898023605347,0.11877604166666667,0.6642483472824097,0.9434721587458228,0.02008246527777778,1.0,0.0,0.25189393939393934,0.5377840909090909,0.5397916666666667,0.07420572916666666,0.000703125,0.008541666666666666,0.9025861620903015,0.11237246543169022,0.5302209854125977,1.0,0.0,0.2014734447002411,0.0,0.45068785548210144,1.0,0.9179189205169678,0.08208107948303223
20,2270,0.3273542821407318,0.2450678050518036,0.23827971518039703,0.008771772496402264,0.152421875,0.6435044407844543,0.9861576390464294,0.0223965236530475,1.0,0.0,0.2347301136363636,0.5352095170454545,0.6336458333333334,0.03763020833333333,9.114583333333334e-05,0.0081640625,0.896409273147583,0.11925117671489716,0.5318275094032288,1.0,0.0,0.21218322217464447,0.0,0.45205339789390564,1.0,0.9137411117553711,0.0862588882446289
20,2280,0.33811917901039124,0.24833440780639648,0.24161045253276825,0.009195850230753422,0.15569010416666668,0.6674270033836365,0.9925564236111111,0.014887152777777786,1.0,0.0,0.18383049242424238,0.5275745738636364,0.6181380208333334,0.03278645833333333,0.00014322916666666667,0.007044270833333333,0.8907015323638916,0.12516675889492035,0.5332140922546387,1.0,0.0,0.22142744064331055,0.0,0.4532319903373718,1.0,0.9094367623329163,0.09056323766708374
20,2290,0.34125909209251404,0.2498624473810196,0.2426735907793045,0.009456928819417953,0.15889322916666668,0.6484103202819824,0.9926453993055555,0.014709201388888891,1.0,0.0,0.17732007575757572,0.5265980113636364,0.6160416666666667,0.034505208333333336,0.00024739583333333335,0.0069010416666666664,0.8822017908096313,0.13387835025787354,0.5343852043151855,1.0,0.0,0.22923430800437927,0.0,0.4542274475097656,1.0,0.9055680632591248,0.09443193674087524
20,2300,0.3665197193622589,0.26747503876686096,0.25505176186561584,0.007807895541191101,0.13614583333333333,0.6609510183334351,0.9595162756139346,0.05334551618997318,1.0,0.0,0.13529829545454544,0.5202947443181818,0.5296875,0.029986979166666667,0.00029947916666666664,0.0059765625,0.8619009256362915,0.14731070399284363,0.5336960554122925,1.0,0.0,0.2246403843164444,0.0,0.4536416530609131,1.0,0.9029779434204102,0.09702205657958984
20,2310,0.35334649682044983,0.2542301118373871,0.24365469813346863,0.009669198654592037,0.1444921875,0.6661118865013123,0.9930685763888888,0.013862847222222224,1.0,0.0,0.15897253787878787,0.5238458806818181,0.5833333333333334,0.020768229166666666,0.00013020833333333333,0.006497395833333333,0.8432217836380005,0.1612701267004013,0.5330746173858643,1.0,0.0,0.22049738466739655,0.0,0.4531134366989136,1.0,0.8998361825942993,0.10016381740570068
20,2320,0.32166528701782227,0.20396451652050018,0.20538289844989777,0.005753402132540941,0.1083203125,0.7028304934501648,0.907440425608822,0.10989310063391439,1.0,0.0,0.15897253787878787,0.5238458806818181,0.6972786458333333,0.0011197916666666667,1.3020833333333334e-05,0.006497395833333333,0.8205448389053345,0.1752987951040268,0.5326222777366638,1.0,0.0,0.21748173236846924,0.0,0.4527289569377899,1.0,0.8971350193023682,0.10286498069763184
20,2330,0.3648776710033417,0.2347584217786789,0.19976620376110077,0.005655594635754824,0.09752604166666666,0.7208818793296814,0.9060728324531783,0.1103620156782066,1.0,0.0,0.12997159090909088,0.5194957386363637,0.5794921875,0.0022265625,1.3020833333333334e-05,0.005859375,0.7994909286499023,0.18931522965431213,0.5319543480873108,1.0,0.0,0.21302872896194458,0.0,0.4521612226963043,1.0,0.8951539397239685,0.1048460602760315
20,2340,0.35706204175949097,0.24094390869140625,0.20362064242362976,0.005463315639644861,0.09678385416666667,0.7114977836608887,0.8990456380961629,0.1199611593604209,1.0,0.0,0.12582859848484845,0.5188742897727273,0.578125,0.002421875,3.90625e-05,0.005768229166666666,0.7745873332023621,0.2061486691236496,0.5311130285263062,1.0,0.0,0.20742018520832062,0.0,0.4514460861682892,1.0,0.8943358063697815,0.1056641936302185
20,2350,0.4276989698410034,0.2915404140949249,0.19637414813041687,0.004680590238422155,0.06358072916666667,0.6129176616668701,0.8271385702517056,0.20522230811043563,1.0,0.0,0.26491477272727265,0.5397372159090909,0.45859375,0.005872395833333334,0.00013020833333333333,0.008828125,0.7531993389129639,0.22170725464820862,0.5306776165962219,1.0,0.0,0.20451727509498596,0.0,0.4510760009288788,1.0,0.8928050398826599,0.10719496011734009
20,2360,0.3660515248775482,0.2500656247138977,0.17362643778324127,0.004043373744934797,0.05162760416666667,0.6060223579406738,0.7633842607210155,0.266971021105021,1.0,0.0,0.40873579545454536,0.5613103693181818,0.6432161458333333,0.00859375,5.208333333333334e-05,0.0119921875,0.7300245761871338,0.23670236766338348,0.5303140878677368,1.0,0.0,0.2020934820175171,0.0,0.45076698064804077,1.0,0.8924299478530884,0.10757005214691162
20,2370,0.360838383436203,0.24711638689041138,0.1756678819656372,0.004067530855536461,0.0540234375,0.6070784330368042,0.773913412067091,0.2592793956254519,1.0,0.0,0.4040009469696969,0.5606001420454545,0.6501041666666667,0.009361979166666666,1.3020833333333334e-05,0.011888020833333334,0.7057168483734131,0.2578231394290924,0.5293375253677368,1.0,0.0,0.19558307528495789,0.0,0.4499368965625763,1.0,0.8922038078308105,0.10779619216918945
20,2380,0.36442506313323975,0.24877671897411346,0.17405299842357635,0.003997187130153179,0.05515625,0.6090731620788574,0.7728100550819903,0.2571788958651444,1.0,0.0,0.4134706439393939,0.5620205965909091,0.64390625,0.008333333333333333,5.208333333333334e-05,0.012096354166666667,0.6777403354644775,0.2806938886642456,0.5283905267715454,1.0,0.0,0.18926993012428284,0.0,0.44913196563720703,1.0,0.8921286463737488,0.10787135362625122
20,2390,0.3704048693180084,0.2497761845588684,0.1658380627632141,0.0032463944517076015,0.039140625,0.5953279733657837,0.6957396313925974,0.3266958529810847,1.0,0.0,0.3661221590909091,0.5549183238636364,0.6604557291666666,0.008385416666666666,0.0,0.0110546875,0.6499288082122803,0.3002697825431824,0.5279212594032288,1.0,0.0,0.18614155054092407,0.0,0.4487330913543701,1.0,0.8919456601142883,0.10805433988571167
20,2400,0.40064167976379395,0.18092688918113708,0.0738738477230072,0.0036133285611867905,0.015716145833333334,0.5996501445770264,0.4597183943493729,0.4097070391748271,1.0,0.0,0.12878787878787878,0.5193181818181818,0.8507682291666666,0.435859375,0.00018229166666666667,0.005833333333333334,0.6370642185211182,0.30907344818115234,0.5275111198425293,1.0,0.0,0.1834077388048172,0.0,0.44838446378707886,1.0,0.8921384215354919,0.10786157846450806
20,2410,0.33899715542793274,0.16583701968193054,0.09881558269262314,0.003203524509444833,0.020989583333333332,0.6269689202308655,0.47535636783254254,0.4436997773521245,1.0,0.0,0.11872632575757576,0.5178089488636364,0.8535416666666666,0.35744791666666664,0.00013020833333333333,0.005611979166666667,0.6159074902534485,0.3243723213672638,0.5274942517280579,1.0,0.0,0.18329501152038574,0.0,0.4483701288700104,1.0,0.8924580812454224,0.10754191875457764
20,2420,0.37955862283706665,0.16889944672584534,0.030556729063391685,0.0035235746763646603,0.017083333333333332,0.5866464972496033,0.396639639928266,0.4383053134713296,1.0,0.0,0.14831912878787876,0.5222478693181818,0.8260546875,0.28944010416666666,0.0007682291666666666,0.006263020833333333,0.5951343774795532,0.3411444425582886,0.5280395746231079,1.0,0.0,0.18693068623542786,0.0,0.4488336443901062,1.0,0.8928003311157227,0.10719966888427734
20,2430,0.33748531341552734,0.15523695945739746,0.06228068098425865,0.003976281266659498,0.016653645833333335,0.6250367760658264,0.40105323901054,0.4599816168351489,1.0,0.0,0.11221590909090906,0.5168323863636364,0.8595442708333333,0.17139322916666666,0.0005598958333333334,0.00546875,0.5898181796073914,0.3451916575431824,0.5269041061401367,1.0,0.0,0.17936056852340698,0.0,0.4478684961795807,1.0,0.8933614492416382,0.10663855075836182
20,2440,0.31813040375709534,0.14279280602931976,0.05613385885953903,0.002967268228530884,0.014075520833333334,0.6466342210769653,0.3341122093556299,0.5269427340568567,1.0,0.0,0.11103219696969695,0.5166548295454545,0.8736588541666667,0.289765625,0.0007942708333333334,0.005442708333333333,0.5893174409866333,0.3457130193710327,0.5262742042541504,1.0,0.0,0.175161212682724,0.0,0.44733309745788574,1.0,0.8940035104751587,0.10599648952484131
20,2450,0.33286920189857483,0.1565820723772049,0.08449892699718475,0.0034167340490967035,0.0242578125,0.6160973310470581,0.44738902337269026,0.4502807650273041,1.0,0.0,0.10511363636363637,0.5157670454545454,0.8609244791666667,0.23677083333333335,0.00048177083333333335,0.0053125,0.5941247940063477,0.34000056982040405,0.5253754258155823,1.0,0.0,0.1691693663597107,0.0,0.4465691149234772,1.0,0.8946776390075684,0.10532236099243164
20,2460,0.34802424907684326,0.15668509900569916,0.057000283151865005,0.004250964615494013,0.016979166666666667,0.6132758259773254,0.4032844558060449,0.4469851730577764,1.0,0.0,0.1057054924242424,0.5158558238636364,0.8541276041666667,0.3213932291666667,0.0007161458333333333,0.005325520833333333,0.6020235419273376,0.33060625195503235,0.5265253186225891,1.0,0.0,0.1768353283405304,0.0,0.4475465416908264,1.0,0.8939467072486877,0.10605329275131226
20,2470,0.34424149990081787,0.15567396581172943,0.08299604803323746,0.0035110246390104294,0.0197265625,0.6358655095100403,0.4330111472216377,0.46361862602617454,1.0,0.0,0.11517518939393939,0.517276278409091,0.86390625,0.12036458333333333,0.0007161458333333333,0.005533854166666667,0.6132909655570984,0.3178933262825012,0.5248512029647827,1.0,0.0,0.1656745970249176,0.0,0.44612354040145874,1.0,0.8893157243728638,0.11068427562713623
20,2480,0.3231245279312134,0.1474698930978775,0.08220759779214859,0.003379503497853875,0.014596354166666667,0.6506967544555664,0.39865114309599603,0.502681867930493,1.0,0.0,0.10215435606060604,0.5153231534090909,0.8623177083333333,0.11243489583333334,0.0005078125,0.005247395833333333,0.6240569949150085,0.30554670095443726,0.5227416753768921,1.0,0.0,0.15161097049713135,0.0,0.4443304240703583,1.0,0.887380838394165,0.11261916160583496
20,2490,0.343954473733902,0.17005141079425812,0.050809595733881,0.0040120454505085945,0.0153125,0.6732791066169739,0.4085151204519938,0.42598171959828596,1.0,0.0,0.11813446969696968,0.5177201704545454,0.7938802083333333,0.08776041666666666,0.0003385416666666667,0.005598958333333333,0.6347980499267578,0.2934551239013672,0.5238154530525208,1.0,0.0,0.1587696075439453,0.0,0.44524314999580383,1.0,0.8851472735404968,0.11485272645950317
20,2500,0.4304873049259186,0.22393041849136353,0.12091526389122009,0.005546978209167719,0.04934895833333333,0.42744141817092896,0.7224885908461143,0.19958595203444257,1.0,0.0,0.11991003787878787,0.5179865056818181,0.5081640625,0.8547786458333333,0.00029947916666666664,0.005638020833333333,0.6487634181976318,0.27894458174705505,0.5268973112106323,1.0,0.0,0.1793154776096344,0.0,0.4478627145290375,1.0,0.8838596940040588,0.11614030599594116
20,2510,0.3680036962032318,0.17459075152873993,0.08737008273601532,0.00442426698282361,0.024231770833333333,0.4254448711872101,0.5152245166264544,0.3746217278619206,1.0,0.0,0.1329308712121212,0.5199396306818181,0.6105078125,0.88109375,0.0009635416666666667,0.0059244791666666664,0.6740939617156982,0.2602289915084839,0.5298481583595276,1.0,0.0,0.19898763298988342,0.0,0.4503709375858307,1.0,0.8816676139831543,0.1183323860168457
20,2520,0.2915523052215576,0.1806352287530899,0.1080901026725769,0.0038251527585089207,0.028033854166666667,0.3948402404785156,0.5568331700903111,0.3660774944228976,1.0,0.0,0.23532196969696967,0.5352982954545454,0.5227994791666667,0.7234505208333334,0.0013541666666666667,0.008177083333333333,0.6990770101547241,0.23910042643547058,0.5327947735786438,1.0,0.0,0.21863164007663727,0.0,0.4528755843639374,1.0,0.8824313879013062,0.11756861209869385
20,2530,0.7868126630783081,0.21934953331947327,0.14221921563148499,0.007014941424131393,0.06389322916666666,0.3283590078353882,0.7957999097484585,0.19488406090437435,1.0,0.0,0.0,0.5,0.0235546875,0.5528645833333333,0.008359375,0.0013802083333333333,0.7278084754943848,0.2182287573814392,0.5336191058158875,1.0,0.0,0.22412745654582977,0.12422330677509308,0.4535762667655945,0.9512535929679871,0.8833518028259277,0.11664819717407227
20,2540,0.40005743503570557,0.18844150006771088,0.2194395810365677,0.005968793760985136,0.09744791666666666,0.34863579273223877,0.8955579546984375,0.12131107419093208,1.0,0.0,0.04178503787878789,0.5062677556818181,0.2611328125,0.8988411458333333,0.04731770833333333,0.003919270833333334,0.7558934092521667,0.19719746708869934,0.5360330939292908,1.0,0.0,0.24022027850151062,0.0,0.4556281566619873,1.0,0.8844196796417236,0.11558032035827637
20,2550,0.47979816794395447,0.29433682560920715,0.29996204376220703,0.030609827488660812,0.22486979166666668,0.5480958819389343,0.9999999999999999,0.0,1.0,0.0,0.0,0.5,0.7083333333333334,0.36192708333333334,0.016979166666666667,0.0022395833333333334,0.7876023650169373,0.17210495471954346,0.5373942852020264,1.0,0.0,0.2492954134941101,0.01838918775320053,0.4567851424217224,0.920568585395813,0.8847452998161316,0.11525470018386841
20,2560,0.29254746437072754,0.20006084442138672,0.2305041253566742,0.008739530108869076,0.13486979166666666,0.5315575003623962,0.9930117834086826,0.00794115521740621,1.0,0.0,0.4258996212121211,0.5638849431818181,0.8277213541666667,0.41118489583333334,0.03669270833333333,0.012369791666666666,0.8139171600341797,0.15066301822662354,0.5378466248512268,1.0,0.0,0.2523110508918762,0.0,0.45716965198516846,1.0,0.8828252553939819,0.11717474460601807
20,2570,0.34416675567626953,0.23711135983467102,0.2544257938861847,0.024265319108963013,0.22774739583333334,0.6030944585800171,0.9999999999999999,0.0,1.0,0.0,0.17436079545454544,0.5261541193181818,0.7999739583333333,0.47234375,0.018828125,0.0068359375,0.8410972952842712,0.1318478286266327,0.5376944541931152,1.0,0.0,0.2512964606285095,0.0,0.45704030990600586,1.0,0.8817538022994995,0.11824619770050049
20,2580,0.41011708974838257,0.2913293242454529,0.255050927400589,0.02844703383743763,0.22833333333333333,0.6425018310546875,0.9999999999999999,0.0,1.0,0.0,0.1086647727272727,0.5162997159090909,0.6859244791666667,0.5380989583333333,0.013919270833333334,0.005390625,0.8680967688560486,0.1097707450389862,0.5440146923065186,1.0,0.0,0.29343098402023315,0.0,0.4624125063419342,1.0,0.8793700933456421,0.12062990665435791
20,2590,0.30328619480133057,0.24033001065254211,0.21748554706573486,0.01977783441543579,0.21069010416666667,0.6253289580345154,0.9983723958333333,0.003255208333333334,1.0,0.0,0.5638020833333334,0.5845703125,0.72421875,0.5399348958333333,0.018072916666666668,0.015403645833333333,0.8962716460227966,0.08675511181354523,0.5504277944564819,1.0,0.0,0.3361855149269104,0.0,0.46786364912986755,0.9779854416847229,0.8782811760902405,0.12171882390975952
20,2600,0.31502676010131836,0.25536277890205383,0.24460060894489288,0.022664541378617287,0.20651041666666667,0.5855568051338196,0.9890125868055555,0.02197482638888889,1.0,0.0,0.7975852272727272,0.6196377840909091,0.6606119791666667,0.48846354166666667,0.0198828125,0.020546875,0.9238952398300171,0.06755492091178894,0.55672687292099,1.0,0.0,0.378179132938385,0.0,0.47321784496307373,0.9949100613594055,0.8787691593170166,0.1212308406829834
20,2610,0.32110393047332764,0.2523041069507599,0.25801631808280945,0.009376305155456066,0.17412760416666667,0.6135815978050232,0.9916601562499999,0.016679687500000005,1.0,0.0,0.541903409090909,0.5812855113636364,0.6762369791666667,0.5452213541666666,0.015651041666666667,0.014921875,0.9366714954376221,0.058927975594997406,0.5630131959915161,1.0,0.0,0.42008817195892334,0.0,0.4785612225532532,1.0,0.8809747695922852,0.11902523040771484
20,2620,0.3177298903465271,0.2523377537727356,0.24350093305110931,0.019796626642346382,0.2065234375,0.597693681716919,0.9999999999999999,0.0,1.0,0.0,0.53125,0.5796875,0.7256770833333334,0.5129427083333333,0.012291666666666666,0.0146875,0.952979564666748,0.048789359629154205,0.5645478367805481,1.0,0.0,0.43031883239746094,0.0,0.4798656702041626,0.9948573708534241,0.8833451271057129,0.11665487289428711
20,2630,0.3671466112136841,0.29103198647499084,0.33649522066116333,0.012315286323428154,0.17108072916666667,0.5727960467338562,0.9999999999999999,0.0,1.0,0.0,0.2637310606060606,0.5395596590909091,0.6712630208333333,0.5035026041666667,0.012786458333333334,0.008802083333333334,0.9728803634643555,0.03272353857755661,0.5672154426574707,1.0,0.0,0.4481026828289032,0.0,0.482133150100708,1.0,0.8851646184921265,0.11483538150787354
20,2640,0.34564077854156494,0.2905338704586029,0.30161118507385254,0.011174334213137627,0.16606770833333334,0.6049240231513977,0.9908376736111111,0.018324652777777783,1.0,0.0,0.4501657196969696,0.5675248579545454,0.6278125,0.4852213541666667,0.0104296875,0.012903645833333333,0.9826041460037231,0.02344334125518799,0.5710016489028931,1.0,0.0,0.47334393858909607,0.0,0.48535141348838806,1.0,0.8862545490264893,0.11374545097351074
20,2650,0.33352670073509216,0.2536819875240326,0.24770712852478027,0.009527023881673813,0.18095052083333332,0.5890669822692871,0.9999999999999999,0.0,1.0,0.0,0.30160984848484845,0.5452414772727273,0.7179036458333333,0.5200911458333334,0.0162109375,0.009635416666666667,0.9875775575637817,0.01766662485897541,0.5736100077629089,1.0,0.0,0.49073323607444763,0.0,0.48756852746009827,1.0,0.8877815008163452,0.11221849918365479
20,2660,0.4611968398094177,0.30625659227371216,0.3053210973739624,0.010130519047379494,0.18428385416666668,0.5227092504501343,0.9999999999999999,0.0,1.0,0.0,0.1684422348484848,0.5252663352272727,0.6747526041666667,0.5151302083333333,0.027161458333333333,0.006705729166666666,0.9399585127830505,0.06528567522764206,0.5500820279121399,0.9523810148239136,0.0,0.49261027574539185,0.0,0.4675697386264801,0.9162923097610474,0.8885842561721802,0.11141574382781982
20,2670,0.5725969076156616,0.3457900583744049,0.3087150752544403,0.02030486986041069,0.16162760416666666,0.42046427726745605,0.9740668402777777,0.051866319444444454,1.0,0.0,0.08439867424242424,0.5126598011363637,0.5230859375,0.1071875,0.033671875,0.004856770833333334,0.9373608827590942,0.070768341422081,0.527901291847229,0.9125938415527344,0.0,0.4773629307746887,0.24555400013923645,0.44871610403060913,0.594551682472229,0.8896582126617432,0.11034178733825684
20,2680,0.41384652256965637,0.3109184801578522,0.23160682618618011,0.03660428524017334,0.251796875,0.5315042734146118,0.9999999999999999,0.0,1.0,0.0,1.0,0.65,0.633984375,0.10182291666666667,0.04505208333333333,0.029075520833333333,0.9369543194770813,0.07158142328262329,0.5197603702545166,0.8866393566131592,0.0,0.5096049904823303,0.15666387975215912,0.44179633259773254,0.8115344047546387,0.8903033137321472,0.10969668626785278
20,2690,0.3400517702102661,0.2858707904815674,0.20621050894260406,0.03966324403882027,0.25876302083333336,0.57865309715271,0.9903233506944443,0.019353298611111118,1.0,0.0,1.0,0.65,0.628515625,0.11537760416666666,0.028567708333333334,0.0400390625,0.9365893602371216,0.0723114162683487,0.5135870575904846,0.8619946837425232,0.0031344639137387276,0.5432844161987305,0.06180718541145325,0.43654900789260864,0.7833268642425537,0.8908928632736206,0.1091071367263794
20,2700,0.34121018648147583,0.29003405570983887,0.2290457785129547,0.02881805971264839,0.24096354166666667,0.5883760452270508,0.988611111111111,0.02277777777777778,1.0,0.0,1.0,0.65,0.5903645833333333,0.11182291666666666,0.023020833333333334,0.04272135416666667,0.9360477924346924,0.07339441776275635,0.4994114637374878,0.8240792751312256,0.007895716466009617,0.5640557408332825,0.037746503949165344,0.4244997501373291,0.8554011583328247,0.8907590508460999,0.10924094915390015
20,2710,0.3222227394580841,0.26248645782470703,0.2025422751903534,0.03893820568919182,0.2623697916666667,0.5816169381141663,0.9907899305555554,0.018420138888888892,1.0,0.0,1.0,0.65,0.6415104166666666,0.12180989583333333,0.0261328125,0.04666666666666667,0.9356878399848938,0.07411449402570724,0.4788605570793152,0.7784501314163208,0.010232286527752876,0.5736945271492004,0.0,0.40703147649765015,0.7687221765518188,0.8894925117492676,0.11050748825073242
20,2720,0.46374496817588806,0.27737927436828613,0.3017742931842804,0.0036958842538297176,0.121015625,0.251493364572525,0.8576944555905534,0.16171084591982565,1.0,0.0,0.34777462121212116,0.5521661931818181,0.3673828125,0.053138020833333334,0.10680989583333333,0.010651041666666666,0.9345383644104004,0.07641339302062988,0.4585748314857483,0.7312225103378296,0.010392190888524055,0.5955086350440979,0.0,0.3897886276245117,1.0,0.8899268507957458,0.11007314920425415
20,2730,0.45490774512290955,0.26814034581184387,0.2672770023345947,0.00805879756808281,0.19645833333333335,0.2745482921600342,0.974748227436368,0.02869519609503629,1.0,0.0,0.6087831439393938,0.5913174715909091,0.4169010416666667,0.05395833333333333,0.168828125,0.016393229166666665,0.9330883026123047,0.07931352406740189,0.4390140771865845,0.6839483380317688,0.012472588568925858,0.6178300976753235,0.056435614824295044,0.3731619715690613,1.0,0.869318425655365,0.130681574344635
20,2740,0.39643147587776184,0.2532574534416199,0.25833752751350403,0.018581092357635498,0.19709635416666665,0.27810171246528625,0.9999999999999999,0.0,1.0,0.0,0.5300662878787878,0.5795099431818181,0.4055859375,0.032239583333333335,0.13236979166666665,0.014661458333333334,0.9317120313644409,0.08206608891487122,0.42083120346069336,0.6363700032234192,0.013464652001857758,0.6528905034065247,0.12566201388835907,0.35770654678344727,1.0,0.8480371236801147,0.15196287631988525
20,2750,0.4158201217651367,0.23993045091629028,0.2617117464542389,0.026034299284219742,0.26635416666666667,0.39625096321105957,0.9999999999999999,0.0,1.0,0.0,0.4069602272727272,0.5610440340909091,0.5173046875,0.0040234375,0.06747395833333333,0.011953125,0.9308657646179199,0.08375859260559082,0.40116608142852783,0.588750958442688,0.014084691181778908,0.6790730953216553,0.07945485413074493,0.34099116921424866,0.9240877032279968,0.8256162405014038,0.1743837594985962
20,2760,0.006613460835069418,0.026620907709002495,0.0016370263183489442,0.0006972653209231794,0.006627604166666667,0.8285855650901794,0.0,1.0,0.0,0.0,0.039417613636363626,0.005912642045454544,0.0,2.604166666666667e-05,0.0,0.0038671875,0.9296905994415283,0.08610895276069641,0.3828054666519165,0.5413411855697632,0.015101229771971703,0.7123297452926636,0.0,0.32538464665412903,1.0,0.8039095401763916,0.1960904598236084
20,2770,0.7400973439216614,0.3279615044593811,0.2485114336013794,0.02578277699649334,0.16587239583333332,0.18360090255737305,0.9384613715277776,0.12307725694444448,0.16446940104166674,0.0,0.1057054924242424,0.09809052438446973,0.08052083333333333,0.072109375,0.11069010416666666,0.005325520833333333,0.9286301732063293,0.0882296934723854,0.3652360439300537,0.4937221109867096,0.015959495678544044,0.7519277930259705,0.4475287199020386,0.4475287199020386,0.7274986505508423,0.7810214161872864,0.21897858381271362
20,2780,0.5108227729797363,0.340362548828125,0.32402142882347107,0.045636359602212906,0.22526041666666666,0.25524961948394775,0.9914626736111111,0.017074652777777782,0.4549560546875,0.0,0.8514441287878788,0.3551946466619318,0.13709635416666666,0.10848958333333333,0.1839453125,0.021731770833333334,0.928829550743103,0.08783100545406342,0.34834203124046326,0.446137934923172,0.016982560977339745,0.7955278754234314,0.5482280850410461,0.5482280850410461,0.6090360879898071,0.7579216957092285,0.24207830429077148
20,2790,0.4458751380443573,0.33161070942878723,0.2910692095756531,0.04788826406002045,0.21502604166666667,0.28946396708488464,0.9923350694444444,0.015329861111111114,0.48246256510416674,0.06582373903508769,0.8159327651515151,0.3866595059870913,0.18201822916666666,0.07236979166666667,0.22501302083333333,0.020950520833333333,0.9277827143669128,0.08992467820644379,0.32482317090034485,0.3991001844406128,0.016982560977339745,0.7955278754234314,0.3380275368690491,0.3380275368690491,0.7002866268157959,0.7346034646034241,0.2653965353965759
20,2800,0.3993771970272064,0.321648508310318,0.27181294560432434,0.0395209901034832,0.20951822916666665,0.2467464655637741,0.9870008680555555,0.025998263888888897,0.2037760416666667,0.09998629385964913,1.0,0.28688322368421054,0.11033854166666666,0.05486979166666667,0.23799479166666668,0.030390625,0.9267429113388062,0.09200428426265717,0.3017006516456604,0.3514811396598816,0.018945476040244102,0.7955278754234314,0.3444116413593292,0.3444116413593292,0.7745744585990906,0.7113257646560669,0.2886742353439331
20,2810,0.3646757900714874,0.3112902343273163,0.2590334117412567,0.03389768674969673,0.20626302083333334,0.2619238793849945,0.9814518229166665,0.03709635416666667,0.04178873697916666,0.04906798245614036,1.0,0.18806816234923246,0.06885416666666666,0.044518229166666666,0.21864583333333334,0.0362890625,0.9263451099395752,0.09280000627040863,0.2783154249191284,0.3038620948791504,0.020157817751169205,0.7955278754234314,0.32184934616088867,0.32184934616088867,0.8518158197402954,0.6876264810562134,0.3123735189437866
20,2820,0.3189195692539215,0.31162500381469727,0.2693679630756378,0.02954227104783058,0.18169270833333334,0.27530166506767273,0.9675217013888888,0.06495659722222223,0.008219401041666652,0.0033580043859648533,1.0,0.15528500205592102,0.05682291666666667,0.045807291666666666,0.20127604166666666,0.034270833333333334,0.925434410572052,0.09462127089500427,0.2545059323310852,0.2562430202960968,0.020157817751169205,0.7955278158187866,0.316665381193161,0.316665381193161,0.8493194580078125,0.6637660264968872,0.3362339735031128
20,2830,0.33074620366096497,0.3177836239337921,0.2622363865375519,0.03364818915724754,0.18484375,0.26735514402389526,0.969548611111111,0.060902777777777785,0.007242838541666672,0.04368832236842106,1.0,0.1689123320997807,0.05805989583333333,0.0442578125,0.2166015625,0.032135416666666666,0.884591817855835,0.08692075312137604,0.22821229696273804,0.2086239755153656,0.020157815888524055,0.7789671421051025,0.32500386238098145,0.32500386238098145,0.8033947944641113,0.6398442983627319,0.36015570163726807
20,2840,0.3424447178840637,0.3253679871559143,0.27857398986816406,0.032510604709386826,0.184296875,0.2695840299129486,0.9710980902777777,0.05780381944444445,0.0008544921875000036,0.020833333333333304,1.0,0.15771891276041666,0.058958333333333335,0.041315104166666665,0.20791666666666667,0.03526041666666667,0.8381752371788025,0.08555431663990021,0.2000543177127838,0.1610049307346344,0.020157815888524055,0.7499774694442749,0.33384546637535095,0.33384546637535095,0.7468384504318237,0.6156991720199585,0.3843008279800415
20,2850,0.34016409516334534,0.3200959265232086,0.27183616161346436,0.03161116689443588,0.18552083333333333,0.2456706166267395,0.97306640625,0.053867187500000004,0.0,0.013020833333333325,1.0,0.15455729166666665,0.05639322916666667,0.042083333333333334,0.20494791666666667,0.035559895833333334,0.7905561923980713,0.08555431663990021,0.17245861887931824,0.1133858785033226,0.020157815888524055,0.724736213684082,0.35224512219429016,0.35224512219429016,0.7861520648002625,0.5914722084999084,0.40852779150009155
20,2860,0.34661605954170227,0.3190840780735016,0.27065548300743103,0.03246854618191719,0.18735677083333332,0.2368156462907791,0.9753211805555555,0.0493576388888889,0.004394531249999994,0.021347313596491172,1.0,0.1596688253837719,0.05971354166666667,0.041692708333333335,0.20811197916666666,0.034817708333333336,0.7429371476173401,0.08555431663990021,0.1457422375679016,0.0657668337225914,0.020157815888524055,0.7053571343421936,0.35980871319770813,0.35980871319770813,0.7936973571777344,0.567200779914856,0.43279922008514404
20,2870,0.3564707040786743,0.3189055025577545,0.2697897255420685,0.032385826110839844,0.1895703125,0.22514043748378754,0.977732204861111,0.04453559027777779,0.0,0.01802357456140348,1.0,0.1563082510964912,0.058541666666666665,0.039986979166666665,0.20684895833333333,0.03265625,0.7429371476173401,0.03793526813387871,0.14546066522598267,0.0657668337225914,0.020157817751169205,0.7034801244735718,0.3747200071811676,0.3747200071811676,0.7950289845466614,0.5443567037582397,0.45564329624176025
20,2880,0.35729560256004333,0.31896066665649414,0.2707938253879547,0.03234001621603966,0.18994791666666666,0.22918690741062164,0.9782530381944443,0.04349392361111111,0.0007324218749999845,0.021484374999999965,1.0,0.15788574218749998,0.06016927083333334,0.040065104166666664,0.2081640625,0.032916666666666664,0.6982485055923462,0.032074443995952606,0.1407896876335144,0.0579349547624588,0.020157817751169205,0.69844651222229,0.36846494674682617,0.36846494674682617,0.7946175932884216,0.5254654884338379,0.4745345115661621
20,2890,0.3547857701778412,0.3182346522808075,0.2894790470600128,0.030252685770392418,0.18532552083333334,0.24604059755802155,0.9780164930555555,0.043967013888888906,0.012207031250000002,0.0,1.0,0.156103515625,0.061809895833333336,0.04209635416666667,0.19958333333333333,0.030859375,0.6510360240936279,0.031261369585990906,0.12387566268444061,0.0362703837454319,0.020157817751169205,0.6579015254974365,0.34698522090911865,0.34698522090911865,0.8000315427780151,0.5039325952529907,0.4960674047470093
20,2900,0.3359939455986023,0.3184017539024353,0.27144327759742737,0.033346474170684814,0.18880208333333334,0.2712636888027191,0.9684874131944443,0.06302517361111111,0.0,0.04122121710526314,1.0,0.1644274259868421,0.05779947916666667,0.0411328125,0.2156640625,0.0326171875,0.6037819385528564,0.030531372874975204,0.10546330362558365,0.01329597644507885,0.017023352906107903,0.6190476417541504,0.32059282064437866,0.32059282064437866,0.7987854480743408,0.48274776339530945,0.5172522068023682
20,2910,0.3566582202911377,0.31406405568122864,0.24733082950115204,0.03212777152657509,0.18350260416666667,0.23399342596530914,0.9802560763888888,0.03948784722222223,0.0,0.025459155701754388,1.0,0.15891070449561404,0.0584765625,0.039088541666666664,0.20967447916666668,0.028346354166666667,0.5567818880081177,0.02929336205124855,0.0918021947145462,0.0035923549439758062,0.012262100353837013,0.5714285969734192,0.3642619252204895,0.3642619252204895,0.8311315178871155,0.460689902305603,0.539310097694397
20,2920,0.3099798560142517,0.2988995313644409,0.2362450659275055,0.028182173147797585,0.16899739583333334,0.25436392426490784,0.9716666666666666,0.05666666666666668,0.0,0.0,1.0,0.15,0.04498697916666667,0.025950520833333334,0.188671875,0.0292578125,0.510046124458313,0.027526870369911194,0.08284657448530197,0.0016024149954319,0.00992552936077118,0.523809552192688,0.3520694971084595,0.3520694971084595,0.9442129135131836,0.43969303369522095,0.560306966304779
