video,frame,brightness,contrast,center_contrast,sharpness,edge_density,saturation,visibility_score,no_vision_score,brown_deposit_score,light_deposit_score,dark_structure_score,dirt_deposit_score,brown_fraction,yellow_fraction,light_deposit_fraction,dark_structure_fraction,visibility_score_smooth,no_vision_score_smooth,dirt_deposit_score_smooth,brown_deposit_score_smooth,light_deposit_score_smooth,dark_structure_score_smooth,feature_anomaly_score,anomaly_score,pipe_similarity_score,inspection_active_score,handling_score
16,0,0.9273967742919922,0.20402629673480988,0.3388802111148834,0.036360058933496475,0.040234375,0.07449918240308762,0.7898798076923077,0.32235576923076925,0.0,0.0,0.0,0.0,0.0,0.020494791666666668,0.017747395833333332,0.0,0.47569459676742554,0.054867565631866455,0.230432391166687,0.4285714626312256,0.0,0.10764452815055847,1.0,1.0,0.0,0.43030786514282227,0.5696921348571777
16,10,0.9273152947425842,0.20424579083919525,0.33916687965393066,0.03710572049021721,0.040364583333333336,0.07400087267160416,0.7902403846153846,0.3219551282051282,0.0,0.0,0.0,0.0,0.0,0.0205078125,0.017838541666666666,0.0,0.5114181041717529,0.0620681494474411,0.25593969225883484,0.4761905074119568,0.0,0.11896307021379471,1.0,1.0,0.0,0.4527050852775574,0.5472949147224426
16,20,0.6297672390937805,0.367838054895401,0.23496830463409424,0.016368133947253227,0.10388020833333333,0.3935871720314026,0.9670811631944444,0.06583767361111113,1.0,0.0,0.23354640151515152,0.5350319602272727,0.27048177083333336,0.32970052083333334,0.0022265625,0.008138020833333334,0.5446802377700806,0.07370041310787201,0.28134554624557495,0.523809552192688,0.0,0.12960520386695862,0.24190299212932587,0.24190299212932587,0.8932319283485413,0.47480282187461853,0.5251971483230591
16,30,0.3889337480068207,0.2829633355140686,0.2084505558013916,0.014256148599088192,0.1234765625,0.5673032402992249,0.9936458333333332,0.012708333333333334,1.0,0.0,0.21934185606060605,0.532901278409091,0.6371744791666667,0.5083072916666667,0.0005208333333333333,0.007825520833333334,0.5775765180587769,0.0856013149023056,0.3068232536315918,0.5714285969734192,0.0,0.1407264769077301,0.2155604213476181,0.260799765586853,0.7773345112800598,0.4972546696662903,0.5027453303337097
16,40,0.3279259204864502,0.2608359754085541,0.19032888114452362,0.011687211692333221,0.1187890625,0.5600137114524841,0.9917925347222222,0.01641493055555556,1.0,0.0,0.2607717803030303,0.5391157670454545,0.6704557291666666,0.44071614583333335,0.00028645833333333333,0.008736979166666667,0.6101570129394531,0.09791713953018188,0.33230096101760864,0.6190476417541504,0.0,0.1518477201461792,0.04560127854347229,0.28245583176612854,0.9272421598434448,0.5186783671379089,0.48132163286209106
16,50,0.3044987618923187,0.23345065116882324,0.1664806455373764,0.01028837077319622,0.11899739583333334,0.576041042804718,0.9701918389756456,0.013858506944444453,1.0,0.0,0.2637310606060606,0.5395596590909091,0.7140885416666667,0.4883203125,6.510416666666667e-05,0.008802083333333334,0.6426597833633423,0.11037726700305939,0.3579055070877075,0.6666666865348816,0.0,0.1638144850730896,0.0,0.30421969294548035,0.9974887371063232,0.541224479675293,0.45877552032470703
16,60,0.33617669343948364,0.2547464966773987,0.21230822801589966,0.008745490573346615,0.15494791666666666,0.5639698505401611,0.9844238684481883,0.025255093461654665,1.0,0.0,0.24183238636363633,0.5362748579545454,0.7119140625,0.5004427083333334,7.8125e-05,0.0083203125,0.6755149364471436,0.12276957929134369,0.38338321447372437,0.7142857313156128,0.0,0.17493575811386108,0.0,0.32587572932243347,1.0,0.5635087490081787,0.4364912509918213
16,70,0.3330309987068176,0.23553571105003357,0.16509893536567688,0.006861948873847723,0.11565104166666666,0.5638185739517212,0.9117325323809707,0.07656035360897863,1.0,0.0,0.2637310606060606,0.5395596590909091,0.7467708333333334,0.5979947916666667,7.8125e-05,0.008802083333333334,0.7072113156318665,0.13646675646305084,0.4088693857192993,0.7619048357009888,0.0,0.1861133724451065,0.0,0.3475389778614044,1.0,0.5858556032180786,0.4141443967819214
16,80,0.3334854543209076,0.2306816130876541,0.14773230254650116,0.006505017634481192,0.09509114583333333,0.5484468340873718,0.8726516247274808,0.08767243831188778,1.0,0.0,0.26491477272727265,0.5397372159090909,0.74890625,0.6210286458333333,6.510416666666667e-05,0.008828125,0.7414940595626831,0.1480666846036911,0.4344062805175781,0.8095238208770752,0.0,0.1976291835308075,0.0,0.36924535036087036,1.0,0.6085475087165833,0.39145249128341675
16,90,0.3337080478668213,0.2304118424654007,0.14750522375106812,0.0063292235136032104,0.07856770833333333,0.5512582659721375,0.8636323068036073,0.09734358033886398,1.0,0.0,0.25130208333333326,0.5376953125,0.7489583333333333,0.611640625,7.8125e-05,0.008528645833333333,0.7793883085250854,0.15751923620700836,0.4597529470920563,0.8571429252624512,0.0,0.2078767567873001,0.0,0.39079001545906067,1.0,0.630706787109375,0.369293212890625
16,100,0.33407238125801086,0.231124609708786,0.1498657763004303,0.006292661186307669,0.07415364583333334,0.5558265447616577,0.8543140829158203,0.11225703009745744,1.0,0.0,0.26136363636363635,0.5392045454545454,0.7486067708333334,0.6178255208333333,5.208333333333334e-05,0.00875,0.8158382177352905,0.16612297296524048,0.48586058616638184,0.9047619700431824,0.0,0.22319737076759338,0.0,0.4129815101623535,1.0,0.6530076265335083,0.3469923734664917
16,110,0.34460780024528503,0.21776075661182404,0.10966797173023224,0.005143416114151478,0.07147135416666667,0.553684413433075,0.7501937087874861,0.15121225724261964,1.0,0.0,0.23768939393939387,0.5356534090909091,0.7756901041666666,0.6979036458333333,0.0,0.008229166666666666,0.8163465857505798,0.15833613276481628,0.5117990970611572,0.9523810148239136,0.0,0.2373906672000885,0.0,0.4350292384624481,1.0,0.6756471991539001,0.32435280084609985
16,120,0.3667815029621124,0.22472646832466125,0.12835603952407837,0.004094707779586315,0.051458333333333335,0.5191797614097595,0.6985059748791905,0.24427748685074036,1.0,0.0,0.22348484848484848,0.5335227272727273,0.7213541666666666,0.6991536458333333,0.0,0.007916666666666667,0.81578528881073,0.15274778008460999,0.537644624710083,1.0,0.0,0.25096386671066284,0.0,0.45699793100357056,1.0,0.698296308517456,0.30170369148254395
16,130,0.37239739298820496,0.224351704120636,0.1268870234489441,0.0042573693208396435,0.04799479166666667,0.5047397613525391,0.6908209034580134,0.2499189211907863,1.0,0.0,0.23354640151515152,0.5350319602272727,0.7040625,0.7415234375,0.0,0.008138020833333334,0.8089286684989929,0.15808109939098358,0.5381815433502197,1.0,0.0,0.2545432150363922,0.0,0.4574543237686157,1.0,0.7209134101867676,0.2790865898132324
16,140,0.3673664927482605,0.21974626183509827,0.12753280997276306,0.004332020878791809,0.044557291666666665,0.5094325542449951,0.6841912256729511,0.25863220852391033,1.0,0.0,0.23354640151515152,0.5350319602272727,0.7161979166666667,0.741484375,0.0,0.008138020833333334,0.796989917755127,0.16541333496570587,0.5409336090087891,1.0,0.0,0.27289074659347534,0.0,0.4597935676574707,1.0,0.7437103986740112,0.25628960132598877
16,150,0.3678590953350067,0.21994054317474365,0.1281825453042984,0.004301585257053375,0.043854166666666666,0.5142613053321838,0.6825574788710265,0.26166282147038644,1.0,0.0,0.25130208333333326,0.5376953125,0.7166145833333334,0.7363802083333333,0.0,0.008528645833333333,0.7898087501525879,0.17235155403614044,0.5409547686576843,1.0,0.0,0.27303165197372437,0.0,0.45981156826019287,1.0,0.766688346862793,0.23331165313720703
16,160,0.3668444752693176,0.2234942615032196,0.13164786994457245,0.004216326866298914,0.045325520833333334,0.5111925005912781,0.6899572372960098,0.26023839128440357,1.0,0.0,0.23354640151515152,0.5350319602272727,0.6971484375,0.7162369791666666,1.3020833333333334e-05,0.008138020833333334,0.7818276882171631,0.18144826591014862,0.5414746999740601,1.0,0.0,0.2764982581138611,0.0,0.46025350689888,1.0,0.7892590761184692,0.21074092388153076
16,170,0.36425527930259705,0.2197139859199524,0.13149234652519226,0.0037805684842169285,0.041002604166666665,0.5132449865341187,0.6656238253161308,0.2876409620847976,1.0,0.0,0.2347301136363636,0.5352095170454545,0.7123567708333334,0.7243359375,0.0,0.0081640625,0.7729596495628357,0.1901458501815796,0.542028546333313,1.0,0.0,0.28019028902053833,0.0,0.46072426438331604,1.0,0.8118451833724976,0.18815481662750244
16,180,0.3057630956172943,0.2191319316625595,0.13865770399570465,0.004263971000909805,0.05283854166666667,0.5429424047470093,0.7199387353641281,0.24359852652531602,1.0,0.0,0.24183238636363633,0.5362748579545454,0.6608854166666667,0.6271484375,0.0,0.0083203125,0.7684865593910217,0.19439485669136047,0.5421892404556274,1.0,0.0,0.28126126527786255,0.0,0.46086087822914124,1.0,0.8348249197006226,0.16517508029937744
16,190,0.4263349771499634,0.2584567070007324,0.16170237958431244,0.004756423179060221,0.05981770833333333,0.5501229763031006,0.7957798572319676,0.19850361079840376,1.0,0.0,0.21519886363636362,0.5322798295454545,0.7203776041666666,0.76328125,0.0,0.007734375,0.7631111145019531,0.2018948346376419,0.5422399044036865,1.0,0.0,0.2815994620323181,0.0,0.46090394258499146,1.0,0.8578302264213562,0.1421697735786438
16,200,0.37446823716163635,0.23878872394561768,0.13255000114440918,0.004213615786284208,0.073125,0.4911316931247711,0.7654473090376989,0.18067828441076392,1.0,0.0,0.32173295454545453,0.5482599431818181,0.6310677083333334,0.7025651041666666,0.0004947916666666667,0.010078125,0.7585425972938538,0.20789754390716553,0.5424513220787048,1.0,0.0,0.2830086350440979,0.0,0.46108365058898926,1.0,0.8810546398162842,0.11894536018371582
16,210,0.3699198067188263,0.23373493552207947,0.14171946048736572,0.004499797243624926,0.07747395833333333,0.49173808097839355,0.8005559556149079,0.15883224638990093,1.0,0.0,0.2980587121212121,0.5447088068181818,0.6324479166666667,0.719765625,0.00010416666666666667,0.009557291666666667,0.7573423385620117,0.21049126982688904,0.5424216985702515,1.0,0.0,0.28281137347221375,0.0,0.46105846762657166,1.0,0.8964306116104126,0.1035693883895874
16,220,0.3716980516910553,0.23905295133590698,0.1528848260641098,0.004348574671894312,0.0641796875,0.4815926253795624,0.7784532268172798,0.20459987547904043,1.0,0.0,0.2850378787878788,0.5427556818181818,0.6001432291666666,0.7124869791666667,6.510416666666667e-05,0.009270833333333334,0.7603426575660706,0.21196648478507996,0.5426415205001831,1.0,0.0,0.28427690267562866,0.0,0.4612452983856201,1.0,0.9118530750274658,0.08814692497253418
16,230,0.3799673318862915,0.24337364733219147,0.16455350816249847,0.004192597698420286,0.075,0.4818013608455658,0.8230918347247974,0.17783717539212698,1.0,0.0,0.3087121212121212,0.5463068181818181,0.6204947916666667,0.6929166666666666,1.3020833333333334e-05,0.009791666666666667,0.7657136917114258,0.20903488993644714,0.542941689491272,1.0,0.0,0.2862779498100281,0.0,0.4615004360675812,1.0,0.9145008325576782,0.08549916744232178
16,240,0.26650726795196533,0.21225692331790924,0.1079346314072609,0.0045315297320485115,0.09700520833333333,0.480023592710495,0.7429317402603267,0.16668523852155623,1.0,0.0,0.6046401515151514,0.5906960227272727,0.535078125,0.5383984375,3.90625e-05,0.01630208333333333,0.7730379104614258,0.20594686269760132,0.5435462594032288,1.0,0.0,0.2903082072734833,0.0,0.4620143473148346,0.9114146828651428,0.9167539477348328,0.08324605226516724
16,250,0.3814983069896698,0.2562454640865326,0.1669919192790985,0.004820320755243301,0.07389322916666667,0.4956735372543335,0.8409883126566156,0.16211774686953662,1.0,0.0,0.2637310606060606,0.5395596590909091,0.6561328125,0.6683723958333333,2.604166666666667e-05,0.008802083333333334,0.7827790975570679,0.19987274706363678,0.5440788865089417,1.0,0.0,0.2938593626022339,0.0,0.4624670743942261,1.0,0.9133447408676147,0.08665525913238525
16,260,0.3810739517211914,0.25289496779441833,0.16592322289943695,0.004585456568747759,0.06375,0.48198699951171875,0.8025890521397157,0.20488921792435694,1.0,0.0,0.3365293560606061,0.550479403409091,0.59828125,0.6565625,2.604166666666667e-05,0.010403645833333334,0.7875055074691772,0.19828735291957855,0.5443367958068848,1.0,0.0,0.2955785393714905,0.0,0.46268630027770996,1.0,0.9108251333236694,0.08917486667633057
16,270,0.37586361169815063,0.2444574236869812,0.166225865483284,0.004163471981883049,0.0649609375,0.48299509286880493,0.7981951101728473,0.20790450818732628,1.0,0.0,0.31936553030303033,0.5479048295454545,0.6159114583333334,0.679609375,3.90625e-05,0.010026041666666667,0.7913850545883179,0.19673536717891693,0.5448144674301147,1.0,0.0,0.29876330494880676,0.0,0.46309229731559753,1.0,0.906146764755249,0.09385323524475098
16,280,0.36068597435951233,0.23286204040050507,0.1547241359949112,0.0043250457383692265,0.07807291666666667,0.49384212493896484,0.81779795572828,0.16578930968855543,1.0,0.0,0.2862215909090909,0.5429332386363637,0.6543098958333333,0.6502604166666667,1.3020833333333334e-05,0.009296875,0.7982579469680786,0.19197294116020203,0.5450555086135864,1.0,0.0,0.3003697693347931,0.0,0.46329718828201294,1.0,0.9033712148666382,0.09662878513336182
16,290,0.3770354092121124,0.23630587756633759,0.16370652616024017,0.003840944031253457,0.055377604166666664,0.4836861193180084,0.7597664380935794,0.2451719055121288,1.0,0.0,0.2720170454545454,0.5408025568181818,0.6359765625,0.71203125,2.604166666666667e-05,0.008984375,0.8034176826477051,0.18962249159812927,0.5453091263771057,1.0,0.0,0.3020607829093933,0.0,0.4635127782821655,1.0,0.8982225060462952,0.10177749395370483
16,300,0.37493759393692017,0.2293926179409027,0.15710148215293884,0.004073204006999731,0.059869791666666665,0.4903331398963928,0.7676939681388728,0.22340063775042512,1.0,0.0,0.28089488636363635,0.5421342329545454,0.6498828125,0.7309505208333333,0.0,0.0091796875,0.8049949407577515,0.1890179067850113,0.5459221005439758,1.0,0.0,0.30614739656448364,0.0,0.4640338122844696,1.0,0.8952678442001343,0.10473215579986572
16,310,0.3719998300075531,0.23497730493545532,0.1628161370754242,0.00492189871147275,0.0708984375,0.48019927740097046,0.8291088056548024,0.16672518488317917,1.0,0.0,0.2572206439393939,0.5385830965909091,0.6313802083333333,0.677265625,6.510416666666667e-05,0.008658854166666667,0.8081955909729004,0.18944105505943298,0.5461376905441284,1.0,0.0,0.3075847625732422,0.0,0.46421703696250916,1.0,0.8918511867523193,0.10814881324768066
16,320,0.37165170907974243,0.23417817056179047,0.16144315898418427,0.004491540603339672,0.0701953125,0.4868035912513733,0.8132008499066445,0.1821916121167549,1.0,0.0,0.268465909090909,0.5402698863636364,0.6519401041666667,0.6680208333333333,0.0,0.00890625,0.8124583959579468,0.18781644105911255,0.5452879667282104,1.0,0.0,0.3019198775291443,0.0,0.46349477767944336,1.0,0.8871105313301086,0.11288946866989136
16,330,0.3731715977191925,0.2314559817314148,0.16148771345615387,0.004636536352336407,0.06743489583333333,0.47252294421195984,0.8112973224752977,0.1827142525345634,1.0,0.0,0.26550662878787873,0.5398259943181818,0.6514453125,0.684765625,5.208333333333334e-05,0.008841145833333333,0.8185058832168579,0.18318988382816315,0.5444551706314087,1.0,0.0,0.29636770486831665,0.0,0.4627869129180908,1.0,0.8828690052032471,0.11713099479675293
16,340,0.372611939907074,0.24080078303813934,0.1950826197862625,0.0044297995045781136,0.07196614583333333,0.4867187440395355,0.8446294561031277,0.18507055724003563,1.0,0.0,0.3181818181818182,0.5477272727272727,0.6160416666666667,0.6590364583333334,2.604166666666667e-05,0.01,0.8242530822753906,0.1777634620666504,0.5437111258506775,1.0,0.0,0.29140737652778625,0.0,0.46215447783470154,1.0,0.8783842921257019,0.1216157078742981
16,350,0.37558144330978394,0.23498280346393585,0.18204143643379211,0.0050547742284834385,0.08388020833333333,0.5150335431098938,0.8887553438841086,0.13107554435517974,1.0,0.0,0.30812026515151514,0.5462180397727273,0.6692838541666667,0.6718359375,2.604166666666667e-05,0.009778645833333334,0.8363704681396484,0.16996702551841736,0.5397499203681946,1.0,0.0,0.2649993300437927,0.0,0.4587874412536621,1.0,0.8744795322418213,0.1255204677581787
16,360,0.3668457567691803,0.224207803606987,0.16867989301681519,0.0038897863123565912,0.059166666666666666,0.4990682601928711,0.7818133531513549,0.2283696438410149,1.0,0.0,0.287405303030303,0.5431107954545454,0.6617838541666666,0.7053255208333333,2.604166666666667e-05,0.009322916666666667,0.8425399661064148,0.16384083032608032,0.5390481352806091,1.0,0.0,0.26032084226608276,0.0,0.45819091796875,1.0,0.8707492351531982,0.12925076484680176
16,370,0.37654608488082886,0.2129461020231247,0.16290320456027985,0.004046626854687929,0.056901041666666666,0.48967376351356506,0.7714274605625784,0.22764674744671468,1.0,0.0,0.3004261363636363,0.5450639204545454,0.6656901041666666,0.7322135416666666,2.604166666666667e-05,0.009609375,0.8519394397735596,0.1540854573249817,0.5381011962890625,1.0,0.0,0.2540077269077301,0.0,0.4573860168457031,1.0,0.8645265698432922,0.13547343015670776
16,380,0.36316704750061035,0.21191544830799103,0.16445496678352356,0.004237080924212933,0.06802083333333334,0.5149351954460144,0.8099543621302061,0.18762981762484024,1.0,0.0,0.268465909090909,0.5402698863636364,0.6798567708333333,0.6921223958333333,7.8125e-05,0.00890625,0.8601937294006348,0.14572548866271973,0.538375973701477,1.0,0.0,0.25583964586257935,0.0,0.4576195776462555,1.0,0.8622096180915833,0.13779038190841675
16,390,0.3888551592826843,0.21769192814826965,0.18036487698554993,0.0039908392354846,0.06654947916666666,0.5205672383308411,0.8282930114682339,0.19423908255115224,1.0,0.0,0.27734375,0.5416015625,0.6939583333333333,0.7257291666666666,0.0001171875,0.0091015625,0.8682761192321777,0.137907475233078,0.537268340587616,1.0,0.0,0.24845553934574127,0.0,0.4566780924797058,1.0,0.8607150316238403,0.13928496837615967
16,400,0.38320356607437134,0.21585442125797272,0.17583654820919037,0.0037925385404378176,0.0712109375,0.5169879198074341,0.8289028355777682,0.18580733811986017,1.0,0.0,0.3010179924242424,0.5451526988636364,0.7123046875,0.7161328125,0.0001171875,0.009622395833333333,0.8779802918434143,0.12782599031925201,0.5367060899734497,1.0,0.0,0.2447071075439453,0.0,0.45620018243789673,1.0,0.8594642281532288,0.14053577184677124
16,410,0.39322322607040405,0.22042299807071686,0.18062159419059753,0.003941962495446205,0.06865885416666667,0.5241634845733643,0.8326602700336516,0.1895643632824666,1.0,0.0,0.3519176136363636,0.5527876420454545,0.6562760416666666,0.7179557291666666,0.00013020833333333333,0.0107421875,0.8874629735946655,0.11851103603839874,0.5367610454559326,1.0,0.0,0.24507349729537964,0.0,0.45624691247940063,1.0,0.8564788699150085,0.14352113008499146
16,420,0.430040180683136,0.21282385289669037,0.1798964887857437,0.004909328650683165,0.085234375,0.5622177124023438,0.8900751080478614,0.1247155899181962,1.0,0.0,0.17909564393939392,0.5268643465909091,0.756015625,0.7605989583333334,6.510416666666667e-05,0.0069401041666666665,0.8952481746673584,0.11076823621988297,0.5366849303245544,1.0,0.0,0.2445662021636963,0.0,0.45618221163749695,1.0,0.8548102378845215,0.14518976211547852
16,430,0.4223531484603882,0.2040092796087265,0.18020623922348022,0.005475901532918215,0.09821614583333334,0.544611394405365,0.90545101673683,0.10744202643542028,1.0,0.0,0.1684422348484848,0.5252663352272727,0.759296875,0.7506510416666666,0.0011197916666666667,0.006705729166666666,0.9037537574768066,0.10219702124595642,0.5371288657188416,1.0,0.0,0.24752548336982727,0.0,0.45655953884124756,0.936509370803833,0.848705530166626,0.15129446983337402
16,440,0.43963953852653503,0.20774635672569275,0.18985360860824585,0.006904658395797014,0.11080729166666667,0.5571596026420593,0.9437835179360173,0.06388236598179833,1.0,0.0,0.2045454545454545,0.5306818181818181,0.742578125,0.7743880208333334,0.0023828125,0.0075,0.9124423265457153,0.09349634498357773,0.5376150012016296,1.0,0.0,0.2507666051387787,0.11669851839542389,0.45697277784347534,0.7962403893470764,0.8433250188827515,0.15667498111724854
16,450,0.4311692416667938,0.20415231585502625,0.19641205668449402,0.008902911096811295,0.13139322916666665,0.5879807472229004,0.997395175768108,0.002960027536241,1.0,0.0,0.05007102272727273,0.507510653409091,0.8083984375,0.7549869791666667,0.001979166666666667,0.0041015625,0.9196233749389648,0.08473142981529236,0.5375896692276001,1.0,0.0,0.2505975067615509,0.43990111351013184,0.45695123076438904,0.4903132915496826,0.8375144600868225,0.1624855399131775
16,460,0.4308933615684509,0.20747843384742737,0.18576446175575256,0.007902253419160843,0.12608072916666666,0.5703197121620178,0.9705482624652909,0.0334678835621694,1.0,0.0,0.16548295454545453,0.5248224431818181,0.7586588541666667,0.7645052083333334,0.0022395833333333334,0.006640625,0.9247018098831177,0.07863560318946838,0.537395179271698,1.0,0.0,0.24930106103420258,0.18613189458847046,0.4567859172821045,0.6435112953186035,0.836208701133728,0.16379129886627197
16,470,0.4544425308704376,0.22004686295986176,0.1902352124452591,0.008999139070510864,0.1592578125,0.5659670829772949,0.9999769018917549,2.624785027852128e-05,1.0,0.0,0.20395359848484848,0.5305930397727273,0.7565364583333334,0.7537890625,0.0007552083333333333,0.007486979166666667,0.9350916147232056,0.06776085495948792,0.5368709564208984,1.0,0.0,0.2458062767982483,0.31737804412841797,0.45634031295776367,0.4755810499191284,0.8291219472885132,0.17087805271148682
16,480,0.41742783784866333,0.21019329130649567,0.18345670402050018,0.007939077913761139,0.156953125,0.555652379989624,0.9715362367106647,0.03234518555606283,1.0,0.0,0.3578361742424242,0.5536754261363637,0.76453125,0.7145703125,0.0010807291666666667,0.010872395833333333,0.9448843598365784,0.057983897626399994,0.5366511344909668,1.0,0.0,0.24434073269367218,0.16693875193595886,0.4561534821987152,0.6378735303878784,0.8291222453117371,0.17087775468826294
16,490,0.4405314028263092,0.19935563206672668,0.173391655087471,0.009150614961981773,0.16671875,0.5662228465080261,0.9875279112045582,0.0016109198331833218,1.0,0.0,0.131155303030303,0.5196732954545454,0.8240234375,0.7651822916666666,0.0008072916666666667,0.005885416666666666,0.953101634979248,0.04999515414237976,0.5379447340965271,1.0,0.0,0.25296491384506226,0.30709108710289,0.45725303888320923,0.45239049196243286,0.8230323791503906,0.17696762084960938
16,500,0.43095967173576355,0.2108919471502304,0.17586356401443481,0.007902491837739944,0.14606770833333332,0.5453994274139404,0.9635545366242052,0.03346061470305045,1.0,0.0,0.19330018939393936,0.5289950284090909,0.746953125,0.7540364583333333,0.0009505208333333334,0.007252604166666667,0.9611976146697998,0.04083724692463875,0.539039671421051,1.0,0.0,0.26026445627212524,0.18626168370246887,0.45818373560905457,0.643474817276001,0.8238898515701294,0.1761101484298706
16,510,0.41765499114990234,0.21446114778518677,0.17484833300113678,0.008088594302535057,0.1519140625,0.5290521383285522,0.9668294463288493,0.02778675906905312,1.0,0.0,0.28858901515151514,0.5432883522727273,0.7491015625,0.7423958333333334,0.0006901041666666667,0.009348958333333334,0.968319296836853,0.03315496817231178,0.5404685735702515,1.0,0.0,0.26979053020477295,0.1798912137746811,0.4593982994556427,0.6149829626083374,0.8207722902297974,0.17922770977020264
16,520,0.42191988229751587,0.21162565052509308,0.17777277529239655,0.008864657022058964,0.16290364583333333,0.5361083149909973,0.9925996974281143,0.0041263103030803605,1.0,0.0,0.24656723484848483,0.5369850852272727,0.7514583333333333,0.7571223958333333,0.0008463541666666667,0.008424479166666667,0.976130485534668,0.02430695667862892,0.541115403175354,1.0,0.0,0.2741026282310486,0.25222888588905334,0.4599480926990509,0.4961698651313782,0.8212668895721436,0.17873311042785645
16,530,0.42048609256744385,0.2134011834859848,0.17630663514137268,0.008927964605391026,0.16462239583333332,0.5313994288444519,0.9918170333107127,0.002196201055151642,1.0,0.0,0.3306107954545454,0.5495916193181818,0.7476692708333333,0.7399479166666667,0.000703125,0.0102734375,0.9813649654388428,0.01836811751127243,0.5444128513336182,1.0,0.0,0.2960858643054962,0.2551804482936859,0.46275094151496887,0.4864776134490967,0.821918785572052,0.178081214427948
16,540,0.4199587404727936,0.2129339575767517,0.17631159722805023,0.009162846021354198,0.16734375,0.5387943387031555,0.9937580876167004,0.0,1.0,0.0,0.3335700757575757,0.5500355113636364,0.743828125,0.7409244791666667,0.0006901041666666667,0.010338541666666666,0.9858672618865967,0.013251829892396927,0.5477568507194519,1.0,0.0,0.31837910413742065,0.274064302444458,0.4655933380126953,0.4505179524421692,0.8222154974937439,0.1777845025062561
16,550,0.4244864284992218,0.2086460441350937,0.1778239607810974,0.008966958150267601,0.16259114583333334,0.5441269278526306,0.9954309834397309,0.001007373467451167,1.0,0.0,0.31463068181818177,0.5471946022727273,0.7622005208333333,0.7437890625,0.0017317708333333334,0.009921875,0.9885443449020386,0.01020981278270483,0.5505850911140442,1.0,0.0,0.3372339606285095,0.2650824189186096,0.46799734234809875,0.48050785064697266,0.8225183486938477,0.17748165130615234
16,560,0.42552921175956726,0.2135138362646103,0.17887559533119202,0.008899531327188015,0.15813802083333334,0.5482217669487,0.9954016603518271,0.0030630692930483094,1.0,0.0,0.28089488636363635,0.5421342329545454,0.7509635416666667,0.7447135416666667,0.0010026041666666666,0.0091796875,0.9848949313163757,0.014413280412554741,0.5542926788330078,1.0,0.0,0.36195099353790283,0.26113709807395935,0.4711487889289856,0.4908307194709778,0.8222639560699463,0.1777360439300537
16,570,0.4301438331604004,0.20774368941783905,0.18030157685279846,0.0102519067004323,0.16717447916666667,0.5597583651542664,0.9999999999999999,0.0,1.0,0.0,0.2140151515151515,0.5321022727272727,0.78578125,0.7625260416666667,0.0013151041666666667,0.0077083333333333335,0.9851418733596802,0.013212263584136963,0.5581904053688049,1.0,0.0,0.3879362940788269,0.3825296461582184,0.4744618535041809,0.2837856411933899,0.823025643825531,0.176974356174469
16,580,0.4319784641265869,0.21436405181884766,0.17806579172611237,0.008267553523182869,0.1536328125,0.5483788251876831,0.9770757214230176,0.02233068526881496,1.0,0.0,0.26964962121212116,0.5404474431818181,0.7349609375,0.762265625,0.0007421875,0.008932291666666667,0.9851430058479309,0.013211013749241829,0.5583173036575317,1.0,0.0,0.3887817859649658,0.21865494549274445,0.474569708108902,0.5875848531723022,0.8238251209259033,0.17617487907409668
16,590,0.4164024889469147,0.22359885275363922,0.1826106160879135,0.008348388597369194,0.1462109375,0.5310826897621155,0.9825177428562467,0.019866201299719666,1.0,0.0,0.4495738636363636,0.5674360795454545,0.70296875,0.7340364583333333,0.000234375,0.012890625,0.9863882064819336,0.011670766398310661,0.5576493144035339,1.0,0.0,0.38432878255844116,0.25490349531173706,0.474001944065094,0.6791809797286987,0.8241677284240723,0.17583227157592773
16,600,0.4168621897697449,0.22745084762573242,0.1825774759054184,0.00893692672252655,0.150703125,0.530116856098175,0.9983077901165659,0.0019229657766295372,1.0,0.0,0.43063446969696967,0.5645951704545454,0.6949348958333333,0.7319140625,0.00028645833333333333,0.012473958333333333,0.9854433536529541,0.012666944414377213,0.5584863424301147,1.0,0.0,0.38990914821624756,0.2962718904018402,0.47471341490745544,0.7122747898101807,0.8204340934753418,0.1795659065246582
16,610,0.4128367602825165,0.23141376674175262,0.1876685917377472,0.008197071962058544,0.15596354166666668,0.5244216918945312,0.9784580282503511,0.02447951335187365,1.0,0.0,0.5010653409090908,0.5751598011363637,0.6847526041666666,0.7183854166666667,0.0001953125,0.0140234375,0.9849742650985718,0.012157473713159561,0.5590951442718506,1.0,0.0,0.39396756887435913,0.18114052712917328,0.475230872631073,0.5983753204345703,0.8202861547470093,0.17971384525299072
16,620,0.4149635136127472,0.22689712047576904,0.1872556060552597,0.0088767996057868,0.15852864583333334,0.533080518245697,0.9966946235698898,0.003756109579670708,1.0,0.0,0.4424715909090909,0.5663707386363637,0.6860677083333333,0.7301822916666667,0.00020833333333333335,0.012734375,0.9839922189712524,0.013424627482891083,0.5586216449737549,1.0,0.0,0.390811026096344,0.20268507301807404,0.47482842206954956,0.7104314565658569,0.8209459781646729,0.17905402183532715
16,630,0.40496382117271423,0.22183458507061005,0.18712790310382843,0.009366736747324467,0.16479166666666667,0.5185590386390686,0.9999999999999999,0.0,1.0,0.0,0.6407433712121212,0.5961115056818181,0.6974088541666666,0.7130078125,0.0006119791666666667,0.017096354166666668,0.982338011264801,0.015380766242742538,0.5594037771224976,1.0,0.0,0.39602500200271606,0.7671501636505127,0.7671501636505127,0.32333749532699585,0.8211327791213989,0.17886722087860107
16,640,0.3996438980102539,0.22233740985393524,0.1884356290102005,0.009409371763467789,0.16920572916666668,0.5180718898773193,0.9999999999999999,0.0,1.0,0.0,0.6366003787878788,0.5954900568181818,0.6978125,0.712578125,0.0003385416666666667,0.017005208333333334,0.9808543920516968,0.016781456768512726,0.5588372945785522,1.0,0.0,0.39224839210510254,0.5069074630737305,0.5069074630737305,0.41277551651000977,0.8215645551681519,0.17843544483184814
16,650,0.39716699719429016,0.23210904002189636,0.18849487602710724,0.010185891762375832,0.18861979166666668,0.5332272052764893,0.9999999999999999,0.0,1.0,0.0,0.6004971590909092,0.5900745738636364,0.6860807291666666,0.6840494791666667,0.0004557291666666667,0.0162109375,0.9800045490264893,0.018084917217493057,0.5592600107192993,1.0,0.0,0.3950667381286621,0.7553290724754333,0.7553290724754333,0.29389238357543945,0.8231666088104248,0.1768333911895752
16,660,0.3228732943534851,0.19478337466716766,0.20784235000610352,0.006435325834900141,0.13713541666666668,0.5267924070358276,0.9207584180755585,0.09123284885341804,1.0,0.0,0.5691287878787877,0.5853693181818181,0.28338541666666667,0.7675260416666667,0.0009244791666666667,0.015520833333333333,0.9802221059799194,0.018036946654319763,0.5588626265525818,1.0,0.0,0.3924174904823303,0.04138164222240448,0.4750332534313202,0.7552026510238647,0.8291968107223511,0.17080318927764893
16,670,0.3184475600719452,0.24361972510814667,0.16809801757335663,0.012822260148823261,0.19615885416666667,0.5706344842910767,0.9757349196967916,0.008246527777777781,1.0,0.0,0.7111742424242424,0.6066761363636364,0.6470052083333333,0.5516145833333334,0.002265625,0.018645833333333334,0.979451596736908,0.019015485420823097,0.5587654113769531,1.0,0.0,0.39176926016807556,0.9669678807258606,0.9669678807258606,0.26027458906173706,0.8326230049133301,0.16737699508666992
16,680,0.45243722200393677,0.24271990358829498,0.1971919983625412,0.011090114712715149,0.17606770833333332,0.5891208052635193,0.9999999999999999,0.0,1.0,0.0,0.22170928030303028,0.5332563920454545,0.7458854166666666,0.7495703125,0.0001953125,0.007877604166666666,0.9786897301673889,0.01988130807876587,0.5589767694473267,1.0,0.0,0.39317846298217773,0.07261447608470917,0.47513025999069214,0.8471006155014038,0.8384498357772827,0.16155016422271729
16,690,0.4224650263786316,0.22408854961395264,0.17863142490386963,0.009645853191614151,0.160390625,0.5508064031600952,0.9976839498373179,0.0,1.0,0.0,0.2643229166666667,0.5396484375,0.7645442708333333,0.7494270833333333,0.000546875,0.008815104166666667,0.9778923988342285,0.020785298198461533,0.5592135190963745,1.0,0.0,0.3947567045688629,0.31884074211120605,0.47533151507377625,0.37657082080841064,0.8391367197036743,0.16086328029632568
16,700,0.42444393038749695,0.21833248436450958,0.17262186110019684,0.008260995149612427,0.15291666666666667,0.521653413772583,0.9676869593843064,0.022530635682547956,1.0,0.0,0.24834280303030298,0.5372514204545454,0.7570703125,0.7737109375,0.00018229166666666667,0.008463541666666666,0.9776619672775269,0.021031484007835388,0.5585413575172424,1.0,0.0,0.3902755379676819,0.005929842591285706,0.47476017475128174,0.9027594923973083,0.8419272899627686,0.15807271003723145
16,710,0.4245370030403137,0.2129451036453247,0.16447925567626953,0.008253414183855057,0.1480078125,0.5249353051185608,0.9537037738257456,0.02276176268734581,1.0,0.0,0.27852746212121204,0.5417791193181818,0.7659244791666666,0.7735807291666666,0.000390625,0.009127604166666666,0.9756178855895996,0.022666867822408676,0.5579241514205933,1.0,0.0,0.3861607313156128,0.20514719188213348,0.47423553466796875,0.5897495746612549,0.8448253273963928,0.15517467260360718
16,720,0.4299144446849823,0.225834459066391,0.17649930715560913,0.0072157797403633595,0.13709635416666666,0.5567882657051086,0.946206426531999,0.054396959135263406,1.0,0.0,0.22230113636363635,0.5333451704545454,0.7412630208333333,0.7683072916666667,1.3020833333333334e-05,0.007890625,0.9752019643783569,0.023192476481199265,0.5566347241401672,1.0,0.0,0.3775647282600403,0.0,0.47313952445983887,0.9140374660491943,0.8492520451545715,0.15074795484542847
16,730,0.41154831647872925,0.2223135232925415,0.17860712110996246,0.007517268881201744,0.14309895833333333,0.5118964910507202,0.9578622293477882,0.045205217036532186,1.0,0.0,0.3560606060606061,0.553409090909091,0.7463802083333333,0.7492447916666667,0.00010416666666666667,0.010833333333333334,0.9751666784286499,0.023013614118099213,0.5557553768157959,1.0,0.0,0.37170252203941345,0.0,0.47239208221435547,0.927704393863678,0.8551907539367676,0.14480924606323242
16,740,0.4138208329677582,0.21745486557483673,0.1731911152601242,0.007963168434798717,0.14697916666666666,0.5561493039131165,0.9606598397415641,0.031610718451258596,1.0,0.0,0.25130208333333326,0.5376953125,0.7483984375,0.7613541666666667,0.00018229166666666667,0.008528645833333333,0.9731907248497009,0.02461492456495762,0.5536416172981262,1.0,0.0,0.35761070251464844,0.0,0.4705953896045685,0.8972604274749756,0.8606472015380859,0.13935279846191406
16,750,0.4026060700416565,0.21994662284851074,0.18022315204143524,0.00810217671096325,0.1551171875,0.5204185247421265,0.975912058099014,0.027372661251120423,1.0,0.0,0.3927556818181817,0.5589133522727272,0.7437369791666667,0.7445442708333333,0.00010416666666666667,0.011640625,0.9724743366241455,0.02461492270231247,0.5511642694473267,1.0,0.0,0.34109508991241455,0.04567258059978485,0.4684896469116211,0.9128735065460205,0.8657753467559814,0.13422465324401855
16,760,0.3968484103679657,0.21534723043441772,0.18001900613307953,0.009281345643103123,0.167265625,0.557604968547821,0.9999999999999999,0.0,1.0,0.0,0.2589962121212121,0.5388494318181818,0.7692057291666666,0.7427734375,0.00015625,0.008697916666666666,0.9696667194366455,0.027787167578935623,0.5489448308944702,1.0,0.0,0.32629871368408203,0.0,0.4666031301021576,0.8840541243553162,0.8668525218963623,0.1331474781036377
16,770,0.42073577642440796,0.22308574616909027,0.18414469063282013,0.008225513622164726,0.1573046875,0.562655508518219,0.9792210971800291,0.023612389568148567,1.0,0.0,0.26728219696969696,0.5400923295454545,0.7491015625,0.7645963541666667,9.114583333333334e-05,0.008880208333333334,0.9714595675468445,0.025065194815397263,0.5469240546226501,1.0,0.0,0.312826931476593,0.0,0.4648854732513428,0.9325430393218994,0.8641064763069153,0.13589352369308472
16,780,0.4201652407646179,0.2237885296344757,0.1823292225599289,0.008403622545301914,0.15734375,0.5246215462684631,0.9839996292641976,0.01818223947250261,1.0,0.0,0.24360795454545453,0.5365411931818181,0.7314713541666666,0.7608463541666667,3.90625e-05,0.008359375,0.9716456532478333,0.025774164125323296,0.5438591241836548,1.0,0.0,0.2923938035964966,0.0,0.4622802734375,0.9369466304779053,0.8692235350608826,0.13077646493911743
16,790,0.403305321931839,0.22309836745262146,0.17804408073425293,0.007644885219633579,0.15135416666666668,0.5164494514465332,0.9603332447712126,0.04131447501117136,1.0,0.0,0.30279356060606055,0.5454190340909091,0.7392057291666667,0.7430208333333334,0.00014322916666666667,0.009661458333333333,0.9704759120941162,0.027134878560900688,0.5454908609390259,1.0,0.0,0.30327269434928894,0.0,0.46366724371910095,0.9326221346855164,0.8701207637786865,0.12987923622131348
16,800,0.3997917175292969,0.2198043018579483,0.17982842028141022,0.008178814314305782,0.1575,0.5616651773452759,0.9776778232427855,0.02503614895409198,1.0,0.0,0.35546874999999994,0.5533203125,0.7533984375,0.7204036458333334,0.0004557291666666667,0.0108203125,0.9696130156517029,0.028473014011979103,0.5468310117721558,1.0,0.0,0.312206894159317,0.15790946781635284,0.46480637788772583,0.601170539855957,0.8701814413070679,0.12981855869293213
16,810,0.4053890109062195,0.21983517706394196,0.17249363660812378,0.007810474373400211,0.15634114583333333,0.5288254022598267,0.9553828213136034,0.036266025201213054,1.0,0.0,0.3442234848484848,0.5516335227272727,0.7743619791666667,0.7294661458333334,2.604166666666667e-05,0.010572916666666666,0.9711517095565796,0.027400126680731773,0.5464209318161011,1.0,0.0,0.30947309732437134,0.0,0.46445780992507935,0.9121752381324768,0.8697421550750732,0.13025784492492676
16,820,0.40819254517555237,0.2331489473581314,0.18122151494026184,0.007919453084468842,0.16545572916666668,0.5186190605163574,0.9697228245392725,0.03551728824451361,1.0,0.0,0.3205492424242424,0.5480823863636364,0.7203645833333333,0.7286588541666666,2.604166666666667e-05,0.010052083333333333,0.9720261096954346,0.027868345379829407,0.5461504459381104,1.0,0.0,0.30766934156417847,0.0,0.4642278850078583,0.9785941243171692,0.865933358669281,0.134066641330719
16,830,0.40875041484832764,0.22761039435863495,0.17760895192623138,0.009627334773540497,0.162109375,0.5111720561981201,0.9959536109520838,0.0,1.0,0.0,0.31936553030303033,0.5479048295454545,0.7307291666666667,0.7459114583333334,3.90625e-05,0.010026041666666667,0.9713841676712036,0.029002899304032326,0.5463364124298096,1.0,0.0,0.30890941619873047,0.0,0.4643859565258026,0.9608941674232483,0.8560940027236938,0.14390599727630615
16,840,0.40974828600883484,0.22174331545829773,0.17296715080738068,0.007897017523646355,0.1503515625,0.5273318886756897,0.9585060424322706,0.033627514522976965,1.0,0.0,0.3448153409090909,0.5517223011363637,0.7511588541666666,0.7521223958333333,9.114583333333334e-05,0.0105859375,0.9705101847648621,0.03016144037246704,0.5459009408950806,1.0,0.0,0.3060064911842346,0.0,0.46401581168174744,0.9241315126419067,0.8563119173049927,0.14368808269500732
16,850,0.39927947521209717,0.21578875184059143,0.17110958695411682,0.00949731096625328,0.17375,0.5410740375518799,0.9849546856146593,0.0,1.0,0.0,0.28977272727272724,0.5434659090909091,0.7809765625,0.7420963541666666,2.604166666666667e-05,0.009375,0.9694293141365051,0.03201320022344589,0.5461461544036865,1.0,0.0,0.3076411485671997,0.0,0.464224249124527,0.8868206739425659,0.8550752997398376,0.14492470026016235
16,860,0.4062466621398926,0.22582128643989563,0.17980104684829712,0.006814958993345499,0.15555989583333332,0.5340726971626282,0.9410402586529169,0.0666171038614177,1.0,0.0,0.28977272727272724,0.5434659090909091,0.7186067708333334,0.7472265625,2.604166666666667e-05,0.009375,0.9689379930496216,0.032500289380550385,0.5447849035263062,1.0,0.0,0.2985660135746002,0.0,0.4630671739578247,0.9496837854385376,0.8549211025238037,0.1450788974761963
16,870,0.39816519618034363,0.21679256856441498,0.1731405407190323,0.007882457226514816,0.1708203125,0.5655103325843811,0.958408829395364,0.03407142602088972,1.0,0.0,0.2862215909090909,0.5429332386363637,0.7583854166666667,0.7539322916666666,5.208333333333334e-05,0.009296875,0.9689379930496216,0.032500289380550385,0.544171929359436,1.0,0.0,0.2944793999195099,0.0,0.46254613995552063,0.8931105136871338,0.8487521409988403,0.15124785900115967
16,880,0.4063383936882019,0.22247105836868286,0.1807529479265213,0.008241175673902035,0.16897135416666667,0.5187209248542786,0.9796412985681034,0.02313488799079161,1.0,0.0,0.2820785984848484,0.5423117897727272,0.7433072916666666,0.7485677083333333,3.90625e-05,0.009205729166666666,0.9699274897575378,0.03137589246034622,0.5431657433509827,1.0,0.0,0.28777170181274414,0.0,0.46169090270996094,0.9286914467811584,0.8482241630554199,0.15177583694458008
16,890,0.3929581046104431,0.22345267236232758,0.18054673075675964,0.008112993091344833,0.16923177083333332,0.5058762431144714,0.9754361946424495,0.02857501161211551,1.0,0.0,0.4501657196969696,0.5675248579545454,0.7367057291666667,0.7065625,5.208333333333334e-05,0.012903645833333333,0.9694908261299133,0.03140126168727875,0.5431023836135864,1.0,0.0,0.2873489558696747,0.16159340739250183,0.46163704991340637,0.6765768527984619,0.8401444554328918,0.15985554456710815
16,900,0.40349286794662476,0.2423630952835083,0.1993415206670761,0.008448716253042221,0.16854166666666667,0.5222477912902832,0.9795627590585854,0.028100834087466147,1.0,0.0,0.4519412878787879,0.5677911931818181,0.6876041666666667,0.6980338541666666,3.90625e-05,0.012942708333333334,0.9702805876731873,0.03068293258547783,0.5431658029556274,1.0,0.0,0.28777170181274414,0.1867387443780899,0.4616909325122833,0.6687641739845276,0.8374176025390625,0.1625823974609375
16,910,0.44332757592201233,0.24947287142276764,0.20756345987319946,0.00965539738535881,0.17783854166666666,0.5703598856925964,0.9999999999999999,0.0,1.0,0.0,0.1909327651515151,0.5286399147727273,0.7497005208333334,0.7349609375,6.510416666666667e-05,0.007200520833333333,0.97078537940979,0.030105607584118843,0.5454190373420715,1.0,0.0,0.30279356241226196,0.0,0.46360620856285095,0.8741741180419922,0.8278836011886597,0.17211639881134033
16,920,0.40924927592277527,0.2318689227104187,0.1904122531414032,0.007995537482202053,0.16259114583333334,0.578213632106781,0.9720657625644995,0.032594343361048495,1.0,0.0,0.24064867424242425,0.5360973011363637,0.7190104166666667,0.7378125,6.510416666666667e-05,0.008294270833333334,0.9719268679618835,0.02956097573041916,0.5495197772979736,1.0,0.0,0.3301316797733307,0.0,0.467091828584671,0.9754535555839539,0.8217862844467163,0.1782137155532837
16,930,0.3984776437282562,0.23149652779102325,0.18858791887760162,0.006569115445017815,0.17600260416666666,0.5555752515792847,0.9327260245580661,0.07822257704891485,1.0,0.0,0.24834280303030298,0.5372514204545454,0.6996223958333333,0.734140625,6.510416666666667e-05,0.008463541666666666,0.9733554124832153,0.027896130457520485,0.552288830280304,1.0,0.0,0.34859195351600647,0.0,0.46944552659988403,0.9852443933486938,0.8116363883018494,0.18836361169815063
16,940,0.40119802951812744,0.22949060797691345,0.18777689337730408,0.006779625546187162,0.18329427083333333,0.5428891777992249,0.9395088391795471,0.0695346208818277,1.0,0.0,0.2950994318181818,0.5442649147727273,0.719140625,0.7354296875,1.3020833333333334e-05,0.0094921875,0.9264527559280396,0.07492011040449142,0.527443528175354,0.9523810148239136,0.0,0.3416869640350342,0.0,0.4483270049095154,0.9726754426956177,0.8011927604675293,0.1988072395324707
16,950,0.4037008285522461,0.2250288426876068,0.18306660652160645,0.006687674671411514,0.18399739583333333,0.545424222946167,0.9379620033793333,0.07049772343257577,1.0,0.0,0.2856297348484848,0.5428444602272727,0.7483333333333333,0.7399869791666667,2.604166666666667e-05,0.009283854166666666,0.8813229203224182,0.12035450339317322,0.5024375915527344,0.9047619700431824,0.0,0.3337109684944153,0.0,0.4270719587802887,0.9447183609008789,0.7914342880249023,0.20856571197509766
16,960,0.4227294921875,0.22021271288394928,0.17922194302082062,0.007766671013087034,0.18838541666666667,0.5782153606414795,0.9655939739060503,0.03760149350344405,1.0,0.0,0.2021780303030303,0.5303267045454545,0.7665104166666666,0.7640234375,0.00029947916666666664,0.007447916666666667,0.8349305987358093,0.16739368438720703,0.47782906889915466,0.8571429252624512,0.0,0.32838428020477295,0.1612132042646408,0.40615472197532654,0.6770833134651184,0.7817730903625488,0.21822690963745117
16,970,0.41374471783638,0.20417235791683197,0.1877320110797882,0.009478755295276642,0.20194010416666666,0.5722048282623291,0.9999999999999999,0.0,1.0,0.0,0.17317708333333331,0.5259765625,0.8426692708333333,0.7439713541666667,0.0004557291666666667,0.006809895833333334,0.790631890296936,0.21125781536102295,0.4532163143157959,0.8095238208770752,0.0,0.32302939891815186,0.290350079536438,0.38523387908935547,0.4021531343460083,0.7727617025375366,0.22723829746246338
16,980,0.4133377969264984,0.2187909334897995,0.18225380778312683,0.009479490108788013,0.1999609375,0.5843214988708496,0.9999999999999999,0.0,1.0,0.0,0.12642045454545453,0.5189630681818181,0.8184114583333333,0.7549088541666666,3.90625e-05,0.00578125,0.7455071806907654,0.2566705644130707,0.42863738536834717,0.761904776096344,0.0,0.31790000200271606,0.02356071025133133,0.3643417954444885,0.8718926906585693,0.7634214162826538,0.2365785837173462
16,990,0.40092581510543823,0.2118152230978012,0.1748587042093277,0.008386149071156979,0.18411458333333333,0.5603967308998108,0.9748301743233739,0.01871496734277503,1.0,0.0,0.2347301136363636,0.5352095170454545,0.8129557291666667,0.7246484375,0.00015625,0.0081640625,0.6993702054023743,0.30260545015335083,0.40408802032470703,0.7142857313156128,0.0,0.31296783685684204,0.0,0.3434748351573944,0.8619228601455688,0.7543034553527832,0.2456965446472168
16,1000,0.3986961245536804,0.22075770795345306,0.1812801957130432,0.008139668963849545,0.19520833333333334,0.5884578227996826,0.9769179478105975,0.02622960476068459,1.0,0.0,0.3116714015151515,0.5467507102272727,0.7978255208333334,0.7054557291666667,0.00015625,0.009856770833333334,0.6534313559532166,0.34828370809555054,0.37833383679389954,0.6666666865348816,0.0,0.30000340938568115,0.0,0.34828370809555054,0.917955756187439,0.7455241680145264,0.25447583198547363
16,1010,0.3255027234554291,0.2245291918516159,0.17688848078250885,0.009519180282950401,0.22421875,0.5723570585250854,0.9882781888990321,0.012912326388888895,1.0,0.0,0.6709280303030303,0.6006392045454545,0.7415234375,0.4023046875,0.00015625,0.017760416666666667,0.6072986721992493,0.3939814567565918,0.3525669574737549,0.6190476417541504,0.0,0.2869543731212616,0.23131310939788818,0.3939814567565918,0.9415875673294067,0.7410777807235718,0.2589222192764282
16,1020,0.32906726002693176,0.22118663787841797,0.1843566745519638,0.008289540186524391,0.18579427083333333,0.4867599606513977,0.9793546816642045,0.02482876294471707,1.0,0.0,0.9183238636363636,0.6377485795454545,0.4293489583333333,0.6725,0.011041666666666667,0.023203125,0.560193657875061,0.44101637601852417,0.3286644220352173,0.5714285969734192,0.0,0.2863343358039856,0.20875297486782074,0.44101637601852417,0.5842187404632568,0.7330999374389648,0.26690006256103516
16,1030,0.32110464572906494,0.20721003413200378,0.18594101071357727,0.011864143423736095,0.23122395833333334,0.46452340483665466,0.9997222222222222,0.0005555555555555591,1.0,0.0,0.7082149621212122,0.6062322443181818,0.2655859375,0.7537369791666667,0.0037760416666666667,0.018580729166666667,0.5144206881523132,0.48649704456329346,0.3043983280658722,0.523809552192688,0.0,0.2832905054092407,0.5470100045204163,0.5470100045204163,0.2330058217048645,0.7280328273773193,0.27196717262268066
16,1040,0.008515880443155766,0.033301595598459244,0.0024994222912937403,0.0012098784791305661,0.009869791666666667,0.8383999466896057,0.010996739683990798,0.9875037049045559,0.0,0.0,0.17436079545454544,0.026154119318181814,0.0,0.0,0.0,0.0068359375,0.4705207347869873,0.5298053622245789,0.2800857424736023,0.4761905074119568,0.0,0.27993667125701904,0.11173553764820099,0.5298053622245789,1.0,0.7234452962875366,0.2765547037124634
16,1050,0.008357996121048927,0.03330980986356735,0.002344390843063593,0.0012018090346828103,0.0098828125,0.8393176198005676,0.010780242393929057,0.9877497245523532,0.0,0.0,0.17732007575757572,0.02659801136363636,0.0,0.0,0.0,0.0069010416666666664,0.42629778385162354,0.5735273957252502,0.2554391622543335,0.4285714626312256,0.0,0.27435630559921265,0.11354789137840271,0.5735273957252502,1.0,0.7198214530944824,0.2801785469055176
16,1060,0.007964716292917728,0.03335538133978844,0.002328677335754037,0.0011994217056781054,0.009869791666666667,0.8336231708526611,0.010716192103558925,0.9878225089732284,0.0,0.0,0.1779119318181818,0.02668678977272727,0.0,0.0,0.0,0.0069140625,0.3821493685245514,0.6172025203704834,0.2308560013771057,0.380952388048172,0.0,0.2691986858844757,0.10457441210746765,0.6172025203704834,1.0,0.7167407274246216,0.2832592725753784
16,1070,0.008291922509670258,0.033318519592285156,0.0023123999126255512,0.0012013367377221584,0.009869791666666667,0.8378404974937439,0.01076757101205791,0.9877641238499342,0.0,0.0,0.17732007575757572,0.02659801136363636,0.0,0.0,0.0,0.0069010416666666664,0.33668434619903564,0.662445068359375,0.20686891674995422,0.3333333432674408,0.0,0.26801496744155884,0.11116065084934235,0.662445068359375,1.0,0.7131693363189697,0.2868306636810303
16,1080,0.008390268310904503,0.03330398350954056,0.0023338475730270147,0.0012021575821563601,0.0098828125,0.839709997177124,0.010789593667609664,0.9877390981049889,0.0,0.0,0.17850378787878787,0.02677556818181818,0.0,0.0,0.0,0.006927083333333334,0.2895832061767578,0.709475576877594,0.1830889880657196,0.2857142984867096,0.0,0.2682122588157654,0.11415764689445496,0.709475576877594,1.0,0.7107040286064148,0.2892959713935852
16,1090,0.008342321030795574,0.03331049159169197,0.0023351218551397324,0.0012012242805212736,0.009869791666666667,0.8411903977394104,0.010764553867643927,0.9877675524231317,0.0,0.0,0.17850378787878787,0.02677556818181818,0.0,0.0,0.0,0.006927083333333334,0.24247562885284424,0.7565134167671204,0.1596430242061615,0.2380952537059784,0.0,0.27063605189323425,0.11673904955387115,0.7565134167671204,1.0,0.7080107927322388,0.29198920726776123
16,1100,0.007938011549413204,0.033354975283145905,0.002348156413063407,0.0011995707172900438,0.009869791666666667,0.8354410529136658,0.010720189976074348,0.9878179659362791,0.0,0.0,0.1779119318181818,0.02668678977272727,0.0,0.0,0.0,0.0069140625,0.19657477736473083,0.8026507496833801,0.13543188571929932,0.190476194024086,0.0,0.2679585814476013,0.10769106447696686,0.8026507496833801,1.0,0.7086522579193115,0.2913477420806885
16,1110,0.008381638675928116,0.03330632671713829,0.0023301858454942703,0.0012016918044537306,0.0098828125,0.8422141671180725,0.010777097192661065,0.9877532986447033,0.0,0.0,0.1779119318181818,0.02668678977272727,0.0,0.0,0.0,0.0069140625,0.15057280659675598,0.848432183265686,0.11066271364688873,0.1428571492433548,0.0,0.26156091690063477,0.11840440332889557,0.848432183265686,1.0,0.7097304463386536,0.29026955366134644
16,1120,0.008347631432116032,0.03331199288368225,0.0023105095606297255,0.00120233790948987,0.009869791666666667,0.8415501713752747,0.010794431718020905,0.9877336003204307,0.0,0.0,0.1779119318181818,0.02668678977272727,0.0,0.0,0.0,0.0069140625,0.10402967035770416,0.8948480486869812,0.08331050723791122,0.095238097012043,0.0,0.23794305324554443,0.11733837425708771,0.8948480486869812,1.0,0.7084665298461914,0.2915334701538086
16,1130,0.00839986838400364,0.03330559656023979,0.0023459112271666527,0.0012038028798997402,0.00984375,0.8413634300231934,0.010833735802188153,0.9876889365884225,0.0,0.0,0.1767282196969697,0.026509232954545454,0.0,0.0,0.0,0.006888020833333334,0.09316317737102509,0.9093800783157349,0.07536563277244568,0.088454470038414,0.0,0.2075892984867096,0.11693626642227173,0.9093800783157349,1.0,0.7063589096069336,0.2936410903930664
16,1140,0.008433057926595211,0.033306341618299484,0.0023872375022619963,0.0012035391991958022,0.0098828125,0.8410244584083557,0.010826661441838597,0.9876969756342742,0.0,0.0,0.1779119318181818,0.02668678977272727,0.0,0.0,0.0,0.0069140625,0.0796312466263771,0.9275445342063904,0.07257122546434402,0.0884544774889946,0.0,0.18895992636680603,0.11630840599536896,0.9275445342063904,1.0,0.7040598392486572,0.2959401607513428
16,1150,0.008324806578457355,0.033317942172288895,0.0023447528947144747,0.0012035518884658813,0.009869791666666667,0.8405916094779968,0.010827001885669988,0.9876965887662841,0.0,0.0,0.1779119318181818,0.02668678977272727,0.0,0.0,0.0,0.0069140625,0.11571595072746277,0.8955775499343872,0.09350240975618362,0.1290147602558136,0.0,0.19330020248889923,0.11575601994991302,0.8955775499343872,1.0,0.7023268938064575,0.2976731061935425
16,1160,0.008409518748521805,0.03330369293689728,0.0023801655042916536,0.0012042319867759943,0.0098828125,0.8421964645385742,0.010845248425697408,0.9876758540617074,0.0,0.0,0.17732007575757572,0.02659801136363636,0.0,0.0,0.0,0.0069010416666666664,0.15010344982147217,0.86543869972229,0.11578182131052017,0.1725589781999588,0.0,0.19668224453926086,0.11832825839519501,0.86543869972229,1.0,0.7014119625091553,0.2985880374908447
16,1170,0.008401553146541119,0.033303678035736084,0.0024051875807344913,0.0012036060215905309,0.009869791666666667,0.8405072689056396,0.010828454237794731,0.9876949383661422,0.0,0.0,0.17732007575757572,0.02659801136363636,0.0,0.0,0.0,0.0069010416666666664,0.18346649408340454,0.8366565704345703,0.14038613438606262,0.2201780378818512,0.0,0.20198075473308563,0.11548645794391632,0.8366565704345703,1.0,0.7041584849357605,0.2958415150642395
16,1180,0.008446896448731422,0.03330038860440254,0.002393658272922039,0.0012054023100063205,0.0098828125,0.8407371640205383,0.010876647341632989,0.987640173475417,0.0,0.0,0.17732007575757572,0.02659801136363636,0.0,0.0,0.0,0.0069010416666666664,0.21754711866378784,0.8071161508560181,0.1653328537940979,0.2677970826625824,0.0,0.20956215262413025,0.11579997837543488,0.8071161508560181,1.0,0.7106334567070007,0.28936654329299927
16,1190,0.00800429005175829,0.03335249423980713,0.0023187987972050905,0.0012003314914181828,0.009856770833333334,0.8362070918083191,0.010740600989268321,0.9877947716031041,0.0,0.0,0.17732007575757572,0.02659801136363636,0.0,0.0,0.0,0.0069010416666666664,0.25114601850509644,0.7781389355659485,0.19014430046081543,0.3154161274433136,0.0,0.21624165773391724,0.10887607932090759,0.7781389355659485,1.0,0.7113948464393616,0.2886051535606384
16,1200,0.008483865298330784,0.03330386057496071,0.0024132265243679285,0.0012067323550581932,0.0098828125,0.8416834473609924,0.010912331477171038,0.9875996233213964,0.0,0.0,0.17850378787878787,0.02677556818181818,0.0,0.0,0.0,0.006927083333333334,0.28473007678985596,0.7491751313209534,0.21489235758781433,0.3630351722240448,0.0,0.22249843180179596,0.11733807623386383,0.7491751313209534,1.0,0.7126513719558716,0.2873486280441284
16,1210,0.00848217960447073,0.03329689800739288,0.002430579625070095,0.0012053904356434941,0.009869791666666667,0.8405064940452576,0.010876328761166915,0.9876405354986739,0.0,0.0,0.17732007575757572,0.02659801136363636,0.0,0.0,0.0,0.0069010416666666664,0.3190896511077881,0.7193242311477661,0.23994901776313782,0.410654217004776,0.0,0.23081260919570923,0.11535167694091797,0.7193242311477661,1.0,0.7137866020202637,0.28621339797973633
16,1220,0.008482078090310097,0.033298008143901825,0.0024264107923954725,0.0012052475940436125,0.009856770833333334,0.8399053812026978,0.010872496425560336,0.9876448904254995,0.0,0.0,0.17495265151515152,0.026242897727272726,0.0,0.0,0.0,0.006848958333333334,0.3524438142776489,0.6906605958938599,0.2645617425441742,0.4582732915878296,0.0,0.23616747558116913,0.11433586478233337,0.6906605958938599,1.0,0.7150894999504089,0.28491050004959106
16,1230,0.31714746356010437,0.36228859424591064,0.35916346311569214,0.0030703593511134386,0.0676953125,0.6076936721801758,0.7511583074488324,0.33000081096772144,0.8575439453125001,0.0,0.28089488636363635,0.4709062056107955,0.22790364583333333,0.14651041666666667,0.00018229166666666667,0.0091796875,0.38638633489608765,0.6613373160362244,0.28939011693000793,0.505892276763916,0.0,0.24295973777770996,0.0,0.6613373160362244,1.0,0.7212123870849609,0.27878761291503906
16,1240,0.23429708182811737,0.30898427963256836,0.3202003240585327,0.0023092611227184534,0.06705729166666667,0.6684190630912781,0.715551633070172,0.38200844405147505,1.0,0.0,0.316998106060606,0.5475497159090909,0.28247395833333333,0.197734375,9.114583333333334e-05,0.009973958333333333,0.4200053811073303,0.6324198246002197,0.3138633668422699,0.553511381149292,0.0,0.24738457798957825,0.0,0.6324198246002197,1.0,0.7318378686904907,0.2681621313095093
16,1250,0.26501068472862244,0.31678396463394165,0.316871702671051,0.0027378869708627462,0.07953125,0.6975992918014526,0.7687756097613166,0.3161971934044868,0.8517659505208335,0.0,0.26550662878787873,0.46570896957859853,0.25376302083333335,0.11880208333333334,0.0,0.008841145833333333,0.4537883996963501,0.603506326675415,0.33913561701774597,0.6011303663253784,0.0,0.25713610649108887,0.0,0.603506326675415,1.0,0.7372315526008606,0.2627684473991394
16,1260,0.2850686013698578,0.3419574797153473,0.3390149772167206,0.002557973377406597,0.06778645833333333,0.6651811003684998,0.7329176767869978,0.35483407333839595,0.9144287109375001,0.0,0.24834280303030298,0.4944657759232955,0.2591276041666667,0.13348958333333333,0.0,0.008463541666666666,0.4886784851551056,0.5732619762420654,0.364437460899353,0.6487494707107544,0.0,0.26708492636680603,0.0,0.5732619762420654,1.0,0.7430377006530762,0.25696229934692383
16,1270,0.253508985042572,0.3242572844028473,0.3259005844593048,0.001994653604924679,0.06716145833333333,0.7070668339729309,0.7113403773290715,0.3833976794021817,1.0,0.0,0.28918087121212116,0.5433771306818181,0.27251302083333334,0.16600260416666668,0.0,0.009361979166666666,0.5239585638046265,0.5425800085067749,0.38972240686416626,0.6963685750961304,0.0,0.27692103385925293,0.0,0.5425800085067749,1.0,0.7490938305854797,0.25090616941452026
16,1280,0.2436075359582901,0.31135886907577515,0.3200898766517639,0.0021466549951583147,0.0715234375,0.6832022070884705,0.7264604639426986,0.3674166690943499,1.0,0.0,0.3365293560606061,0.550479403409091,0.27803385416666665,0.17834635416666667,0.0,0.010403645833333334,0.5591841340065002,0.5119540095329285,0.4149819612503052,0.7439875602722168,0.0,0.28658801317214966,0.0,0.5119540095329285,1.0,0.7555416226387024,0.2444583773612976
16,1290,0.2453892081975937,0.31866785883903503,0.32166188955307007,0.0020115463994443417,0.06938802083333333,0.6832257509231567,0.7163665820856235,0.3792174575294487,1.0,0.0,0.31877367424242425,0.5478160511363637,0.27875,0.1917578125,0.0,0.010013020833333334,0.5928396582603455,0.4826226830482483,0.43608954548835754,0.7855263948440552,0.0,0.28884267807006836,0.0,0.4826226830482483,1.0,0.762388288974762,0.23761171102523804
16,1300,0.24471426010131836,0.3185480833053589,0.3222779929637909,0.0020303900819271803,0.0690625,0.6871334910392761,0.7160292957408855,0.37952737007883053,1.0,0.0,0.30989583333333326,0.546484375,0.27881510416666666,0.19046875,0.0,0.009817708333333333,0.6254640221595764,0.45475518703460693,0.46017810702323914,0.8331453800201416,0.0,0.29070281982421875,0.0,0.45475518703460693,1.0,0.7696536779403687,0.23034632205963135
16,1310,0.24603810906410217,0.31822896003723145,0.32219529151916504,0.002358081517741084,0.07162760416666666,0.6637461185455322,0.7322716047963889,0.36094970487395595,1.0,0.0,0.35250946969696967,0.5528764204545454,0.27826822916666666,0.19,0.0,0.010755208333333334,0.6588574647903442,0.42609238624572754,0.4844484329223633,0.8807644844055176,0.0,0.29377481341362,0.0,0.42609238624572754,1.0,0.7772654294967651,0.22273457050323486
16,1320,0.2388319969177246,0.31501126289367676,0.32143571972846985,0.002019022824242711,0.0678125,0.6809215545654297,0.711214604989845,0.3858164408259336,1.0,0.0,0.2903645833333333,0.5435546875,0.28272135416666666,0.20287760416666667,0.0,0.009388020833333333,0.6927747130393982,0.3968392014503479,0.5088835954666138,0.928383469581604,0.0,0.2979459762573242,0.0,0.4325510561466217,1.0,0.7853085994720459,0.2146914005279541
16,1330,0.2387814074754715,0.3145325779914856,0.31752532720565796,0.002060868311673403,0.0718359375,0.6901307702064514,0.7235876226664826,0.37194384218892323,1.0,0.0,0.3205492424242424,0.5480823863636364,0.2798828125,0.20111979166666666,0.0,0.010052083333333333,0.7272200584411621,0.36699140071868896,0.5334921479225159,0.97600257396698,0.0,0.30327269434928894,0.0,0.45346835255622864,1.0,0.7937501668930054,0.20624983310699463
16,1340,0.2335774004459381,0.30860403180122375,0.30885136127471924,0.0019834358245134354,0.07052083333333334,0.70534747838974,0.7168331825208212,0.3804213756076527,1.0,0.0,0.26964962121212116,0.5404474431818181,0.28182291666666665,0.2013671875,0.0,0.008932291666666667,0.7249995470046997,0.37009191513061523,0.5365880727767944,0.9827861785888672,0.0,0.3012998402118683,0.0,0.45609986782073975,1.0,0.8022865056991577,0.19771349430084229
16,1350,0.21038997173309326,0.2912802994251251,0.32133397459983826,0.0022495221346616745,0.07084635416666667,0.6599544286727905,0.7202706612491573,0.38051311470569726,1.0,0.0,0.38269412878787873,0.5574041193181818,0.22005208333333334,0.27748697916666665,0.0,0.011419270833333333,0.7253073453903198,0.36975669860839844,0.5362202525138855,0.9827861785888672,0.0,0.29884785413742065,0.0,0.4557872414588928,1.0,0.8109675645828247,0.1890324354171753
16,1360,0.2253974974155426,0.3010101914405823,0.3272463381290436,0.0026475456543266773,0.07463541666666666,0.6548037528991699,0.7435189524232527,0.35256595162178933,1.0,0.0,0.38683712121212116,0.5580255681818181,0.2148046875,0.26299479166666667,0.0,0.011510416666666667,0.723264217376709,0.37235355377197266,0.5397665500640869,0.9898449182510376,0.0,0.2989605963230133,0.0,0.4588015675544739,1.0,0.8193288445472717,0.18067115545272827
16,1370,0.2260744720697403,0.3012261986732483,0.32706761360168457,0.002774460706859827,0.0763671875,0.656427264213562,0.7517261739116343,0.3433550437897124,1.0,0.0,0.3838778409090909,0.5575816761363637,0.2126171875,0.26200520833333335,0.0,0.0114453125,0.722159743309021,0.37399184703826904,0.5417659282684326,0.9939197897911072,0.0,0.29870694875717163,0.0,0.4605010449886322,1.0,0.8273980617523193,0.17260193824768066
16,1380,0.2263588160276413,0.3016776740550995,0.3271898925304413,0.0027797368820756674,0.075859375,0.6516091227531433,0.7505656464987259,0.34454835145589613,1.0,0.0,0.3803267045454546,0.5570490056818181,0.21115885416666666,0.26153645833333333,0.0,0.0113671875,0.7220540642738342,0.3743026554584503,0.5414953231811523,0.9939197897911072,0.0,0.29690319299697876,0.0,0.46027103066444397,1.0,0.835235595703125,0.164764404296875
16,1390,0.2982114553451538,0.3594002425670624,0.35279151797294617,0.0025296390522271395,0.062486979166666665,0.6502286791801453,0.7176425970834132,0.3716828339038526,0.8723144531250002,0.0,0.22466856060606055,0.4698575106534092,0.24416666666666667,0.13497395833333334,0.0,0.007942708333333333,0.7212291359901428,0.37537795305252075,0.5408273935317993,0.9939197897911072,0.0,0.2924501895904541,0.0,0.4597032964229584,1.0,0.842970073223114,0.157029926776886
16,1400,0.2515779435634613,0.32966434955596924,0.3339402675628662,0.002044369699433446,0.06190104166666666,0.7005917429924011,0.6958521417692484,0.4025773908605083,1.0,0.0,0.21638257575757572,0.5324573863636364,0.25795572916666665,0.16584635416666665,0.0,0.007760416666666666,0.720943808555603,0.375824511051178,0.5403074026107788,0.9939197897911072,0.0,0.2889835834503174,0.0,0.45926129817962646,1.0,0.8504329919815063,0.14956700801849365
16,1410,0.24173375964164734,0.31961503624916077,0.3248337209224701,0.002082214457914233,0.06794270833333334,0.6790681481361389,0.7121746470676593,0.38568106588076784,1.0,0.0,0.24301609848484845,0.5364524147727273,0.2681119791666667,0.18705729166666665,0.0,0.008346354166666667,0.720435380935669,0.37652498483657837,0.5398169755935669,0.9939197897911072,0.0,0.2857142686843872,0.0,0.45884445309638977,1.0,0.8574696779251099,0.14253032207489014
16,1420,0.24168741703033447,0.31824567914009094,0.325559139251709,0.0022296905517578125,0.07044270833333334,0.6648492217063904,0.7231390350958892,0.3733232649818469,1.0,0.0,0.26491477272727265,0.5397372159090909,0.2674739583333333,0.1896484375,0.0,0.008828125,0.7193864583969116,0.37785089015960693,0.5390729904174805,0.9939197897911072,0.0,0.2807539701461792,0.0,0.4582120478153229,1.0,0.8641977906227112,0.13580220937728882
16,1430,0.24083414673805237,0.315662682056427,0.3221151530742645,0.0024265653919428587,0.07252604166666667,0.6670188903808594,0.7342249959947458,0.3608412824141874,1.0,0.0,0.2868134469696969,0.5430220170454545,0.26653645833333334,0.18833333333333332,0.0,0.009309895833333333,0.71934974193573,0.3779778778553009,0.5386883020401001,0.9939197897911072,0.0,0.2781892418861389,0.0,0.4578850567340851,1.0,0.8707869052886963,0.1292130947113037
16,1440,0.23712320625782013,0.31848758459091187,0.3283664882183075,0.0019438969902694225,0.06686197916666667,0.6980103850364685,0.7045268917404471,0.39511140319170257,1.0,0.0,0.2394649621212121,0.5359197443181818,0.2672265625,0.19026041666666665,0.0,0.008268229166666667,0.7186928391456604,0.3788018822669983,0.5381302833557129,0.9939197897911072,0.0,0.2744690179824829,0.0,0.4574107527732849,1.0,0.8736733794212341,0.12632662057876587
16,1450,0.24002176523208618,0.3181372880935669,0.3254493474960327,0.002245181007310748,0.07005208333333333,0.6680217385292053,0.7220150026091084,0.37496871668351117,1.0,0.0,0.26550662878787873,0.5398259943181818,0.2683984375,0.19338541666666667,0.0,0.008841145833333333,0.7183949947357178,0.3791801929473877,0.5379865169525146,0.9939197897911072,0.0,0.27351078391075134,0.0,0.45728856325149536,1.0,0.8762980103492737,0.12370198965072632
16,1460,0.23732875287532806,0.31504955887794495,0.32060062885284424,0.0022484175860881805,0.07143229166666666,0.6803824305534363,0.7258696995618718,0.370731752573922,1.0,0.0,0.26787405303030304,0.5401811079545454,0.26880208333333333,0.18954427083333333,0.0,0.008893229166666667,0.7179172039031982,0.3795747458934784,0.5370014905929565,0.9939197897911072,0.0,0.266944020986557,0.0,0.45645126700401306,1.0,0.8783748149871826,0.12162518501281738
16,1470,0.23509594798088074,0.3156423568725586,0.32402071356773376,0.0020602161530405283,0.06760416666666667,0.7025657296180725,0.7097246396164407,0.38923803062962736,1.0,0.0,0.24301609848484845,0.5364524147727273,0.26608072916666664,0.18614583333333334,0.0,0.008346354166666667,0.7162474989891052,0.38139569759368896,0.5359784364700317,0.9939197897911072,0.0,0.2601235508918762,0.0,0.4555816948413849,1.0,0.880468487739563,0.11953151226043701
16,1480,0.23582036793231964,0.31653332710266113,0.32546499371528625,0.0019699023105204105,0.0682421875,0.7002798318862915,0.7091204955613355,0.3899241937458599,1.0,0.0,0.25130208333333326,0.5376953125,0.2668229166666667,0.1870703125,0.0,0.008528645833333333,0.7145918607711792,0.3831661641597748,0.5352216958999634,0.9939197897911072,0.0,0.2550787031650543,0.0,0.45493844151496887,1.0,0.8822015523910522,0.11779844760894775
16,1490,0.23535819351673126,0.3161408007144928,0.3255370557308197,0.001964809373021126,0.06833333333333333,0.701241672039032,0.7091364332320345,0.38999867029042323,1.0,0.0,0.24301609848484845,0.5364524147727273,0.2665234375,0.18696614583333335,0.0,0.008346354166666667,0.7139325141906738,0.383848637342453,0.5346932411193848,0.9939197897911072,0.0,0.25155574083328247,0.0,0.45448926091194153,1.0,0.8836038708686829,0.11639612913131714
16,1500,0.2354518324136734,0.31621816754341125,0.3255792260169983,0.00197235937230289,0.06869791666666666,0.7005541324615479,0.7103746512396565,0.38859460918036326,1.0,0.0,0.24597537878787876,0.5368963068181818,0.26654947916666666,0.18657552083333334,0.0,0.008411458333333333,0.7147504091262817,0.38335898518562317,0.5383716821670532,1.0,0.0,0.2558114528656006,0.0,0.4576159417629242,1.0,0.8847434520721436,0.11525654792785645
16,1510,0.23513710498809814,0.3158533573150635,0.3251684606075287,0.0019690878689289093,0.06694010416666667,0.7018373608589172,0.7053518164308216,0.39423755259415194,1.0,0.0,0.24124053030303025,0.5361860795454545,0.266640625,0.18776041666666668,0.0,0.008307291666666666,0.715351939201355,0.3828294277191162,0.538731038570404,1.0,0.0,0.2582070827484131,0.0,0.4579213857650757,1.0,0.885612428188324,0.11438757181167603
16,1520,0.2354641705751419,0.3162437975406647,0.3252532184123993,0.001997516490519047,0.0684375,0.7010164260864258,0.7102459791898168,0.3887938364757326,1.0,0.0,0.24834280303030298,0.5372514204545454,0.2665625,0.1869140625,0.0,0.008463541666666666,0.7148971557617188,0.3834247589111328,0.538790225982666,1.0,0.0,0.2586016356945038,0.0,0.4579716920852661,1.0,0.8861396312713623,0.1138603687286377
16,1530,0.23556292057037354,0.3162465989589691,0.32546865940093994,0.0020024783443659544,0.06842447916666666,0.7009081244468689,0.7104428707944856,0.388482971768601,1.0,0.0,0.2365056818181818,0.5354758522727273,0.26665364583333334,0.18815104166666666,0.0,0.008203125,0.715110182762146,0.38322702050209045,0.5390650033950806,1.0,0.0,0.260433554649353,0.0,0.4582052528858185,1.0,0.8864732980728149,0.11352670192718506
16,1540,0.23550119996070862,0.3162546455860138,0.3254377245903015,0.0020015356130898,0.06821614583333334,0.7016675472259521,0.7097929118716714,0.38924822532793757,1.0,0.0,0.2424242424242424,0.5363636363636364,0.26622395833333334,0.18796875,0.0,0.008333333333333333,0.7150156497955322,0.3833405673503876,0.5390100479125977,1.0,0.0,0.2600671947002411,0.0,0.45815855264663696,1.0,0.8864506483078003,0.11354935169219971
16,1550,0.23537318408489227,0.3160858452320099,0.32541176676750183,0.002007724018767476,0.0684375,0.7017636895179749,0.710578433453799,0.38836544384620736,1.0,0.0,0.24952651515151514,0.5374289772727273,0.2661328125,0.18842447916666666,0.0,0.008489583333333333,0.7162908315658569,0.3818456530570984,0.5393144488334656,1.0,0.0,0.2620964050292969,0.0,0.45841729640960693,1.0,0.8864210844039917,0.1135789155960083
16,1560,0.23508554697036743,0.3158879578113556,0.32520541548728943,0.002071583643555641,0.067734375,0.7014996409416199,0.710236118131251,0.3887989794934308,1.0,0.0,0.2447916666666666,0.53671875,0.2659505208333333,0.1876171875,0.0,0.008385416666666666,0.7161420583724976,0.38201865553855896,0.5394328236579895,1.0,0.0,0.26288557052612305,0.0,0.4585179090499878,1.0,0.8862998485565186,0.11370015144348145
16,1570,0.2345781922340393,0.31548455357551575,0.3255135715007782,0.0020515755750238895,0.06729166666666667,0.6987447142601013,0.7084559936430216,0.39080588329221516,1.0,0.0,0.24360795454545453,0.5365411931818181,0.2664973958333333,0.1885546875,0.0,0.008359375,0.7165918350219727,0.38150885701179504,0.5396822690963745,1.0,0.0,0.2645483911037445,0.0,0.45872995257377625,1.0,0.8862016201019287,0.11379837989807129
16,1580,0.23657622933387756,0.3124568462371826,0.32327210903167725,0.0022189815063029528,0.06845052083333333,0.6732134222984314,0.7169572881524786,0.38053477629574595,1.0,0.0,0.2779356060606061,0.541690340909091,0.2709505208333333,0.192421875,0.0,0.009114583333333334,0.7175202369689941,0.38042303919792175,0.5401049852371216,1.0,0.0,0.2673667371273041,0.0,0.4590892493724823,1.0,0.8860199451446533,0.11398005485534668
16,1590,0.23272104561328888,0.3086591362953186,0.3179762661457062,0.0023816481698304415,0.0741796875,0.666837751865387,0.7367203204648066,0.35888038139197376,1.0,0.0,0.3063446969696969,0.5459517045454545,0.2762109375,0.19983072916666667,0.0,0.009739583333333333,0.7186965942382812,0.3791120648384094,0.5405784845352173,1.0,0.0,0.2705233097076416,0.0,0.4594917297363281,1.0,0.8858805894851685,0.11411941051483154
16,1600,0.22743473947048187,0.3033748269081116,0.3144335150718689,0.00234981463290751,0.07395833333333333,0.6680954098701477,0.7348192414149878,0.3614000613534035,1.0,0.0,0.3140388257575757,0.5471058238636364,0.27981770833333336,0.20579427083333332,0.0,0.009908854166666667,0.7198718786239624,0.37775325775146484,0.5411195755004883,1.0,0.0,0.27413082122802734,0.0,0.45995163917541504,1.0,0.8860407471656799,0.11395925283432007
16,1610,0.22631749510765076,0.306439608335495,0.3200939893722534,0.001957519678398967,0.06846354166666667,0.6972785592079163,0.7084832906212105,0.3914565607742654,1.0,0.0,0.2666903409090909,0.5400035511363637,0.2768359375,0.20424479166666668,0.0,0.0088671875,0.7208536863327026,0.3766307234764099,0.5416353940963745,1.0,0.0,0.2775692343711853,0.0,0.4603900909423828,1.0,0.8861952424049377,0.11380475759506226
16,1620,0.22420425713062286,0.30534330010414124,0.3156035244464874,0.0018761809915304184,0.06720052083333333,0.7104673981666565,0.7026233154870158,0.39818285979282386,1.0,0.0,0.25130208333333326,0.5376953125,0.27858072916666665,0.20143229166666668,0.0,0.008528645833333333,0.7220299243927002,0.37529629468917847,0.5422990918159485,1.0,0.0,0.2819940447807312,0.0,0.4609542489051819,1.0,0.8863922357559204,0.11360776424407959
16,1630,0.2313390076160431,0.306466668844223,0.3199555277824402,0.002317782724276185,0.0715625,0.673000693321228,0.7276138618319982,0.36917118186097725,1.0,0.0,0.30338541666666663,0.5455078125,0.2724739583333333,0.19188802083333334,0.0,0.009674479166666666,0.7228816747665405,0.3743073046207428,0.5427979230880737,1.0,0.0,0.2853197455406189,0.0,0.4613782465457916,1.0,0.8862978219985962,0.11370217800140381
16,1640,0.23760193586349487,0.31346559524536133,0.3216419219970703,0.0024119799491018057,0.07201822916666667,0.6676202416419983,0.7322386271522624,0.363226064716252,1.0,0.0,0.2791193181818181,0.5418678977272727,0.268515625,0.18778645833333332,0.0,0.009140625,0.7239070534706116,0.3731350898742676,0.543250322341919,1.0,0.0,0.288335382938385,0.0,0.46176278591156006,1.0,0.8860036730766296,0.11399632692337036
16,1650,0.24089442193508148,0.3155716359615326,0.3202621340751648,0.002398228272795677,0.07158854166666667,0.6711657643318176,0.7313047758930172,0.36371743852483474,1.0,0.0,0.2820785984848484,0.5423117897727272,0.27141927083333334,0.18846354166666668,0.0,0.009205729166666666,0.7247591018676758,0.37215378880500793,0.5436815023422241,1.0,0.0,0.2912100851535797,0.0,0.46212929487228394,1.0,0.8859251737594604,0.11407482624053955
16,1660,0.23627547919750214,0.3148336112499237,0.32273176312446594,0.0021144754718989134,0.07022135416666667,0.6918225288391113,0.7188923833155388,0.3786020790436281,1.0,0.0,0.2820785984848484,0.5423117897727272,0.2694140625,0.18846354166666668,0.0,0.009205729166666666,0.7246595025062561,0.3722922205924988,0.5437829494476318,1.0,0.0,0.29188650846481323,0.0,0.46221551299095154,1.0,0.8857758045196533,0.11422419548034668
16,1670,0.23584017157554626,0.31211167573928833,0.3193914294242859,0.0024176612496376038,0.0731640625,0.678027331829071,0.7353145632394433,0.3600263452528665,1.0,0.0,0.30279356060606055,0.5454190340909091,0.273203125,0.19240885416666667,0.0,0.009661458333333333,0.7256033420562744,0.371207058429718,0.5442014932632446,1.0,0.0,0.29467669129371643,0.0,0.46257129311561584,1.0,0.8856701850891113,0.11432981491088867
16,1680,0.23888620734214783,0.3146001696586609,0.3216434419155121,0.0025003261398524046,0.0700390625,0.6709021925926208,0.7292214375479996,0.36643569493622796,1.0,0.0,0.30220170454545453,0.5453302556818181,0.2674869791666667,0.18783854166666666,0.0,0.0096484375,0.7258310317993164,0.3709546625614166,0.544480562210083,1.0,0.0,0.29653680324554443,0.0,0.4628084897994995,1.0,0.885699987411499,0.11430001258850098
16,1690,0.22980275750160217,0.30685311555862427,0.3202315866947174,0.002407755935564637,0.0730078125,0.6776887774467468,0.7338240179085197,0.362393307155237,1.0,0.0,0.3175899621212121,0.5476384943181818,0.2715885416666667,0.19204427083333334,0.0,0.009986979166666667,0.7257578372955322,0.3711213171482086,0.5447679758071899,1.0,0.0,0.29845327138900757,0.0,0.46305277943611145,1.0,0.8857038021087646,0.11429619789123535
16,1700,0.23793156445026398,0.31377238035202026,0.3206218183040619,0.002495678374543786,0.071796875,0.673261821269989,0.7338169604226674,0.3614638801408112,1.0,0.0,0.31877367424242425,0.5478160511363637,0.2694270833333333,0.1909375,0.0,0.010013020833333334,0.7243385910987854,0.37278643250465393,0.5446411371231079,1.0,0.0,0.29760777950286865,0.0,0.46294498443603516,1.0,0.8857118487358093,0.11428815126419067
16,1710,0.2339327186346054,0.30974632501602173,0.31879523396492004,0.002398599637672305,0.07186197916666667,0.6722931861877441,0.7309933918516106,0.36502188832664695,1.0,0.0,0.3181818181818182,0.5477272727272727,0.27337239583333334,0.19682291666666665,0.0,0.01,0.7226563096046448,0.3747984766960144,0.5443198680877686,1.0,0.0,0.2954658269882202,0.0,0.4626719057559967,1.0,0.8857622146606445,0.11423778533935547
16,1720,0.2337937206029892,0.3102082312107086,0.31750383973121643,0.0024256031028926373,0.071328125,0.6767686605453491,0.7300528777357791,0.36621450404199535,1.0,0.0,0.33416193181818177,0.5501242897727273,0.272734375,0.19619791666666667,0.0,0.0103515625,0.7251132130622864,0.3720196783542633,0.5450934767723083,1.0,0.0,0.30062341690063477,0.0,0.4633294641971588,1.0,0.885871410369873,0.11412858963012695
16,1730,0.23838454484939575,0.31549006700515747,0.3206481635570526,0.0024513425305485725,0.07026041666666667,0.669856607913971,0.7281317690601629,0.3680249176375383,1.0,0.0,0.3181818181818182,0.5477272727272727,0.2666927083333333,0.18776041666666668,0.0,0.01,0.7256402969360352,0.3713575601577759,0.5454833507537842,0.99956214427948,0.0,0.3046818971633911,0.0,0.46366086602211,1.0,0.8860543966293335,0.1139456033706665
16,1740,0.2366146296262741,0.31302037835121155,0.31833532452583313,0.0024322164244949818,0.071875,0.6870186924934387,0.7319769362533883,0.36386577635347284,1.0,0.0,0.2998342803030303,0.5449751420454545,0.2684375,0.1887890625,0.0,0.009596354166666666,0.7251805067062378,0.3716253936290741,0.5423364639282227,0.994249165058136,0.0,0.30141258239746094,0.0,0.46098601818084717,1.0,0.8859901428222656,0.11400985717773438
16,1750,0.23792730271816254,0.3148966133594513,0.32007265090942383,0.0024713168386369944,0.0699609375,0.6834101676940918,0.7276864284855288,0.3686412386333833,1.0,0.0,0.30279356060606055,0.5454190340909091,0.2634375,0.18325520833333334,0.0,0.009661458333333333,0.7239688634872437,0.37298113107681274,0.5422772765159607,0.9942492246627808,0.0,0.30101799964904785,0.0,0.46093571186065674,1.0,0.8860194087028503,0.11398059129714966
16,1760,0.2322850078344345,0.31552404165267944,0.32306674122810364,0.0020424986723810434,0.06759114583333334,0.7159802317619324,0.7084862383542714,0.391272254881024,1.0,0.0,0.2637310606060606,0.5395596590909091,0.2644270833333333,0.18549479166666666,0.0,0.008802083333333334,0.7227861881256104,0.3743896782398224,0.5422772765159607,0.994249165058136,0.0,0.30101799964904785,0.0,0.46093571186065674,1.0,0.8860747218132019,0.1139252781867981
16,1770,0.24064593017101288,0.3185712695121765,0.32454150915145874,0.0024046434555202723,0.0714453125,0.6894139051437378,0.7300559503805418,0.3660111699249865,1.0,0.0,0.30338541666666663,0.5455078125,0.2610807291666667,0.18462239583333334,1.3020833333333334e-05,0.009674479166666666,0.7230477333068848,0.3741265833377838,0.5425055623054504,0.994249165058136,0.0,0.3025399148464203,0.0,0.461129754781723,1.0,0.8862142562866211,0.1137857437133789
16,1780,0.23556065559387207,0.3166591227054596,0.32102257013320923,0.0020793541334569454,0.06876302083333333,0.7058171629905701,0.7132388989096641,0.38550551715539333,1.0,0.0,0.2826704545454545,0.5424005681818181,0.26653645833333334,0.1896484375,0.0,0.00921875,0.72242271900177,0.3748529553413391,0.5425097942352295,0.9942492246627808,0.0,0.30256807804107666,0.0,0.46113333106040955,1.0,0.8863500952720642,0.11364990472793579
16,1790,0.2255317121744156,0.3071247935295105,0.31880563497543335,0.0020380958449095488,0.07032552083333334,0.7148693203926086,0.7154193957660744,0.3840346925540918,1.0,0.0,0.3181818181818182,0.5477272727272727,0.2785546875,0.20466145833333332,0.0,0.01,0.7219213247299194,0.3754795789718628,0.5425393581390381,0.9942492246627808,0.0,0.3027653694152832,0.0,0.4611584544181824,1.0,0.8863694071769714,0.11363059282302856
16,1800,0.22424867749214172,0.3057425618171692,0.31647059321403503,0.0019654675852507353,0.0680859375,0.726439893245697,0.7069151769862455,0.3938474596820054,1.0,0.0,0.28858901515151514,0.5432883522727273,0.2769270833333333,0.20158854166666668,0.0,0.009348958333333334,0.7211942672729492,0.37629345059394836,0.5425351858139038,0.994249165058136,0.0,0.30273717641830444,0.0,0.46115490794181824,1.0,0.8862482905387878,0.11375170946121216
16,1810,0.21235816180706024,0.2962151765823364,0.318141907453537,0.0018170303665101528,0.06743489583333333,0.7380472421646118,0.699491375543539,0.40365309949403594,1.0,0.0,0.2690577651515151,0.5403586647727272,0.2805078125,0.20641927083333333,0.0,0.008919270833333333,0.72046959400177,0.37717145681381226,0.5424083471298218,0.994249165058136,0.0,0.3018916845321655,0.0,0.46104711294174194,1.0,0.8861128687858582,0.11388713121414185
16,1820,0.2277064472436905,0.29548975825309753,0.30091071128845215,0.002666962333023548,0.08364583333333334,0.7000431418418884,0.7600783826305775,0.33310211806500023,1.0,0.0,0.375,0.55625,0.28165364583333335,0.22498697916666666,0.0,0.01125,0.7197476625442505,0.37804022431373596,0.5422983765602112,0.9942492246627808,0.0,0.3011589050292969,0.0,0.46095362305641174,1.0,0.8861499428749084,0.11385005712509155
16,1830,0.24927665293216705,0.33109354972839355,0.3593003749847412,0.002227249788120389,0.06723958333333334,0.683561384677887,0.7136912061079517,0.38427775329370295,0.9908040364583334,0.0,0.3365293560606061,0.5458814216382576,0.21981770833333333,0.19723958333333333,0.0,0.010403645833333334,0.7194323539733887,0.3785293698310852,0.5422688126564026,0.9942492246627808,0.0,0.30096161365509033,0.0,0.4609284996986389,1.0,0.8862143754959106,0.11378562450408936
16,1840,0.27491146326065063,0.3471830487251282,0.3443481922149658,0.0026401213835924864,0.06296875,0.6649067401885986,0.7179586869474885,0.37479650807006437,0.8884277343750001,0.0,0.2347301136363636,0.4794233842329546,0.249609375,0.1346875,0.00010416666666666667,0.0081640625,0.7176543474197388,0.38058924674987793,0.5417657494544983,0.994249165058136,0.0,0.29760777950286865,0.0,0.46050089597702026,1.0,0.8861064910888672,0.11389350891113281
16,1850,0.24639256298542023,0.32808759808540344,0.3354068398475647,0.002191463252529502,0.06498697916666667,0.6984730958938599,0.7067947480796429,0.3916965973405379,1.0,0.0,0.2708333333333333,0.540625,0.2555208333333333,0.16721354166666666,0.0,0.008958333333333334,0.7161599397659302,0.38231220841407776,0.5414233207702637,0.994249165058136,0.0,0.2953249216079712,0.0,0.46020984649658203,1.0,0.8859943747520447,0.11400562524795532
16,1860,0.2375594824552536,0.32067108154296875,0.3291608393192291,0.002130005042999983,0.06595052083333333,0.7078331112861633,0.7064686524070456,0.39329655187330675,1.0,0.0,0.2820785984848484,0.5423117897727272,0.25588541666666664,0.17651041666666667,0.0,0.009205729166666666,0.715139627456665,0.38347363471984863,0.5411189198493958,0.9942492246627808,0.0,0.293295681476593,0.0,0.45995110273361206,1.0,0.8859751224517822,0.11402487754821777
16,1870,0.23454035818576813,0.3140188157558441,0.32193952798843384,0.0025202585384249687,0.06861979166666667,0.7024357914924622,0.7243849485332591,0.3730769314817278,1.0,0.0,0.3140388257575757,0.5471058238636364,0.26067708333333334,0.17770833333333333,0.0,0.009908854166666667,0.7154119610786438,0.3831387758255005,0.5410470366477966,0.9942492246627808,0.0,0.2928165793418884,0.0,0.4598900079727173,1.0,0.8859134912490845,0.11408650875091553
16,1880,0.23726710677146912,0.317220538854599,0.32275390625,0.0023940003011375666,0.06891927083333334,0.6897523999214172,0.7221892725284355,0.37527996723652923,1.0,0.0,0.30338541666666663,0.5455078125,0.25979166666666664,0.180703125,0.0,0.009674479166666666,0.7155189514160156,0.3830152153968811,0.5404425263404846,0.994249165058136,0.0,0.2887863218784332,0.0,0.45937615633010864,1.0,0.885781466960907,0.11421853303909302
16,1890,0.23460668325424194,0.3153792917728424,0.32272523641586304,0.0023752024862915277,0.0680078125,0.6883434057235718,0.7186921524490765,0.3795950585271761,1.0,0.0,0.3063446969696969,0.5459517045454545,0.2616145833333333,0.18263020833333332,0.0,0.009739583333333333,0.7160517573356628,0.3824361562728882,0.5393222570419312,0.994249165058136,0.0,0.28131765127182007,0.0,0.4584239423274994,1.0,0.8857098817825317,0.11429011821746826
16,1900,0.23798060417175293,0.3188687562942505,0.3256770074367523,0.002371155424043536,0.067890625,0.6883797645568848,0.7185563625272364,0.3794844034388436,1.0,0.0,0.316998106060606,0.5475497159090909,0.2585677083333333,0.17842447916666668,0.0,0.009973958333333333,0.7165517210960388,0.38183513283729553,0.5379863381385803,0.994249165058136,0.0,0.27241164445877075,0.0,0.4572884142398834,1.0,0.8855372667312622,0.11446273326873779
16,1910,0.23394297063350677,0.3138965368270874,0.3245318830013275,0.0022282784339040518,0.06944010416666667,0.7076281905174255,0.7185994462827708,0.37990177408620646,1.0,0.0,0.3010179924242424,0.5451526988636364,0.26489583333333333,0.1862109375,0.0,0.009622395833333333,0.7181239128112793,0.3799872398376465,0.5369294285774231,0.9942492246627808,0.0,0.26536571979522705,0.0,0.45639002323150635,1.0,0.8853398561477661,0.11466014385223389
16,1920,0.22983276844024658,0.3082013428211212,0.31954026222229004,0.002184455282986164,0.06897135416666667,0.7273948788642883,0.7158326575362871,0.38326609095284003,1.0,0.0,0.30279356060606055,0.5454190340909091,0.271015625,0.18856770833333333,0.0,0.009661458333333333,0.7210702896118164,0.37653619050979614,0.5358260273933411,0.994249165058136,0.0,0.25800979137420654,0.0,0.4554521441459656,1.0,0.8851948380470276,0.11480516195297241
16,1930,0.21626512706279755,0.2967599034309387,0.31118980050086975,0.002125752856954932,0.07294270833333333,0.7202693819999695,0.7234302237471544,0.37648642139260813,1.0,0.0,0.33001893939393934,0.5495028409090909,0.27171875,0.18259114583333333,0.0,0.010260416666666666,0.7208126783370972,0.37681806087493896,0.5341392755508423,0.994249165058136,0.0,0.24676452577114105,0.0,0.45401838421821594,1.0,0.884903073310852,0.11509692668914795
16,1940,0.23622716963291168,0.3231876790523529,0.3292364478111267,0.0017662119353190064,0.0639453125,0.7425264716148376,0.6907930517082147,0.41128250334002403,1.0,0.0,0.247750946969697,0.5371626420454545,0.25533854166666664,0.17231770833333335,0.0,0.008450520833333334,0.722553014755249,0.374877005815506,0.5329081416130066,0.9946870803833008,0.0,0.23709753155708313,0.0,0.4529719352722168,1.0,0.8846597671508789,0.1153402328491211
16,1950,0.23756474256515503,0.3220771253108978,0.32948723435401917,0.0018384094582870603,0.06666666666666667,0.7434513568878174,0.7005959772254106,0.40004823968897596,1.0,0.0,0.25189393939393934,0.5377840909090909,0.2558463541666667,0.170625,0.0,0.008541666666666666,0.7235022783279419,0.37409740686416626,0.5349854826927185,1.0,0.0,0.2332363873720169,0.0,0.45473766326904297,1.0,0.8842684030532837,0.11573159694671631
16,1960,0.24029693007469177,0.32159721851348877,0.32882270216941833,0.0019553136080503464,0.06731770833333334,0.7358261346817017,0.7062601410282113,0.3930312308755758,1.0,0.0,0.2601799242424242,0.5390269886363637,0.25872395833333334,0.1737890625,0.0,0.008723958333333334,0.7263238430023193,0.37092727422714233,0.5345331430435181,1.0,0.0,0.2302207350730896,0.0,0.4543531835079193,1.0,0.8839566707611084,0.1160433292388916
16,1970,0.2405533343553543,0.32055190205574036,0.3290940523147583,0.0020901148673146963,0.06893229166666667,0.7367749214172363,0.7142046848586934,0.3842399460011936,1.0,0.0,0.25366950757575757,0.5380504261363637,0.26123697916666666,0.17686197916666666,0.0,0.008580729166666667,0.7280881404876709,0.36892127990722656,0.5341949462890625,1.0,0.0,0.2279660403728485,0.0,0.4540657103061676,1.0,0.8836536407470703,0.11634635925292969
16,1980,0.24405774474143982,0.32221922278404236,0.32850557565689087,0.002810206962749362,0.0683984375,0.7530982494354248,0.7323019398868236,0.36341639412870663,1.0,0.0,0.21874999999999997,0.5328125,0.2641145833333333,0.178203125,0.0,0.0078125,0.7284306287765503,0.3685843348503113,0.5337764024734497,1.0,0.0,0.2251758724451065,0.0,0.4537099599838257,1.0,0.8831342458724976,0.11686575412750244
16,1990,0.23637811839580536,0.3204936385154724,0.328618586063385,0.0028370872605592012,0.06578125,0.8266460299491882,0.7244278662047048,0.37334506996940103,1.0,0.0,0.12582859848484845,0.5188742897727273,0.26686197916666665,0.188671875,0.0,0.005768229166666666,0.7286032438278198,0.36845025420188904,0.5333197712898254,1.0,0.0,0.22213202714920044,0.0,0.45332181453704834,1.0,0.8826953768730164,0.11730462312698364
16,2000,0.23972158133983612,0.32394951581954956,0.33030974864959717,0.002767596859484911,0.06686197916666667,0.818885087966919,0.7259186912464994,0.3714135328565419,1.0,0.0,0.131155303030303,0.5196732954545454,0.2641145833333333,0.18380208333333334,0.0,0.005885416666666666,0.7291752099990845,0.3678361177444458,0.5328547954559326,1.0,0.0,0.21903184056282043,0.0,0.4529265761375427,1.0,0.8821523189544678,0.11784768104553223
16,2010,0.24343541264533997,0.3239123821258545,0.3303769826889038,0.003310665488243103,0.066484375,0.8106552362442017,0.7399314333618694,0.35504185894193163,1.0,0.0,0.140625,0.52109375,0.26752604166666666,0.18998697916666665,5.208333333333334e-05,0.00609375,0.7292623519897461,0.36779510974884033,0.5322756171226501,1.0,0.0,0.21517068147659302,0.0,0.4524343013763428,1.0,0.881621241569519,0.11837875843048096
16,2020,0.2377510368824005,0.3183967173099518,0.3237351179122925,0.004065980203449726,0.06709635416666666,0.8084069490432739,0.7613655124289097,0.33118130568490256,1.0,0.0,0.11458333333333331,0.5171875,0.2751953125,0.1966796875,0.0,0.005520833333333333,0.7297353744506836,0.367362380027771,0.5321191549301147,1.0,0.0,0.21412788331508636,0.0,0.4523012936115265,1.0,0.8809757232666016,0.11902427673339844
16,2030,0.2366790771484375,0.31806087493896484,0.32748883962631226,0.0038193510845303535,0.06716145833333333,0.7949501276016235,0.7546685054235056,0.3390209989602743,1.0,0.0,0.13884943181818182,0.5208274147727273,0.27315104166666665,0.19614583333333332,2.604166666666667e-05,0.0060546875,0.7296695709228516,0.3674924969673157,0.53114914894104,0.998694121837616,0.0,0.2120141088962555,0.0,0.4514767825603485,1.0,0.8800675272941589,0.11993247270584106
16,2040,0.2404966503381729,0.32187342643737793,0.33235225081443787,0.003767861984670162,0.06587239583333333,0.7911725044250488,0.7502382123440796,0.3435154680773377,1.0,0.0,0.13352272727272727,0.5200284090909091,0.2686458333333333,0.19221354166666665,2.604166666666667e-05,0.0059375,0.7295817136764526,0.36755281686782837,0.5288486480712891,0.9948033690452576,0.0,0.20964670181274414,0.0,0.44952136278152466,1.0,0.8794173002243042,0.1205826997756958
16,2050,0.23414504528045654,0.3167198598384857,0.33422186970710754,0.003287689294666052,0.06641927083333334,0.7937839031219482,0.7378933909940631,0.3584253120502584,1.0,0.0,0.15364583333333331,0.523046875,0.2662630208333333,0.1896484375,0.0,0.006380208333333333,0.7298751473426819,0.36738139390945435,0.5287725329399109,0.9948033094406128,0.0,0.2091393917798996,0.0,0.44945666193962097,1.0,0.8787997961044312,0.12120020389556885
16,2060,0.2480003386735916,0.3276030421257019,0.3464431166648865,0.0039694239385426044,0.06934895833333334,0.7354068756103516,0.766048115511608,0.3251236920055543,1.0,0.0,0.20750473484848483,0.5311257102272727,0.26141927083333333,0.18341145833333333,5.208333333333334e-05,0.007565104166666667,0.7302557229995728,0.3671170771121979,0.5289543867111206,0.9948033690452576,0.0,0.21035128831863403,0.0,0.44961124658584595,1.0,0.8781678080558777,0.12183219194412231
16,2070,0.24319137632846832,0.32471275329589844,0.34603074193000793,0.003442065790295601,0.06658854166666667,0.7230871319770813,0.7435174042745036,0.3511709685181923,1.0,0.0,0.2347301136363636,0.5352095170454545,0.2592317708333333,0.18430989583333332,5.208333333333334e-05,0.0081640625,0.7299891710281372,0.3676382303237915,0.5288996696472168,0.994634747505188,0.0,0.21054857969284058,0.0,0.44956472516059875,1.0,0.877419114112854,0.122580885887146
16,2080,0.2322813719511032,0.31548455357551575,0.33581408858299255,0.0029283901676535606,0.06774739583333333,0.7160196304321289,0.7315778102946141,0.3660004805437079,1.0,0.0,0.2554450757575757,0.5383167613636364,0.263125,0.18524739583333333,0.0,0.008619791666666666,0.7289102077484131,0.3691025376319885,0.5285273790359497,0.9940592646598816,0.0,0.2099848985671997,0.0,0.4492482841014862,1.0,0.8766033053398132,0.12339669466018677
16,2090,0.2336282879114151,0.31662020087242126,0.33430880308151245,0.002747158519923687,0.06739583333333334,0.7190740704536438,0.7258135546855697,0.3724643372599876,1.0,0.0,0.2394649621212121,0.5359197443181818,0.2593229166666667,0.1834765625,0.0,0.008268229166666667,0.726931095123291,0.3715934753417969,0.52833491563797,0.9934799671173096,0.0,0.21063311398029327,0.0,0.44908469915390015,1.0,0.875786304473877,0.12421369552612305
16,2100,0.2350778728723526,0.3168216645717621,0.3344489336013794,0.002917578676715493,0.067421875,0.7221837639808655,0.7307031438736782,0.36669802117841543,1.0,0.0,0.24124053030303025,0.5361860795454545,0.2595442708333333,0.18182291666666667,0.0,0.008307291666666666,0.7251408696174622,0.3738482892513275,0.5291719436645508,0.9934799075126648,0.0,0.21621347963809967,0.0,0.4497961699962616,1.0,0.8748956918716431,0.12510430812835693
16,2110,0.23509854078292847,0.31952372193336487,0.34595444798469543,0.0027424474246799946,0.06553385416666667,0.7136286497116089,0.7203876802806578,0.37862359321253924,1.0,0.0,0.23591382575757575,0.5353870738636364,0.2501041666666667,0.17286458333333332,0.0,0.008190104166666667,0.7231998443603516,0.37630581855773926,0.5298304557800293,0.993291974067688,0.0,0.221230149269104,0.0,0.4503558874130249,1.0,0.8739858865737915,0.1260141134262085
16,2120,0.22719235718250275,0.3144170045852661,0.34301549196243286,0.002856649225577712,0.06790364583333333,0.6944876909255981,0.728531926175339,0.3708145740456034,1.0,0.0,0.2791193181818181,0.5418678977272727,0.2511067708333333,0.17768229166666666,0.0,0.009140625,0.7199303507804871,0.3803328275680542,0.5292936563491821,0.991499662399292,0.0,0.2236257642507553,0.0,0.4498996138572693,1.0,0.8730695247650146,0.12693047523498535
16,2130,0.2333802729845047,0.3207838237285614,0.34925007820129395,0.0026645970065146685,0.06444010416666666,0.6922487616539001,0.7144520220100454,0.3859987509088451,0.972574869791667,0.0,0.258404356060606,0.5250480883049243,0.24299479166666665,0.16822916666666668,0.0,0.008684895833333333,0.715512752532959,0.385648638010025,0.5275126695632935,0.9867369532585144,0.0,0.22762784361839294,0.0,0.4483857750892639,1.0,0.8720662593841553,0.12793374061584473
16,2140,0.23818959295749664,0.32624325156211853,0.3580706715583801,0.0027196507435292006,0.0663671875,0.6840250492095947,0.7215846223691283,0.3777527753041181,0.9182942708333334,0.0,0.2803030303030303,0.5011925899621212,0.23600260416666666,0.1578515625,1.3020833333333334e-05,0.009166666666666667,0.7118036150932312,0.39014503359794617,0.5261326432228088,0.9831737279891968,0.0,0.2303052842617035,0.0,0.44721275568008423,1.0,0.870975136756897,0.12902486324310303
16,2150,0.21859845519065857,0.31162410974502563,0.3479006886482239,0.002138586714863777,0.063984375,0.7178991436958313,0.6969551357065287,0.4076826853009532,1.0,0.0,0.23709753787878787,0.5355646306818181,0.2551953125,0.185546875,0.0,0.008216145833333334,0.7078708410263062,0.3949108123779297,0.5248042345046997,0.9795445203781128,0.0,0.2335464060306549,0.0,0.44608360528945923,1.0,0.8701361417770386,0.12986385822296143
16,2160,0.22183936834335327,0.31248196959495544,0.34670501947402954,0.002403447637334466,0.0655859375,0.6802209615707397,0.7085874024429217,0.3944974808947955,1.0,0.0,0.27734375,0.5416015625,0.24569010416666667,0.17471354166666667,0.0,0.0091015625,0.7042245864868164,0.399353563785553,0.5233280658721924,0.9760258197784424,0.0,0.23543471097946167,0.0,0.4448288679122925,1.0,0.8693646192550659,0.13063538074493408
16,2170,0.2162058800458908,0.3068493604660034,0.3421667516231537,0.002210102742537856,0.06481770833333333,0.6995845437049866,0.7006628875134714,0.4039755424283591,0.9964599609375001,0.0,0.2643229166666667,0.53787841796875,0.2474609375,0.17140625,0.0,0.008815104166666667,0.6988662481307983,0.40580156445503235,0.5203976631164551,0.9702070951461792,0.0,0.23529377579689026,0.0,0.4423380196094513,1.0,0.8683689832687378,0.1316310167312622
16,2180,0.21442484855651855,0.30982309579849243,0.34063610434532166,0.002130943350493908,0.06263020833333334,0.6954944133758545,0.6915460767776352,0.41499036748025137,0.9879150390625002,0.0,0.24183238636363633,0.5302323774857955,0.2463671875,0.169765625,7.8125e-05,0.0083203125,0.6945977210998535,0.41101598739624023,0.5173524618148804,0.9643535614013672,0.0,0.23450464010238647,0.0,0.4397495985031128,1.0,0.867378294467926,0.13262170553207397
16,2190,0.2163364142179489,0.3120318353176117,0.34291964769363403,0.0019797016866505146,0.06369791666666667,0.7009323835372925,0.6907402432594687,0.415725859628906,0.987833658854167,0.0,0.23236268939393936,0.5287712328361744,0.24600260416666667,0.17010416666666667,5.208333333333334e-05,0.008111979166666667,0.6908777356147766,0.4156310558319092,0.5141340494155884,0.9586608409881592,0.0,0.23202449083328247,0.0,0.4370139539241791,1.0,0.8663885593414307,0.13361144065856934
16,2200,0.21147887408733368,0.30759817361831665,0.3391488492488861,0.001969082746654749,0.06264322916666666,0.6961825489997864,0.6868337169313041,0.4206967098294232,1.0,0.0,0.24301609848484845,0.5364524147727273,0.24924479166666666,0.17342447916666667,2.604166666666667e-05,0.008346354166666667,0.6872662305831909,0.42002609372138977,0.5102004408836365,0.9515206813812256,0.0,0.2296006977558136,0.0,0.43367040157318115,1.0,0.8655369281768799,0.13446307182312012
16,2210,0.2093263566493988,0.30605146288871765,0.3366328775882721,0.0020091559272259474,0.061848958333333336,0.6895864009857178,0.685158116535643,0.4230213073312915,0.9960530598958335,0.0,0.2365056818181818,0.5335023822206441,0.24725260416666667,0.171484375,0.0,0.008203125,0.683250367641449,0.42490991950035095,0.5070099830627441,0.9454694390296936,0.0,0.22850152850151062,0.0,0.43095850944519043,1.0,0.8647925853729248,0.1352074146270752
16,2220,0.20501133799552917,0.3047986924648285,0.3341558873653412,0.001927592558786273,0.05807291666666667,0.6938974261283875,0.6712717808272449,0.4396092240259553,0.9623616536458336,0.0,0.1909327651515151,0.5098207415956441,0.242265625,0.16569010416666666,0.0,0.007200520833333333,0.679924726486206,0.42902714014053345,0.5035877227783203,0.938726544380188,0.0,0.22816333174705505,0.0,0.42902714014053345,1.0,0.8640061616897583,0.1359938383102417
16,2230,0.20471727848052979,0.3055199682712555,0.3385990858078003,0.0018832883797585964,0.0576171875,0.7112333178520203,0.6685954184464105,0.44281359367006573,0.8999837239583334,0.0,0.19862689393939392,0.47978589607007577,0.23446614583333333,0.15352864583333334,2.604166666666667e-05,0.007369791666666667,0.6759095191955566,0.4338775873184204,0.49979960918426514,0.932012677192688,0.0,0.22528859972953796,0.0,0.4338775873184204,1.0,0.8629931211471558,0.13700687885284424
16,2240,0.20802871882915497,0.3093187212944031,0.34010013937950134,0.00196934980340302,0.0596484375,0.6960742473602295,0.6767767793043504,0.43344497811180077,0.9251708984375,0.0,0.19507575757575757,0.4918468128551136,0.23584635416666666,0.16020833333333334,9.114583333333334e-05,0.007291666666666667,0.672691822052002,0.43789002299308777,0.4975474774837494,0.92815101146698,0.0,0.22314664721488953,0.0,0.43789002299308777,1.0,0.8621799945831299,0.13782000541687012
16,2250,0.20918633043766022,0.3114944398403168,0.34273433685302734,0.0018865829333662987,0.05713541666666667,0.6926864385604858,0.6676491534603383,0.4435965634240523,0.9237874348958336,0.0,0.20158617424242423,0.4921316435842804,0.2346875,0.16092447916666666,0.0001953125,0.007434895833333333,0.6689737439155579,0.4426274001598358,0.49741464853286743,0.9283757209777832,0.0,0.22151198983192444,0.0,0.4426274001598358,1.0,0.8614851236343384,0.13851487636566162
16,2260,0.20246639847755432,0.305763840675354,0.3401276171207428,0.0015875286189839244,0.05811197916666667,0.6922224760055542,0.6613231275043217,0.45172315420546194,0.9261067708333336,0.0,0.19330018939393936,0.4920484138257577,0.23708333333333334,0.15927083333333333,9.114583333333334e-05,0.007252604166666667,0.6692273020744324,0.4422563314437866,0.48956096172332764,0.9127274751663208,0.0,0.2213147133588791,0.0,0.4422563314437866,1.0,0.8610041737556458,0.13899582624435425
16,2270,0.20488159358501434,0.3102612793445587,0.35192710161209106,0.0015710970619693398,0.0555078125,0.6941176056861877,0.653523172946728,0.4605320757112746,0.8778076171875001,0.0,0.2045454545454545,0.46958562677556825,0.2294921875,0.15140625,6.510416666666667e-05,0.0075,0.6667593717575073,0.44515112042427063,0.4841144382953644,0.9026208519935608,0.0,0.21869364380836487,0.0,0.44515112042427063,1.0,0.8604127168655396,0.13958728313446045
16,2280,0.20220594108104706,0.307894229888916,0.3501126766204834,0.001494424301199615,0.05657552083333333,0.6927942633628845,0.653878124785416,0.46067381319304906,0.8770751953125001,0.0,0.2181581439393939,0.47126131924715914,0.22891927083333333,0.15174479166666666,0.0,0.007799479166666666,0.6647469997406006,0.44759291410446167,0.4801843464374542,0.8949381709098816,0.0,0.21810178458690643,0.0,0.44759291410446167,1.0,0.8599939346313477,0.14000606536865234
16,2290,0.18816764652729034,0.29347482323646545,0.33937400579452515,0.001466446672566235,0.05740885416666667,0.7092193365097046,0.6534582012605326,0.462916680167227,0.8804524739583335,0.0,0.2033617424242424,0.4707304983428031,0.22916666666666666,0.152578125,0.0,0.007473958333333333,0.6630143523216248,0.4496869444847107,0.47668516635894775,0.8877960443496704,0.0,0.21858090162277222,0.0,0.4496869444847107,1.0,0.8594350814819336,0.1405649185180664
16,2300,0.20402170717716217,0.30990368127822876,0.35334762930870056,0.0015479918802157044,0.05455729166666667,0.6935492157936096,0.6499715871213803,0.4647601398047641,0.8500569661458334,0.0,0.1885653409090909,0.4533132842092803,0.22622395833333334,0.14579427083333332,2.604166666666667e-05,0.0071484375,0.6616300344467163,0.4514300227165222,0.4737457036972046,0.8816635608673096,0.0,0.21942642331123352,0.0,0.4514300227165222,1.0,0.8589723110198975,0.14102768898010254
16,2310,0.2014574110507965,0.3078559339046478,0.3530808389186859,0.0014755261363461614,0.054140625,0.6897454261779785,0.6463700658610071,0.4692584569906971,0.8729248046875,0.0,0.2181581439393939,0.4691861239346591,0.22876302083333333,0.15057291666666667,0.0,0.007799479166666666,0.6610106825828552,0.4523107409477234,0.4704354405403137,0.87480628490448,0.0,0.2202155590057373,0.0,0.4523107409477234,1.0,0.8585317730903625,0.14146822690963745
16,2320,0.1986122876405716,0.30559587478637695,0.3511738181114197,0.0014624601462855935,0.055963541666666665,0.6895197629928589,0.650548928636795,0.46508516237611675,0.8583984375,0.0,0.228811553030303,0.46352095170454544,0.22776041666666666,0.14692708333333335,0.0,0.008033854166666667,0.6609273552894592,0.45224300026893616,0.46481695771217346,0.8636707663536072,0.0,0.21987733244895935,0.0,0.45224300026893616,1.0,0.8582837581634521,0.14171624183654785
16,2330,0.19405019283294678,0.30131685733795166,0.34688740968704224,0.0014602899318560958,0.05391927083333333,0.6920706033706665,0.6442133262348614,0.4726740304416398,0.8590087890625002,0.0,0.21874999999999997,0.46231689453125013,0.22731770833333334,0.14756510416666666,0.0,0.0078125,0.6592430472373962,0.45411479473114014,0.46151745319366455,0.8568096160888672,0.0,0.22075104713439941,0.0,0.45411479473114014,1.0,0.8577215671539307,0.14227843284606934
16,2340,0.18800276517868042,0.2937030792236328,0.3383113741874695,0.0014728609239682555,0.054986979166666665,0.6954157948493958,0.6468801573852855,0.47025985235452217,0.8914794921875001,0.0,0.21342329545454541,0.47775324041193185,0.2348046875,0.15046875,0.0,0.0076953125,0.6585941314697266,0.4548758268356323,0.46400466561317444,0.8610568046569824,0.0,0.2231748402118683,0.0,0.4548758268356323,1.0,0.8573029637336731,0.1426970362663269
16,2350,0.17270362377166748,0.28239843249320984,0.33155006170272827,0.00143287586979568,0.05545572916666667,0.6956578493118286,0.6435052041456022,0.47723712202519947,0.923014322916667,0.0,0.24597537878787876,0.49840346827651527,0.22731770833333334,0.168046875,0.0,0.008411458333333333,0.6577655076980591,0.45585012435913086,0.4661879539489746,0.8646201491355896,0.0,0.22585228085517883,0.0,0.45585012435913086,1.0,0.8570774793624878,0.1429225206375122
16,2360,0.2375442534685135,0.3284342586994171,0.3627837002277374,0.0026588658802211285,0.060247395833333335,0.622291624546051,0.7022796970509086,0.3998900936168772,0.67138671875,0.0,0.23295454545454544,0.3706365411931818,0.20877604166666666,0.10606770833333333,0.0,0.008125,0.6594330072402954,0.4538017511367798,0.4687212109565735,0.8682492971420288,0.0,0.23064349591732025,0.0,0.4538017511367798,1.0,0.8569661378860474,0.14303386211395264
16,2370,0.21690109372138977,0.3185512125492096,0.35893261432647705,0.0018538824515417218,0.053346354166666665,0.6527801752090454,0.6567608058319616,0.4552886415128254,0.7877604166666667,0.0,0.22230113636363635,0.4272253787878788,0.221953125,0.13013020833333333,0.0,0.007890625,0.6616301536560059,0.4510834813117981,0.471203476190567,0.871768057346344,0.0,0.23546288907527924,0.0,0.4510834813117981,1.0,0.8568465709686279,0.14315342903137207
16,2380,0.20395103096961975,0.305955171585083,0.3495447039604187,0.0018446745816618204,0.05475260416666667,0.6586543321609497,0.6584027878564469,0.45525286284280986,0.8351236979166667,0.0,0.25189393939393934,0.4553459398674243,0.22674479166666667,0.14049479166666667,0.0,0.008541666666666666,0.6645739078521729,0.4475286602973938,0.4748399555683136,0.8775867223739624,0.0,0.24031047523021698,0.0,0.4475286602973938,1.0,0.8569421172142029,0.14305788278579712
16,2390,0.20285142958164215,0.30448630452156067,0.34892815351486206,0.0018260842189192772,0.053802083333333334,0.6616202592849731,0.6551611334049742,0.4589656758485628,0.837931315104167,0.0,0.25189393939393934,0.4567497484611744,0.22774739583333334,0.140390625,0.0,0.008541666666666666,0.6663146018981934,0.44531863927841187,0.47798657417297363,0.8834403157234192,0.0,0.2417760193347931,0.0,0.44531863927841187,1.0,0.857139527797699,0.14286047220230103
16,2400,0.1974131464958191,0.29757124185562134,0.3438526391983032,0.001934134983457625,0.055377604166666664,0.6592601537704468,0.6616699989307894,0.4523297652010261,0.8590494791666669,0.0,0.2501183712121212,0.4670424952651516,0.22837239583333332,0.1465234375,0.0,0.008502604166666667,0.6682268381118774,0.442834734916687,0.4811922609806061,0.8891330361366272,0.0,0.2441716194152832,0.0,0.442834734916687,1.0,0.8574740290641785,0.14252597093582153
16,2410,0.19444505870342255,0.29439428448677063,0.3408488929271698,0.001958550652489066,0.0596875,0.6624147295951843,0.6738261218418475,0.4391922226544661,0.8559977213541669,0.0,0.2595880681818182,0.46693707090435616,0.2266015625,0.14731770833333332,0.0,0.0087109375,0.6702587008476257,0.4403237998485565,0.4852612018585205,0.8962731957435608,0.0,0.2474973052740097,0.0,0.4403237998485565,1.0,0.8578335046768188,0.14216649532318115
16,2420,0.24487318098545074,0.3364638090133667,0.3569757640361786,0.0023057942744344473,0.05705729166666667,0.6249365210533142,0.6834086734862337,0.4215986491925083,0.76220703125,0.0,0.2294034090909091,0.4155140269886364,0.2023828125,0.1415234375,0.0,0.008046875,0.672913670539856,0.4371057152748108,0.48831215500831604,0.902324378490448,0.0,0.2476664036512375,0.0,0.4371057152748108,1.0,0.8584785461425781,0.14152145385742188
16,2430,0.22413083910942078,0.3303473889827728,0.3641626536846161,0.0014895134372636676,0.04942708333333334,0.6795668601989746,0.6359016516835176,0.478916817239981,0.8182779947916667,0.0,0.209280303030303,0.4405310428503788,0.21028645833333334,0.1515625,0.0,0.007604166666666667,0.6747518181800842,0.434908390045166,0.48751649260520935,0.9006231427192688,0.0,0.24803279340267181,0.0,0.434908390045166,1.0,0.85938560962677,0.14061439037322998
16,2440,0.2049776315689087,0.30561667680740356,0.32836613059043884,0.0015960002783685923,0.0557421875,0.6760591864585876,0.654968384676837,0.4587956010738156,0.9891764322916667,0.0,0.24952651515151514,0.5320171934185607,0.23287760416666667,0.18365885416666666,0.0,0.008489583333333333,0.6767073273658752,0.43252718448638916,0.4877464473247528,0.9009816646575928,0.0,0.24837099015712738,0.0,0.43252718448638916,1.0,0.8604733347892761,0.13952666521072388
16,2450,0.20400357246398926,0.3050861060619354,0.32726094126701355,0.0015549823874607682,0.05772135416666667,0.6720768809318542,0.659374715574307,0.4539043196052455,1.0,0.0,0.25130208333333326,0.5376953125,0.2376171875,0.19138020833333333,0.0,0.008528645833333333,0.6792505979537964,0.42958104610443115,0.4907657206058502,0.9061492681503296,0.0,0.25127390027046204,0.0,0.42958104610443115,1.0,0.8615647554397583,0.1384352445602417
16,2460,0.22666427493095398,0.31723684072494507,0.34258922934532166,0.002221414353698492,0.0649609375,0.6711581349372864,0.7026672578517295,0.4005814641617877,1.0,0.0,0.30220170454545453,0.5453302556818181,0.2506380208333333,0.2003125,6.510416666666667e-05,0.0096484375,0.6816449165344238,0.4266287088394165,0.49226051568984985,0.90981525182724,0.0,0.24901920557022095,0.0,0.4266287088394165,1.0,0.8628230094909668,0.1371769905090332
16,2470,0.22959673404693604,0.3162195086479187,0.33844149112701416,0.00244667730294168,0.06432291666666666,0.6488174200057983,0.7074627342247434,0.3946395059557597,1.0,0.0,0.29450757575757575,0.5441761363636364,0.255703125,0.20552083333333335,1.3020833333333334e-05,0.009479166666666667,0.6812291145324707,0.427212119102478,0.49953117966651917,0.9250836968421936,0.0,0.24659542739391327,0.0,0.427212119102478,1.0,0.8645820021629333,0.13541799783706665
16,2480,0.23104915022850037,0.31774401664733887,0.34107378125190735,0.002509462647140026,0.06657552083333333,0.648118257522583,0.7153417970605422,0.3858810344446052,1.0,0.0,0.3063446969696969,0.5459517045454545,0.254375,0.2008203125,3.90625e-05,0.009739583333333333,0.6838611364364624,0.4238526225090027,0.5042082071304321,0.9351903200149536,0.0,0.2440870851278305,0.0,0.4285769760608673,1.0,0.8665434122085571,0.13345658779144287
16,2490,0.22709684073925018,0.31740403175354004,0.34237298369407654,0.002107162494212389,0.06165364583333333,0.6788411736488342,0.6904324595200405,0.41426273600092517,1.0,0.0,0.24893465909090906,0.5373401988636364,0.25916666666666666,0.204765625,0.0,0.0084765625,0.6866996884346008,0.42018911242485046,0.5075496435165405,0.9426424503326416,0.0,0.24152237176895142,0.0,0.43141719698905945,1.0,0.8673109412193298,0.13268905878067017
16,2500,0.2265455573797226,0.31683340668678284,0.3409304618835449,0.0020977668464183807,0.06290364583333333,0.6806690096855164,0.6936158779594633,0.4107551181647513,1.0,0.0,0.25366950757575757,0.5380504261363637,0.25826822916666664,0.2055859375,0.0,0.008580729166666667,0.6901388168334961,0.41586554050445557,0.5105603933334351,0.949205219745636,0.0,0.23971861600875854,0.0,0.43397635221481323,1.0,0.8694794178009033,0.13052058219909668
16,2510,0.22441990673542023,0.31500759720802307,0.34103822708129883,0.0020920915994793177,0.06268229166666667,0.6797708868980408,0.692640130995255,0.4120302406740984,1.0,0.0,0.258404356060606,0.5387606534090909,0.2594921875,0.205390625,0.0,0.008684895833333333,0.6916049718856812,0.41417860984802246,0.5083727240562439,0.9456923007965088,0.0,0.23684388399124146,0.0,0.432116836309433,1.0,0.8698528409004211,0.13014715909957886
16,2520,0.21309958398342133,0.302083283662796,0.3114599585533142,0.0020780826453119516,0.06631510416666667,0.7103066444396973,0.7021247243814672,0.40167876387546947,1.0,0.0,0.22170928030303028,0.5332563920454545,0.2713802083333333,0.19645833333333335,1.3020833333333334e-05,0.007877604166666666,0.6931004524230957,0.4120626449584961,0.5094670057296753,0.9493098258972168,0.0,0.2320808619260788,0.0,0.43304696679115295,1.0,0.8719092011451721,0.12809079885482788
16,2530,0.22134043276309967,0.3227870464324951,0.3754898011684418,0.0027433813083916903,0.0565234375,0.6636329293251038,0.6891500487315011,0.41894100790029504,0.822672526041667,0.0,0.2365056818181818,0.44681211529356074,0.218671875,0.14458333333333334,0.0,0.008203125,0.6941210031509399,0.4108089804649353,0.5125859975814819,0.9564693570137024,0.0,0.22900883853435516,0.0,0.43569812178611755,1.0,0.874466061592102,0.12553393840789795
16,2540,0.223320871591568,0.3250718116760254,0.38345348834991455,0.002669746056199074,0.0555859375,0.6505898833274841,0.6852792698095833,0.42266869076368263,0.8665364583333336,0.0,0.2258522727272727,0.4671460700757577,0.231171875,0.14611979166666667,1.3020833333333334e-05,0.00796875,0.6974594593048096,0.4067593514919281,0.5145465135574341,0.9609569311141968,0.0,0.2271205484867096,0.0,0.4373645484447479,1.0,0.8763271570205688,0.12367284297943115
16,2550,0.19000475108623505,0.283518522977829,0.30709341168403625,0.0026242712046951056,0.062408854166666666,0.683469831943512,0.7002885130316885,0.4083913905307152,1.0,0.0,0.27438446969696967,0.5411576704545454,0.2497265625,0.1764453125,9.114583333333334e-05,0.009036458333333334,0.6993554830551147,0.4043513238430023,0.5129449367523193,0.9589204788208008,0.0,0.22323119640350342,0.0,0.4360032081604004,1.0,0.879165768623352,0.12083423137664795
16,2560,0.19279815256595612,0.2879254221916199,0.3091927468776703,0.0023833534214645624,0.062174479166666664,0.7190790772438049,0.6937856357551573,0.4152379806880983,1.0,0.0,0.19862689393939392,0.5297940340909091,0.25658854166666667,0.1819921875,1.3020833333333334e-05,0.007369791666666667,0.7010796070098877,0.40201258659362793,0.5097473859786987,0.9534893035888672,0.0,0.22001826763153076,0.0,0.43328529596328735,1.0,0.882124125957489,0.11787587404251099
16,2570,0.21523679792881012,0.3062497675418854,0.35207584500312805,0.0024034888483583927,0.060533854166666665,0.6965485215187073,0.6935477762669325,0.41214179070045553,0.9920247395833336,0.0,0.1820549242424242,0.5233206084280304,0.2653515625,0.15209635416666667,3.90625e-05,0.007005208333333333,0.7069098353385925,0.3949486017227173,0.5064398646354675,0.9487344026565552,0.0,0.21381786465644836,0.0,0.4304738938808441,1.0,0.8850491046905518,0.11495089530944824
16,2580,0.23003920912742615,0.3108648657798767,0.3802151381969452,0.002384898951277137,0.06459635416666666,0.7027158737182617,0.7120333979306062,0.3847398058553719,1.0,0.0,0.16962594696969696,0.5254438920454545,0.29940104166666665,0.14127604166666666,1.3020833333333334e-05,0.0067317708333333335,0.7098488807678223,0.39146727323532104,0.5022461414337158,0.9401777982711792,0.0,0.21438154578208923,0.0,0.4269092381000519,1.0,0.88823002576828,0.11176997423171997
16,2590,0.23549634218215942,0.3174339234828949,0.3886859118938446,0.002374908421188593,0.06694010416666667,0.675284743309021,0.7180126883783036,0.3783189678369123,0.991617838541667,0.0,0.19803503787878785,0.5255141749526516,0.2872265625,0.13009114583333334,0.00016927083333333334,0.007356770833333333,0.702338457107544,0.40072888135910034,0.48690515756607056,0.908980131149292,0.0,0.21610073745250702,0.0,0.41386938095092773,1.0,0.8909813761711121,0.10901862382888794
16,2600,0.23091702163219452,0.3098743259906769,0.38023242354393005,0.0027250831481069326,0.06713541666666667,0.6450889706611633,0.727384249349617,0.3681704197731626,0.9757486979166669,0.0,0.2140151515151515,0.5199766216856061,0.2900520833333333,0.1221875,0.00013020833333333333,0.0077083333333333335,0.7161494493484497,0.38260167837142944,0.4851270914077759,0.908980131149292,0.0,0.20424671471118927,0.0,0.41235804557800293,1.0,0.8938260078430176,0.10617399215698242
16,2610,0.20370084047317505,0.3032415211200714,0.38211238384246826,0.002430632011964917,0.061328125,0.7219020128250122,0.69245859963308,0.41690419913490323,0.7852783203125002,0.0,0.189749053030303,0.42110151811079555,0.2339453125,0.11734375,2.604166666666667e-05,0.007174479166666667,0.7301567792892456,0.3642067611217499,0.4833151698112488,0.908980131149292,0.0,0.19216720759868622,0.0,0.4108178913593292,1.0,0.8963264226913452,0.10367357730865479
16,2620,0.21821558475494385,0.30123162269592285,0.37284091114997864,0.002202465198934078,0.06485677083333333,0.7225835919380188,0.7052319494950628,0.3947566048375841,0.9319661458333335,0.0,0.15956439393939392,0.4899177320075758,0.2918619791666667,0.1063671875,9.114583333333334e-05,0.006510416666666667,0.7434661388397217,0.34680357575416565,0.4758976697921753,0.895244300365448,0.0,0.18850333988666534,0.0,0.40451303124427795,1.0,0.8983991146087646,0.10160088539123535
16,2630,0.21797406673431396,0.3014945089817047,0.3740280568599701,0.0021990244276821613,0.06477864583333333,0.7197592258453369,0.7048386545494985,0.3952711618488605,0.9125569661458334,0.0,0.16489109848484848,0.48101214784564394,0.29182291666666665,0.1001953125,7.8125e-05,0.006627604166666667,0.7568578720092773,0.32926145195961,0.4607885181903839,0.8648061752319336,0.0,0.1892361342906952,0.0,0.39167025685310364,1.0,0.9002473950386047,0.09975260496139526
16,2640,0.21842984855175018,0.3018622398376465,0.374867707490921,0.0021637154277414083,0.06549479166666666,0.7169247269630432,0.7060090616049758,0.39387503288624537,0.9125162760416667,0.0,0.16962594696969696,0.4817020300662879,0.29225260416666665,0.09975260416666666,3.90625e-05,0.0067317708333333335,0.7685741186141968,0.3133704662322998,0.4469170570373535,0.8384583592414856,0.0,0.1845858246088028,0.0,0.37987950444221497,1.0,0.9020190238952637,0.09798097610473633
16,2650,0.2001429796218872,0.2840297818183899,0.35240980982780457,0.0020951165352016687,0.0628515625,0.719012975692749,0.6947850898906514,0.40822707952402665,0.9464111328125001,0.0,0.16785037878787878,0.4983831232244319,0.30399739583333335,0.09885416666666667,1.3020833333333334e-05,0.0066927083333333335,0.7802774906158447,0.2975195050239563,0.43424850702285767,0.8130367398262024,0.0,0.18486765027046204,0.0,0.36911123991012573,1.0,0.9029825925827026,0.09701740741729736
16,2660,0.22034026682376862,0.3040561079978943,0.3831438720226288,0.0022231359034776688,0.0608984375,0.708193838596344,0.6955823693837453,0.4047911306658101,0.8859456380208333,0.0,0.18383049242424238,0.470547392874053,0.28498697916666665,0.098515625,3.90625e-05,0.007044270833333333,0.7926439046859741,0.28070056438446045,0.43152210116386414,0.8063325881958008,0.0,0.18903884291648865,0.0,0.36679378151893616,1.0,0.9033064246177673,0.09669357538223267
16,2670,0.23954050242900848,0.2796155512332916,0.31313592195510864,0.004789580591022968,0.08537760416666666,0.7363969087600708,0.8251017641629469,0.252237973173419,0.9001464843750002,0.0,0.1719933712121212,0.4758722478693183,0.3545703125,0.0334765625,0.0030859375,0.006783854166666666,0.8056263327598572,0.26311349868774414,0.4324028491973877,0.805650532245636,0.0,0.19718390703201294,0.0,0.36754244565963745,1.0,0.9037708640098572,0.09622913599014282
16,2680,0.1759597212076187,0.22816307842731476,0.2763095498085022,0.002953513991087675,0.0808203125,0.7284849286079407,0.7691834546389377,0.3215315856375709,0.8203125,0.0,0.3063446969696969,0.45610795454545455,0.3527473958333333,0.009752604166666666,0.012630208333333334,0.009739583333333333,0.8166846036911011,0.2478349804878235,0.43277451395988464,0.8060302734375,0.0,0.19839578866958618,0.0,0.367858350276947,1.0,0.903982400894165,0.09601759910583496
16,2690,0.10898249596357346,0.14709621667861938,0.1815279722213745,0.002906938549131155,0.0459375,0.7525971531867981,0.5576214285022626,0.5803746220129717,0.34484863281250006,0.0,0.34244791666666663,0.22379150390625002,0.21032552083333333,2.604166666666667e-05,0.0102734375,0.010533854166666667,0.8282537460327148,0.23225170373916626,0.4338483214378357,0.8060302734375,0.0,0.20555444061756134,0.0,0.3687710762023926,1.0,0.8827983140945435,0.11720168590545654
16,2700,0.5094718337059021,0.36428990960121155,0.3564762771129608,0.0100284768268466,0.0777734375,0.6855034232139587,0.9804639089209402,0.033591412927350434,1.0,0.0,0.0,0.5,0.37921875,0.06981770833333334,0.0125,0.00018229166666666667,0.8410842418670654,0.21517518162727356,0.4348384141921997,0.8064294457435608,0.0,0.21082475781440735,0.11084675788879395,0.3696126639842987,1.0,0.8617308139801025,0.13826918601989746
16,2710,0.45595601201057434,0.3258165419101715,0.32420799136161804,0.009280086494982243,0.13783854166666668,0.5693055391311646,0.9877690972222222,0.024461805555555563,1.0,0.0,0.0,0.5,0.46063802083333333,0.17880208333333333,0.0374609375,0.0020703125,0.8518036603927612,0.20036476850509644,0.4356399178504944,0.807584285736084,0.0,0.2123185098171234,0.3435150384902954,0.3702939450740814,0.8366429209709167,0.8405954837799072,0.15940451622009277
16,2720,0.41340357065200806,0.30585283041000366,0.31410694122314453,0.008604496717453003,0.15430989583333332,0.6046640872955322,0.9721363321552432,0.046563235240253964,0.7115478515625001,0.0,0.18146306818181818,0.3829933860085228,0.06444010416666666,0.2632552083333333,0.0180859375,0.0069921875,0.8647971153259277,0.1825159788131714,0.44110745191574097,0.8178091049194336,0.0,0.21468591690063477,0.09147889912128448,0.374941349029541,0.963107168674469,0.8194534778594971,0.18054652214050293
16,2730,0.3848695158958435,0.2863994836807251,0.2849145233631134,0.009024416096508503,0.1544140625,0.6394489407539368,0.9833528645833333,0.033294270833333334,0.36079915364583337,0.0,0.23709753787878787,0.21596420750473486,0.05260416666666667,0.1628515625,0.013763020833333334,0.008216145833333334,0.8756591081619263,0.1673898994922638,0.44322192668914795,0.8210487961769104,0.0,0.2179834097623825,0.06557539105415344,0.37673863768577576,1.0,0.7981917858123779,0.20180821418762207
16,2740,0.40285730361938477,0.29002875089645386,0.28426024317741394,0.00708423787727952,0.13989583333333333,0.6958746314048767,0.9351900456912391,0.0852302984569252,0.2693684895833333,0.0,0.13884943181818182,0.15551165956439394,0.013515625,0.17268229166666665,0.0060546875,0.0060546875,0.8890227675437927,0.14935848116874695,0.4454687833786011,0.8252127766609192,0.0,0.2190825641155243,0.07329873740673065,0.3786484897136688,0.926581084728241,0.777205228805542,0.222794771194458
16,2750,0.3727937340736389,0.2656913995742798,0.2477382868528366,0.006924007553607225,0.15868489583333334,0.6493517160415649,0.9310496034877006,0.08979852902281495,0.3326822916666667,0.0,0.2317708333333333,0.20110677083333334,0.026575520833333335,0.1798828125,0.013216145833333333,0.008098958333333333,0.9003244638442993,0.13366830348968506,0.44788992404937744,0.8293786644935608,0.0,0.22133725881576538,0.007670745253562927,0.38070645928382874,1.0,0.756215512752533,0.24378448724746704
16,2760,0.374278724193573,0.26762038469314575,0.2584504187107086,0.007927937433123589,0.1583203125,0.599542498588562,0.9599830054889527,0.05519351491154369,0.8592122395833337,0.0,0.3619791666666667,0.4839029947916669,0.057890625,0.3170572916666667,0.01515625,0.010963541666666667,0.9137378334999084,0.11550238728523254,0.44686299562454224,0.8263016939163208,0.0,0.22474747896194458,0.08393563330173492,0.37983354926109314,1.0,0.7350102663040161,0.2649897336959839
16,2770,0.37866050004959106,0.26685234904289246,0.26692911982536316,0.00808266457170248,0.16122395833333333,0.5839492678642273,0.9664172075131561,0.045910251878989394,0.9856770833333335,0.0,0.3696732954545454,0.5482895359848485,0.08575520833333333,0.3296614583333333,0.026744791666666667,0.0111328125,0.9265897870063782,0.09809491038322449,0.44122785329818726,0.8140676021575928,0.0,0.22796042263507843,0.05223110318183899,0.37504369020462036,1.0,0.7137956619262695,0.28620433807373047
16,2780,0.36879023909568787,0.25853103399276733,0.24630390107631683,0.006532912142574787,0.14927083333333332,0.6347056031227112,0.9257716435270742,0.09129248210307223,1.0,0.0,0.20750473484848483,0.5311257102272727,0.151484375,0.5206119791666667,0.014388020833333333,0.007565104166666667,0.9344256520271301,0.08664333820343018,0.43391796946525574,0.7984755039215088,0.0,0.23120152950286865,0.0,0.36883029341697693,1.0,0.6925758719444275,0.3074241280555725
16,2790,0.3806932866573334,0.26536428928375244,0.25792819261550903,0.007595755159854889,0.1655078125,0.6113757491111755,0.9549857287129089,0.05749116213179538,1.0,0.0,0.3199573863636363,0.5479936079545454,0.0994140625,0.41442708333333333,0.0253125,0.0100390625,0.8977978825569153,0.07133230566978455,0.412198543548584,0.7594130039215088,0.0,0.21661368012428284,0.0,0.35036876797676086,0.985547661781311,0.6712117195129395,0.32878828048706055
16,2800,0.3819604516029358,0.2597026526927948,0.23197489976882935,0.008767721243202686,0.1716796875,0.6065233945846558,0.9874530267485273,0.019711877747885576,1.0,0.0,0.3087121212121212,0.5463068181818181,0.1145703125,0.3451171875,0.030442708333333332,0.009791666666666667,0.8712444305419922,0.04369542375206947,0.4015418291091919,0.7429916262626648,0.0,0.20030665397644043,0.0,0.3413105607032776,1.0,0.6498478651046753,0.3501521348953247
16,2810,0.3887609839439392,0.2549232840538025,0.24041052162647247,0.007365864235907793,0.16916666666666666,0.6103404760360718,0.9524919685751684,0.05715194148655102,1.0,0.0,0.24538352272727268,0.5368075284090909,0.10971354166666666,0.32885416666666667,0.0298046875,0.0083984375,0.8245557546615601,0.04209583252668381,0.3777322769165039,0.6953725814819336,0.0,0.20030663907527924,0.0,0.32107245922088623,1.0,0.6283499598503113,0.3716500401496887
16,2820,0.39920496940612793,0.25907015800476074,0.23318463563919067,0.007822790183126926,0.1675,0.6229135394096375,0.9653217039307765,0.04207977930846092,1.0,0.0,0.2394649621212121,0.5359197443181818,0.100546875,0.353984375,0.014700520833333333,0.008268229166666667,0.7775191068649292,0.040930986404418945,0.3539227545261383,0.6477535367012024,0.0,0.20030665397644043,0.0029014796018600464,0.3008343577384949,1.0,0.6068904399871826,0.3931095600128174
16,2830,0.3864496946334839,0.24772322177886963,0.26148226857185364,0.006573473569005728,0.14600260416666666,0.6137887835502625,0.9333334012246794,0.07710880463735925,1.0,0.0,0.228811553030303,0.5343217329545454,0.11576822916666667,0.3415755208333333,0.0207421875,0.008033854166666667,0.731226921081543,0.03871368616819382,0.33568498492240906,0.6138702630996704,0.0,0.19166553020477295,0.0,0.28533223271369934,1.0,0.5852047204971313,0.41479527950286865
16,2840,0.39271265268325806,0.25130972266197205,0.22976858913898468,0.008463126607239246,0.17580729166666667,0.6324511766433716,0.9854745519286411,0.01661114679826144,1.0,0.0,0.18797348484848483,0.5281960227272727,0.14115885416666665,0.40209635416666667,0.020442708333333334,0.007135416666666667,0.6844005584716797,0.03712824732065201,0.3254009485244751,0.5966894030570984,0.0,0.18037518858909607,0.0,0.27659082412719727,1.0,0.5633969306945801,0.4366030693054199
16,2850,0.38595882058143616,0.2293340116739273,0.1868194341659546,0.006888294126838446,0.16505208333333332,0.5944523215293884,0.9433444765737143,0.06438127662077908,1.0,0.0,0.2169744318181818,0.5325461647727273,0.102734375,0.401796875,0.017903645833333332,0.0077734375,0.6398677229881287,0.0330696627497673,0.31799566745758057,0.5838623046875,0.0,0.17376330494880676,0.0,0.2702963352203369,0.9716942310333252,0.5414581298828125,0.4585418701171875
16,2860,0.3799995481967926,0.2254113256931305,0.19827736914157867,0.008122825995087624,0.1795703125,0.6233986616134644,0.9764660632828387,0.02674310990586512,0.8817952473958336,0.0,0.2394649621212121,0.4768173680160986,0.0693359375,0.3128385416666667,0.017682291666666666,0.008268229166666667,0.5955320596694946,0.028793541714549065,0.3084191381931305,0.5680202841758728,0.0,0.16272659599781036,0.027358978986740112,0.26215627789497375,0.9471149444580078,0.5194860696792603,0.48051393032073975
16,2870,0.38776689767837524,0.24586933851242065,0.22875474393367767,0.00771312415599823,0.15875,0.5973933935165405,0.9654740627219037,0.039234019634200284,0.6290283203125,0.0,0.25130208333333326,0.35220947265624997,0.05942708333333333,0.24186197916666666,0.01765625,0.008528645833333333,0.5498185753822327,0.026165278628468513,0.2853761315345764,0.527105450630188,0.0,0.14548948407173157,0.05807511508464813,0.2425697147846222,1.0,0.49745428562164307,0.5025457143783569
16,2880,0.3793603181838989,0.23876160383224487,0.22050638496875763,0.008614436723291874,0.18005208333333333,0.6181531548500061,0.9896556194053917,0.011754977948418455,0.5727132161458334,0.0,0.24005681818181818,0.3223651308001894,0.06860677083333333,0.21466145833333333,0.019934895833333334,0.00828125,0.5037987232208252,0.023979077115654945,0.259267121553421,0.4801684319972992,0.0,0.12788601219654083,0.027614980936050415,0.22037705779075623,1.0,0.4748910069465637,0.5251089930534363
