video,frame,brightness,contrast,center_contrast,sharpness,edge_density,saturation,visibility_score,no_vision_score,brown_deposit_score,light_deposit_score,dark_structure_score,dirt_deposit_score,brown_fraction,yellow_fraction,light_deposit_fraction,dark_structure_fraction,visibility_score_smooth,no_vision_score_smooth,dirt_deposit_score_smooth,brown_deposit_score_smooth,light_deposit_score_smooth,dark_structure_score_smooth,feature_anomaly_score,anomaly_score,pipe_similarity_score,inspection_active_score,handling_score
13,0,0.9265905022621155,0.20445698499679565,0.3388802111148834,0.03823172301054001,0.0408984375,0.07449918240308762,0.79171875,0.3203125,0.0,0.0,0.0,0.0,0.0,0.020494791666666668,0.02020833333333333,0.0,0.47192710638046265,0.0767618864774704,0.24974671006202698,0.4109991192817688,0.0,0.29498106241226196,0.772860586643219,0.772860586643219,0.4487626552581787,0.4512781798839569,0.5487217903137207
13,10,0.9265452027320862,0.2046983540058136,0.33917564153671265,0.03907462954521179,0.041067708333333335,0.07400213927030563,0.7921874999999999,0.3197916666666667,0.0,0.0,0.0,0.0,0.0,0.020520833333333332,0.020377604166666667,0.0,0.5191406011581421,0.07757289707660675,0.27738893032073975,0.4586181938648224,0.0,0.32053235173225403,0.7736352682113647,0.7736352682113647,0.4487626552581787,0.473721981048584,0.526278018951416
13,20,0.1068829745054245,0.15457668900489807,0.17195233702659607,0.006985103245824575,0.12553385416666665,0.6415437459945679,0.7664955817049764,0.32494899407846894,0.7969563802083334,0.0,1.0,0.5484781901041667,0.290546875,0.06447916666666667,0.0033333333333333335,0.06498697916666667,0.566363513469696,0.07836530357599258,0.3051537275314331,0.5062372088432312,0.0,0.34690093994140625,0.09324967861175537,0.25938066840171814,1.0,0.49551406502723694,0.5044859647750854
13,30,0.15363620221614838,0.18991385400295258,0.19631148874759674,0.009542913176119328,0.13859375,0.5855350494384766,0.9249362149503496,0.1349983511037297,1.0,0.0,1.0,0.65,0.41962239583333333,0.08634114583333333,0.0059375,0.04634114583333333,0.6135714650154114,0.07918748259544373,0.33272409439086914,0.5538562536239624,0.0,0.37197309732437134,0.0,0.28281548619270325,1.0,0.5172209143638611,0.4827790856361389
13,40,0.47132256627082825,0.3348485827445984,0.3013899326324463,0.020842144265770912,0.2158203125,0.3976263403892517,0.9872677951388888,0.02546440972222222,1.0,0.0,1.0,0.65,0.5612239583333334,0.13001302083333333,0.0088671875,0.029869791666666666,0.655776858329773,0.08568070828914642,0.35928404331207275,0.6014753580093384,0.0,0.3903093636035919,0.06645426154136658,0.30539143085479736,1.0,0.538552463054657,0.461447536945343
13,50,0.6570371389389038,0.3790425658226013,0.3340882658958435,0.008653507567942142,0.08747395833333334,0.3033018112182617,0.9350289483844911,0.12191362004918943,0.8340250651041666,0.0,0.2169744318181818,0.4495586973248106,0.28533854166666667,0.08154947916666666,0.0027604166666666667,0.0077734375,0.6965309381484985,0.09084340184926987,0.38433054089546204,0.6490943431854248,0.0,0.3985558748245239,0.0128893181681633,0.3266809582710266,1.0,0.5595988631248474,0.4404011368751526
13,60,0.4350196421146393,0.30458396673202515,0.2443612813949585,0.007054886780679226,0.13861979166666666,0.4545746445655823,0.9477923341903098,0.05934563507414283,1.0,0.0,0.4519412878787879,0.5677911931818181,0.5370182291666666,0.3799869791666667,0.07309895833333334,0.012942708333333334,0.726072371006012,0.10644488036632538,0.4093855023384094,0.6967134475708008,0.0,0.40685877203941345,0.0,0.3479776978492737,1.0,0.5800715684890747,0.4199284315109253
13,70,0.29475757479667664,0.2411549687385559,0.21369992196559906,0.004141532815992832,0.17236979166666666,0.48145610094070435,0.8486786582068538,0.19006844395685807,1.0,0.0,0.7034801136363636,0.6055220170454545,0.4886197916666667,0.1462890625,0.019947916666666666,0.0184765625,0.7550796270370483,0.12236489355564117,0.4344700574874878,0.7443324327468872,0.0,0.4153589606285095,0.0,0.3692995607852936,1.0,0.6007446050643921,0.3992553949356079
13,80,0.2557307481765747,0.2218618094921112,0.17590689659118652,0.007348623126745224,0.17010416666666667,0.5903360247612,0.9333860319865255,0.0811107447808028,1.0,0.0,0.7449100378787877,0.6117365056818181,0.6316536458333334,0.042604166666666665,0.002955729166666667,0.019388020833333332,0.7867778539657593,0.1384807527065277,0.4600450098514557,0.7919515371322632,0.0,0.4271284341812134,0.0,0.39103826880455017,1.0,0.6214455366134644,0.37855446338653564
13,90,0.30259233713150024,0.24318531155586243,0.18341650068759918,0.009709607809782028,0.18774739583333333,0.6077298521995544,0.9914626736111111,0.017074652777777782,1.0,0.0,0.5365767045454546,0.5804865056818181,0.62625,0.06779947916666666,0.0105859375,0.0148046875,0.8128264546394348,0.15516015887260437,0.4856579899787903,0.8395705819129944,0.0,0.4391515552997589,0.0,0.4128093123435974,1.0,0.6345412731170654,0.36545872688293457
13,100,0.3025924563407898,0.24243560433387756,0.1838015913963318,0.00985920149832964,0.1878515625,0.6066425442695618,0.9915147569444444,0.01697048611111111,1.0,0.0,0.540719696969697,0.5811079545454545,0.629609375,0.07040364583333333,0.008684895833333333,0.014895833333333334,0.853803277015686,0.1622697114944458,0.5116472244262695,0.8871896266937256,0.0,0.4536830484867096,0.0,0.434900164604187,1.0,0.6568076610565186,0.34319233894348145
13,110,0.3023534119129181,0.24257341027259827,0.18422794342041016,0.009969020262360573,0.19158854166666667,0.6016469597816467,0.991484375,0.017031249999999998,1.0,0.0,0.5365767045454546,0.5804865056818181,0.6295052083333333,0.06494791666666666,0.007174479166666667,0.0148046875,0.8560019135475159,0.15451452136039734,0.5373321175575256,0.9348086714744568,0.0,0.4661852717399597,0.0,0.45673230290412903,1.0,0.6785749793052673,0.32142502069473267
13,120,0.3043941855430603,0.24446900188922882,0.18585793673992157,0.009835337288677692,0.18869791666666666,0.6016982793807983,0.9916796874999999,0.016640625000000003,1.0,0.0,0.5537405303030303,0.5830610795454545,0.625078125,0.06643229166666667,0.011536458333333333,0.015182291666666667,0.8537831902503967,0.15064427256584167,0.562953531742096,0.982427716255188,0.0,0.47826477885246277,0.0,0.4785105288028717,1.0,0.6993368864059448,0.3006631135940552
13,130,0.3055536150932312,0.24498574435710907,0.18569408357143402,0.010132011957466602,0.19076822916666666,0.605198860168457,0.9913671874999999,0.017265625,1.0,0.0,0.5265151515151515,0.5789772727272727,0.6225911458333333,0.07072916666666666,0.013151041666666667,0.014583333333333334,0.8541589975357056,0.14476490020751953,0.5624865293502808,0.992096483707428,0.0,0.44292253255844116,0.0,0.4781135618686676,1.0,0.7163302302360535,0.28366976976394653
13,140,0.33376580476760864,0.250445693731308,0.2064114660024643,0.005071990191936493,0.139140625,0.5236625671386719,0.8863135897531741,0.13635795908730203,1.0,0.0,0.385061553030303,0.5577592329545454,0.6443880208333334,0.09591145833333334,0.0184765625,0.011471354166666666,0.844805121421814,0.15013158321380615,0.5571218132972717,0.992096483707428,0.0,0.4071575105190277,0.0,0.4735535681247711,1.0,0.7383407354354858,0.26165926456451416
13,150,0.3285389244556427,0.2107221484184265,0.14825439453125,0.00587244750931859,0.1358203125,0.5387298464775085,0.8558346047407733,0.10841644619286141,1.0,0.0,0.17317708333333331,0.5259765625,0.7361458333333334,0.11447916666666667,0.002018229166666667,0.006809895833333334,0.8309582471847534,0.162348210811615,0.5517951250076294,0.992096483707428,0.0,0.3716461658477783,0.0,0.4690258800983429,1.0,0.76039057970047,0.23960942029953003
13,160,0.32826313376426697,0.19935481250286102,0.12557831406593323,0.00369840394705534,0.029778645833333332,0.5546956658363342,0.6203705397398306,0.3276310091703347,1.0,0.0,0.17436079545454544,0.5261541193181818,0.775,0.08989583333333333,0.0,0.0068359375,0.8156448006629944,0.1728244125843048,0.5560386180877686,1.0,0.0,0.3735907971858978,0.0,0.47263282537460327,1.0,0.7809048295021057,0.2190951704978943
13,170,0.33194783329963684,0.199870303273201,0.12259692698717117,0.003628431586548686,0.027825520833333332,0.5551214814186096,0.6091526011918932,0.334320270747528,1.0,0.0,0.17850378787878787,0.5267755681818181,0.7838671875,0.076171875,0.0,0.006927083333333334,0.7994428277015686,0.18569573760032654,0.5546478033065796,1.0,0.0,0.3643184304237366,0.0,0.47145065665245056,1.0,0.8030949831008911,0.1969050168991089
13,180,0.35653823614120483,0.22748330235481262,0.15863904356956482,0.0035170360933989286,0.026822916666666665,0.5704824924468994,0.6656633793215905,0.3384328980540769,1.0,0.0,0.2471590909090909,0.5370738636363637,0.6786588541666667,0.047135416666666666,1.3020833333333334e-05,0.0084375,0.7844626307487488,0.19424496591091156,0.5513967871665955,1.0,0.0,0.34264522790908813,0.0,0.4686872959136963,1.0,0.8254172801971436,0.17458271980285645
13,190,0.3326062858104706,0.1976696401834488,0.09502673149108887,0.0032285144552588463,0.0268359375,0.604687511920929,0.5470199858036754,0.3502677290662673,1.0,0.0,0.2524857954545454,0.5378728693181818,0.765625,0.057356770833333334,0.00022135416666666666,0.0085546875,0.7785626649856567,0.2029077410697937,0.5485474467277527,1.0,0.0,0.32364943623542786,0.0,0.46626535058021545,1.0,0.8478264808654785,0.15217351913452148
13,200,0.3843531906604767,0.23417559266090393,0.17336073517799377,0.004373431205749512,0.14295572916666666,0.5720898509025574,0.8605136017260612,0.14930045443175607,1.0,0.0,0.30516098484848486,0.5457741477272727,0.6708854166666667,0.08678385416666666,0.00203125,0.009713541666666667,0.7768597602844238,0.2056969553232193,0.5466704368591309,1.0,0.0,0.3111359477043152,0.0,0.4646698832511902,1.0,0.8702913522720337,0.1297086477279663
13,210,0.3673595190048218,0.21938470005989075,0.16413040459156036,0.004120814613997936,0.08557291666666667,0.5779909491539001,0.8378898295123665,0.1574535686789247,1.0,0.0,0.26254734848484845,0.5393821022727273,0.6979296875,0.06932291666666666,0.00037760416666666666,0.008776041666666666,0.76738440990448,0.2165030539035797,0.5455628037452698,1.0,0.0,0.3037518262863159,0.0,0.4637283980846405,1.0,0.8794403672218323,0.12055963277816772
13,220,0.35468190908432007,0.20793454349040985,0.153065487742424,0.0034960818011313677,0.05903645833333333,0.583324134349823,0.745594066334137,0.2385165267400537,1.0,0.0,0.25366950757575757,0.5380504261363637,0.7315364583333334,0.05182291666666667,3.90625e-05,0.008580729166666667,0.742855429649353,0.23234331607818604,0.5444974899291992,1.0,0.0,0.2966495454311371,0.0,0.46282288432121277,1.0,0.8851304054260254,0.11486959457397461
13,230,0.3504512906074524,0.21032989025115967,0.1502835899591446,0.0036620222963392735,0.0696484375,0.5850458741188049,0.7743867789469356,0.20148220504437803,1.0,0.0,0.2578125,0.538671875,0.7379427083333333,0.07661458333333333,5.208333333333334e-05,0.008671875,0.6966288089752197,0.278037965297699,0.5188869833946228,0.9523810148239136,0.0,0.2846433222293854,0.0,0.44105395674705505,1.0,0.8859963417053223,0.11400365829467773
13,240,0.34724757075309753,0.20678211748600006,0.14787302911281586,0.0034108965191990137,0.05682291666666667,0.5832798480987549,0.7285044093996252,0.24769884198554182,1.0,0.0,0.24893465909090906,0.5373401988636364,0.7474869791666666,0.07529947916666667,0.0,0.0084765625,0.6962466239929199,0.27830415964126587,0.517009973526001,0.9523810148239136,0.0,0.27212977409362793,0.0,0.4394584894180298,1.0,0.8871034383773804,0.11289656162261963
13,250,0.34513360261917114,0.2056100219488144,0.14722387492656708,0.0033184580970555544,0.046510416666666665,0.5949997901916504,0.6964852807408112,0.2820134807938556,1.0,0.0,0.25426136363636365,0.5381392045454545,0.7502864583333333,0.07110677083333333,0.0,0.00859375,0.6978244185447693,0.27636250853538513,0.5162321329116821,0.9523810148239136,0.0,0.2669439911842346,0.0,0.43879732489585876,1.0,0.887940526008606,0.11205947399139404
13,260,0.33020177483558655,0.19683541357517242,0.1293317824602127,0.0032849255949258804,0.030221354166666665,0.5849031209945679,0.6134461795224456,0.3419138257122858,1.0,0.0,0.2578125,0.538671875,0.7647526041666667,0.07815104166666667,0.00015625,0.008671875,0.6849459409713745,0.2854669392108917,0.5011916160583496,0.9208965301513672,0.0,0.2716224789619446,0.0,0.42601287364959717,1.0,0.88853919506073,0.11146080493927002
13,270,0.3397086560726166,0.19310225546360016,0.11950615048408508,0.003662009723484516,0.03268229166666667,0.6083266139030457,0.607551026935593,0.3296434160502741,1.0,0.0,0.2572206439393939,0.5385830965909091,0.77953125,0.06569010416666667,0.00036458333333333335,0.008658854166666667,0.7007839679718018,0.2722468376159668,0.5024768114089966,0.9208965301513672,0.0,0.28019028902053833,0.0,0.4271053075790405,1.0,0.8891021013259888,0.11089789867401123
13,280,0.35695093870162964,0.18122760951519012,0.09653986990451813,0.0036136587150394917,0.028502604166666667,0.6166974902153015,0.5340952303417125,0.3696022239555049,1.0,0.0,0.24834280303030298,0.5372514204545454,0.8261458333333334,0.0832421875,0.0001171875,0.008463541666666666,0.7191193103790283,0.2568797171115875,0.503715455532074,0.9208965301513672,0.0,0.2884480953216553,0.0,0.428158164024353,1.0,0.889487624168396,0.110512375831604
13,290,0.667154848575592,0.36857202649116516,0.22017785906791687,0.008178958669304848,0.03979166666666667,0.1027076244354248,0.8094861510688001,0.26302921049388495,1.0,0.0,0.34599905303030304,0.5518998579545454,0.20610677083333334,0.31561197916666667,0.09170572916666667,0.010611979166666667,0.7347200512886047,0.24140393733978271,0.5045778751373291,0.9208965301513672,0.0,0.29419755935668945,0.8973026871681213,0.8973026871681213,0.3386037349700928,0.8896964192390442,0.11030358076095581
13,300,0.6070145964622498,0.34664788842201233,0.25700321793556213,0.008529708720743656,0.07916666666666666,0.4792059361934662,0.9557019069243191,0.07564791104414013,1.0,0.0,0.2737926136363636,0.5410688920454545,0.36256510416666665,0.43799479166666666,0.003997395833333334,0.0090234375,0.7469658851623535,0.23819878697395325,0.5099172592163086,0.9208965301513672,0.0,0.3297935128211975,0.0,0.43342968821525574,1.0,0.8896691799163818,0.11033082008361816
13,310,0.33061954379081726,0.24335142970085144,0.1895044445991516,0.00413591880351305,0.056302083333333336,0.6540398001670837,0.7925319446098352,0.24389845704059127,1.0,0.0,0.385653409090909,0.5578480113636364,0.6950390625,0.54859375,0.008645833333333333,0.011484375,0.7516571879386902,0.23194654285907745,0.5136459469795227,0.9208965301513672,0.0,0.35465145111083984,0.0,0.43659907579421997,1.0,0.8894975185394287,0.11050248146057129
13,320,0.32902175188064575,0.17682300508022308,0.04584075137972832,0.004294762387871742,0.033776041666666666,0.480805367231369,0.4763757764415267,0.3496771051254289,1.0,0.0,0.3874289772727273,0.5581143465909091,0.7841276041666667,0.7817057291666667,0.010247395833333334,0.0115234375,0.7154216766357422,0.2677839398384094,0.4899083077907562,0.8732775449752808,0.0,0.35513055324554443,0.0,0.4164220690727234,1.0,0.889268159866333,0.11073184013366699
13,330,0.010108916088938713,0.04557458683848381,0.0007678682450205088,0.0015797241358086467,0.0128125,0.2113065868616104,0.020919428033890523,0.9762279226887607,0.0,0.0,0.30160984848484845,0.04524147727272727,0.014869791666666667,0.0,0.0,0.009635416666666667,0.7156051397323608,0.27183592319488525,0.49015772342681885,0.8732775449752808,0.0,0.3567933738231659,0.2908872663974762,0.41663408279418945,0.8874495029449463,0.889395534992218,0.11060446500778198
13,340,0.44500041007995605,0.29659873247146606,0.23295298218727112,0.008548575453460217,0.1656640625,0.606829822063446,0.9833421687547591,0.022855825436511,1.0,0.0,0.2637310606060606,0.5395596590909091,0.5375520833333334,0.11015625,0.0006510416666666666,0.008802083333333334,0.7186670303344727,0.2723608613014221,0.49044519662857056,0.873277485370636,0.0,0.3587098717689514,0.0,0.41687843203544617,1.0,0.8896125555038452,0.11038744449615479
13,350,0.3984098434448242,0.2523476481437683,0.184187650680542,0.006172222085297108,0.15190104166666665,0.6181748509407043,0.9194474577932015,0.09558340102413966,1.0,0.0,0.27616003787878785,0.5414240056818181,0.6621614583333333,0.10798177083333334,2.604166666666667e-05,0.009075520833333333,0.7242722511291504,0.2702435255050659,0.49088066816329956,0.873277485370636,0.0,0.36161279678344727,0.0,0.41724857687950134,1.0,0.8899601697921753,0.11003983020782471
13,360,0.7033373117446899,0.3938504457473755,0.05905291065573692,0.008661082945764065,0.0343359375,0.22327175736427307,0.5853872361458947,0.2996093461005849,0.33882649739583337,0.0,0.2714251893939394,0.2101270271070076,0.13061197916666667,0.0778125,0.004479166666666667,0.008971354166666667,0.7316693663597107,0.2661939263343811,0.4912864565849304,0.873277485370636,0.0,0.3643184304237366,0.22253327071666718,0.41759350895881653,0.9663946032524109,0.890487551689148,0.10951244831085205
13,370,0.4654898941516876,0.2959030866622925,0.17682470381259918,0.007562561891973019,0.086953125,0.417207807302475,0.9529685612656573,0.05000922839513152,1.0,0.0,0.3542850378787878,0.5531427556818181,0.49104166666666665,0.6691536458333334,0.002994791666666667,0.010794270833333333,0.7429460287094116,0.25940096378326416,0.4917430877685547,0.8732775449752808,0.0,0.36736226081848145,0.0,0.4179816246032715,1.0,0.8925129175186157,0.10748708248138428
13,380,0.5075154900550842,0.32751768827438354,0.223957821726799,0.016430817544460297,0.1975,0.5209885835647583,0.9941948784722221,0.011610243055555563,1.0,0.0,0.3519176136363636,0.5527876420454545,0.4170703125,0.09713541666666667,0.006705729166666666,0.0107421875,0.7594388127326965,0.24646756052970886,0.4925040006637573,0.873277485370636,0.0,0.3724353015422821,0.0,0.41862842440605164,1.0,0.8944046497344971,0.10559535026550293
13,390,0.36099115014076233,0.22863031923770905,0.18669430911540985,0.00979045033454895,0.2008203125,0.5658193826675415,0.9932790798611111,0.013441840277777783,1.0,0.0,0.36789772727272724,0.5551846590909091,0.7442057291666667,0.2269921875,0.006549479166666667,0.01109375,0.7716555595397949,0.24135473370552063,0.49399635195732117,0.873277485370636,0.0,0.38238412141799927,0.0,0.4198969006538391,1.0,0.896843671798706,0.10315632820129395
13,400,0.1566758155822754,0.210187166929245,0.21965865790843964,0.00430979672819376,0.0956640625,0.5014180541038513,0.8041826391846022,0.28295927996699244,1.0,0.0,1.0,0.65,0.35098958333333335,0.1516015625,0.019908854166666667,0.026184895833333333,0.7773645520210266,0.2328149676322937,0.49363279342651367,0.873277485370636,0.0,0.3799603283405304,0.0,0.4195878803730011,1.0,0.8988833427429199,0.10111665725708008
13,410,0.27953454852104187,0.22215789556503296,0.1611095517873764,0.011218703351914883,0.1863671875,0.476666659116745,0.9590298130675259,0.018003472222222226,1.0,0.0,0.8271780303030303,0.6240767045454545,0.7131380208333333,0.25838541666666665,0.0070703125,0.021197916666666667,0.7720939517021179,0.23824916779994965,0.49362432956695557,0.8732775449752808,0.0,0.37990397214889526,0.0,0.41958069801330566,1.0,0.9001061916351318,0.09989380836486816
13,420,0.014781812205910683,0.0714179277420044,0.003275505267083645,0.002710629254579544,0.016028645833333334,0.43815481662750244,0.07694519805527987,0.9100392246345119,0.0,0.0,0.2726089015151515,0.04089133522727272,0.015481770833333333,0.0119921875,0.0021484375,0.008997395833333333,0.7740172147750854,0.23673397302627563,0.4930831789970398,0.873277485370636,0.0,0.3762964606285095,0.0,0.4191206991672516,1.0,0.9014782309532166,0.09852176904678345
13,430,0.23612874746322632,0.27604541182518005,0.23621654510498047,0.003729851683601737,0.0575,0.5659304857254028,0.7494469560972052,0.32360827972394124,1.0,0.0,0.28858901515151514,0.5432883522727273,0.46041666666666664,0.065234375,0.001640625,0.009348958333333334,0.7941522598266602,0.22569818794727325,0.492060124874115,0.873277485370636,0.0,0.3694760203361511,0.0,0.4182511270046234,1.0,0.9035735130310059,0.09642648696899414
13,440,0.2657362222671509,0.25685060024261475,0.22448869049549103,0.0042473687790334225,0.089921875,0.5276888608932495,0.8386861284042844,0.2125058002665962,1.0,0.0,0.2980587121212121,0.5447088068181818,0.5569270833333333,0.0484765625,0.00515625,0.009557291666666667,0.8369554281234741,0.18374447524547577,0.5163685083389282,0.9208965301513672,0.0,0.37280169129371643,0.0,0.4389132559299469,1.0,0.9057959318161011,0.09420406818389893
13,450,0.2749606966972351,0.26053586602211,0.2307255119085312,0.004496945533901453,0.09731770833333334,0.5225707292556763,0.8462132533147002,0.20323442647319417,1.0,0.0,0.30989583333333326,0.546484375,0.5576041666666667,0.06895833333333333,0.0016927083333333334,0.009817708333333333,0.8337830305099487,0.18749980628490448,0.5175691246986389,0.9208965301513672,0.0,0.3808058500289917,0.0,0.43993377685546875,1.0,0.9084266424179077,0.09157335758209229
13,460,0.27890777587890625,0.26277485489845276,0.24113555252552032,0.004711055662482977,0.1029296875,0.5522679686546326,0.8518252929263725,0.19697143559503122,1.0,0.0,0.3110795454545454,0.5466619318181818,0.5543359375,0.06993489583333333,0.0012630208333333332,0.00984375,0.8334063291549683,0.18758520483970642,0.5178354978561401,0.9208965301513672,0.0,0.3825814127922058,0.0,0.44016018509864807,1.0,0.9113773703575134,0.08862262964248657
13,470,0.2782479524612427,0.2640707790851593,0.2467244565486908,0.004674495663493872,0.10083333333333333,0.5239938497543335,0.8502563072658247,0.19926228498833048,1.0,0.0,0.32173295454545453,0.5482599431818181,0.544921875,0.0799609375,0.0009635416666666667,0.010078125,0.8476541042327881,0.17959941923618317,0.5342329740524292,0.9523810148239136,0.0,0.3869498372077942,0.0,0.45409804582595825,1.0,0.9149253368377686,0.08507466316223145
13,480,0.35969364643096924,0.24650613963603973,0.224776029586792,0.007525739725679159,0.15946614583333332,0.5433632135391235,0.9538993665392241,0.058041577638508,1.0,0.0,0.3637547348484848,0.5545632102272727,0.6331770833333333,0.0485546875,0.013046875,0.011002604166666667,0.843934178352356,0.1864197999238968,0.5317023992538452,0.9523810148239136,0.0,0.3700791597366333,0.0,0.45194706320762634,1.0,0.9183208346366882,0.08167916536331177
13,490,0.2771846055984497,0.26399698853492737,0.25511693954467773,0.0025248441379517317,0.0773828125,0.49396052956581116,0.7906454634585445,0.26223266614802154,1.0,0.0,0.4572679924242423,0.5685901988636364,0.5681640625,0.11903645833333333,0.0035286458333333333,0.013059895833333333,0.8410197496414185,0.18847966194152832,0.5291886329650879,0.9523810148239136,0.0,0.3533211946487427,0.0,0.44981035590171814,1.0,0.9217377305030823,0.07826226949691772
13,500,0.371583491563797,0.24633771181106567,0.1903262883424759,0.00651619303971529,0.10973958333333333,0.5946604609489441,0.9293769016752882,0.0836945719598997,1.0,0.0,0.2950994318181818,0.5442649147727273,0.6761328125,0.12157552083333334,0.005598958333333333,0.0094921875,0.8259952068328857,0.19924861192703247,0.5287997722625732,0.9523810148239136,0.0,0.35072827339172363,0.0,0.4494798183441162,1.0,0.932785153388977,0.06721484661102295
13,510,0.34401988983154297,0.2603793740272522,0.19174747169017792,0.003812634851783514,0.10744791666666667,0.6120128631591797,0.8450194970397202,0.18976595980334815,1.0,0.0,0.2726089015151515,0.5408913352272727,0.5497786458333334,0.004114583333333333,2.604166666666667e-05,0.008997395833333333,0.8351736664772034,0.18606682121753693,0.5283938646316528,0.9523810148239136,0.0,0.3480226397514343,0.0,0.44913479685783386,1.0,0.9347832798957825,0.06521672010421753
13,520,0.33704662322998047,0.27943843603134155,0.20586007833480835,0.003731194417923689,0.10962239583333333,0.634023129940033,0.8329191452064892,0.2120796290267168,1.0,0.0,0.30989583333333326,0.546484375,0.48994791666666665,0.009674479166666666,0.0,0.009817708333333333,0.8322802782058716,0.18926529586315155,0.5269607305526733,0.9523810148239136,0.0,0.33846840262413025,0.0,0.4479166269302368,1.0,0.9372800588607788,0.06271994113922119
13,530,0.40606242418289185,0.2651619017124176,0.18467549979686737,0.005389869213104248,0.12493489583333334,0.6064664721488953,0.8992127110189216,0.11792520607066993,1.0,0.0,0.2441998106060606,0.5366299715909091,0.5381380208333333,0.021393229166666666,0.0005338541666666666,0.008372395833333334,0.8732954859733582,0.14721249043941498,0.5511929988861084,1.0,0.0,0.3412867784500122,0.0,0.4685140550136566,1.0,0.9408106803894043,0.0591893196105957
13,540,0.3917407691478729,0.270671546459198,0.17918649315834045,0.006303671281784773,0.146015625,0.5260782241821289,0.9197853736945192,0.09519993551469189,1.0,0.0,0.37144886363636354,0.5557173295454545,0.5839583333333334,0.07572916666666667,0.020911458333333334,0.011171875,0.8847776055335999,0.13231277465820312,0.5521907806396484,1.0,0.0,0.34793809056282043,0.0,0.46936216950416565,1.0,0.9481290578842163,0.05187094211578369
13,550,0.3917030990123749,0.28171440958976746,0.21448996663093567,0.006201774347573519,0.11846354166666667,0.5327645540237427,0.9167225282275822,0.10171800769592931,1.0,0.0,0.4318181818181818,0.5647727272727273,0.5669401041666666,0.08197916666666667,0.0209765625,0.0125,0.8909366130828857,0.12295424193143845,0.5529052019119263,1.0,0.0,0.3527011275291443,0.0,0.46996942162513733,1.0,0.9504122734069824,0.04958772659301758
13,560,0.3942664563655853,0.2709450423717499,0.1755058318376541,0.006223163567483425,0.143984375,0.5124478936195374,0.9115354880510096,0.09737666122171128,1.0,0.0,0.31344696969696967,0.5470170454545454,0.6171223958333333,0.04221354166666667,0.013229166666666667,0.009895833333333333,0.8978301286697388,0.113276407122612,0.5542452931404114,1.0,0.0,0.36163532733917236,0.0,0.4711085259914398,1.0,0.9526652693748474,0.04733473062515259
13,570,0.37386763095855713,0.2595770061016083,0.17793625593185425,0.005032740533351898,0.13700520833333332,0.5257965922355652,0.884591410865579,0.1319078936308703,1.0,0.0,0.3631628787878788,0.5544744318181818,0.6361848958333334,0.07572916666666667,0.022994791666666667,0.010989583333333334,0.9048860669136047,0.10389682650566101,0.5558179616928101,1.0,0.0,0.37211963534355164,0.0,0.4724452793598175,1.0,0.9564441442489624,0.0435558557510376
13,580,0.7087873816490173,0.320893794298172,0.3168148696422577,0.008484943769872189,0.06166666666666667,0.35556289553642273,0.8748501214746301,0.19323732220006096,1.0,0.0,0.0,0.5,0.40921875,0.1468359375,0.005481770833333333,0.0016015625,0.9120166897773743,0.09440813958644867,0.5564436316490173,1.0,0.0,0.37629082798957825,0.1639130711555481,0.4729771018028259,1.0,0.9585056304931641,0.04149436950683594
13,590,0.7541866302490234,0.1999608278274536,0.1581469476222992,0.011394081637263298,0.07791666666666666,0.5503882169723511,0.9329906487464904,0.05486756184162244,1.0,0.0,0.0,0.5,0.3780338541666667,0.5443229166666667,0.0064453125,0.002734375,0.9141069650650024,0.09185424447059631,0.5572172403335571,1.0,0.0,0.3814483880996704,0.0,0.47363466024398804,1.0,0.9604110717773438,0.03958892822265625
13,600,0.38554733991622925,0.17550025880336761,0.11206880956888199,0.005339730530977249,0.058307291666666664,0.5384220480918884,0.6777655744999926,0.23958972923602073,1.0,0.0,0.31344696969696967,0.5470170454545454,0.8369401041666666,0.8613802083333333,0.009713541666666667,0.009895833333333333,0.9239101409912109,0.07969930768013,0.5573483109474182,1.0,0.0,0.38232213258743286,0.0,0.47374609112739563,1.0,0.9622113704681396,0.03778862953186035
13,610,0.41194579005241394,0.3020819425582886,0.22265149652957916,0.011201069690287113,0.1998828125,0.567752480506897,0.9969292534722222,0.006141493055555558,1.0,0.0,0.9431818181818181,0.6414772727272727,0.5559895833333334,0.2703515625,0.00484375,0.02375,0.9255564212799072,0.07606790214776993,0.5582191944122314,1.0,0.0,0.3881279230117798,0.0,0.4744863212108612,1.0,0.9639394283294678,0.03606057167053223
13,620,0.32493045926094055,0.2369142770767212,0.16417548060417175,0.00620637834072113,0.15436197916666666,0.5925055146217346,0.8982692190943248,0.08517139205118504,1.0,0.0,0.6265388257575758,0.5939808238636364,0.7603385416666667,0.18592447916666666,0.0035807291666666665,0.016783854166666667,0.9327539205551147,0.0673966333270073,0.5595593452453613,1.0,0.0,0.39706215262413025,0.0,0.4756254553794861,1.0,0.9657108783721924,0.03428912162780762
13,630,0.35146352648735046,0.1892278641462326,0.15625031292438507,0.009894199669361115,0.22662760416666666,0.5155996680259705,0.9382639501645015,0.02693033963441853,1.0,0.0,0.33179450757575757,0.5497691761363637,0.8479166666666667,0.20838541666666666,0.009453125,0.010299479166666667,0.9405619502067566,0.05759397894144058,0.5605993270874023,1.0,0.0,0.4039953052997589,0.0,0.4765094518661499,1.0,0.9706259965896606,0.029374003410339355
13,640,0.3692793846130371,0.2474733144044876,0.18910720944404602,0.008648564107716084,0.18813802083333334,0.4797463119029999,0.9905712321582364,0.010714508911094989,1.0,0.0,0.4282670454545454,0.5642400568181818,0.7556770833333334,0.0727734375,0.0091796875,0.012421875,0.9452660083770752,0.05216905474662781,0.562028169631958,1.0,0.0,0.4135213792324066,0.0,0.47772395610809326,1.0,0.9727175235748291,0.0272824764251709
13,650,0.3814865052700043,0.19999447464942932,0.16941294074058533,0.008476425893604755,0.2177734375,0.5044355392456055,0.9680252773036541,0.015976438571403673,1.0,0.0,0.3980823863636363,0.5597123579545454,0.82875,0.045885416666666665,0.008072916666666667,0.0117578125,0.9489684104919434,0.04787050932645798,0.5631569623947144,1.0,0.0,0.4210463762283325,0.0,0.4786834418773651,1.0,0.9739134311676025,0.02608656883239746
13,660,0.35705870389938354,0.2076776772737503,0.17466847598552704,0.011111246421933174,0.24397135416666665,0.43700769543647766,0.9909774208985841,0.0,1.0,0.0,0.4975142045454544,0.5746271306818181,0.8241145833333333,0.11533854166666667,0.019205729166666668,0.0139453125,0.9528250694274902,0.04324463754892349,0.563194990158081,1.0,0.0,0.4213000535964966,0.0,0.4787157475948334,1.0,0.9751163721084595,0.024883627891540527
13,670,0.36179324984550476,0.22425159811973572,0.19232845306396484,0.011933221481740475,0.22583333333333333,0.43003377318382263,0.9999999999999999,0.0,1.0,0.0,0.53125,0.5796875,0.8141276041666666,0.17321614583333333,0.02984375,0.0146875,0.9548991918563843,0.03877072036266327,0.564429521560669,1.0,0.0,0.42952966690063477,0.0,0.4797651171684265,1.0,0.976311445236206,0.023688554763793945
13,680,0.34371817111968994,0.22090433537960052,0.19639216363430023,0.010232397355139256,0.21434895833333334,0.5225266814231873,0.9999999999999999,0.0,1.0,0.0,0.4093276515151515,0.5613991477272727,0.7918229166666667,0.05084635416666667,0.0091796875,0.012005208333333333,0.9603080749511719,0.03266279771924019,0.565203070640564,1.0,0.0,0.4346872866153717,0.0,0.48042261600494385,1.0,0.9774065017700195,0.02259349822998047
13,690,0.34874510765075684,0.24059510231018066,0.1933889389038086,0.01281342189759016,0.20299479166666667,0.4598391652107239,0.9977951388888888,0.004409722222222227,1.0,0.0,0.4720643939393939,0.5708096590909091,0.7429817708333334,0.11805989583333333,0.011848958333333333,0.013385416666666667,0.9647483825683594,0.02356952615082264,0.569145679473877,1.0,0.0,0.46097132563591003,0.0,0.4837738275527954,1.0,0.978512704372406,0.021487295627593994
13,700,0.3279094099998474,0.23314164578914642,0.20226579904556274,0.011801102198660374,0.21161458333333333,0.461813747882843,0.9965104166666666,0.006979166666666667,1.0,0.0,0.4756155303030302,0.5713423295454545,0.7407291666666667,0.10934895833333333,0.015182291666666667,0.013463541666666667,0.9678971767425537,0.02104090340435505,0.5727881789207458,1.0,0.0,0.48525434732437134,0.0,0.4868699610233307,1.0,0.9796261191368103,0.020373880863189697
13,710,0.3388182520866394,0.20962654054164886,0.1608952432870865,0.009804513305425644,0.21002604166666666,0.49564453959465027,0.9639514253384028,0.007434895833333336,1.0,0.0,0.4170217803030302,0.5625532670454545,0.7658333333333334,0.03380208333333334,0.0011848958333333334,0.012174479166666667,0.9832416772842407,0.0096318693831563,0.5737900733947754,1.0,0.0,0.4919338524341583,0.0,0.4877215623855591,1.0,0.9808367490768433,0.01916325092315674
13,720,0.33243587613105774,0.22815155982971191,0.1987392157316208,0.009819824248552322,0.20239583333333333,0.493583083152771,0.9961653645833333,0.007669270833333335,1.0,0.0,0.4602272727272726,0.5690340909090909,0.7437760416666667,0.0591796875,0.009375,0.013125,0.9830367565155029,0.009339417330920696,0.5703150033950806,1.0,0.0,0.4687669277191162,0.0,0.48476776480674744,1.0,0.9819522500038147,0.018047749996185303
13,730,0.34945982694625854,0.22916646301746368,0.19566281139850616,0.00968400202691555,0.2049609375,0.4893874526023865,0.9968880208333333,0.006223958333333335,1.0,0.0,0.4554924242424242,0.5683238636363637,0.7444791666666667,0.07444010416666667,0.0035546875,0.013020833333333334,0.9861539602279663,0.0054673077538609505,0.5685395002365112,1.0,0.0,0.4569298028945923,0.0,0.48325857520103455,1.0,0.9830770492553711,0.016922950744628906
13,740,0.3432786166667938,0.23025423288345337,0.19587312638759613,0.01096934825181961,0.20985677083333334,0.4986545741558075,0.9979991319444443,0.004001736111111117,1.0,0.0,0.444247159090909,0.5666370738636364,0.7454817708333333,0.05897135416666666,0.009921875,0.0127734375,0.9887979030609131,0.004184911027550697,0.5690551996231079,1.0,0.0,0.46036818623542786,0.0,0.48369693756103516,1.0,0.9838423132896423,0.016157686710357666
13,750,0.3452092111110687,0.23901981115341187,0.20960840582847595,0.013689011335372925,0.22955729166666666,0.48391592502593994,0.9975347222222222,0.0049305555555555595,1.0,0.0,0.5294744318181818,0.5794211647727272,0.7286197916666667,0.0891015625,0.0140234375,0.0146484375,0.9860804677009583,0.004763399250805378,0.5693933963775635,1.0,0.0,0.46262288093566895,0.0,0.48398441076278687,1.0,0.984491765499115,0.01550823450088501
13,760,0.3432166576385498,0.23018307983875275,0.19389086961746216,0.011855258606374264,0.213984375,0.46496546268463135,0.997712673611111,0.004574652777777781,1.0,0.0,0.4371448863636363,0.5655717329545454,0.7425911458333333,0.06944010416666667,0.007122395833333333,0.0126171875,0.9873693585395813,0.00426819920539856,0.5713212490081787,1.0,0.0,0.47547462582588196,0.0,0.4856230616569519,1.0,0.9850806593894958,0.01491934061050415
13,770,0.349714994430542,0.2165021002292633,0.15447470545768738,0.010609564371407032,0.2194921875,0.4825933277606964,0.9550911081142913,0.0034244791666666707,1.0,0.0,0.4862689393939394,0.572940340909091,0.7602604166666667,0.06752604166666666,0.0077473958333333336,0.013697916666666667,0.985785722732544,0.00426819920539856,0.5705137252807617,1.0,0.0,0.4700915217399597,0.0,0.4849366843700409,1.0,0.9855895042419434,0.01441049575805664
13,780,0.3473679721355438,0.22818711400032043,0.1933337301015854,0.013434691354632378,0.226171875,0.5117133855819702,0.9981792534722221,0.003641493055555556,1.0,0.0,0.4714725378787878,0.5707208806818181,0.7419270833333333,0.06661458333333334,0.0073046875,0.013372395833333333,0.9793961048126221,0.005314418114721775,0.5697147250175476,1.0,0.0,0.4647648334503174,0.0,0.4842575192451477,1.0,0.986042857170105,0.01395714282989502
13,790,0.329738974571228,0.20205537974834442,0.16182060539722443,0.010433602146804333,0.2134765625,0.503271222114563,0.9680955477555593,0.0022786458333333335,1.0,0.0,0.551964962121212,0.5827947443181818,0.7816015625,0.06067708333333333,0.009166666666666667,0.015143229166666666,0.9754797220230103,0.005314418114721775,0.5695075988769531,1.0,0.0,0.46338385343551636,0.0,0.4840814769268036,1.0,0.9868555068969727,0.013144493103027344
13,800,0.3550693988800049,0.24510261416435242,0.19695694744586945,0.009974341839551926,0.21287760416666668,0.5157771706581116,0.9991167534722222,0.0017664930555555591,1.0,0.0,0.5099431818181818,0.5764914772727272,0.7215104166666667,0.05903645833333333,0.004322916666666667,0.01421875,0.9724584817886353,0.005265611689537764,0.5686747431755066,1.0,0.0,0.45783165097236633,0.0,0.4833735525608063,1.0,0.9872605800628662,0.012739419937133789
13,810,0.36136317253112793,0.22964155673980713,0.20737607777118683,0.011097966693341732,0.22615885416666667,0.4845377206802368,0.9999999999999999,0.0,1.0,0.0,0.453716856060606,0.568057528409091,0.7643359375,0.094296875,0.0194921875,0.012981770833333333,0.9696058630943298,0.004933270625770092,0.5685901641845703,1.0,0.0,0.45726799964904785,0.0,0.48330163955688477,1.0,0.9881210923194885,0.011878907680511475
13,820,0.35929861664772034,0.22356285154819489,0.17564180493354797,0.010547066107392311,0.19674479166666667,0.5614187717437744,0.9926245929644658,0.0,1.0,0.0,0.45667613636363635,0.5685014204545454,0.7536848958333333,0.046614583333333334,0.005416666666666667,0.013046875,0.9691588878631592,0.0045792278833687305,0.5686155557632446,1.0,0.0,0.45743709802627563,0.0,0.48332324624061584,1.0,0.9884271621704102,0.011572837829589844
13,830,0.37135306000709534,0.21993529796600342,0.16057360172271729,0.008873486891388893,0.194453125,0.5523772239685059,0.9637303026280527,0.00385710696985081,1.0,0.0,0.3779592803030303,0.5566938920454545,0.7548697916666667,0.07345052083333334,0.003203125,0.011315104166666666,0.9649731516838074,0.0042140246368944645,0.5681548118591309,1.0,0.0,0.454365074634552,0.0,0.48293161392211914,1.0,0.988681435585022,0.011318564414978027
13,840,0.3602650761604309,0.21790415048599243,0.1763286590576172,0.009629052132368088,0.17319010416666666,0.578472912311554,0.9937869614821214,0.0,1.0,0.0,0.4040009469696969,0.5606001420454545,0.7775390625,0.08921875,0.0041015625,0.011888020833333334,0.9651213884353638,0.003917645663022995,0.567423403263092,1.0,0.0,0.4494892954826355,0.0,0.48230990767478943,1.0,0.9887280464172363,0.011271953582763672
13,850,0.3355991244316101,0.2095339596271515,0.1525961011648178,0.00825010146945715,0.19259114583333334,0.5575297474861145,0.9335049423337766,0.022862760077525912,1.0,0.0,0.4756155303030302,0.5713423295454545,0.7882421875,0.0853515625,0.011380208333333334,0.013463541666666667,0.961406409740448,0.004567563533782959,0.5670852065086365,1.0,0.0,0.4472346305847168,0.0,0.4820224344730377,1.0,0.9884995818138123,0.011500418186187744
13,860,0.3134519159793854,0.23903045058250427,0.18246755003929138,0.008817066438496113,0.21180989583333334,0.5061790943145752,0.9950920263986761,0.005577242728777021,1.0,0.0,0.66796875,0.6001953125,0.73828125,0.09747395833333333,0.007252604166666667,0.0176953125,0.9580634832382202,0.004965712316334248,0.5661762952804565,1.0,0.0,0.4411751627922058,0.0,0.4812498688697815,1.0,0.9881554245948792,0.01184457540512085
13,870,0.3378036916255951,0.20654933154582977,0.15501733124256134,0.011564095504581928,0.22393229166666667,0.585160493850708,0.9577216374874115,0.0,1.0,0.0,0.38446969696969685,0.5576704545454545,0.8098177083333333,0.10610677083333334,0.00859375,0.011458333333333333,0.9562603235244751,0.004747871309518814,0.5653518438339233,1.0,0.0,0.4356793463230133,0.0,0.48054906725883484,1.0,0.9877060651779175,0.01229393482208252
13,880,0.35540512204170227,0.1912117600440979,0.11109699308872223,0.011321360245347023,0.235234375,0.6408047080039978,0.8658184314691103,0.021970599889755277,1.0,0.0,0.41938920454545453,0.5629083806818181,0.8206380208333334,0.06576822916666666,0.0036197916666666666,0.0122265625,0.957343578338623,0.004819825757294893,0.56382155418396,1.0,0.0,0.4254768490791321,0.0,0.4792483448982239,1.0,0.9871660470962524,0.012833952903747559
13,890,0.3624823987483978,0.21923278272151947,0.13139991462230682,0.009385667741298676,0.1816015625,0.6410694122314453,0.9177537016685192,0.0,1.0,0.0,0.3803267045454546,0.5570490056818181,0.7703645833333334,0.08704427083333334,0.0017708333333333332,0.0113671875,0.9531390070915222,0.0058998288586735725,0.562536358833313,1.0,0.0,0.41690903902053833,0.0,0.4781559109687805,1.0,0.9865334033966064,0.013466596603393555
13,900,0.3532070815563202,0.19864608347415924,0.1428077220916748,0.011905384249985218,0.2192578125,0.6013116836547852,0.9343513889496143,0.0033847913146019147,1.0,0.0,0.35546874999999994,0.5533203125,0.8457161458333333,0.09703125,0.0039713541666666664,0.0108203125,0.9507037401199341,0.006197590846568346,0.5610101819038391,1.0,0.0,0.40673476457595825,0.0,0.4768586754798889,1.0,0.985832691192627,0.014167308807373047
13,910,0.3257160484790802,0.20062488317489624,0.1425388753414154,0.010853308252990246,0.19618489583333334,0.5535789132118225,0.93660425057778,0.0,1.0,0.0,0.46377840909090906,0.5695667613636364,0.8427213541666667,0.08372395833333333,0.007057291666666667,0.013203125,0.9472802877426147,0.006113471928983927,0.5595390200614929,1.0,0.0,0.3969268798828125,0.0,0.4756081700325012,1.0,0.9850612878799438,0.014938712120056152
13,920,0.37496858835220337,0.20749032497406006,0.15315218269824982,0.014178849756717682,0.24231770833333333,0.615452229976654,0.9545652322585766,0.0,1.0,0.0,0.4205729166666667,0.5630859375,0.8067578125,0.0573046875,0.00359375,0.012252604166666667,0.9461349248886108,0.006113471928983927,0.5587696433067322,1.0,0.0,0.3917974829673767,0.0,0.474954217672348,1.0,0.984148383140564,0.015851616859436035
13,930,0.36109858751296997,0.2143925577402115,0.12579303979873657,0.009676988236606121,0.18915364583333333,0.5796975493431091,0.908265144274785,0.0,1.0,0.0,0.39571496212121204,0.5593572443181818,0.8176041666666667,0.07358072916666666,0.0026171875,0.011705729166666666,0.9434909224510193,0.006113471928983927,0.5585582256317139,1.0,0.0,0.39038828015327454,0.0,0.4747745096683502,1.0,0.9831840991973877,0.016815900802612305
13,940,0.39046579599380493,0.22832973301410675,0.18426288664340973,0.011688243597745895,0.21212239583333334,0.5775745511054993,0.9999999999999999,0.0,1.0,0.0,0.35310132575757575,0.5529651988636364,0.7865364583333333,0.0607421875,0.0011848958333333334,0.010768229166666667,0.9422745704650879,0.0059298002161085606,0.5584948062896729,1.0,0.0,0.3899655342102051,0.0,0.4747205972671509,1.0,0.9808578491210938,0.01914215087890625
13,950,0.3798102140426636,0.19293999671936035,0.14106154441833496,0.014393730089068413,0.2385546875,0.5598167181015015,0.9199841455312875,0.01765000820159913,1.0,0.0,0.3968986742424242,0.5595348011363637,0.8381901041666666,0.043580729166666665,0.002864583333333333,0.011731770833333334,0.9407479763031006,0.0059298002161085606,0.5583891272544861,1.0,0.0,0.3892609477043152,0.0,0.47463077306747437,1.0,0.9777142405509949,0.022285759449005127
13,960,0.3835785984992981,0.19468332827091217,0.14334434270858765,0.01616727188229561,0.2580859375,0.5681374669075012,0.9273340057409726,0.013291679322719595,1.0,0.0,0.4022253787878788,0.5603338068181818,0.8333333333333334,0.03846354166666666,0.0025130208333333333,0.011848958333333333,0.9402992725372314,0.004924209788441658,0.5579240918159485,1.0,0.0,0.3861607313156128,0.0,0.47423550486564636,1.0,0.9755677580833435,0.024432241916656494
13,970,0.3939422070980072,0.22942917048931122,0.15627264976501465,0.012792232446372509,0.21798177083333334,0.5616937279701233,0.9598460226792555,0.0,1.0,0.0,0.32173295454545453,0.5482599431818181,0.8042838541666667,0.07610677083333334,0.00171875,0.010078125,0.9378227591514587,0.004658627323806286,0.5563387870788574,1.0,0.0,0.37559184432029724,0.0,0.4728879928588867,1.0,0.9743140935897827,0.025685906410217285
13,980,0.4099157452583313,0.19802579283714294,0.1692390739917755,0.011366481892764568,0.2230078125,0.5923090577125549,0.9778407878142136,0.004935517907142667,1.0,0.0,0.2720170454545454,0.5408025568181818,0.8486848958333333,0.07157552083333334,0.0034895833333333333,0.008984375,0.9395415782928467,0.004658627323806286,0.5565966367721558,1.0,0.0,0.3773110806941986,0.0,0.47310715913772583,1.0,0.973227322101593,0.026772677898406982
13,990,0.39165934920310974,0.18947137892246246,0.1391918659210205,0.015496646985411644,0.24875,0.5317456126213074,0.9098828386343442,0.02632155269384387,1.0,0.0,0.29154829545454547,0.5437322443181818,0.8752994791666666,0.19548177083333335,0.0030989583333333333,0.0094140625,0.9454863667488098,0.003612407948821783,0.5562922954559326,1.0,0.0,0.37528184056282043,0.0,0.47284847497940063,1.0,0.9721498489379883,0.02785015106201172
13,1000,0.39440128207206726,0.19658733904361725,0.13496080040931702,0.01293918862938881,0.24651041666666668,0.5705533623695374,0.9169544941645401,0.008531652390956889,1.0,0.0,0.3383049242424242,0.5507457386363637,0.8334375,0.11104166666666666,0.0034505208333333332,0.010442708333333333,0.945335328578949,0.003819962963461876,0.5553368330001831,1.0,0.0,0.36891233921051025,0.0,0.47203633189201355,1.0,0.9710327386856079,0.02896726131439209
13,1010,0.40389424562454224,0.20074835419654846,0.13699586689472198,0.013470368459820747,0.23670572916666666,0.5728173851966858,0.927223774744914,0.0,1.0,0.0,0.3039772727272727,0.545596590909091,0.8345963541666667,0.1590234375,0.002447916666666667,0.0096875,0.9459210634231567,0.005646520759910345,0.5533372163772583,1.0,0.0,0.35558149218559265,0.0,0.4703366458415985,1.0,0.9699232578277588,0.03007674217224121
13,1020,0.3929847776889801,0.20099905133247375,0.16578710079193115,0.014469882473349571,0.24337239583333334,0.5543659925460815,0.9759474013401911,0.0,1.0,0.0,0.34599905303030304,0.5518998579545454,0.8400130208333333,0.15397135416666666,0.0021875,0.010611979166666667,0.9475855231285095,0.005646521225571632,0.5515996813774109,1.0,0.0,0.3439980149269104,0.0,0.4688597321510315,1.0,0.968825101852417,0.031174898147583008
13,1030,0.3784204125404358,0.2022436559200287,0.14283284544944763,0.0140242213383317,0.24247395833333332,0.563811719417572,0.9371017384529113,0.0,1.0,0.0,0.42708333333333326,0.5640625,0.8181770833333334,0.0928125,0.0025390625,0.012395833333333333,0.9497491121292114,0.005646521225571632,0.5522211790084839,1.0,0.0,0.34814101457595825,0.0,0.4693880081176758,1.0,0.9676756858825684,0.03232431411743164
13,1040,0.3878397047519684,0.20774129033088684,0.14347398281097412,0.011299454607069492,0.24330729166666668,0.5864183306694031,0.9381867401416485,0.0,1.0,0.0,0.3690814393939394,0.555362215909091,0.789375,0.07979166666666666,0.002109375,0.011119791666666667,0.9324446320533752,0.018205568194389343,0.5511600375175476,1.0,0.0,0.3410669267177582,0.0,0.4684860408306122,1.0,0.9664531946182251,0.0335468053817749
13,1050,0.37315478920936584,0.2056938111782074,0.15738539397716522,0.012367099523544312,0.2328125,0.5834717750549316,0.9617291282690489,0.0,1.0,0.0,0.38920454545454547,0.5583806818181818,0.7979817708333333,0.05712239583333333,0.0024609375,0.0115625,0.9036129713058472,0.04169215261936188,0.550521731376648,1.0,0.0,0.3368111848831177,0.0,0.4679434895515442,1.0,0.9653223156929016,0.03467768430709839
13,1060,0.3766986131668091,0.1993018537759781,0.13596418499946594,0.012081233784556389,0.23279947916666666,0.5763632655143738,0.9240815590895138,0.0017453655600547901,1.0,0.0,0.41051136363636365,0.5615767045454545,0.8087369791666666,0.044609375,0.002109375,0.01203125,0.895275890827179,0.05474315583705902,0.5504286885261536,1.0,0.0,0.33619117736816406,0.0,0.46786439418792725,1.0,0.9644487500190735,0.035551249980926514
13,1070,0.35483717918395996,0.20658428966999054,0.1463683396577835,0.01095601450651884,0.20033854166666668,0.5604503750801086,0.9430848824977874,0.0,1.0,0.0,0.4460227272727271,0.5669034090909091,0.80265625,0.0630859375,0.002486979166666667,0.0128125,0.888190507888794,0.0658828392624855,0.5511600375175476,1.0,0.0,0.3410668969154358,0.0,0.4684860408306122,1.0,0.9636664986610413,0.03633350133895874
13,1080,0.3741178512573242,0.22125476598739624,0.17634692788124084,0.016893131658434868,0.23477864583333333,0.5036255121231079,0.9938178779528691,0.0,1.0,0.0,0.4205729166666667,0.5630859375,0.79984375,0.128125,0.0047786458333333335,0.012252604166666667,0.880779504776001,0.07489672303199768,0.5538065433502197,1.0,0.0,0.3587098717689514,0.0,0.4707355797290802,1.0,0.9621216058731079,0.03787839412689209
13,1090,0.3939445912837982,0.21107375621795654,0.17447970807552338,0.014920085668563843,0.2303515625,0.5371014475822449,0.9906579675124242,0.0,1.0,0.0,0.3767755681818181,0.5565163352272727,0.8395442708333334,0.10739583333333333,0.0029296875,0.0112890625,0.8765484094619751,0.08265542984008789,0.556245744228363,1.0,0.0,0.37497180700302124,0.0,0.4728088974952698,1.0,0.9614980220794678,0.03850197792053223
13,1100,0.3969613015651703,0.19825653731822968,0.13158634305000305,0.010977021418511868,0.20122395833333334,0.5692706108093262,0.9145822705672336,0.004358656704425845,1.0,0.0,0.24656723484848483,0.5369850852272727,0.8466796875,0.12233072916666667,0.00328125,0.008424479166666667,0.8759860992431641,0.08894932270050049,0.5604944229125977,1.0,0.0,0.4032963514328003,0.0,0.4764202833175659,1.0,0.9609247446060181,0.039075255393981934
13,1110,0.44232746958732605,0.18330299854278564,0.1682090014219284,0.0200706385076046,0.2569401041666667,0.5411413311958313,0.9466519994919117,0.04174250364303591,1.0,0.0,0.07552083333333333,0.511328125,0.8946484375,0.23313802083333332,0.010286458333333333,0.004661458333333333,0.8741666078567505,0.0970531702041626,0.562768816947937,1.0,0.0,0.4184591472148895,0.0694621354341507,0.47835350036621094,0.9988142848014832,0.9604142308235168,0.039585769176483154
13,1120,0.4106738269329071,0.2459060549736023,0.16319340467453003,0.012544343248009682,0.19967447916666667,0.5599862933158875,0.9715580694492046,0.0,1.0,0.0,0.22052556818181812,0.5330788352272727,0.778203125,0.2047265625,0.004453125,0.0078515625,0.8710147738456726,0.10335880517959595,0.5640667080879211,1.0,0.0,0.42711153626441956,0.0,0.47945672273635864,1.0,0.959980309009552,0.040019690990448
13,1130,0.39195236563682556,0.2778246998786926,0.20190756022930145,0.009191240184009075,0.16790364583333334,0.511332094669342,0.9999999999999999,0.0,1.0,0.0,0.5075757575757575,0.5761363636363637,0.72890625,0.33924479166666666,0.002864583333333333,0.014166666666666666,0.8660115003585815,0.1121349111199379,0.5662269592285156,1.0,0.0,0.4415133595466614,0.0,0.4812929332256317,1.0,0.9596091508865356,0.040390849113464355
13,1140,0.4586406350135803,0.20775973796844482,0.040973566472530365,0.005331092048436403,0.030638020833333335,0.4743860363960266,0.544871172687881,0.26373996256330545,1.0,0.0,0.2471590909090909,0.5370738636363637,0.7803385416666667,0.8405859375,0.0012890625,0.0084375,0.8614298105239868,0.11931062489748001,0.5672458410263062,1.0,0.0,0.448305606842041,0.0,0.48215898871421814,1.0,0.9592547416687012,0.04074525833129883
13,1150,0.24083590507507324,0.14466142654418945,0.07289472222328186,0.0035701252054423094,0.020533854166666667,0.6759898662567139,0.3945356358586577,0.4932183199651595,1.0,0.0,0.2637310606060606,0.5395596590909091,0.8075260416666666,0.6088411458333334,5.208333333333334e-05,0.008802083333333334,0.8598974943161011,0.12607133388519287,0.5697908401489258,1.0,0.0,0.4652721583843231,0.0,0.4843222200870514,1.0,0.9590097069740295,0.04099029302597046
13,1160,0.28177598118782043,0.21299098432064056,0.2038888931274414,0.0038774001877754927,0.039466145833333334,0.5385691523551941,0.7449044727390465,0.29172102760325913,1.0,0.0,0.3838778409090909,0.5575816761363637,0.73671875,0.6431119791666666,0.0003385416666666667,0.0114453125,0.8549041748046875,0.1338467001914978,0.5722343325614929,1.0,0.0,0.4815622866153717,0.0,0.48639920353889465,1.0,0.9588176608085632,0.04118233919143677
13,1170,0.15899020433425903,0.20856106281280518,0.1510457694530487,0.005847386550158262,0.06998697916666667,0.5831224322319031,0.7785401158836707,0.24722503775314866,1.0,0.0,0.5046164772727272,0.5756924715909091,0.42494791666666665,0.049518229166666664,0.018580729166666667,0.0141015625,0.8579195737838745,0.13496315479278564,0.571570634841919,1.0,0.0,0.4771374464035034,0.0,0.4858350455760956,1.0,0.9586864709854126,0.0413135290145874
13,1180,0.19297681748867035,0.23402699828147888,0.1394091248512268,0.006199507508426905,0.08861979166666667,0.5515602231025696,0.8042172902012824,0.18929145892329902,1.0,0.0,0.6922348484848485,0.6038352272727273,0.4496875,0.07391927083333333,0.0220703125,0.018229166666666668,0.8601837754249573,0.13585519790649414,0.5742466449737549,1.0,0.0,0.4949776828289032,0.0,0.48810964822769165,1.0,0.9585763216018677,0.041423678398132324
13,1190,0.2122238725423813,0.2460242211818695,0.18073758482933044,0.006662731524556875,0.0955859375,0.5154687166213989,0.8889876754725285,0.16786842828248008,1.0,0.0,0.6135179924242424,0.5920276988636364,0.45826822916666665,0.07502604166666667,0.03139322916666667,0.016497395833333334,0.8558498620986938,0.13819122314453125,0.5740183591842651,1.0,0.0,0.49345576763153076,0.0,0.48791560530662537,1.0,0.958443820476532,0.04155617952346802
13,1200,0.20868392288684845,0.2512609362602234,0.20026536285877228,0.007042267359793186,0.096015625,0.5416451692581177,0.8980722539449935,0.1584933943491237,1.0,0.0,0.8863636363636362,0.6329545454545454,0.44126302083333335,0.08884114583333333,0.0473046875,0.0225,0.8473869562149048,0.14313146471977234,0.573887288570404,1.0,0.0,0.4925820827484131,0.0,0.48780420422554016,1.0,0.9583064317703247,0.04169356822967529
13,1210,0.2158728539943695,0.25228169560432434,0.19869881868362427,0.006246828008443117,0.08953125,0.534775972366333,0.8787472572048425,0.17871247602985074,1.0,0.0,0.6567234848484849,0.5985085227272727,0.45147135416666667,0.0946875,0.045078125,0.017447916666666667,0.8472416996955872,0.14709365367889404,0.5753204822540283,1.0,0.0,0.5021363496780396,0.0,0.489022433757782,1.0,0.9582368731498718,0.041763126850128174
13,1220,0.21554066240787506,0.232208251953125,0.14844919741153717,0.007328657899051905,0.0897265625,0.5619513988494873,0.8610341116403145,0.13241822546928478,1.0,0.0,0.48567708333333326,0.5728515625,0.534609375,0.050703125,0.017434895833333332,0.013684895833333334,0.8469507694244385,0.14852091670036316,0.5768592953681946,1.0,0.0,0.5123951435089111,0.0,0.49033042788505554,1.0,0.9582018256187439,0.041798174381256104
13,1230,0.22578999400138855,0.2515951693058014,0.2122778445482254,0.005808788351714611,0.1002734375,0.5306627154350281,0.8708795223427498,0.18429824639081469,1.0,0.0,0.6484375,0.597265625,0.482578125,0.0807421875,0.03893229166666667,0.017265625,0.840095579624176,0.15320539474487305,0.5771467685699463,1.0,0.0,0.514311671257019,0.0,0.49057477712631226,1.0,0.9581822156906128,0.04181778430938721
13,1240,0.21177272498607635,0.24467068910598755,0.14389124512672424,0.007043824065476656,0.09397135416666667,0.5475094318389893,0.840884933782175,0.15068985742110466,1.0,0.0,0.5697206439393939,0.5854580965909091,0.48151041666666666,0.0723046875,0.0236328125,0.015533854166666666,0.8276529312133789,0.16213653981685638,0.5765379667282104,1.0,0.0,0.5102531909942627,0.0,0.4900572896003723,1.0,0.9582074284553528,0.04179257154464722
13,1250,0.221363365650177,0.23878474533557892,0.20681771636009216,0.007014339789748192,0.10139322916666667,0.5197702646255493,0.9060078735088267,0.14197505298870688,1.0,0.0,0.7253787878787878,0.6088068181818181,0.5118359375,0.04571614583333333,0.02859375,0.018958333333333334,0.8400729894638062,0.15495643019676208,0.5770833492279053,1.0,0.0,0.513888955116272,0.0,0.4905208647251129,1.0,0.9584553837776184,0.04154461622238159
13,1260,0.20746728777885437,0.24215419590473175,0.1590665727853775,0.006750362925231457,0.09358072916666667,0.527327299118042,0.8568699931804218,0.16328267673752334,1.0,0.0,0.7312973484848485,0.6096946022727273,0.4729296875,0.062161458333333336,0.025520833333333333,0.019088541666666667,0.8689046502113342,0.13146983087062836,0.57756108045578,1.0,0.0,0.5170736312866211,0.0,0.49092692136764526,1.0,0.9589971303939819,0.041002869606018066
13,1270,0.5138829350471497,0.36466994881629944,0.20316572487354279,0.010402274318039417,0.13588541666666668,0.4332774877548218,0.9874045138888888,0.025190972222222233,1.0,0.0,0.3175899621212121,0.5476384943181818,0.4224088541666667,0.1016015625,0.00265625,0.009986979166666667,0.8760824799537659,0.12075462937355042,0.5795522332191467,1.0,0.0,0.5303481817245483,0.0,0.49261942505836487,1.0,0.9596211314201355,0.0403788685798645
13,1280,0.38015371561050415,0.28518375754356384,0.21238760650157928,0.019070949405431747,0.21983072916666666,0.32691583037376404,0.9906336805555555,0.018732638888888896,1.0,0.0,0.8206676136363635,0.6231001420454545,0.5398567708333334,0.42819010416666664,0.1537109375,0.0210546875,0.8865196704864502,0.10919901728630066,0.579387366771698,1.0,0.0,0.5292489528656006,0.05100671201944351,0.49247926473617554,0.9290845394134521,0.9603495597839355,0.03965044021606445
13,1290,0.3471067249774933,0.2326655089855194,0.1463768631219864,0.007639214862138033,0.21130208333333333,0.4369668662548065,0.9028057150472066,0.049056796208528805,1.0,0.0,0.3886126893939393,0.5582919034090909,0.7190494791666666,0.16317708333333333,0.018932291666666667,0.011549479166666666,0.8932207822799683,0.10018513351678848,0.5764449834823608,1.0,0.0,0.5096331834793091,0.0,0.48997825384140015,1.0,0.9611464142799377,0.038853585720062256
13,1300,0.35084038972854614,0.21865031123161316,0.12238628417253494,0.005746787879616022,0.16328125,0.4732317626476288,0.8129377487597396,0.1037449282976145,1.0,0.0,0.3584280303030302,0.5537642045454545,0.7544010416666667,0.15609375,0.0056770833333333335,0.010885416666666667,0.8945854306221008,0.09456076472997665,0.5751725435256958,1.0,0.0,0.5011498928070068,0.0,0.4888966679573059,1.0,0.96199631690979,0.03800368309020996
13,1310,0.30584967136383057,0.19987753033638,0.17158450186252594,0.006380087696015835,0.188125,0.5185952186584473,0.9115317120832193,0.08756436178051845,1.0,0.0,0.4472064393939393,0.5670809659090909,0.7836328125,0.0540234375,0.008463541666666666,0.012838541666666667,0.8993633985519409,0.08716495335102081,0.5728811025619507,1.0,0.0,0.48587435483932495,0.0,0.4869489371776581,1.0,0.9628925323486328,0.03710746765136719
13,1320,0.3178853392601013,0.211515411734581,0.18301543593406677,0.006962922401726246,0.15596354166666668,0.5648534297943115,0.9405420110828993,0.07171539933761445,1.0,0.0,0.2909564393939394,0.543643465909091,0.7761458333333333,0.011263020833333333,0.0025130208333333333,0.009401041666666667,0.905137300491333,0.07865483313798904,0.5744580626487732,1.0,0.0,0.496386855840683,0.0,0.48828935623168945,1.0,0.9638234376907349,0.03617656230926514
13,1330,0.3298845887184143,0.21103370189666748,0.12776485085487366,0.005994842853397131,0.16041666666666668,0.6220495700836182,0.8275991518338701,0.09837411693572432,1.0,0.0,0.2607717803030303,0.5391157670454545,0.754921875,0.013190104166666666,0.00048177083333333335,0.008736979166666667,0.9117547273635864,0.07234920561313629,0.577556848526001,1.0,0.0,0.5170454382896423,0.0,0.49092334508895874,1.0,0.9647738337516785,0.03522616624832153
13,1340,0.28773704171180725,0.17618465423583984,0.11888724565505981,0.005009222775697708,0.1515625,0.628520131111145,0.7387053482929367,0.1875538878478009,1.0,0.0,0.4223484848484848,0.5633522727272727,0.8003776041666667,0.005130208333333333,0.001171875,0.012291666666666666,0.9168380498886108,0.06357309967279434,0.5786475539207458,1.0,0.0,0.5243167877197266,0.0,0.49185043573379517,1.0,0.9657750129699707,0.0342249870300293
13,1350,0.30916693806648254,0.19762027263641357,0.12185860425233841,0.005750083830207586,0.14989583333333334,0.6860384345054626,0.8056918675483535,0.11295747568583508,1.0,0.0,0.32350852272727265,0.5485262784090909,0.7678125,0.0010546875,0.00040364583333333333,0.0101171875,0.9222677946090698,0.05639738589525223,0.578702449798584,1.0,0.0,0.5246832370758057,0.0,0.4918971061706543,1.0,0.9681163430213928,0.03188365697860718
13,1360,0.4755009412765503,0.28856655955314636,0.20330916345119476,0.01092345267534256,0.21861979166666667,0.454133003950119,0.9999999999999999,0.0,1.0,0.0,0.3306107954545454,0.5495916193181818,0.6139973958333333,0.1284765625,0.04010416666666667,0.0102734375,0.9267435073852539,0.04963666945695877,0.5763520002365112,1.0,0.0,0.5090131163597107,0.0,0.489899218082428,1.0,0.9712287187576294,0.028771281242370605
13,1370,0.2557820677757263,0.18208521604537964,0.14685401320457458,0.008872142061591148,0.17403645833333334,0.637985348701477,0.8956386422070335,0.06670156082042511,1.0,0.0,0.6626420454545454,0.5993963068181818,0.76046875,0.012877604166666667,0.006640625,0.017578125,0.9335592985153198,0.041861310601234436,0.57456374168396,1.0,0.0,0.4970914423465729,0.0,0.48837918043136597,1.0,0.9733598232269287,0.02664017677307129
13,1380,0.3535013198852539,0.23315834999084473,0.192803755402565,0.014092454686760902,0.2169140625,0.6437314748764038,0.9977213541666665,0.004557291666666667,1.0,0.0,0.48153409090909083,0.5722301136363637,0.7084244791666666,0.012825520833333333,0.0061328125,0.01359375,0.9341590404510498,0.04066173732280731,0.5760898590087891,1.0,0.0,0.5072657465934753,0.0,0.4896763861179352,1.0,0.9745057821273804,0.02549421787261963
13,1390,0.4062376022338867,0.2229994535446167,0.14746540784835815,0.01032225415110588,0.22298177083333334,0.42568036913871765,0.944941459435683,0.0,1.0,0.0,0.2803030303030303,0.5420454545454545,0.7918359375,0.09467447916666667,0.031236979166666668,0.009166666666666667,0.9318562150001526,0.03976970538496971,0.5725176334381104,1.0,0.0,0.4834505617618561,0.0,0.48664000630378723,1.0,0.9755754470825195,0.02442455291748047
13,1400,0.3965495228767395,0.2319054752588272,0.1572088748216629,0.007367984391748905,0.223359375,0.3198010325431824,0.9176446189327377,0.04975657342228945,1.0,0.0,0.4353693181818181,0.5653053977272727,0.7167578125,0.30768229166666666,0.17061197916666668,0.012578125,0.9364845156669617,0.03743366897106171,0.5740141868591309,1.0,0.0,0.493427574634552,0.0,0.48791205883026123,1.0,0.9766940474510193,0.023305952548980713
13,1410,0.3399295508861542,0.2526742219924927,0.23243483901023865,0.026408668607473373,0.25994791666666667,0.45310738682746887,0.9984092881944444,0.003181423611111114,1.0,0.0,0.5655776515151515,0.5848366477272727,0.7064322916666667,0.049166666666666664,0.112421875,0.015442708333333333,0.9453922510147095,0.032493434846401215,0.5758447051048279,1.0,0.0,0.5056310892105103,0.0,0.4894680082798004,1.0,0.9778762459754944,0.022123754024505615
13,1420,0.37471792101860046,0.25791847705841064,0.21238338947296143,0.019538016989827156,0.24040364583333335,0.396371066570282,0.9999999999999999,0.0,1.0,0.0,0.8774857954545454,0.6316228693181818,0.7066145833333334,0.05161458333333333,0.08044270833333333,0.0223046875,0.9492412805557251,0.0283237025141716,0.5779457688331604,1.0,0.0,0.5196383595466614,0.0,0.49125391244888306,1.0,0.9790530800819397,0.020946919918060303
13,1430,0.3612196743488312,0.23241902887821198,0.18670929968357086,0.02921285666525364,0.2588020833333333,0.3766462504863739,0.9999999999999999,0.0,1.0,0.0,0.9195075757575757,0.6379261363636364,0.7182161458333334,0.136796875,0.11615885416666667,0.023229166666666665,0.9520726203918457,0.024908682331442833,0.5795691013336182,1.0,0.0,0.5304608345031738,0.0,0.49263375997543335,1.0,0.9802373647689819,0.019762635231018066
13,1440,0.33158352971076965,0.2065141201019287,0.16678017377853394,0.01495316531509161,0.21946614583333332,0.4680573046207428,0.977627986394442,0.0,1.0,0.0,0.8011363636363636,0.6201704545454545,0.781875,0.08856770833333333,0.05053385416666667,0.020625,0.9599709510803223,0.020846514031291008,0.5850029587745667,1.0,0.00043892284156754613,0.5656622648239136,0.0,0.49725252389907837,1.0,0.9804405570030212,0.01955944299697876
13,1450,0.3866272568702698,0.2132878452539444,0.15335538983345032,0.010062419809401035,0.21963541666666667,0.5018849968910217,0.9549091212566082,0.0,1.0,0.0,0.5774147727272726,0.5866122159090909,0.8125911458333334,0.028854166666666667,0.010325520833333334,0.015703125,0.9712406992912292,0.013552655465900898,0.5882116556167603,1.0,0.00043892284156754613,0.5870535373687744,0.0,0.4999799132347107,1.0,0.9816806316375732,0.018319368362426758
13,1460,0.35009220242500305,0.23249468207359314,0.20343738794326782,0.021979698911309242,0.2443359375,0.483005166053772,0.9999999999999999,0.0,1.0,0.0,0.3963068181818182,0.5594460227272727,0.7827734375,0.07938802083333334,0.07794270833333333,0.01171875,0.9796948432922363,0.009770743548870087,0.5930436849594116,1.0,0.00043892284156754613,0.619267463684082,0.0,0.5040871500968933,1.0,0.9829356074333191,0.017064392566680908
13,1470,0.40108487010002136,0.26965856552124023,0.23963308334350586,0.020793352276086807,0.24640625,0.43889617919921875,0.9999999999999999,0.0,1.0,0.0,0.4809422348484848,0.5721413352272727,0.7048177083333333,0.22005208333333334,0.12751302083333332,0.013580729166666666,0.9796527624130249,0.00985506922006607,0.597664475440979,1.0,0.00043892284156754613,0.6500721573829651,0.0,0.5080147981643677,1.0,0.9836190938949585,0.016380906105041504
13,1480,0.3703564405441284,0.241326242685318,0.20658786594867706,0.035439539700746536,0.2913411458333333,0.3904722332954407,0.9999999999999999,0.0,1.0,0.0,0.53125,0.5796875,0.7364192708333334,0.14201822916666668,0.15184895833333334,0.0146875,0.9842643737792969,0.007394743151962757,0.5971149206161499,1.0,0.00043892284156754613,0.6464083194732666,0.0,0.5075476765632629,1.0,0.9845426678657532,0.015457332134246826
13,1490,0.35094860196113586,0.20182467997074127,0.14588922262191772,0.01342191081494093,0.2518359375,0.47876277565956116,0.9422740690524761,0.0,1.0,0.0,0.3205492424242424,0.5480823863636364,0.83765625,0.0978515625,0.039765625,0.010052083333333333,0.9843729138374329,0.007177729159593582,0.5981718301773071,1.0,0.00043892284156754613,0.6534541845321655,0.0,0.5084460973739624,1.0,0.9862785339355469,0.013721466064453125
13,1500,0.3691865801811218,0.2408154159784317,0.21241897344589233,0.027888262644410133,0.2722526041666667,0.4091982841491699,0.9999999999999999,0.0,1.0,0.0,0.5981297348484849,0.5897194602272727,0.7408854166666666,0.1334375,0.15240885416666666,0.016158854166666667,0.9861339926719666,0.008155846036970615,0.5994822978973389,1.0,0.00043892284156754613,0.6621911525726318,0.0,0.5095599889755249,1.0,0.9870861172676086,0.012913882732391357
13,1510,0.346125990152359,0.23762649297714233,0.1986844688653946,0.014409173280000687,0.23983072916666667,0.40734925866127014,0.9999999999999999,0.0,1.0,0.0,0.6147017045454546,0.5922052556818181,0.7322395833333334,0.17725260416666666,0.12158854166666666,0.0165234375,0.9898581504821777,0.0061814505606889725,0.6035153865814209,1.0,0.00043892284156754613,0.6890782713890076,0.0,0.5129880905151367,1.0,0.9878793358802795,0.012120664119720459
13,1520,0.3532448709011078,0.2401057779788971,0.17548589408397675,0.02817092277109623,0.28705729166666666,0.33709779381752014,0.9923607438344221,0.0,1.0,0.0,0.7413589015151515,0.6112038352272727,0.7086197916666667,0.15065104166666668,0.13114583333333332,0.019309895833333333,0.9886338710784912,0.007507326081395149,0.6031010746955872,1.0,0.00043892284156754613,0.6863162517547607,0.08464224636554718,0.5126359462738037,1.0,0.9886274337768555,0.011372566223144531
13,1530,0.3398434519767761,0.2417067438364029,0.18784183263778687,0.010785863734781742,0.20486979166666666,0.42405346035957336,0.9999999999999999,0.0,1.0,0.0,0.5182291666666666,0.577734375,0.7482942708333333,0.13259114583333334,0.08376302083333333,0.014401041666666666,0.9885846376419067,0.007605705875903368,0.6013720035552979,1.0,0.00043892284156754613,0.6747891902923584,0.0,0.5111662149429321,1.0,0.9893312454223633,0.010668754577636719
13,1540,0.35570743680000305,0.2742157578468323,0.2549251914024353,0.047572020441293716,0.280390625,0.38727453351020813,0.9934657118055554,0.013068576388888892,1.0,0.009217379385964857,1.0,0.6532260827850878,0.4973046875,0.10606770833333333,0.20350260416666666,0.028072916666666666,0.9884840250015259,0.007807011716067791,0.6019469499588013,1.0,0.00043892284156754613,0.6786221265792847,0.006170384585857391,0.5116549134254456,1.0,0.9897756576538086,0.010224342346191406
13,1550,0.3666503429412842,0.2969571650028229,0.25976115465164185,0.008357835933566093,0.17626302083333334,0.36292463541030884,0.9753688642237244,0.03438286025713129,1.0,0.0,0.8715672348484849,0.6307350852272727,0.573046875,0.16864583333333333,0.131015625,0.022174479166666667,0.9895493388175964,0.007807011716067791,0.6046677827835083,1.0,0.004154265858232975,0.6880918741226196,0.0,0.5139676332473755,1.0,0.990408182144165,0.009591817855834961
13,1560,0.27732500433921814,0.24326632916927338,0.22393377125263214,0.026146529242396355,0.24813802083333333,0.45220622420310974,0.9832313368055554,0.03353732638888889,1.0,0.0,1.0,0.65,0.6215885416666667,0.045533854166666665,0.09651041666666667,0.030833333333333334,0.9871822595596313,0.012936891987919807,0.6035559177398682,1.0,0.004154265858232975,0.6806795597076416,0.0,0.5130225419998169,1.0,0.9904472827911377,0.009552717208862305
13,1570,0.3255234658718109,0.23567761480808258,0.18719346821308136,0.020732872188091278,0.25234375,0.43553945422172546,0.9991145833333333,0.0017708333333333326,1.0,0.0,0.9775094696969696,0.6466264204545454,0.6897395833333333,0.09743489583333333,0.09493489583333334,0.024505208333333334,0.9869941473007202,0.0133130494505167,0.608212947845459,1.0,0.00513980258256197,0.7094268798828125,0.0,0.5169810056686401,1.0,0.9909719228744507,0.009028077125549316
13,1580,0.4634753465652466,0.3505842983722687,0.3177812099456787,0.012175175361335278,0.17600260416666666,0.35132282972335815,0.9924826388888888,0.015034722222222225,1.0,0.0,0.5857007575757575,0.5878551136363637,0.5031901041666667,0.20057291666666666,0.10510416666666667,0.015885416666666666,0.9867340326309204,0.01367017813026905,0.6098532676696777,1.0,0.00513980258256197,0.72036212682724,0.01356951892375946,0.5183752775192261,0.9933634996414185,0.9914383888244629,0.00856161117553711
13,1590,0.35947132110595703,0.2419377565383911,0.19507023692131042,0.02823764830827713,0.28475260416666665,0.40377676486968994,0.9999999999999999,0.0,1.0,0.0,0.6294981060606061,0.594424715909091,0.7187760416666666,0.10196614583333333,0.12470052083333333,0.016848958333333334,0.9867340922355652,0.01367017813026905,0.611992359161377,1.0,0.00513980258256197,0.7346230149269104,0.0,0.5201935172080994,1.0,0.9919005036354065,0.008099496364593506
13,1600,0.45455607771873474,0.31379058957099915,0.27788880467414856,0.008326273411512375,0.16834635416666666,0.3683289885520935,0.9819244086015514,0.020540444770964172,1.0,0.0,0.46377840909090906,0.5695667613636364,0.5978385416666666,0.323515625,0.115390625,0.013203125,0.9894828796386719,0.01367017813026905,0.614211916923523,1.0,0.00513980258256197,0.7494194507598877,0.0,0.52208012342453,1.0,0.9923542737960815,0.007645726203918457
13,1610,0.3361111283302307,0.26423898339271545,0.24963445961475372,0.020518207922577858,0.24329427083333333,0.3806378245353699,0.9958528645833332,0.00829427083333334,1.0,0.0,1.0,0.65,0.6189322916666666,0.12743489583333334,0.17251302083333334,0.028294270833333333,0.9894829392433167,0.01367017813026905,0.6150658130645752,1.0,0.00513980258256197,0.7551125288009644,0.0,0.52280592918396,1.0,0.9927741289138794,0.0072258710861206055
13,1620,0.44049835205078125,0.30611246824264526,0.26466280221939087,0.007982386276125908,0.17661458333333332,0.36708155274391174,0.9726981683838657,0.031024808654697922,1.0,0.0,0.5075757575757575,0.5761363636363637,0.5951302083333333,0.36959635416666664,0.12053385416666666,0.014166666666666666,0.9877188205718994,0.01578798145055771,0.6121572256088257,1.0,0.00513980258256197,0.7357221841812134,0.0,0.5203336477279663,1.0,0.9930440187454224,0.006955981254577637
13,1630,0.43692636489868164,0.3210035264492035,0.31230488419532776,0.018734995275735855,0.21549479166666666,0.40363261103630066,0.9989670138888889,0.0020659722222222216,1.0,0.0,0.6354166666666666,0.5953125,0.5453125,0.18274739583333333,0.14259114583333332,0.016979166666666667,0.9880825281143188,0.01578798145055771,0.6120273470878601,1.0,0.00619386974722147,0.7323965430259705,0.0,0.5202232599258423,1.0,0.9932687878608704,0.006731212139129639
13,1640,0.42353785037994385,0.3065232038497925,0.2610217034816742,0.02364816516637802,0.255078125,0.3549318313598633,0.9978862847222221,0.00422743055555556,1.0,0.0,1.0,0.65,0.5367057291666667,0.2690885416666667,0.16958333333333334,0.025546875,0.9880825281143188,0.01578798145055771,0.6149036288261414,1.0,0.011996136046946049,0.7380332350730896,0.13458415865898132,0.5226681232452393,0.9151889085769653,0.9934219121932983,0.00657808780670166
13,1650,0.3857278525829315,0.275790810585022,0.23696772754192352,0.016000211238861084,0.23338541666666668,0.31910255551338196,0.9999999999999999,0.0,1.0,0.07802220394736839,1.0,0.6773077713815789,0.5465364583333333,0.2747526041666667,0.2296484375,0.027265625,0.9883937239646912,0.015165668912231922,0.613831639289856,1.0,0.012955565936863422,0.7286480665206909,0.007175281643867493,0.5217568874359131,0.991916835308075,0.9934749603271484,0.0065250396728515625
13,1660,0.4659930467605591,0.31313347816467285,0.27349621057510376,0.005466538481414318,0.1674609375,0.3580423891544342,0.9051998129159938,0.10772748532273418,1.0,0.0,0.42175662878787884,0.5632634943181818,0.6200390625,0.427421875,0.14510416666666667,0.012278645833333334,0.9894298315048218,0.01380182709544897,0.6080399751663208,1.0,0.012955565005540848,0.6900365352630615,0.0,0.516834020614624,1.0,0.9934414625167847,0.006558537483215332
13,1670,0.3820384740829468,0.2878841757774353,0.2659222185611725,0.011270491406321526,0.21908854166666666,0.3172820508480072,0.9960503472222222,0.00789930555555556,1.0,0.02069627192982451,1.0,0.6572436951754386,0.5617317708333334,0.30243489583333333,0.20786458333333332,0.027252604166666666,0.9899789690971375,0.012516575865447521,0.6061798334121704,1.0,0.012955565005540848,0.6776357293128967,0.0,0.5152528882026672,0.9717169404029846,0.9932810068130493,0.006718993186950684
13,1680,0.39727723598480225,0.29220351576805115,0.2626713812351227,0.008852238766849041,0.19614583333333332,0.352742463350296,0.994538278399202,0.007499707311512958,1.0,0.0,0.7105823863636362,0.6065873579545454,0.6275,0.2714973958333333,0.16528645833333333,0.0186328125,0.9900212287902832,0.012432250194251537,0.6004642248153687,1.0,0.012955565005540848,0.6395314931869507,0.0,0.5103946328163147,0.9971022605895996,0.9930852055549622,0.006914794445037842
13,1690,0.3619169294834137,0.24896644055843353,0.2341032773256302,0.015406635589897633,0.23545572916666666,0.439782053232193,0.9999999999999999,0.0,1.0,0.0,0.8307291666666665,0.6246093749999999,0.6727604166666666,0.11147135416666666,0.12395833333333334,0.021276041666666665,0.9903790950775146,0.011716310866177082,0.5976951122283936,1.0,0.012955565005540848,0.6210712194442749,0.0,0.5080408453941345,1.0,0.9927669763565063,0.007233023643493652
13,1700,0.4158642292022705,0.2925807237625122,0.29887819290161133,0.009716075845062733,0.19130208333333334,0.3699888586997986,0.9999999999999999,0.0,1.0,0.0,0.6312736742424242,0.5946910511363637,0.5956380208333333,0.35791666666666666,0.18989583333333335,0.016888020833333333,0.9903111457824707,0.011801254004240036,0.5998004674911499,1.0,0.012955565005540848,0.6351066827774048,0.0,0.5098304152488708,1.0,0.9923877120018005,0.007612287998199463
13,1710,0.35411977767944336,0.2572081983089447,0.24705150723457336,0.02279677987098694,0.257578125,0.43978002667427063,0.9999999999999999,0.0,1.0,0.0,0.717684659090909,0.6076526988636364,0.6599479166666666,0.1012109375,0.17010416666666667,0.0187890625,0.9911718964576721,0.010823137126863003,0.6046465039253235,1.0,0.016220564022660255,0.6597955226898193,0.0,0.5139495134353638,1.0,0.9918729066848755,0.008127093315124512
13,1720,0.5395488739013672,0.3083697259426117,0.274103581905365,0.0077216289937496185,0.15592447916666666,0.361174076795578,0.9629526753234992,0.044473857744760946,1.0,0.0,0.20750473484848483,0.5311257102272727,0.5930859375,0.4488932291666667,0.090625,0.007565104166666667,0.991369366645813,0.01042817160487175,0.6013955473899841,1.0,0.016220564022660255,0.6381223201751709,0.0,0.5111862421035767,1.0,0.99114990234375,0.00885009765625
13,1730,0.41957518458366394,0.25245600938796997,0.24109415709972382,0.032724782824516296,0.29256510416666665,0.36832019686698914,0.9999999999999999,0.0,1.0,0.022135416666666623,0.6715198863636364,0.6084753787878787,0.6921354166666667,0.1715625,0.20841145833333333,0.0177734375,0.9926694631576538,0.008950799703598022,0.6048959493637085,1.0,0.016220564022660255,0.6614583730697632,0.0486920028924942,0.5141615867614746,1.0,0.9905440211296082,0.009455978870391846
13,1740,0.4634542763233185,0.2792006731033325,0.2644101083278656,0.04481279477477074,0.2938541666666667,0.3365975320339203,0.9999999999999999,0.0,1.0,0.12184758771929824,0.6366003787878788,0.6381367125199362,0.5628385416666667,0.18126302083333334,0.24630208333333334,0.017005208333333334,0.9927186965942383,0.008852420374751091,0.606891393661499,1.0,0.016220564022660255,0.6747609376907349,0.10111771523952484,0.5158576965332031,0.9832583069801331,0.989935576915741,0.010064423084259033
13,1750,0.41199952363967896,0.23253925144672394,0.23806847631931305,0.03528041020035744,0.30016927083333333,0.35836872458457947,0.9999999999999999,0.0,1.0,0.029365405701754343,0.8029119318181818,0.6307146817683413,0.6470833333333333,0.3709765625,0.21115885416666666,0.0206640625,0.9904690384864807,0.009482473134994507,0.6024904847145081,1.0,0.016220564022660255,0.6454218626022339,0.0817640870809555,0.5121169090270996,1.0,0.9893225431442261,0.010677456855773926
13,1760,0.546403706073761,0.2890259921550751,0.2768639624118805,0.010583151131868362,0.1701171875,0.385041207075119,0.99712890625,0.005742187500000006,1.0,0.0,0.06072443181818182,0.5091086647727273,0.6371744791666667,0.38493489583333335,0.11071614583333333,0.0043359375,0.9901787042617798,0.009482472203671932,0.5966582298278809,1.0,0.012505222111940384,0.6152090430259705,0.0,0.5071595311164856,0.9598597884178162,0.98870849609375,0.01129150390625
13,1770,0.3772028088569641,0.1973811835050583,0.18412785232067108,0.028747018426656723,0.30984375,0.3856889307498932,0.9947623670101166,0.0065470412373543115,1.0,0.0,0.7395833333333334,0.6109375,0.7805338541666667,0.16186197916666667,0.14860677083333335,0.019270833333333334,0.9946930408477783,0.004352592397481203,0.599907398223877,1.0,0.018382545560598373,0.6231568455696106,0.06319865584373474,0.5099213123321533,1.0,0.9881229996681213,0.011877000331878662
13,1780,0.5015164017677307,0.2837379276752472,0.29548558592796326,0.016968484967947006,0.2267578125,0.4585944712162018,0.9999999999999999,0.0,1.0,0.0,0.17732007575757572,0.5265980113636364,0.6609114583333333,0.22053385416666665,0.11506510416666667,0.0069010416666666664,0.9948811531066895,0.00397643493488431,0.5947049856185913,1.0,0.01739700883626938,0.5907738208770752,0.0,0.5054992437362671,1.0,0.987530529499054,0.012469470500946045
13,1790,0.43408203125,0.2454719841480255,0.25090155005455017,0.019247375428676605,0.24020833333333333,0.42850276827812195,0.9999999999999999,0.0,1.0,0.0,0.19803503787878785,0.5297052556818181,0.76859375,0.25252604166666665,0.18694010416666668,0.007356770833333333,0.9951412081718445,0.0036193060223013163,0.592375636100769,1.0,0.01739700883626938,0.575244665145874,0.0,0.5035192966461182,1.0,0.9870113730430603,0.012988626956939697
13,1800,0.3235117495059967,0.19928647577762604,0.18978318572044373,0.020733186975121498,0.2514453125,0.4550294876098633,0.998572951555252,0.0017838105559349392,1.0,0.0,0.9242424242424242,0.6386363636363637,0.7960416666666666,0.0440234375,0.0994140625,0.023333333333333334,0.9928565621376038,0.006215470843017101,0.590498685836792,1.0,0.01739700883626938,0.5627310872077942,0.0,0.5019239187240601,1.0,0.9863990545272827,0.013600945472717285
13,1810,0.4025750756263733,0.2489723563194275,0.2298627644777298,0.03126416355371475,0.3042578125,0.33893874287605286,0.9999999999999999,0.0,1.0,0.06856496710526311,0.9822443181818181,0.6713343862141148,0.6325,0.1392578125,0.2260546875,0.024609375,0.9928565621376038,0.006215470843017101,0.5884060263633728,1.0,0.01739700883626938,0.5487802028656006,0.12149281799793243,0.5001451373100281,1.0,0.9855455160140991,0.014454483985900879
13,1820,0.3865663409233093,0.21597135066986084,0.19465553760528564,0.016604645177721977,0.249375,0.38365110754966736,0.9999999999999999,0.0,1.0,0.0,0.5448626893939392,0.5817294034090909,0.69125,0.17565104166666667,0.16509114583333334,0.014986979166666666,0.9830712676048279,0.016048748046159744,0.5883045196533203,1.0,0.01739700883626938,0.5481038093566895,0.0,0.5000588297843933,1.0,0.9848992824554443,0.015100717544555664
13,1830,0.3751618266105652,0.244905024766922,0.23115170001983643,0.038363680243492126,0.30451822916666665,0.39268890023231506,0.9999999999999999,0.0,1.0,0.0,0.9976325757575757,0.6496448863636364,0.6465104166666666,0.129453125,0.19234375,0.024947916666666667,0.980630099773407,0.014613555744290352,0.5892176628112793,1.0,0.01739700883626938,0.5541914701461792,0.038308948278427124,0.5008350014686584,1.0,0.9843268394470215,0.015673160552978516
13,1840,0.40935763716697693,0.2634878158569336,0.23270496726036072,0.03928685560822487,0.291484375,0.3695499300956726,0.9999999999999999,0.0,1.0,0.0,0.9147727272727272,0.6372159090909091,0.6458203125,0.21342447916666665,0.19111979166666668,0.023125,0.9749115705490112,0.01923402026295662,0.5887346267700195,1.0,0.01634294167160988,0.5534304976463318,0.044279471039772034,0.5004244446754456,1.0,0.983747124671936,0.016252875328063965
13,1850,0.3881841003894806,0.19301658868789673,0.15908819437026978,0.01292725931853056,0.254296875,0.352286696434021,0.9506439678485575,0.0174585282802582,1.0,0.0,0.3838778409090909,0.5575816761363637,0.7923046875,0.12127604166666667,0.14313802083333332,0.0114453125,0.9701763987541199,0.024614984169602394,0.5855665802955627,1.0,0.0105406753718853,0.545849084854126,0.0,0.49773159623146057,1.0,0.9842331409454346,0.01576685905456543
13,1860,0.404276967048645,0.22838878631591797,0.17639775574207306,0.010727565735578537,0.23994791666666668,0.3867109417915344,0.9939038943327391,0.0,1.0,0.0,0.3655303030303029,0.5548295454545454,0.7838151041666667,0.171796875,0.13184895833333332,0.011041666666666667,0.9701763391494751,0.024614982306957245,0.5824350118637085,1.0,0.009142322465777397,0.5282343626022339,0.0,0.4950697720050812,1.0,0.9837812781333923,0.016218721866607666
13,1870,0.40381813049316406,0.24841558933258057,0.22066932916641235,0.023869113996624947,0.2861328125,0.3321950435638428,0.9999999999999999,0.0,1.0,0.12342379385964908,0.5886600378787878,0.6314973335326953,0.6712630208333333,0.205625,0.24690104166666665,0.015950520833333332,0.9615354537963867,0.030189525336027145,0.5842232704162598,1.0,0.009142322465777397,0.5401560068130493,0.0,0.4965897798538208,1.0,0.9832203388214111,0.016779661178588867
13,1880,0.4550933837890625,0.2674168050289154,0.24404276907444,0.026253128424286842,0.26427083333333334,0.4851130545139313,0.9999999999999999,0.0,1.0,0.0,0.3199573863636363,0.5479936079545454,0.676875,0.0909375,0.08014322916666666,0.0100390625,0.9575507044792175,0.03486737608909607,0.5819234251976013,1.0,0.009142322465777397,0.5248241424560547,0.0,0.4946349263191223,1.0,0.983040452003479,0.016959547996520996
13,1890,0.42263856530189514,0.2566404938697815,0.20613586902618408,0.030032338574528694,0.27053385416666664,0.38828614354133606,0.9999999999999999,0.0,1.0,0.0,0.38446969696969685,0.5576704545454545,0.7015755208333333,0.09385416666666667,0.159453125,0.011458333333333333,0.9460195302963257,0.042261362075805664,0.5829296112060547,1.0,0.009142322465777397,0.531531810760498,0.0,0.4954901933670044,1.0,0.9824928641319275,0.01750713586807251
13,1900,0.4121449887752533,0.2264665961265564,0.1944897621870041,0.007211761549115181,0.20604166666666668,0.4437822103500366,0.9520228708299195,0.054519464966000575,1.0,0.0,0.5679450757575758,0.5851917613636364,0.7714583333333334,0.035872395833333334,0.010286458333333333,0.015494791666666667,0.9381550550460815,0.04711714759469032,0.5844557285308838,1.0,0.009142322465777397,0.5417060852050781,0.0,0.4967873692512512,1.0,0.9817662239074707,0.018233776092529297
13,1910,0.47260457277297974,0.2771986722946167,0.2478628009557724,0.009715513326227665,0.20447916666666666,0.40515461564064026,0.9999999999999999,0.0,1.0,0.0,0.3383049242424242,0.5507457386363637,0.6822395833333333,0.10427083333333333,0.01140625,0.010442708333333333,0.9217516183853149,0.05829630792140961,0.5802493095397949,1.0,0.009142322465777397,0.5136634111404419,0.0,0.49321192502975464,1.0,0.9808561205863953,0.019143879413604736
13,1920,0.2675325274467468,0.17030085623264313,0.16244252026081085,0.0046621691435575485,0.11576822916666667,0.4808604419231415,0.7945082265893469,0.20649880016358885,1.0,0.0,0.7034801136363636,0.6055220170454545,0.7489713541666667,0.000390625,0.0005729166666666667,0.0184765625,0.9155905246734619,0.06306297332048416,0.5754075050354004,1.0,0.0058773234486579895,0.4890027642250061,0.0,0.48909640312194824,1.0,0.9797954559326172,0.020204544067382812
13,1930,0.5041345953941345,0.24582473933696747,0.13526932895183563,0.008529817685484886,0.23393229166666665,0.34055212140083313,0.911687293840506,0.014334826662046135,1.0,0.0,0.3353456439393939,0.5503018465909091,0.7246614583333333,0.186640625,0.06502604166666667,0.010377604166666667,0.9124922156333923,0.06555846333503723,0.5743632316589355,1.0,0.0058773234486579895,0.4820414185523987,0.0,0.4882087707519531,1.0,0.9785985350608826,0.02140146493911743
13,1940,0.29417693614959717,0.1979091316461563,0.15924780070781708,0.005988875404000282,0.13912760416666667,0.3796539008617401,0.8799128871490763,0.0970297500309421,1.0,0.0,0.6555397727272727,0.598330965909091,0.6142317708333334,0.010299479166666667,0.020924479166666666,0.017421875,0.9122028946876526,0.06611299514770508,0.569949746131897,1.0,0.0058773234486579895,0.45261770486831665,0.0,0.4844572842121124,1.0,0.9772065877914429,0.02279341220855713
13,1950,0.33103078603744507,0.22402508556842804,0.19475050270557404,0.005293592810630798,0.1203125,0.563204288482666,0.9005598071144848,0.11300021918808542,1.0,0.0,0.4773910984848484,0.5716086647727272,0.6883333333333334,0.0047786458333333335,0.008489583333333333,0.013502604166666666,0.9115989804267883,0.06692320853471756,0.5658828616142273,1.0,0.0058773234486579895,0.42550504207611084,0.0,0.48100045323371887,1.0,0.9757719039916992,0.02422809600830078
13,1960,0.3789929151535034,0.25163209438323975,0.20022128522396088,0.012921600602567196,0.21869791666666666,0.5739164352416992,0.9999999999999999,0.0,1.0,0.0,0.4330018939393938,0.5649502840909091,0.6899869791666666,0.03692708333333333,0.010130208333333333,0.012526041666666666,0.9127194285392761,0.06748942285776138,0.565320611000061,1.0,0.0058773234486579895,0.4217566251754761,0.0,0.4805225431919098,1.0,0.97391676902771,0.02608323097229004
13,1970,0.47029799222946167,0.2331075221300125,0.13493795692920685,0.004971911199390888,0.10411458333333333,0.5035579204559326,0.8156704827419029,0.12280758538442413,1.0,0.0,0.3110795454545454,0.5466619318181818,0.73078125,0.19997395833333334,5.208333333333334e-05,0.00984375,0.9129916429519653,0.06750993430614471,0.5651388168334961,1.0,0.0058773234486579895,0.42054474353790283,0.0,0.4803680181503296,1.0,0.9724011421203613,0.027598857879638672
13,1980,0.3250353932380676,0.23517771065235138,0.18851697444915771,0.005847163498401642,0.12852864583333334,0.6378650665283203,0.9110822765323205,0.10478191823978732,1.0,0.0,0.41761363636363635,0.5626420454545454,0.6583984375,0.0008463541666666667,0.0005208333333333333,0.0121875,0.9119665622711182,0.06867484748363495,0.560828447341919,1.0,0.0,0.4055228531360626,0.0,0.4767041802406311,1.0,0.9701458215713501,0.029854178428649902
13,1990,0.33872437477111816,0.23125891387462616,0.11714861541986465,0.003980341833084822,0.09610677083333333,0.49362853169441223,0.7578447411773458,0.1552736018029695,1.0,0.0,0.3181818181818182,0.5477272727272727,0.641484375,0.022447916666666668,0.0023567708333333335,0.01,0.9107549786567688,0.06975866109132767,0.561263918876648,1.0,0.0,0.40842577815055847,0.0,0.47707435488700867,1.0,0.9652990698814392,0.03470093011856079
13,2000,0.3508966565132141,0.22268332540988922,0.1348866969347,0.005735338665544987,0.12796875,0.5787596702575684,0.8348463173147873,0.10197159386888589,1.0,0.0,0.41169507575757563,0.5617542613636364,0.6165234375,0.0005078125,0.0025,0.012057291666666666,0.9091619253158569,0.07078880071640015,0.5606593489646912,1.0,0.0,0.40439552068710327,0.0,0.47656047344207764,1.0,0.960529088973999,0.03947091102600098
13,2010,0.33408021926879883,0.1768878549337387,0.09605348110198975,0.00431434391066432,0.068671875,0.4340287148952484,0.6541021097881988,0.2365461879737298,1.0,0.0,0.3353456439393939,0.5503018465909091,0.7315234375,0.042083333333333334,0.0190234375,0.010377604166666667,0.9093233346939087,0.07060545682907104,0.5583975911140442,1.0,0.0,0.38931727409362793,0.0,0.4746379554271698,1.0,0.9552115201950073,0.044788479804992676
13,2020,0.32754963636398315,0.21874019503593445,0.15354645252227783,0.006016392260789871,0.12208333333333334,0.589901328086853,0.8706163032381191,0.10009993530789688,1.0,0.0,0.4643702651515151,0.5696555397727272,0.6639713541666666,0.0005078125,0.0013020833333333333,0.013216145833333333,0.9067990183830261,0.07192617654800415,0.5579198598861694,1.0,0.0,0.38613253831863403,0.0,0.47423189878463745,1.0,0.9489672183990479,0.05103278160095215
13,2030,0.29992592334747314,0.21672530472278595,0.1665666401386261,0.007607824169099331,0.16859375,0.6150299310684204,0.9349350941452368,0.05240532258843501,1.0,0.0,0.3986742424242423,0.5598011363636364,0.7294010416666666,0.0079296875,0.0005989583333333333,0.011770833333333333,0.9136852025985718,0.06538741290569305,0.5545505285263062,1.0,0.0,0.3636701703071594,0.0,0.4713679552078247,1.0,0.9432084560394287,0.05679154396057129
13,2040,0.3288857042789459,0.2262340933084488,0.17985029518604279,0.009100505150854588,0.20231770833333335,0.6690576672554016,0.9939241707528758,0.01164496527777778,1.0,0.0,0.3797348484848484,0.5569602272727272,0.6560546875,0.00328125,0.0003255208333333333,0.011354166666666667,0.914936363697052,0.07061316072940826,0.5480737686157227,0.988517701625824,0.0,0.35876622796058655,0.0,0.4658627212047577,1.0,0.9385530352592468,0.061446964740753174
13,2050,0.3423860967159271,0.23821613192558289,0.2185518890619278,0.008639659732580185,0.1909765625,0.7309531569480896,0.9873180113720699,0.017014629596132556,1.0,0.0,0.34540719696969696,0.5518110795454545,0.6529947916666666,0.001979166666666667,0.0006640625,0.010598958333333333,0.9189690351486206,0.06778622418642044,0.5473424196243286,0.988517701625824,0.0,0.35389047861099243,0.0,0.46524107456207275,1.0,0.9330127835273743,0.06698721647262573
13,2060,0.3601442575454712,0.23994991183280945,0.2069990187883377,0.008037352934479713,0.17888020833333335,0.6595651507377625,0.9741728836079923,0.029348995900008723,1.0,0.0,0.30516098484848486,0.5457741477272727,0.7090885416666667,0.012213541666666666,0.0009635416666666667,0.009713541666666667,0.9185041189193726,0.06611216813325882,0.5449327230453491,0.988517701625824,0.0,0.33782580494880676,0.0,0.46319282054901123,1.0,0.9289863109588623,0.0710136890411377
13,2070,0.3530392348766327,0.2240462303161621,0.18558461964130402,0.008985874243080616,0.22484375,0.6407166719436646,0.9996210162777727,0.0004306633207128985,1.0,0.0,0.3400804924242424,0.5510120738636364,0.7718619791666667,0.007473958333333333,0.002018229166666667,0.010481770833333333,0.9184200763702393,0.06628020107746124,0.5418398380279541,0.988517701625824,0.0,0.3172066807746887,0.0,0.46056386828422546,1.0,0.9262113571166992,0.07378864288330078
13,2080,0.39285898208618164,0.2393890768289566,0.20335549116134644,0.008197606541216373,0.187265625,0.7218421697616577,0.9784723706180002,0.02446321520681788,1.0,0.0,0.27320075757575757,0.5409801136363637,0.6600260416666667,0.029830729166666667,0.000546875,0.009010416666666667,0.9249142408370972,0.06499902158975601,0.5409901142120361,0.988517701625824,0.0,0.31154173612594604,0.0,0.45984160900115967,1.0,0.9226954579353333,0.07730454206466675
13,2090,0.3508337736129761,0.23117105662822723,0.1768011748790741,0.008253464475274086,0.195390625,0.5782536268234253,0.9745576017586196,0.022760229412375405,1.0,0.0,0.38091856060606055,0.5571377840909091,0.7502604166666667,0.00953125,0.0012109375,0.011380208333333334,0.9169298410415649,0.06872829794883728,0.5380071401596069,0.988517701625824,0.0,0.29165539145469666,0.0,0.4573060870170593,1.0,0.9207820296287537,0.07921797037124634
13,2100,0.37813451886177063,0.21210622787475586,0.17148035764694214,0.008290443569421768,0.21114583333333334,0.6871885657310486,0.966545263865428,0.021632818005433874,1.0,0.0,0.2998342803030303,0.5449751420454545,0.7439583333333334,0.005494791666666667,0.0002734375,0.009596354166666666,0.9000353813171387,0.08376330137252808,0.5357344150543213,0.988517701625824,0.0,0.27650386095046997,0.0,0.45537427067756653,1.0,0.919043779373169,0.08095622062683105
13,2110,0.39500245451927185,0.2143932431936264,0.1848907321691513,0.007338045630604029,0.16673177083333332,0.7473248243331909,0.9554109803332788,0.050669340530364954,1.0,0.0,0.25130208333333326,0.5376953125,0.701015625,0.005846354166666666,0.0020052083333333332,0.008528645833333333,0.8778210878372192,0.10372104495763779,0.5327937006950378,0.988517701625824,0.0,0.256899356842041,0.0,0.45287466049194336,1.0,0.9175506234169006,0.08244937658309937
13,2120,0.3681740462779999,0.21553383767604828,0.1630987972021103,0.008090289309620857,0.20411458333333332,0.7256237864494324,0.9469910923149752,0.027735082023754326,1.0,0.0,0.2714251893939394,0.540713778409091,0.720390625,0.008229166666666666,0.0005208333333333333,0.008971354166666667,0.8607945442199707,0.11975736171007156,0.5303983688354492,0.988517701625824,0.0,0.2409304976463318,0.0,0.4508386254310608,1.0,0.9164254069328308,0.08357459306716919
13,2130,0.39301884174346924,0.21816208958625793,0.19020816683769226,0.006730738561600447,0.16799479166666667,0.7785436511039734,0.9391173760429389,0.06918479995120588,1.0,0.0,0.2317708333333333,0.534765625,0.6872395833333333,0.0041015625,0.0005859375,0.008098958333333333,0.8436772227287292,0.1319497525691986,0.5270814299583435,0.988517701625824,0.0,0.21881765127182007,0.0,0.44801923632621765,1.0,0.9156970381736755,0.08430296182632446
13,2140,0.7166460156440735,0.34770843386650085,0.269502729177475,0.012281479313969612,0.11888020833333333,0.2596144378185272,0.9379622395833332,0.12407552083333334,0.7588704427083336,0.0,0.23236268939393936,0.4142896247632577,0.2610807291666667,0.0817578125,0.028841145833333335,0.008111979166666667,0.8207871317863464,0.14989808201789856,0.5242338180541992,0.988517701625824,0.0,0.19983315467834473,0.21606184542179108,0.4455987513065338,1.0,0.9149981737136841,0.08500182628631592
13,2150,0.3512095510959625,0.21553552150726318,0.17866654694080353,0.007764619775116444,0.18264322916666667,0.5811205506324768,0.9645990396337146,0.037664031246449875,1.0,0.0,0.5531486742424241,0.5829723011363637,0.7566796875,0.008138020833333334,0.0132421875,0.015169270833333333,0.789935827255249,0.1738460510969162,0.5215213894844055,0.988517701625824,0.0,0.18175053596496582,0.0,0.44329318404197693,1.0,0.9144977927207947,0.08550220727920532
13,2160,0.3691212236881256,0.20491816103458405,0.1559499353170395,0.006446681451052427,0.16376302083333333,0.7163031697273254,0.8907962221501301,0.07784507771181623,1.0,0.0,0.14003314393939392,0.5210049715909091,0.82109375,0.00390625,0.0032161458333333334,0.006080729166666667,0.7606911063194275,0.19565819203853607,0.5203419327735901,0.988517701625824,0.0,0.17388731241226196,0.0,0.44229066371917725,1.0,0.9142500758171082,0.08574992418289185
13,2170,0.5539835095405579,0.28499099612236023,0.2999729514122009,0.02555501088500023,0.24651041666666668,0.4882793724536896,0.9982356770833333,0.003528645833333335,1.0,0.0,0.0,0.5,0.6454296875,0.096640625,0.05671875,0.002903645833333333,0.7409862279891968,0.20858846604824066,0.520210862159729,0.988517701625824,0.0,0.1730136275291443,0.1382078230381012,0.44217923283576965,1.0,0.9141800403594971,0.08581995964050293
13,2180,0.6574659943580627,0.34774553775787354,0.23956969380378723,0.011630276218056679,0.1145703125,0.3781331479549408,0.952048611111111,0.09590277777777778,1.0,0.0,0.19211647727272727,0.5288174715909091,0.3623046875,0.13674479166666667,0.0126171875,0.0072265625,0.7142020463943481,0.22781625390052795,0.5199065208435059,0.9885176420211792,0.0,0.1709844022989273,0.0,0.44192054867744446,1.0,0.9142154455184937,0.08578455448150635
13,2190,0.5373859405517578,0.14580266177654266,0.11718346923589706,0.007438610307872295,0.08075520833333333,0.5889191031455994,0.7434094823773872,0.18309668983082944,1.0,0.0,0.0,0.5,0.9142447916666666,0.9061197916666667,0.0030078125,0.0025390625,0.7110049724578857,0.2322961688041687,0.5240114331245422,0.988517701625824,0.0,0.1983506977558136,0.02621777355670929,0.44540974497795105,0.8281659483909607,0.9141567349433899,0.08584326505661011
13,2200,0.3985575735569,0.07983420044183731,0.05941463261842728,0.00736915273591876,0.040716145833333335,0.5728747844696045,0.4030603595993588,0.4710088495045126,1.0,0.0,0.0,0.5,0.99109375,0.8132421875,0.007721354166666666,0.0009895833333333334,0.7110691070556641,0.23350712656974792,0.5284334421157837,0.9885176420211792,0.0,0.22783076763153076,0.0,0.44916844367980957,0.9897963404655457,0.9143614768981934,0.08563852310180664
13,2210,0.3847942650318146,0.08258812129497528,0.06554953008890152,0.006286699790507555,0.0329296875,0.5495486259460449,0.36834641499979526,0.5210839948943671,1.0,0.0,0.0,0.5,0.97828125,0.8767578125,0.0095703125,0.002890625,0.7078893184661865,0.23817265033721924,0.529481828212738,0.988517701625824,0.0,0.23482030630111694,0.0,0.45005956292152405,0.9612366557121277,0.9145278930664062,0.08547210693359375
13,2220,0.39658844470977783,0.07664548605680466,0.02913285419344902,0.006237142253667116,0.021276041666666665,0.5658438205718994,0.29654532807503475,0.5733088552980934,1.0,0.0,0.0,0.5,0.9799479166666667,0.9295963541666666,0.008763020833333333,0.0027994791666666667,0.7095199823379517,0.23674507439136505,0.5325552821159363,0.9885176420211792,0.0,0.2553098201751709,0.0,0.45267200469970703,0.9184926748275757,0.9148865938186646,0.08511340618133545
13,2230,0.462933748960495,0.11266674846410751,0.06750733405351639,0.008644324727356434,0.038736979166666664,0.6013364791870117,0.5111519587808769,0.3561400281776761,1.0,0.0,0.0,0.5,0.9656119791666666,0.8973307291666667,0.00234375,0.0013671875,0.7115696668624878,0.2363734245300293,0.5358697175979614,0.988517701625824,0.0,0.2774057388305664,0.05780711770057678,0.45548927783966064,0.868760347366333,0.9149730801582336,0.08502691984176636
13,2240,0.4355887770652771,0.09734614193439484,0.07017682492733002,0.007651422638446093,0.03723958333333333,0.5821871757507324,0.4542428745146261,0.4293203214465351,1.0,0.0,0.0,0.5,0.9827864583333333,0.8281510416666666,0.0060546875,0.0017708333333333332,0.7141602039337158,0.23369628190994263,0.5375353693962097,0.9885176420211792,0.0,0.2885100841522217,0.0,0.4569050669670105,0.9770447611808777,0.9149537086486816,0.08504629135131836
13,2250,0.3939356803894043,0.08903579413890839,0.04295144975185394,0.0066976118832826614,0.0257421875,0.603916347026825,0.3460477959343685,0.5145523896933608,1.0,0.0,0.0,0.5,0.9826171875,0.7663151041666667,0.0049609375,0.0025260416666666665,0.7168818116188049,0.22825294733047485,0.545944094657898,1.0,0.0,0.30629396438598633,0.0,0.4640524983406067,0.9348738789558411,0.9148983955383301,0.08510160446166992
13,2260,0.351915180683136,0.1284855753183365,0.04622640833258629,0.004305706359446049,0.030221354166666665,0.6194090247154236,0.3731781294173081,0.475069834360197,1.0,0.0,0.18027935606060605,0.527041903409091,0.8940234375,0.6791927083333333,0.00036458333333333335,0.006966145833333334,0.718407392501831,0.2267797589302063,0.5464767813682556,1.0,0.0,0.30984511971473694,0.0,0.46450528502464294,1.0,0.914772629737854,0.085227370262146
13,2270,0.3411772847175598,0.16214193403720856,0.07304473966360092,0.00456788158044219,0.05688802083333333,0.5602125525474548,0.560369760244945,0.30088450853014514,1.0,0.0,0.2868134469696969,0.5430220170454545,0.837421875,0.6425260416666667,0.0003125,0.009309895833333333,0.721481442451477,0.2257724404335022,0.5525602102279663,1.0,0.0,0.3504013419151306,0.0,0.4696761965751648,1.0,0.9145940542221069,0.08540594577789307
13,2280,0.3195916712284088,0.1542043536901474,0.05381040275096893,0.004267603158950806,0.032864583333333336,0.5588489770889282,0.43715532740230534,0.404213884940974,1.0,0.0,0.297466856060606,0.5446200284090909,0.8254036458333334,0.5611979166666666,0.00026041666666666666,0.009544270833333333,0.7212793827056885,0.22617651522159576,0.5595170259475708,1.0,0.0,0.3967803120613098,0.0,0.47558948397636414,1.0,0.9143794775009155,0.08562052249908447
13,2290,0.26759904623031616,0.24952451884746552,0.24667733907699585,0.006462552584707737,0.14470052083333335,0.46104696393013,0.9113318647387713,0.11854175724129527,1.0,0.0,0.8478929924242423,0.6271839488636364,0.64328125,0.217890625,0.039427083333333335,0.021653645833333332,0.7201030850410461,0.2257489264011383,0.5631781220436096,1.0,0.0,0.42118731141090393,0.0,0.4787014126777649,1.0,0.914063036441803,0.08593696355819702
13,2300,0.2628542184829712,0.257140189409256,0.28211215138435364,0.014627275057137012,0.216640625,0.47547587752342224,0.9759049479166666,0.048190104166666664,1.0,0.0,1.0,0.65,0.6232161458333333,0.12989583333333332,0.06876302083333333,0.030143229166666667,0.7315102219581604,0.2186528742313385,0.5703209638595581,1.0,0.0,0.46880635619163513,0.0,0.48477283120155334,1.0,0.9137691259384155,0.08623087406158447
13,2310,0.39380213618278503,0.27909615635871887,0.23279555141925812,0.005510596092790365,0.15794270833333332,0.4067603349685669,0.8997694331974921,0.11960909185259727,1.0,0.0,0.4466145833333333,0.5669921875,0.6791666666666667,0.464296875,0.0770703125,0.012825520833333333,0.7555587887763977,0.20282617211341858,0.5768888592720032,1.0,0.0,0.5125924348831177,0.0,0.49035555124282837,1.0,0.9135518074035645,0.08644819259643555
13,2320,0.3497687876224518,0.2863442897796631,0.2596110999584198,0.029166555032134056,0.24736979166666667,0.3805038034915924,0.9896549479166665,0.020690104166666667,1.0,0.0,0.6815814393939393,0.6022372159090909,0.6054557291666667,0.09729166666666667,0.13662760416666667,0.017994791666666666,0.7853405475616455,0.17860664427280426,0.5790178775787354,1.0,0.0,0.5267857313156128,0.0,0.492165207862854,1.0,0.9135014414787292,0.08649855852127075
13,2330,0.29719534516334534,0.24884508550167084,0.22822871804237366,0.013801035471260548,0.21126302083333334,0.49619027972221375,0.9900347222222221,0.019930555555555556,1.0,0.0,0.7354403409090909,0.6103160511363637,0.6813802083333333,0.034088541666666666,0.07375,0.0191796875,0.8131474256515503,0.15948738157749176,0.5854970216751099,1.0,0.0,0.5699799060821533,0.0,0.4976724684238434,1.0,0.9135303497314453,0.08646965026855469
13,2340,0.429738312959671,0.32255131006240845,0.2837780714035034,0.05071171373128891,0.25953125,0.38300231099128723,0.9935177951388888,0.01296440972222223,1.0,0.0,0.4649621212121212,0.5697443181818181,0.5523046875,0.1193359375,0.10739583333333333,0.013229166666666667,0.8315433263778687,0.14971289038658142,0.5926398634910583,1.0,0.0,0.6175990104675293,0.0,0.5037438869476318,1.0,0.913683295249939,0.08631670475006104
13,2350,0.32147136330604553,0.24613480269908905,0.22106234729290009,0.01796521432697773,0.23154947916666666,0.5519237518310547,0.9951171874999999,0.009765625,1.0,0.0,0.6058238636363635,0.5908735795454545,0.7071223958333334,0.0523828125,0.06876302083333333,0.016328125,0.8563507795333862,0.131631001830101,0.5997827053070068,1.0,0.0,0.6652179956436157,0.0,0.5098153352737427,1.0,0.914008617401123,0.08599138259887695
13,2360,0.31394997239112854,0.23954659700393677,0.22282397747039795,0.015699852257966995,0.2158203125,0.4493958652019501,0.9966362847222221,0.006727430555555563,1.0,0.0,0.627722537878788,0.5941583806818181,0.7142057291666667,0.06727864583333333,0.0576171875,0.016809895833333335,0.8872471451759338,0.1076171025633812,0.6038901805877686,1.0,0.0,0.692601203918457,0.0,0.5133066773414612,1.0,0.914537787437439,0.08546221256256104
13,2370,0.24377185106277466,0.20910996198654175,0.18231743574142456,0.007592798210680485,0.16734375,0.5114232301712036,0.9553512744024032,0.056691556076814476,1.0,0.0,0.9917140151515151,0.6487571022727272,0.7235546875,0.065859375,0.0472265625,0.024817708333333334,0.9105265736579895,0.09071823954582214,0.6075766086578369,1.0,0.0,0.7171773314476013,0.0,0.5164401531219482,1.0,0.915237545967102,0.08476245403289795
13,2380,0.3141290843486786,0.262564480304718,0.25535866618156433,0.018569011241197586,0.22173177083333334,0.41346079111099243,0.9939930555555555,0.01201388888888889,1.0,0.0,0.9739583333333333,0.64609375,0.6685286458333334,0.20118489583333332,0.09983072916666667,0.024427083333333332,0.9247080683708191,0.08230631798505783,0.6078472137451172,1.0,0.0,0.718981146812439,0.0,0.5166701674461365,1.0,0.9160798788070679,0.08392012119293213
13,2390,0.4148189425468445,0.32218965888023376,0.26925182342529297,0.00648018904030323,0.1596875,0.3457329571247101,0.9273454025210079,0.08692333125769283,1.0,0.0,0.7046638257575757,0.6056995738636364,0.5899869791666666,0.4619010416666667,0.059596354166666664,0.018502604166666665,0.9450774192810059,0.06871287524700165,0.6078894734382629,1.0,0.0,0.719262957572937,0.0,0.5167060494422913,0.9786418676376343,0.9171257019042969,0.08287429809570312
13,2400,0.2576643228530884,0.22733916342258453,0.18746638298034668,0.009636870585381985,0.18841145833333334,0.44080790877342224,0.9829600694444444,0.03407986111111112,1.0,0.0,1.0,0.65,0.6418359375,0.2634635416666667,0.04802083333333333,0.03200520833333333,0.9436663389205933,0.06810165196657181,0.6044481992721558,1.0,0.0,0.6963214874267578,0.0,0.5137810111045837,1.0,0.9207578897476196,0.07924211025238037
13,2410,0.22086197137832642,0.24494783580303192,0.2689957022666931,0.007049587555229664,0.1476171875,0.5860240459442139,0.9080798473489802,0.13864782182565388,1.0,0.0,0.9195075757575757,0.6379261363636364,0.5819010416666667,0.19217447916666666,0.049791666666666665,0.023229166666666665,0.9372251033782959,0.07269760221242905,0.5994893312454224,1.0,0.0,0.663262128829956,0.0,0.5095659494400024,1.0,0.924297571182251,0.07570242881774902
13,2420,0.512289822101593,0.3332412838935852,0.2154017835855484,0.009701081551611423,0.11057291666666667,0.544479489326477,0.9937630208333332,0.012473958333333333,1.0,0.0,0.2980587121212121,0.5447088068181818,0.43083333333333335,0.464609375,0.005729166666666666,0.009557291666666667,0.9325511455535889,0.0742502510547638,0.5981745719909668,1.0,0.0,0.6544970273971558,0.0,0.5084484219551086,1.0,0.9284111261367798,0.07158887386322021
13,2430,0.2726583480834961,0.27824899554252625,0.251204252243042,0.006099148653447628,0.156640625,0.5202960968017578,0.8804904233072669,0.17180430511169156,1.0,0.0,0.9070785984848485,0.6360617897727272,0.4864583333333333,0.35856770833333335,0.015559895833333334,0.022955729166666668,0.9245408773422241,0.08080655336380005,0.5953336954116821,1.0,0.0,0.6355576515197754,0.0,0.5060336589813232,1.0,0.9334771037101746,0.06652289628982544
13,2440,0.2619168758392334,0.2669773995876312,0.23856651782989502,0.006661175284534693,0.16912760416666667,0.4297146499156952,0.8974658879692233,0.15087594406906424,1.0,0.0,1.0,0.65,0.492578125,0.17391927083333333,0.0024088541666666668,0.0399609375,0.91887366771698,0.0862853080034256,0.5919854640960693,1.0,0.0,0.6132361888885498,0.0,0.5031876564025879,1.0,0.9381661415100098,0.061833858489990234
13,2450,0.29750239849090576,0.26703304052352905,0.22932058572769165,0.01142815686762333,0.20391927083333333,0.41749176383018494,0.9751996527777776,0.049600694444444454,1.0,0.0,1.0,0.65,0.5496744791666667,0.250703125,0.04901041666666667,0.042083333333333334,0.9141207933425903,0.09126406908035278,0.5907763838768005,1.0,0.0,0.6051756739616394,0.0,0.5021599531173706,1.0,0.9417526721954346,0.05824732780456543
13,2460,0.3526398837566376,0.2439797818660736,0.1800428181886673,0.010155616328120232,0.19502604166666668,0.331675261259079,0.9948697916666666,0.010260416666666671,1.0,0.0,0.5750473484848485,0.5862571022727273,0.3947265625,0.2541145833333333,0.1184765625,0.015651041666666667,0.9097281098365784,0.09625639766454697,0.5879693031311035,1.0,0.0,0.5864616632461548,0.0,0.49977391958236694,1.0,0.9462531805038452,0.053746819496154785
13,2470,0.2941248118877411,0.21210691332817078,0.1581379622220993,0.0054731969721615314,0.13973958333333333,0.45831379294395447,0.8620465252329458,0.12019375338938422,1.0,0.0,0.6963778409090909,0.6044566761363637,0.7061197916666667,0.06296875,0.0088671875,0.0183203125,0.9038494229316711,0.10269445180892944,0.5851030349731445,1.0,0.0,0.5673532485961914,0.0,0.49733757972717285,1.0,0.9492897987365723,0.050710201263427734
13,2480,0.33007848262786865,0.2388516515493393,0.15844854712486267,0.005268639884889126,0.118984375,0.5465316772460938,0.8581821037551836,0.12423406939701176,1.0,0.0,0.3246922348484848,0.5487038352272727,0.688984375,0.058958333333333335,0.0008333333333333334,0.010143229166666667,0.8997077941894531,0.10749474912881851,0.5799791812896729,1.0,0.0,0.5331946611404419,0.0,0.49298232793807983,1.0,0.9510780572891235,0.048921942710876465
13,2490,0.3423568904399872,0.23981212079524994,0.15937909483909607,0.005476935766637325,0.12134114583333333,0.5385585427284241,0.8649112751279456,0.11875164075292707,1.0,0.0,0.30338541666666663,0.5455078125,0.6759375,0.053307291666666666,0.0035807291666666665,0.009674479166666666,0.8926178216934204,0.11398418247699738,0.5753247141838074,1.0,0.0,0.5021645426750183,0.0,0.4890260100364685,1.0,0.953696608543396,0.046303391456604004
13,2500,0.3303910195827484,0.23781797289848328,0.16241732239723206,0.005919065326452255,0.12470052083333333,0.5847568511962891,0.8816978896870722,0.10570610878024968,1.0,0.0,0.3661221590909091,0.5549183238636364,0.6622135416666667,0.03046875,2.604166666666667e-05,0.0110546875,0.8883377313613892,0.11775568872690201,0.5722766518592834,1.0,0.0,0.48184412717819214,0.0,0.4864351749420166,1.0,0.954798698425293,0.04520130157470703
13,2510,0.3069040775299072,0.22326768934726715,0.1584244817495346,0.004641466308385134,0.1121484375,0.6006031036376953,0.840639856390846,0.14470504141102233,1.0,0.0,0.30575284090909094,0.5458629261363637,0.7067447916666667,0.031145833333333334,0.0,0.0097265625,0.8805139660835266,0.1240592896938324,0.5671951174736023,1.0,0.0,0.44796741008758545,0.0,0.48211586475372314,1.0,0.95587158203125,0.04412841796875
13,2520,0.29819199442863464,0.22133177518844604,0.13933725655078888,0.004385329317301512,0.097421875,0.566693902015686,0.8016161698920699,0.15221461685056364,1.0,0.0,0.26254734848484845,0.5393821022727273,0.7439453125,0.08040364583333333,0.004544270833333333,0.008776041666666666,0.8779940605163574,0.12478715926408768,0.5631577968597412,1.0,0.0,0.4210520386695862,0.0,0.47868412733078003,1.0,0.956805944442749,0.04319405555725098
13,2530,0.2905007600784302,0.22048041224479675,0.15261110663414001,0.004423229955136776,0.09233072916666667,0.5794644355773926,0.8214397708478324,0.15837247765504409,1.0,0.0,0.28385416666666663,0.542578125,0.7264453125,0.0673046875,0.00048177083333333335,0.009244791666666667,0.8703960180282593,0.1319027543067932,0.5634199380874634,1.0,0.0,0.42279940843582153,0.0,0.4789069592952728,1.0,0.9575164318084717,0.04248356819152832
13,2540,0.307540625333786,0.23118211328983307,0.1697797030210495,0.005185797810554504,0.1025390625,0.5698371529579163,0.871022900608348,0.13498456878390738,1.0,0.0,0.2666903409090909,0.5400035511363637,0.6767578125,0.06770833333333333,0.0016015625,0.0088671875,0.8687634468078613,0.13197259604930878,0.5591162443161011,1.0,0.0,0.39410850405693054,0.0,0.4752488136291504,1.0,0.9580438733100891,0.04195612668991089
13,2550,0.3685513436794281,0.25513356924057007,0.17510011792182922,0.005612911190837622,0.134921875,0.610683262348175,0.8937080413644385,0.11751837494058742,1.0,0.0,0.2956912878787878,0.5443536931818181,0.5957682291666667,0.058880208333333336,0.006197916666666667,0.009505208333333333,0.8670675754547119,0.13219453394412994,0.5541658401489258,1.0,0.0,0.3611055016517639,0.0,0.4710409641265869,1.0,0.9584788084030151,0.04152119159698486
13,2560,0.37462490797042847,0.25668632984161377,0.17841660976409912,0.005793616641312838,0.13454427083333334,0.6560420989990234,0.9028710179777817,0.11460454853721024,1.0,0.0,0.21283143939393936,0.531924715909091,0.6277864583333334,0.0385546875,0.018098958333333335,0.007682291666666666,0.8619686365127563,0.1369805634021759,0.5492238402366638,1.0,0.0,0.32815882563591003,0.0,0.4668402671813965,1.0,0.9587298631668091,0.04127013683319092
13,2570,0.3631177246570587,0.25038987398147583,0.17475992441177368,0.004944434389472008,0.10567708333333334,0.6351165175437927,0.8731836969303368,0.1419265430039022,1.0,0.0,0.22644412878787878,0.5339666193181818,0.6376041666666666,0.007083333333333333,0.0,0.007981770833333334,0.8550570607185364,0.14467814564704895,0.547224223613739,1.0,0.0,0.31482797861099243,0.0,0.46514061093330383,1.0,0.9587408900260925,0.04125910997390747
13,2580,0.35255166888237,0.24386663734912872,0.18688689172267914,0.004436117596924305,0.09145833333333334,0.6465052366256714,0.8683768571905167,0.15749779091355437,1.0,0.0,0.27438446969696967,0.5411576704545454,0.6449348958333333,0.0023697916666666667,0.0,0.009036458333333334,0.8545811176300049,0.14720144867897034,0.5441634654998779,1.0,0.0,0.29442304372787476,0.0,0.4625389575958252,1.0,0.958582878112793,0.04141712188720703
13,2590,0.3101293444633484,0.22872976958751678,0.16217516362667084,0.004633723758161068,0.10649739583333333,0.599613606929779,0.8451040900034696,0.1482917892159566,1.0,0.0,0.3223248106060606,0.5483487215909091,0.6921484375,0.016640625,0.0,0.010091145833333334,0.854337215423584,0.14938786625862122,0.5438210368156433,1.0,0.0,0.2921401560306549,0.0,0.46224790811538696,1.0,0.9583370089530945,0.04166299104690552
13,2600,0.3213231861591339,0.2374148815870285,0.16676917672157288,0.004072707612067461,0.1065625,0.6150210499763489,0.8374623376691288,0.16612510667816008,1.0,0.0,0.2779356060606061,0.541690340909091,0.6662369791666667,0.012252604166666667,0.0,0.009114583333333334,0.8544909954071045,0.15097440779209137,0.5435335636138916,1.0,0.0,0.2902236580848694,0.0,0.46200352907180786,1.0,0.9582099914550781,0.041790008544921875
13,2610,0.30411434173583984,0.23530633747577667,0.15505798161029816,0.004174903035163879,0.1114453125,0.590334415435791,0.8186621302429626,0.16645557311492237,1.0,0.0,0.28858901515151514,0.5432883522727273,0.6975260416666667,0.04244791666666667,0.0,0.009348958333333334,0.8533732891082764,0.15361253917217255,0.5428487062454224,1.0,0.0,0.28565794229507446,0.0,0.461421400308609,1.0,0.9578368663787842,0.04216313362121582
13,2620,0.3132361173629761,0.22599294781684875,0.17032110691070557,0.004555318038910627,0.12419270833333333,0.5447243452072144,0.8551605303789152,0.15393307554134267,1.0,0.0,0.3542850378787878,0.5531427556818181,0.7228385416666666,0.11194010416666667,0.012434895833333333,0.010794270833333333,0.8545196056365967,0.154042586684227,0.5426838397979736,1.0,0.0,0.2845587730407715,0.0,0.46128126978874207,1.0,0.9575271010398865,0.042472898960113525
13,2630,0.29813122749328613,0.23123441636562347,0.16014572978019714,0.004576690029352903,0.115703125,0.5861167907714844,0.8342041604210151,0.1619012821335497,1.0,0.0,0.33475378787878785,0.5502130681818181,0.6830338541666666,0.08438802083333333,7.8125e-05,0.010364583333333333,0.8583908081054688,0.15316444635391235,0.5432122945785522,1.0,0.0,0.28808170557022095,0.0,0.4617304503917694,1.0,0.9572635293006897,0.0427364706993103
13,2640,0.31013941764831543,0.23591969907283783,0.17343392968177795,0.004162331577390432,0.10145833333333333,0.602515459060669,0.8462064596710073,0.17327114093321852,1.0,0.0,0.3045691287878788,0.5456853693181818,0.6829817708333333,0.0546484375,2.604166666666667e-05,0.009700520833333334,0.8617967367172241,0.15139099955558777,0.5434659719467163,1.0,0.0,0.28977271914482117,0.0,0.4619460999965668,1.0,0.957072377204895,0.04292762279510498
13,2650,0.3302997350692749,0.24382823705673218,0.17538458108901978,0.004462576936930418,0.1028515625,0.6094416379928589,0.8618532899405581,0.15553658982935717,1.0,0.0,0.306936553030303,0.5460404829545454,0.6776692708333333,0.05057291666666667,7.8125e-05,0.009752604166666666,0.8601568341255188,0.15173214673995972,0.5431995987892151,1.0,0.0,0.28799715638160706,0.0,0.46171966195106506,1.0,0.9569299817085266,0.04307001829147339
13,2660,0.33544012904167175,0.23840990662574768,0.17695681750774384,0.0045397221110761166,0.11498697916666667,0.6104238033294678,0.8681223747729541,0.15010734586827557,1.0,0.0,0.30812026515151514,0.5462180397727273,0.693359375,0.08264322916666667,0.000703125,0.009778645833333334,0.8578287363052368,0.1527993381023407,0.5426669120788574,1.0,0.0,0.28444603085517883,0.0,0.4612668752670288,1.0,0.9568471908569336,0.043152809143066406
13,2670,0.33857792615890503,0.24731922149658203,0.17647762596607208,0.003962838556617498,0.1087109375,0.6181715726852417,0.8497268667235762,0.17190966883618736,1.0,0.0,0.2950994318181818,0.5442649147727273,0.6567447916666667,0.04841145833333333,5.208333333333334e-05,0.0094921875,0.8584715127944946,0.15120387077331543,0.5434828400611877,1.0,0.0,0.2898854613304138,0.0,0.46196043491363525,1.0,0.956821084022522,0.04317891597747803
13,2680,0.35667216777801514,0.25706297159194946,0.18581148982048035,0.0037038226146250963,0.09510416666666667,0.632125973701477,0.8520502311410256,0.17318323244706685,1.0,0.0,0.26787405303030304,0.5401811079545454,0.6097005208333334,0.0343359375,3.90625e-05,0.008893229166666667,0.8587967157363892,0.15068726241588593,0.544108510017395,1.0,0.0,0.29405665397644043,0.0,0.4624922573566437,1.0,0.9568525552749634,0.04314744472503662
13,2690,0.36346694827079773,0.25324779748916626,0.18765470385551453,0.0036601328756660223,0.0910546875,0.6308952569961548,0.8530612271350775,0.17014891723917952,1.0,0.0,0.2767518939393939,0.5415127840909091,0.6382291666666666,0.024505208333333334,2.604166666666667e-05,0.009088541666666667,0.8611474633216858,0.14714187383651733,0.5442733764648438,1.0,0.0,0.295155793428421,0.0,0.4626323878765106,1.0,0.9569206237792969,0.043079376220703125
13,2700,0.3603381812572479,0.245766744017601,0.18491612374782562,0.00418141158297658,0.0958203125,0.6459108591079712,0.8681405034287755,0.15206877372361377,1.0,0.0,0.26313920454545453,0.5394708806818181,0.673125,0.0640625,1.3020833333333334e-05,0.0087890625,0.8669978380203247,0.14113585650920868,0.54483562707901,1.0,0.0,0.2989042401313782,0.0,0.4631102979183197,1.0,0.9570286273956299,0.04297137260437012
13,2710,0.35427552461624146,0.24137306213378906,0.18622668087482452,0.003715697443112731,0.08998697916666666,0.6388426423072815,0.858226028961561,0.1611067852709533,1.0,0.0,0.27024147727272724,0.5405362215909091,0.6671484375,0.0293359375,1.3020833333333334e-05,0.0089453125,0.8734145164489746,0.13354423642158508,0.545271098613739,1.0,0.0,0.30180713534355164,0.0,0.4634804427623749,1.0,0.9571304321289062,0.04286956787109375
13,2720,0.3511893153190613,0.23938412964344025,0.18229594826698303,0.0039574517868459225,0.09841145833333333,0.6289253234863281,0.8647121211105003,0.15373622601079504,1.0,0.0,0.2826704545454545,0.5424005681818181,0.6753515625,0.013932291666666667,2.604166666666667e-05,0.00921875,0.8786596059799194,0.1274818331003189,0.5454613566398621,1.0,0.0,0.30307537317276,0.0,0.4636421799659729,1.0,0.9572587013244629,0.04274129867553711
13,2730,0.3528152108192444,0.24585801362991333,0.19299931824207306,0.004666752181947231,0.11125,0.6470217704772949,0.8829109685163349,0.13377354035391228,1.0,0.0,0.3365293560606061,0.550479403409091,0.6591666666666667,0.016354166666666666,0.005690104166666667,0.010403645833333334,0.8800381422042847,0.12404999881982803,0.5451654195785522,1.0,0.0,0.30110251903533936,0.0,0.46339061856269836,1.0,0.9573779702186584,0.04262202978134155
13,2740,0.4067169427871704,0.2516169548034668,0.17973953485488892,0.005026934202760458,0.13548177083333332,0.7100809812545776,0.8929647646127287,0.12113005479388847,1.0,0.0,0.31936553030303033,0.5479048295454545,0.6080729166666666,0.012825520833333333,1.3020833333333334e-05,0.010026041666666667,0.8835614323616028,0.11929026246070862,0.5454359650611877,1.0,0.0,0.3029063045978546,0.0,0.4636205732822418,1.0,0.9575567245483398,0.042443275451660156
13,2750,0.4127865135669708,0.23545101284980774,0.15735375881195068,0.004337524063885212,0.124375,0.7425743937492371,0.8365847740374072,0.14214865658886547,1.0,0.0,0.2294034090909091,0.5344105113636364,0.6570442708333334,0.005091145833333333,0.0001171875,0.008046875,0.8881362676620483,0.11284345388412476,0.5460785627365112,1.0,0.0,0.3071902096271515,0.0,0.4641667902469635,1.0,0.9577329158782959,0.0422670841217041
13,2760,0.38977494835853577,0.23378950357437134,0.16106553375720978,0.004410306457430124,0.1209765625,0.6774876117706299,0.8448189376927843,0.13992968117591081,1.0,0.0,0.2211174242424242,0.5331676136363637,0.6832291666666667,0.0053125,0.000234375,0.007864583333333333,0.8892936706542969,0.11108454316854477,0.5461969375610352,1.0,0.0,0.3079793453216553,0.0,0.46426740288734436,1.0,0.9578977823257446,0.04210221767425537
13,2770,0.3766181170940399,0.24567840993404388,0.17160964012145996,0.0065070646815001965,0.1508984375,0.714434027671814,0.9163695558844251,0.08109961167512951,1.0,0.0,0.32705965909090906,0.5490589488636364,0.6510416666666666,0.0075,0.0005859375,0.0101953125,0.8897278308868408,0.10929851233959198,0.5461757779121399,1.0,0.0,0.30783843994140625,0.0,0.4642494320869446,1.0,0.9581096172332764,0.04189038276672363
13,2780,0.371604323387146,0.24707765877246857,0.17518842220306396,0.005003024823963642,0.13065104166666666,0.654019296169281,0.8800120355250354,0.13107774926940113,1.0,0.0,0.3140388257575757,0.5471058238636364,0.6334244791666667,0.019661458333333333,0.0036848958333333334,0.009908854166666667,0.8908600807189941,0.10632532089948654,0.5465731620788574,1.0,0.0,0.31048768758773804,0.0,0.4645872116088867,1.0,0.9583853483200073,0.041614651679992676
13,2790,0.37689170241355896,0.25026142597198486,0.1721404790878296,0.006632041186094284,0.14705729166666667,0.6432608962059021,0.917743322755959,0.08304456072205774,1.0,0.0,0.297466856060606,0.5446200284090909,0.6377734375,0.018684895833333333,0.003515625,0.009544270833333333,0.8926509022712708,0.10296711325645447,0.5475497245788574,1.0,0.0,0.31699812412261963,0.0,0.4654172658920288,1.0,0.9586751461029053,0.04132485389709473
13,2800,0.370597779750824,0.24423019587993622,0.17081880569458008,0.008532218635082245,0.17440104166666667,0.6995291113853455,0.9679605395940037,0.022165272812533166,1.0,0.0,0.40104166666666663,0.56015625,0.6509375,0.017317708333333334,0.0028125,0.011822916666666667,0.8938877582550049,0.09962071478366852,0.5481246709823608,1.0,0.0,0.3208310604095459,0.0,0.4659059941768646,1.0,0.9589717388153076,0.04102826118469238
13,2810,0.37671583890914917,0.24834175407886505,0.16556023061275482,0.009180855937302113,0.18180989583333335,0.6570581793785095,0.9722127727463714,0.006701388888888892,1.0,0.0,0.3388967803030303,0.5508345170454545,0.6434635416666666,0.008763020833333333,0.00010416666666666667,0.010455729166666667,0.894084095954895,0.09710122644901276,0.5488814115524292,1.0,0.0,0.3258759379386902,0.0,0.46654921770095825,1.0,0.9592773914337158,0.04072260856628418
13,2820,0.37442535161972046,0.24756142497062683,0.15663379430770874,0.00795777514576912,0.16994791666666667,0.6560133099555969,0.9288101642980958,0.03914493966151058,1.0,0.0,0.31522253787878785,0.5472833806818181,0.6410026041666667,0.008645833333333333,0.0005208333333333333,0.009934895833333334,0.89501953125,0.0942055881023407,0.5499297976493835,1.0,0.0,0.33286547660827637,0.0,0.46744033694267273,1.0,0.9596047401428223,0.040395259857177734
13,2830,0.3674425184726715,0.2415224313735962,0.15268771350383759,0.0065195574425160885,0.1628125,0.6378375291824341,0.8841100888864862,0.08186456814822224,1.0,0.0,0.3128551136363636,0.5469282670454545,0.6624479166666667,0.010651041666666666,0.0017057291666666666,0.0098828125,0.8961329460144043,0.09126179665327072,0.5508641004562378,1.0,0.0,0.3390940725803375,0.0,0.46823450922966003,1.0,0.9599339365959167,0.04006606340408325
13,2840,0.36549603939056396,0.24218223989009857,0.15699096024036407,0.0071100774221122265,0.160546875,0.6093636155128479,0.9081927566553823,0.061946847733705825,1.0,0.0,0.3726325757575757,0.5558948863636364,0.6691666666666667,0.024153645833333334,0.006510416666666667,0.011197916666666667,0.8966280817985535,0.0894181877374649,0.5515869855880737,1.0,0.0,0.3439134657382965,0.0,0.46884894371032715,1.0,0.9602404832839966,0.03975951671600342
13,2850,0.3919011354446411,0.25195199251174927,0.16551411151885986,0.00776880094781518,0.18020833333333333,0.6478451490402222,0.9422774685506916,0.03788811896904939,1.0,0.0,0.39453125000000006,0.5591796875,0.6299739583333334,0.019505208333333333,0.005885416666666666,0.0116796875,0.8963382244110107,0.08831515908241272,0.5523775815963745,1.0,0.0,0.3491837978363037,0.0,0.4695209562778473,1.0,0.9605239629745483,0.03947603702545166
13,2860,0.3846578598022461,0.2522393763065338,0.1731586754322052,0.005291590467095375,0.15213541666666666,0.6649455428123474,0.8861593622886839,0.11859946069153668,1.0,0.0,0.32350852272727265,0.5485262784090909,0.628125,0.0284765625,0.008033854166666667,0.0101171875,0.8985301852226257,0.08623155951499939,0.5540516972541809,1.0,0.0,0.3603445291519165,0.0,0.47094395756721497,1.0,0.9608086347579956,0.039191365242004395
13,2870,0.3877686560153961,0.2483290582895279,0.16490405797958374,0.005468565504997969,0.1467578125,0.6500306725502014,0.8772397697551072,0.11260058165656599,1.0,0.0,0.30516098484848486,0.5457741477272727,0.627265625,0.029635416666666668,0.007513020833333333,0.009713541666666667,0.9005985856056213,0.08414896577596664,0.5556285381317139,1.0,0.0,0.37085700035095215,0.0,0.4722842574119568,1.0,0.9611091613769531,0.038890838623046875
13,2880,0.3833060562610626,0.24618031084537506,0.16080352663993835,0.005610024090856314,0.15123697916666667,0.6489984393119812,0.873503191462107,0.10947271572592539,1.0,0.0,0.35073390151515144,0.5526100852272727,0.6318489583333333,0.0209375,0.007916666666666667,0.010716145833333333,0.9013500213623047,0.08354280889034271,0.5555144548416138,1.0,0.0,0.3700960576534271,0.0,0.4721873104572296,1.0,0.9614088535308838,0.03859114646911621
13,2890,0.3840920627117157,0.24870531260967255,0.1667480319738388,0.005842133425176144,0.1519921875,0.6351721286773682,0.8896580686971114,0.10266096857525307,1.0,0.0,0.40459280303030304,0.5606889204545454,0.624296875,0.0218359375,0.0019270833333333334,0.011901041666666667,0.9010722041130066,0.08297842741012573,0.5558441877365112,1.0,0.0,0.3722943663597107,0.0,0.4724675714969635,1.0,0.9617007970809937,0.03829920291900635
13,2900,0.38480183482170105,0.24215902388095856,0.15947073698043823,0.00586804561316967,0.15493489583333334,0.6394588351249695,0.879036115333205,0.09987443506596533,1.0,0.0,0.35724431818181807,0.5535866477272727,0.6440494791666667,0.017526041666666665,0.0015234375,0.010859375,0.8989251852035522,0.08548878133296967,0.5560216903686523,1.0,0.0,0.37347808480262756,0.0,0.4726184606552124,1.0,0.9619784355163574,0.03802156448364258
13,2910,0.3870035409927368,0.2459219992160797,0.15461942553520203,0.005961248651146889,0.15885416666666666,0.6417089104652405,0.8722634049126798,0.09915961514118563,1.0,0.0,0.3690814393939394,0.555362215909091,0.6233333333333333,0.015403645833333333,0.00026041666666666666,0.011119791666666667,0.8945105075836182,0.09144265204668045,0.5556750297546387,1.0,0.0,0.37116703391075134,0.0,0.47232377529144287,1.0,0.962194561958313,0.03780543804168701
13,2920,0.3810688555240631,0.24302619695663452,0.15846550464630127,0.005932578817009926,0.16239583333333332,0.6376726627349854,0.8778705850334274,0.10029845239468382,1.0,0.0,0.4170217803030302,0.5625532670454545,0.6346484375,0.0121484375,0.0014973958333333334,0.012174479166666667,0.8907723426818848,0.09712928533554077,0.5556961894035339,1.0,0.0,0.37130796909332275,0.0,0.47234177589416504,1.0,0.9623434543609619,0.037656545639038086
13,2930,0.379678338766098,0.2440975159406662,0.1600818932056427,0.00621718680486083,0.1615234375,0.6412813067436218,0.8880942664460072,0.09191651848324027,1.0,0.0,0.4134706439393939,0.5620205965909091,0.6331119791666666,0.013059895833333333,0.0015755208333333333,0.012096354166666667,0.8884550333023071,0.10201680660247803,0.5558357238769531,1.0,0.0,0.37223801016807556,0.0,0.47246038913726807,1.0,0.9624679684638977,0.037532031536102295
13,2940,0.378533273935318,0.2469136118888855,0.1643945574760437,0.006172810215502977,0.158671875,0.6363903284072876,0.8933079327211291,0.09505765772518021,1.0,0.0,0.43773674242424243,0.5656605113636364,0.6285286458333333,0.0128125,0.0028776041666666668,0.012630208333333334,0.8885519504547119,0.10398862510919571,0.5560682415962219,1.0,0.0,0.37378811836242676,0.0,0.4726580083370209,1.0,0.9626200795173645,0.0373799204826355
13,2950,0.3773820996284485,0.24509714543819427,0.1621943712234497,0.006064731162041426,0.1584765625,0.6402362585067749,0.8868780010403265,0.09796646609629799,1.0,0.0,0.43004261363636354,0.5645063920454545,0.6288802083333334,0.008671875,0.0012760416666666666,0.0124609375,0.8875125050544739,0.10662661492824554,0.5563557147979736,1.0,0.0,0.3757045865058899,0.0,0.4729023575782776,1.0,0.9627803564071655,0.03721964359283447
13,2960,0.37766408920288086,0.24921788275241852,0.1592196673154831,0.00614967942237854,0.15638020833333333,0.6347320079803467,0.8826147398743401,0.09839307316596592,1.0,0.0,0.46377840909090906,0.5695667613636364,0.6114583333333333,0.0055078125,9.114583333333334e-05,0.013203125,0.8852238059043884,0.10999755561351776,0.5565121173858643,1.0,0.0,0.37674739956855774,0.0,0.4730353057384491,1.0,0.9629191160202026,0.03708088397979736
13,2970,0.37845346331596375,0.2504481375217438,0.16123108565807343,0.006247962359338999,0.1540625,0.6354396343231201,0.8882562323367041,0.096195253272185,1.0,0.0,0.44187973484848486,0.5662819602272727,0.6083463541666667,0.00625,1.3020833333333334e-05,0.012721354166666667,0.885684609413147,0.10939501971006393,0.5570194721221924,1.0,0.0,0.3801293969154358,0.0,0.47346657514572144,1.0,0.9630550146102905,0.03694498538970947
13,2980,0.40495261549949646,0.2645920515060425,0.1730579137802124,0.007108235266059637,0.14779947916666666,0.5878714919090271,0.9321499682738462,0.06837019852799209,1.0,0.0,0.3110795454545454,0.5466619318181818,0.60359375,0.07119791666666667,0.0030598958333333333,0.00984375,0.8862326741218567,0.10958433151245117,0.5572477579116821,1.0,0.0,0.3816513419151306,0.0,0.4736606180667877,1.0,0.9631915092468262,0.03680849075317383
13,2990,0.35152873396873474,0.23231898248195648,0.16506488621234894,0.00546664884313941,0.1424609375,0.5523350834846497,0.8741770978364376,0.11922585674710472,1.0,0.0,0.3602035984848485,0.5540305397727273,0.703359375,0.13171875,0.010247395833333334,0.010924479166666667,0.8871028423309326,0.10967017710208893,0.5572815537452698,1.0,0.0,0.3818768262863159,0.0,0.47368934750556946,1.0,0.9633378982543945,0.03666210174560547
13,3000,0.33907362818717957,0.23257814347743988,0.17262062430381775,0.004945334512740374,0.12498697916666666,0.5642996430397034,0.8726560689390408,0.1357619474435523,1.0,0.0,0.3223248106060606,0.5483487215909091,0.7007942708333333,0.13208333333333333,0.023190104166666666,0.010091145833333334,0.8872429132461548,0.11006572097539902,0.5569095015525818,1.0,0.0,0.3793966472148895,0.0,0.47337308526039124,1.0,0.9634765386581421,0.03652346134185791
13,3010,0.34708917140960693,0.23944306373596191,0.2007911056280136,0.004584942013025284,0.1224609375,0.5450916290283203,0.8752516518230362,0.1471965722654893,1.0,0.0,0.35250946969696967,0.5528764204545454,0.696796875,0.12299479166666667,0.022591145833333333,0.010755208333333334,0.8883026838302612,0.11019542813301086,0.5572603940963745,1.0,0.0,0.3817358911037445,0.0,0.4736713469028473,1.0,0.963613748550415,0.03638625144958496
13,3020,0.35600757598876953,0.2400214523077011,0.1857536882162094,0.005268682725727558,0.126328125,0.5828975439071655,0.8937109322078667,0.12612078410722213,1.0,0.0,0.34185606060606055,0.5512784090909091,0.669921875,0.0662890625,0.010325520833333334,0.010520833333333333,0.8897525072097778,0.11034169793128967,0.5573238134384155,1.0,0.0,0.38215866684913635,0.0,0.47372525930404663,1.0,0.9637483358383179,0.03625166416168213
13,3030,0.356007844209671,0.24377138912677765,0.1940310299396515,0.0047738999128341675,0.1233984375,0.6023789644241333,0.8801476429019194,0.1417828829081724,1.0,0.0,0.33475378787878785,0.5502130681818181,0.652265625,0.0569921875,0.014153645833333334,0.010364583333333333,0.8910306096076965,0.11035487800836563,0.557175874710083,1.0,0.0,0.38117220997810364,0.0,0.47359949350357056,1.0,0.963873028755188,0.03612697124481201
13,3040,0.35633301734924316,0.24154594540596008,0.1741073876619339,0.005353416781872511,0.13274739583333334,0.5977362990379333,0.8861445502184326,0.12327267179250474,1.0,0.0,0.34540719696969696,0.5518110795454545,0.652265625,0.0550390625,0.015677083333333335,0.010598958333333333,0.8917311429977417,0.11080856621265411,0.5571420192718506,1.0,0.0,0.3809467554092407,0.0,0.47357073426246643,1.0,0.9639904499053955,0.03600955009460449
13,3050,0.35561177134513855,0.24123652279376984,0.1710616648197174,0.005561524536460638,0.1375390625,0.6067625880241394,0.8863652954722119,0.11734458984367974,1.0,0.0,0.4128787878787878,0.5619318181818181,0.6473177083333334,0.044036458333333334,0.012604166666666666,0.012083333333333333,0.8921864628791809,0.11112707853317261,0.5570067167282104,1.0,0.0,0.3800448775291443,0.0,0.4734557271003723,1.0,0.9641106128692627,0.035889387130737305
13,3060,0.35631847381591797,0.23874768614768982,0.17119497060775757,0.005845503881573677,0.14236979166666666,0.614988386631012,0.8942141882001372,0.10867800242492176,1.0,0.0,0.41642992424242425,0.5624644886363637,0.6451041666666667,0.037682291666666666,0.006536458333333333,0.012161458333333333,0.8913083076477051,0.11291781812906265,0.5566474199295044,1.0,0.0,0.3776492774486542,0.0,0.4731503129005432,1.0,0.9642515778541565,0.035748422145843506
13,3070,0.3534068167209625,0.23786631226539612,0.17078877985477448,0.005926994141191244,0.1376953125,0.6099893450737,0.8958368104195062,0.1059461474569065,1.0,0.0,0.39453125000000006,0.5591796875,0.6449609375,0.03295572916666667,0.0030729166666666665,0.0116796875,0.8916558027267456,0.1141304150223732,0.5559836626052856,1.0,0.0,0.3732244372367859,0.0,0.47258612513542175,1.0,0.9643841981887817,0.03561580181121826
13,3080,0.3509162962436676,0.23846755921840668,0.17206552624702454,0.005587437190115452,0.13076822916666667,0.6239802241325378,0.8887485047302905,0.11657627130406821,1.0,0.0,0.33712121212121204,0.5505681818181818,0.6448828125,0.03149739583333333,0.0014192708333333334,0.010416666666666666,0.8928583860397339,0.11431407183408737,0.5552396178245544,1.0,0.0,0.3682641386985779,0.0,0.47195369005203247,1.0,0.964499294757843,0.03550070524215698
13,3090,0.35163336992263794,0.23852737247943878,0.17116160690784454,0.0057521965354681015,0.13251302083333333,0.607552707195282,0.8917780566484526,0.11127534275334378,1.0,0.0,0.35546874999999994,0.5533203125,0.6436848958333333,0.023697916666666666,0.00022135416666666666,0.0108203125,0.8923676013946533,0.11491965502500534,0.5559202432632446,1.0,0.0,0.37280169129371643,0.0,0.4725322127342224,1.0,0.9645990133285522,0.035400986671447754
13,3100,0.35219132900238037,0.23861922323703766,0.17141428589820862,0.005772979464381933,0.130234375,0.6036868095397949,0.8926004976066003,0.11096723770515787,1.0,0.0,0.35250946969696967,0.5528764204545454,0.6436458333333334,0.0212109375,0.0001953125,0.010755208333333334,0.8934260606765747,0.11402952671051025,0.555996298789978,1.0,0.0,0.3733089864253998,0.0,0.4725968539714813,1.0,0.9646851420402527,0.035314857959747314
13,3110,0.3539997637271881,0.23980902135372162,0.1721615195274353,0.006052607670426369,0.13662760416666667,0.6201104521751404,0.9012891419874596,0.1025982375208763,1.0,0.0,0.4063683712121212,0.5609552556818181,0.6413020833333334,0.022994791666666667,7.8125e-05,0.011940104166666667,0.8918329477310181,0.11458916962146759,0.5562245845794678,1.0,0.0,0.3748309016227722,0.0,0.4727908968925476,1.0,0.9648014307022095,0.03519856929779053
13,3120,0.35467106103897095,0.24059100449085236,0.17274239659309387,0.006074602250009775,0.13278645833333333,0.6095126867294312,0.9027103534683643,0.10223149051460712,1.0,0.0,0.3779592803030303,0.5566938920454545,0.6406901041666667,0.0172265625,0.0001171875,0.011315104166666666,0.8900551795959473,0.1140984520316124,0.5565205812454224,1.0,0.0,0.37680375576019287,0.0,0.4730425179004669,1.0,0.9649834632873535,0.035016536712646484
13,3130,0.3551698327064514,0.2416597455739975,0.17297537624835968,0.006141739431768656,0.13778645833333333,0.6122620105743408,0.9047105556929457,0.10057525021708028,1.0,0.0,0.3963068181818182,0.5594460227272727,0.6403125,0.015416666666666667,7.8125e-05,0.01171875,0.8921055793762207,0.11005914956331253,0.5574294924736023,1.0,0.0,0.38286322355270386,0.0,0.47381508350372314,1.0,0.9652152061462402,0.034784793853759766
13,3140,0.3561418354511261,0.24232815206050873,0.17221267521381378,0.006126204039901495,0.13846354166666666,0.6140292882919312,0.9028055450299275,0.10144385549080807,1.0,0.0,0.40873579545454536,0.5613103693181818,0.6377734375,0.016197916666666666,5.208333333333334e-05,0.0119921875,0.8969992995262146,0.10407829284667969,0.5576831698417664,1.0,0.0,0.38455426692962646,0.0,0.4740307033061981,1.0,0.9654555320739746,0.03454446792602539
13,3150,0.35671406984329224,0.2430916726589203,0.1723151057958603,0.006129799876362085,0.14143229166666665,0.6112322211265564,0.9028691995585458,0.10174655271931311,1.0,0.0,0.41879734848484834,0.5628196022727272,0.6351692708333333,0.016106770833333332,1.3020833333333334e-05,0.012213541666666666,0.9016879796981812,0.09889765083789825,0.5576789379119873,1.0,0.0,0.3845260739326477,0.0,0.4740270972251892,1.0,0.9656621813774109,0.03433781862258911
13,3160,0.3540065586566925,0.24034538865089417,0.16947247087955475,0.005032713990658522,0.13294270833333333,0.6076804995536804,0.8684357729722696,0.13557189730377137,1.0,0.0,0.3797348484848484,0.5569602272727272,0.6422526041666666,0.014049479166666667,3.90625e-05,0.011354166666666667,0.9039465188980103,0.09547629952430725,0.5570151805877686,1.0,0.0,0.3801012337207794,0.0,0.47346290946006775,1.0,0.9658303260803223,0.034169673919677734
13,3170,0.35360997915267944,0.24659806489944458,0.17538800835609436,0.005516877863556147,0.13865885416666668,0.6439199447631836,0.8899130074915469,0.12385767861786817,1.0,0.0,0.3708570075757575,0.5556285511363637,0.6212239583333333,0.007838541666666667,0.0006770833333333334,0.011158854166666666,0.9045684337615967,0.09355470538139343,0.5562499761581421,1.0,0.0,0.375,0.0,0.4728125035762787,1.0,0.9660199284553528,0.03398007154464722
13,3180,0.3568694293498993,0.248491108417511,0.1780189871788025,0.006141961552202702,0.13895833333333332,0.6235582828521729,0.9135101031240371,0.1000519851970721,1.0,0.0,0.3377130681818181,0.5506569602272727,0.636171875,0.015690104166666666,0.0004557291666666667,0.0104296875,0.9050130844116211,0.09153902530670166,0.5554890632629395,1.0,0.0,0.36992692947387695,0.0,0.47216570377349854,1.0,0.9662400484085083,0.0337599515914917
13,3190,0.36023762822151184,0.2501555383205414,0.17347517609596252,0.0067066289484500885,0.15041666666666667,0.5870237350463867,0.9218447557184282,0.08108738385484149,1.0,0.0,0.4063683712121212,0.5609552556818181,0.6423307291666667,0.020794270833333333,0.0003385416666666667,0.011940104166666667,0.9073837399482727,0.08762263506650925,0.5553833842277527,1.0,0.0,0.36922234296798706,0.0,0.472075879573822,1.0,0.9664294719696045,0.03357052803039551
13,3200,0.3538249135017395,0.24565111100673676,0.16858284175395966,0.006064672488719225,0.14294270833333333,0.5926841497421265,0.8964051326155533,0.10053335908376346,1.0,0.0,0.3708570075757575,0.5556285511363637,0.6520182291666666,0.013385416666666667,0.00040364583333333333,0.011158854166666666,0.9081891179084778,0.08497930318117142,0.5552734732627869,1.0,0.0,0.3684895932674408,0.0,0.471982479095459,1.0,0.966597318649292,0.03340268135070801
13,3210,0.3515665829181671,0.24021553993225098,0.15885190665721893,0.004575942177325487,0.12236979166666667,0.6047489643096924,0.8391994103859378,0.14751436027801698,1.0,0.0,0.3542850378787878,0.5531427556818181,0.6470182291666666,0.019075520833333335,0.00020833333333333335,0.010794270833333333,0.9092810153961182,0.08182910084724426,0.554909884929657,1.0,0.0,0.3660658001899719,0.0,0.4716734290122986,1.0,0.9667624235153198,0.033237576484680176
13,3220,0.3465011417865753,0.23691287636756897,0.15168428421020508,0.005053920671343803,0.1469140625,0.5879733562469482,0.83791857464856,0.13689149799426073,1.0,0.0,0.39393939393939387,0.5590909090909091,0.6511458333333333,0.018203125,0.0026171875,0.011666666666666667,0.9091747999191284,0.07966078817844391,0.5547407865524292,1.0,0.0,0.3649384379386902,0.0,0.47152969241142273,1.0,0.9668850898742676,0.03311491012573242
13,3230,0.35343125462532043,0.23889513313770294,0.1612585335969925,0.008062062785029411,0.17638020833333334,0.5953124761581421,0.9367696766700375,0.041295299575661575,1.0,0.0,0.46910511363636365,0.5703657670454545,0.6612760416666666,0.03057291666666667,0.003671875,0.0133203125,0.90904700756073,0.07814482599496841,0.5546181797981262,1.0,0.0,0.36412113904953003,0.0,0.47142547369003296,1.0,0.9669965505599976,0.03300344944000244
13,3240,0.3653886020183563,0.24642080068588257,0.17468658089637756,0.010488349944353104,0.185703125,0.579907238483429,0.9829156120618184,0.016184895833333334,1.0,0.0,0.37026515151515155,0.5555397727272727,0.642578125,0.08268229166666667,0.0328125,0.011145833333333334,0.9095714688301086,0.07671976089477539,0.554186999797821,1.0,0.0,0.36124640703201294,0.0,0.4710589647293091,1.0,0.9670889973640442,0.03291100263595581
13,3250,0.3681829571723938,0.2463851273059845,0.17518123984336853,0.010447455570101738,0.1840234375,0.5883474946022034,0.9846055917862135,0.014479166666666675,1.0,0.0,0.3448153409090909,0.5517223011363637,0.647890625,0.09235677083333334,0.0323828125,0.0105859375,0.9104718565940857,0.07475222647190094,0.5534260272979736,1.0,0.0,0.3561733663082123,0.0,0.47041213512420654,1.0,0.967180609703064,0.032819390296936035
13,3260,0.36467674374580383,0.23878197371959686,0.16143393516540527,0.007961138151586056,0.15373697916666668,0.6221027374267578,0.9337967100532906,0.04549640205191562,1.0,0.0,0.3199573863636363,0.5479936079545454,0.6482942708333334,0.0420703125,0.011028645833333333,0.0100390625,0.9129186868667603,0.07197391986846924,0.5528214573860168,1.0,0.0,0.3521431088447571,0.0,0.4698982536792755,1.0,0.967239499092102,0.03276050090789795
13,3270,0.36347028613090515,0.2359769642353058,0.15778717398643494,0.00718974182382226,0.15395833333333334,0.6077820062637329,0.9072743211038781,0.06832447860975494,1.0,0.0,0.3093039772727272,0.5463955965909091,0.6521223958333333,0.06158854166666667,0.022447916666666668,0.0098046875,0.9138001203536987,0.07001826167106628,0.5525339841842651,1.0,0.0,0.35022661089897156,0.0,0.4696539044380188,1.0,0.9672781229019165,0.032721877098083496
13,3280,0.36824461817741394,0.24213892221450806,0.154098242521286,0.00734415277838707,0.16071614583333332,0.6009271740913391,0.9051742469363593,0.06361682755594975,1.0,0.0,0.28799715909090906,0.5431995738636364,0.6563802083333333,0.0719921875,0.02484375,0.0093359375,0.9134246110916138,0.06903201341629028,0.5520182251930237,1.0,0.0,0.3467881977558136,0.0,0.4692155122756958,1.0,0.9670271873474121,0.03297281265258789
13,3290,0.3731665015220642,0.24852389097213745,0.1580391377210617,0.008383841253817081,0.1625390625,0.6357448697090149,0.9385309380234184,0.034332202627528,1.0,0.0,0.3223248106060606,0.5483487215909091,0.6226432291666667,0.04934895833333333,0.01921875,0.010091145833333334,0.9120780229568481,0.0694667249917984,0.5519633293151855,1.0,0.0,0.34642183780670166,0.0,0.46916884183883667,1.0,0.9670255184173584,0.0329744815826416
13,3300,0.3745972216129303,0.24144749343395233,0.15219159424304962,0.0075874472968280315,0.17723958333333334,0.6498558521270752,0.9086920391868551,0.0557652839720451,1.0,0.0,0.3400804924242424,0.5510120738636364,0.6277994791666667,0.042018229166666664,0.013424479166666666,0.010481770833333333,0.9103413224220276,0.07084198296070099,0.5518026351928711,1.0,0.0,0.34535083174705505,0.0,0.46903225779533386,1.0,0.9637758135795593,0.036224186420440674
13,3310,0.37561291456222534,0.24270446598529816,0.15022188425064087,0.007992666214704514,0.1609765625,0.7187821269035339,0.9155294560189542,0.04481295839315505,1.0,0.0,0.30160984848484845,0.5452414772727273,0.61359375,0.027317708333333333,0.017890625,0.009635416666666667,0.9114797115325928,0.06920367479324341,0.5513164401054382,1.0,0.0,0.342109739780426,0.0,0.4686189889907837,1.0,0.9637405872344971,0.03625941276550293
13,3320,0.3729260265827179,0.24502284824848175,0.14713086187839508,0.00755126541480422,0.1653125,0.6307329535484314,0.8990593332072889,0.05706370263130764,1.0,0.0,0.38269412878787873,0.5574041193181818,0.6399348958333333,0.04893229166666667,0.030130208333333332,0.011419270833333333,0.9147520065307617,0.06739486753940582,0.5511642694473267,1.0,0.0,0.34109508991241455,0.0,0.4684896469116211,1.0,0.9637417793273926,0.03625822067260742
13,3330,0.356909841299057,0.23401163518428802,0.1547246277332306,0.007101001683622599,0.1654296875,0.6701001524925232,0.9000275577695631,0.07039629013345736,1.0,0.0,0.36079545454545453,0.5541193181818181,0.657578125,0.04252604166666667,0.020078125,0.0109375,0.9169085025787354,0.06746836006641388,0.5506104826927185,1.0,0.0,0.3374030590057373,0.0,0.46801891922950745,1.0,0.9637458324432373,0.036254167556762695
13,3340,0.37321585416793823,0.24821695685386658,0.16451877355575562,0.007036058232188225,0.1721875,0.6313825249671936,0.9157235960799976,0.07064884285334001,1.0,0.0,0.3359375,0.550390625,0.6196354166666667,0.052760416666666664,0.01484375,0.010390625,0.9154129028320312,0.07090551406145096,0.5493590831756592,1.0,0.0,0.32906070351600647,0.0,0.4669552445411682,1.0,0.9637151956558228,0.036284804344177246
13,3350,0.37819212675094604,0.24403789639472961,0.16235357522964478,0.007415241561830044,0.16052083333333333,0.6328790187835693,0.9217139623859772,0.060125701875100274,1.0,0.0,0.30220170454545453,0.5453302556818181,0.6198046875,0.046575520833333335,0.01234375,0.0096484375,0.911296010017395,0.07608962804079056,0.5491308569908142,1.0,0.0,0.32753878831863403,0.0,0.4667612314224243,1.0,0.9636133909225464,0.03638660907745361
13,3360,0.38122060894966125,0.2505919337272644,0.1729535162448883,0.007953670807182789,0.16713541666666668,0.607284665107727,0.9542520666453884,0.04340201637992851,1.0,0.0,0.33416193181818177,0.5501242897727273,0.6162239583333333,0.06354166666666666,0.0315625,0.0103515625,0.9050344228744507,0.08148687332868576,0.5488391518592834,1.0,0.0,0.32559412717819214,0.0,0.4665133059024811,1.0,0.963455855846405,0.03654414415359497
13,3370,0.3661007285118103,0.24263903498649597,0.1594862937927246,0.006316703278571367,0.14563802083333333,0.6398324370384216,0.8869459532896026,0.09450313937282415,1.0,0.0,0.33948863636363635,0.5509232954545454,0.6208854166666666,0.026380208333333332,0.0008723958333333333,0.01046875,0.9054746627807617,0.08290178328752518,0.5494394302368164,1.0,0.0,0.3295961916446686,0.0,0.4670235216617584,1.0,0.9632649421691895,0.03673505783081055
13,3380,0.3625504970550537,0.24250738322734833,0.16076214611530304,0.006078757345676422,0.13364583333333332,0.6394801139831543,0.882026728272115,0.10314647743533943,1.0,0.0,0.2986505681818182,0.5447975852272727,0.6204817708333333,0.0208203125,3.90625e-05,0.0095703125,0.9098901748657227,0.07964824140071869,0.5524494647979736,1.0,0.0,0.3496629297733307,0.0,0.46958205103874207,1.0,0.9630560278892517,0.03694397211074829
13,3390,0.3614274859428406,0.24714353680610657,0.1650301218032837,0.005992295686155558,0.136640625,0.6387391686439514,0.8852305345491509,0.10918094114024385,1.0,0.0,0.33001893939393934,0.5495028409090909,0.6150520833333334,0.0081640625,0.0003515625,0.010260416666666666,0.9073947668075562,0.08483142405748367,0.5553368926048279,1.0,0.0,0.36891233921051025,0.0,0.47203636169433594,1.0,0.962804913520813,0.03719508647918701
13,3400,0.3582627773284912,0.2478303462266922,0.1648525595664978,0.00606471998617053,0.14470052083333335,0.6437221765518188,0.8853757397526529,0.10996767487962475,1.0,0.0,0.3838778409090909,0.5575816761363637,0.6064973958333333,0.0026171875,0.0016796875,0.0114453125,0.9064961671829224,0.08932864665985107,0.5543180704116821,1.0,0.0,0.3621200919151306,0.0,0.4711703658103943,1.0,0.962556779384613,0.03744322061538696
13,3410,0.3971765637397766,0.2605571448802948,0.16469885408878326,0.007210643962025642,0.15169270833333334,0.5837094187736511,0.9203108794427128,0.06612905857645397,1.0,0.0,0.30279356060606055,0.5454190340909091,0.62640625,0.10013020833333333,0.002434895833333333,0.009661458333333333,0.9068048596382141,0.09126333892345428,0.5554721355438232,1.0,0.0,0.3698142170906067,0.0,0.47215133905410767,1.0,0.962303876876831,0.037696123123168945
13,3420,0.3432546854019165,0.22992323338985443,0.19226229190826416,0.005778854712843895,0.12389322916666666,0.5740979909896851,0.9079171365200667,0.10952943372088397,1.0,0.0,0.3329782196969697,0.5499467329545454,0.7021223958333334,0.12149739583333333,0.006393229166666667,0.010325520833333334,0.9034488201141357,0.09777459502220154,0.5570617318153381,1.0,0.0,0.3804112672805786,0.0,0.4735024869441986,1.0,0.9620205760002136,0.03797942399978638
13,3430,0.3397417366504669,0.23707108199596405,0.19285063445568085,0.004893396515399218,0.113046875,0.6171025037765503,0.8832060798677568,0.1384348326944683,1.0,0.0,0.31640624999999994,0.5474609375,0.7049348958333334,0.1226171875,0.0020833333333333333,0.0099609375,0.9038901329040527,0.10001789778470993,0.5614118576049805,1.0,0.0,0.4094122350215912,0.0,0.47720009088516235,1.0,0.9617782831192017,0.03822171688079834
13,3440,0.3389374613761902,0.23169520497322083,0.21684923768043518,0.005728576797991991,0.1212109375,0.5808098316192627,0.905361619631086,0.1134754914230084,1.0,0.0,0.29391571969696967,0.5440873579545454,0.7056901041666667,0.11989583333333333,0.00828125,0.009466145833333333,0.9033456444740295,0.10322882235050201,0.5614414215087891,1.0,0.0,0.40960949659347534,0.0,0.4772252142429352,1.0,0.9615319967269897,0.038468003273010254
13,3450,0.3225044012069702,0.2330409437417984,0.1869482547044754,0.005459930747747421,0.13766927083333333,0.5880153775215149,0.8964613343399713,0.12505133645079,1.0,0.0,0.3383049242424242,0.5507457386363637,0.6998177083333333,0.12256510416666666,0.0037369791666666667,0.010442708333333333,0.9039302468299866,0.10376067459583282,0.562105119228363,1.0,0.0,0.41403430700302124,0.0,0.47778937220573425,1.0,0.9612672328948975,0.03873276710510254
13,3460,0.34154725074768066,0.22965466976165771,0.15575666725635529,0.005379043985158205,0.13484375,0.6205983757972717,0.8531121134736718,0.1278212157302715,1.0,0.0,0.3039772727272727,0.545596590909091,0.6811458333333333,0.049127604166666665,0.001171875,0.0096875,0.9008527994155884,0.10863089561462402,0.5633691549301147,1.0,0.0,0.42246124148368835,0.0,0.47886380553245544,1.0,0.9610097408294678,0.03899025917053223
13,3470,0.3721233904361725,0.3010103404521942,0.24736911058425903,0.007329495623707771,0.1494921875,0.4742625951766968,0.9430418329599104,0.07520952536121293,1.0,0.0,0.4040009469696969,0.5606001420454545,0.5442447916666666,0.300546875,0.0446875,0.011888020833333334,0.8975782990455627,0.11276066303253174,0.563698947429657,1.0,0.0,0.4246595501899719,0.0,0.4791441261768341,1.0,0.9606947898864746,0.03930521011352539
13,3480,0.5359287261962891,0.28731560707092285,0.25120145082473755,0.011959956027567387,0.1833203125,0.5517604351043701,0.9999999999999999,0.0,1.0,0.0,0.7307054924242424,0.6096058238636364,0.4827734375,0.17709635416666666,0.042708333333333334,0.019075520833333335,0.8960514068603516,0.11611324548721313,0.5646543502807617,1.0,0.0,0.4310290515422821,0.009040981531143188,0.4799562096595764,0.9776211977005005,0.9604052305221558,0.03959476947784424
13,3490,0.2893295884132385,0.22873029112815857,0.23677876591682434,0.003734965343028307,0.09848958333333334,0.4580387473106384,0.8527707503956103,0.1724637937423619,1.0,0.0,0.6922348484848485,0.6038352272727273,0.6812630208333333,0.20553385416666667,0.049466145833333336,0.018229166666666668,0.8945646286010742,0.11927498877048492,0.5655633211135864,1.0,0.0,0.4370885193347931,0.0,0.4807288348674774,1.0,0.9598865509033203,0.04011344909667969
13,3500,0.6956639885902405,0.33852535486221313,0.17391923069953918,0.008511342108249664,0.08329427083333334,0.2212703377008438,0.9196611996287974,0.12877397451135847,1.0,0.0,0.17968749999999997,0.526953125,0.32647135416666667,0.326328125,0.0373828125,0.006953125,0.8940079212188721,0.12091895937919617,0.5667597055435181,1.0,0.0,0.445064514875412,0.40362387895584106,0.48174574971199036,0.7339044809341431,0.9591497778892517,0.04085022211074829
13,3510,0.40991663932800293,0.2909746766090393,0.2840663194656372,0.005838282871991396,0.11111979166666666,0.3816048800945282,0.9151734429070862,0.09639381487831108,1.0,0.0,0.5016571969696969,0.5752485795454545,0.6052083333333333,0.44147135416666666,0.07442708333333334,0.014036458333333333,0.8919113874435425,0.12468449771404266,0.568213939666748,1.0,0.0,0.4547596573829651,0.0,0.4829818606376648,1.0,0.9581900238990784,0.04180997610092163
13,3520,0.31817567348480225,0.25119784474372864,0.27125391364097595,0.0034608824644237757,0.08962239583333333,0.5036866068840027,0.8450527239777653,0.18154914573233746,1.0,0.0,0.5241477272727272,0.5786221590909091,0.645390625,0.17462239583333333,0.0412109375,0.01453125,0.895092248916626,0.12223309278488159,0.5683366060256958,1.0,0.0,0.45557698607444763,0.0,0.48308613896369934,1.0,0.9569969177246094,0.043003082275390625
13,3530,0.35749614238739014,0.2608909606933594,0.29836249351501465,0.005583121441304684,0.1364453125,0.5175913572311401,0.9083276484252475,0.10417312678949134,1.0,0.0,0.9917140151515151,0.6487571022727272,0.7066927083333333,0.1318359375,0.013229166666666667,0.024817708333333334,0.894263744354248,0.12294177711009979,0.5724753141403198,1.0,0.0,0.48316875100135803,0.0,0.4866040349006653,1.0,0.9554946422576904,0.04450535774230957
13,3540,0.5446088910102844,0.32336726784706116,0.3113931119441986,0.005332057364284992,0.11069010416666666,0.39793387055397034,0.888592650999787,0.137825783270444,1.0,0.0,0.36493844696969696,0.5547407670454545,0.5089583333333333,0.210625,0.041341145833333336,0.011028645833333333,0.8927901387214661,0.12434419989585876,0.5733165740966797,1.0,0.0,0.4887772798538208,0.0,0.48731911182403564,1.0,0.9537352323532104,0.04626476764678955
13,3550,0.4118504524230957,0.26995858550071716,0.2514493763446808,0.0063163843005895615,0.11610677083333333,0.42347386479377747,0.9280005544060613,0.08181755181129385,1.0,0.0,0.4288589015151514,0.5643288352272727,0.6366536458333333,0.255703125,0.06571614583333334,0.012434895833333333,0.8897017240524292,0.12757128477096558,0.5732489824295044,1.0,0.0,0.48832637071609497,0.0,0.48726165294647217,1.0,0.9517652988433838,0.04823470115661621
13,3560,0.34864768385887146,0.2515738904476166,0.2766924500465393,0.0036732598673552275,0.09518229166666667,0.5039625763893127,0.8570874598558719,0.16240061380014548,1.0,0.0,0.4791666666666667,0.571875,0.6604557291666666,0.18354166666666666,0.029075520833333333,0.013541666666666667,0.887968897819519,0.12918835878372192,0.577248215675354,1.0,0.0,0.5149880647659302,0.0,0.49066099524497986,1.0,0.9464877843856812,0.05351221561431885
13,3570,0.3984752893447876,0.2667907178401947,0.2716498076915741,0.00473182974383235,0.108125,0.49321457743644714,0.885488115078429,0.1301271419563308,1.0,0.0,0.3803267045454546,0.5570490056818181,0.6541276041666667,0.24147135416666668,0.0441015625,0.0113671875,0.8872062563896179,0.13191670179367065,0.5787067413330078,1.0,0.0,0.5247113704681396,0.0,0.4919007420539856,1.0,0.9440853595733643,0.05591464042663574
13,3580,0.41024279594421387,0.292115718126297,0.2792530357837677,0.0035910422448068857,0.1108203125,0.4504537880420685,0.8548816212021358,0.1649072486339364,1.0,0.0,0.4732481060606059,0.5709872159090909,0.5944921875,0.19604166666666667,0.0511328125,0.013411458333333333,0.8860055208206177,0.13278189301490784,0.5815772414207458,1.0,0.0,0.5438480973243713,0.0,0.4943406581878662,1.0,0.9391062259674072,0.06089377403259277
13,3590,0.41933250427246094,0.2854679524898529,0.2762005031108856,0.0034389912616461515,0.11744791666666667,0.47157156467437744,0.8508022045807503,0.16954294934005634,1.0,0.0,0.4258996212121211,0.5638849431818181,0.6526302083333333,0.25640625,0.0362109375,0.012369791666666666,0.8820964097976685,0.13722418248653412,0.5803089141845703,1.0,0.0,0.5353929996490479,0.0,0.4932625889778137,1.0,0.9154597520828247,0.08454024791717529
13,3600,0.40390682220458984,0.2575906813144684,0.26323768496513367,0.004286497365683317,0.1125,0.45781561732292175,0.8735401732256499,0.14370434860721593,1.0,0.0,0.4975142045454544,0.5746271306818181,0.6769010416666666,0.24951822916666666,0.051640625,0.0139453125,0.8850797414779663,0.13358832895755768,0.5793957710266113,1.0,0.0,0.5293053388595581,0.0,0.4924864172935486,1.0,0.8918410539627075,0.10815894603729248
13,3610,0.357110857963562,0.2879483997821808,0.24878709018230438,0.0034647583961486816,0.09451822916666666,0.4847675561904907,0.8413502887787858,0.1890438243044101,1.0,0.0,0.5874763257575758,0.5881214488636364,0.5803515625,0.1994921875,0.03600260416666667,0.01592447916666667,0.8853288888931274,0.13152042031288147,0.5841221809387207,1.0,0.0,0.560814619064331,0.0,0.4965038597583771,1.0,0.8682388067245483,0.13176119327545166
13,3620,0.3921532928943634,0.2545226812362671,0.2524486780166626,0.008519492112100124,0.11026041666666667,0.42460697889328003,0.9871083249587839,0.014649630728654717,1.0,0.0,0.3199573863636363,0.5479936079545454,0.7144140625,0.3151953125,0.044296875,0.0100390625,0.8835166692733765,0.1335797905921936,0.5845491886138916,1.0,0.0,0.5636611580848694,0.0,0.4968668222427368,1.0,0.8446394205093384,0.15536057949066162
13,3630,0.3263610601425171,0.2393481582403183,0.27133458852767944,0.0049192942678928375,0.1331640625,0.509212851524353,0.8905176510898077,0.12441176012521837,1.0,0.0,0.9124053030303029,0.6368607954545454,0.6895442708333334,0.14389322916666666,0.016861979166666666,0.023072916666666665,0.8885949850082397,0.12754839658737183,0.5857117772102356,1.0,0.0,0.571411669254303,0.0,0.4978550374507904,1.0,0.8210763931274414,0.1789236068725586
13,3640,0.39201781153678894,0.2692849338054657,0.2874205410480499,0.003493347903713584,0.09997395833333333,0.5493859052658081,0.8522605535142668,0.16788573464287854,1.0,0.0,0.43418560606060597,0.5651278409090909,0.6826171875,0.169140625,0.00375,0.012552083333333333,0.8884730339050293,0.12768696248531342,0.5821436643600464,1.0,0.0,0.5476247072219849,0.0,0.49482211470603943,1.0,0.7975161671638489,0.20248383283615112
13,3650,0.41466739773750305,0.28355708718299866,0.3033290505409241,0.0030551913660019636,0.0929296875,0.5505097508430481,0.8405051342098088,0.18124416567067184,1.0,0.0,0.2844460227272727,0.542666903409091,0.6260026041666666,0.1372265625,0.0037109375,0.0092578125,0.8869938254356384,0.12883329391479492,0.5845872163772583,1.0,0.0,0.5639147758483887,0.0,0.49689915776252747,1.0,0.7739670276641846,0.22603297233581543
13,3660,0.401870459318161,0.255867600440979,0.28121432662010193,0.003784473054111004,0.1234765625,0.5600178837776184,0.8600712282810269,0.15900996786246938,1.0,0.0,0.8982007575757576,0.6347301136363637,0.6681380208333333,0.134609375,0.016575520833333333,0.02276041666666667,0.8892533779144287,0.12727518379688263,0.5841518044471741,1.0,0.0,0.5610119104385376,0.0,0.4965290427207947,1.0,0.7504156827926636,0.24958431720733643
13,3670,0.4299026429653168,0.2761775553226471,0.287930965423584,0.002928184112533927,0.10760416666666667,0.5110687613487244,0.8370976225313981,0.18511633803250221,1.0,0.0,0.5081676136363636,0.5762251420454545,0.652734375,0.1126953125,0.011471354166666666,0.0141796875,0.8856741189956665,0.13299795985221863,0.5860457420349121,1.0,0.0,0.5736382007598877,0.0,0.4981389045715332,1.0,0.7268949747085571,0.27310502529144287
13,3680,0.38791030645370483,0.2693619132041931,0.2829474210739136,0.005937171168625355,0.15063802083333333,0.4793040454387665,0.917826543548485,0.09337892778581233,1.0,0.0,0.805871212121212,0.6208806818181818,0.6661458333333333,0.136640625,0.0318359375,0.020729166666666667,0.8899641633033752,0.12912720441818237,0.585124135017395,1.0,0.0,0.5674941539764404,0.0,0.49735552072525024,1.0,0.7034042477607727,0.2965957522392273
13,3690,0.4271293580532074,0.3047608733177185,0.28974637389183044,0.005940159782767296,0.11930989583333333,0.47383615374565125,0.9179067258791226,0.09328781150099708,1.0,0.0,0.5531486742424241,0.5829723011363637,0.5955078125,0.08701822916666667,0.034609375,0.015169270833333333,0.8492555022239685,0.12127447128295898,0.5579342842102051,0.9523810148239136,0.0,0.5449585318565369,0.0,0.4742441475391388,1.0,0.680203914642334,0.319796085357666
13,3700,0.40263041853904724,0.2799905240535736,0.30610039830207825,0.005847563035786152,0.1181640625,0.5191361308097839,0.9154224229113358,0.09611088305530024,1.0,0.0,0.5643939393939393,0.5846590909090909,0.636640625,0.170625,0.042890625,0.015416666666666667,0.8087410926818848,0.11320099234580994,0.5310826301574707,0.9047619700431824,0.0,0.524677574634552,0.0,0.45142024755477905,1.0,0.6567475199699402,0.3432524800300598
13,3710,0.4054141640663147,0.259408563375473,0.2634892463684082,0.006200593430548906,0.1485546875,0.5382359027862549,0.9248939700878974,0.08534776126375285,1.0,0.0,0.8413825757575757,0.6262073863636364,0.6288541666666667,0.158046875,0.056484375,0.021510416666666667,0.767143964767456,0.10635793954133987,0.5037194490432739,0.8571429252624512,0.0,0.5009864568710327,0.0,0.42816153168678284,1.0,0.6365435123443604,0.36345648765563965
13,3720,0.42871224880218506,0.3040553033351898,0.3022357225418091,0.004419784527271986,0.10427083333333333,0.4814179539680481,0.8771161702438824,0.13964071563195163,1.0,0.0,0.5614346590909091,0.5842151988636364,0.5801822916666667,0.14020833333333332,0.027630208333333333,0.0153515625,0.7270796298980713,0.09735584259033203,0.4757136404514313,0.8095238208770752,0.0,0.4730113744735718,0.0,0.40435659885406494,1.0,0.6131165027618408,0.3868834972381592
13,3730,0.3984931409358978,0.27959883213043213,0.3059992790222168,0.0071996054612100124,0.14342447916666667,0.4774080514907837,0.9516967318861224,0.05489007740213375,1.0,0.0,0.6869081439393939,0.6030362215909091,0.6097916666666666,0.10856770833333333,0.06165364583333333,0.018111979166666667,0.6800745129585266,0.09665824472904205,0.44961869716644287,0.761904776096344,0.0,0.4577752947807312,0.0,0.38217589259147644,1.0,0.589664101600647,0.410335898399353
13,3740,0.42658376693725586,0.31235966086387634,0.2933732867240906,0.005487681366503239,0.11984375,0.4322371482849121,0.9057670610525258,0.10708288516758419,1.0,0.0,0.4921875,0.573828125,0.545546875,0.14747395833333332,0.0600390625,0.013828125,0.6376689076423645,0.09073387831449509,0.41929197311401367,0.7142857313156128,0.0,0.4143274426460266,0.0,0.35639819502830505,1.0,0.566218376159668,0.43378162384033203
13,3750,0.3912125527858734,0.26509734988212585,0.266513854265213,0.0036897221580147743,0.12248697916666666,0.4884064793586731,0.8575291310686891,0.1618987146946715,1.0,0.0,0.70703125,0.6060546875,0.633125,0.14635416666666667,0.045013020833333334,0.0185546875,0.5970850586891174,0.08273931592702866,0.39238113164901733,0.6666666865348816,0.0,0.39365193247795105,0.0,0.3335239589214325,1.0,0.5427851676940918,0.4572148323059082
13,3760,0.5485866069793701,0.35220688581466675,0.27697354555130005,0.009136485867202282,0.09381510416666666,0.2474360167980194,0.9754513888888888,0.04909722222222224,1.0,0.0,0.36789772727272724,0.5551846590909091,0.433359375,0.3231510416666667,0.08458333333333333,0.01109375,0.5570610165596008,0.07410864531993866,0.3665398359298706,0.6190476417541504,0.0,0.3801068663597107,0.29213979840278625,0.31155887246131897,0.7439665794372559,0.5193786025047302,0.4806213974952698
13,3770,0.22370579838752747,0.23813533782958984,0.26201823353767395,0.0031189790461212397,0.07296875,0.35358139872550964,0.7819228745084539,0.28257899998796515,1.0,0.0,0.7443181818181818,0.6116477272727272,0.2957682291666667,0.20805989583333334,0.05203125,0.019375,0.5161052942276001,0.06653673946857452,0.3363146185874939,0.5714285969734192,0.0,0.33733540773391724,0.16218170523643494,0.2858674228191376,0.9993116855621338,0.49598661065101624,0.5040134191513062
13,3780,0.5878661870956421,0.33887872099876404,0.3075181543827057,0.020090535283088684,0.19095052083333333,0.3605808615684509,0.9755794270833332,0.048841145833333335,1.0,0.0,0.25130208333333326,0.5376953125,0.45208333333333334,0.37654947916666665,0.026627604166666666,0.008528645833333333,0.4762434661388397,0.05772167816758156,0.30887532234191895,0.523809552192688,0.0,0.3131369352340698,0.0844978541135788,0.26254403591156006,0.8012909293174744,0.4726058542728424,0.52739417552948
