video,frame,brightness,contrast,center_contrast,sharpness,edge_density,saturation,visibility_score,no_vision_score,brown_deposit_score,light_deposit_score,dark_structure_score,dirt_deposit_score,brown_fraction,yellow_fraction,light_deposit_fraction,dark_structure_fraction,visibility_score_smooth,no_vision_score_smooth,dirt_deposit_score_smooth,brown_deposit_score_smooth,light_deposit_score_smooth,dark_structure_score_smooth,feature_anomaly_score,anomaly_score,pipe_similarity_score,inspection_active_score,handling_score
6,0,0.9274688959121704,0.20394176244735718,0.3388802111148834,0.0357600562274456,0.03981770833333333,0.07449918240308762,0.7887259615384615,0.32363782051282053,0.0,0.0,0.0,0.0,0.0,0.020494791666666668,0.017291666666666667,0.0,0.4870089590549469,0.053222332149744034,0.04773285984992981,0.0011373853776603937,0.0,0.31442776322364807,1.0,1.0,0.44460171461105347,0.4197191596031189,0.5802808403968811
6,10,0.9273867607116699,0.204244002699852,0.3391672670841217,0.036652278155088425,0.03990885416666667,0.07399994879961014,0.7889783653846154,0.32335737179487184,0.0,0.0,0.0,0.0,0.0,0.0205078125,0.0176171875,0.0,0.5344827175140381,0.053512923419475555,0.053947944194078445,0.0038306829519569874,0.0,0.34688401222229004,1.0,1.0,0.44460171461105347,0.44321781396865845,0.5567821860313416
6,20,0.7633768916130066,0.36677175760269165,0.1144108921289444,0.017609795555472374,0.0766015625,0.09150046110153198,0.7930945946925726,0.1834515224358974,0.0,0.0,0.29450757575757575,0.04417613636363636,0.012473958333333333,0.0070182291666666665,0.026484375,0.009479166666666667,0.5765891075134277,0.0604538768529892,0.061090804636478424,0.0038306829519569874,0.0,0.39450308680534363,1.0,1.0,0.16036808490753174,0.46671804785728455,0.5332819223403931
6,30,0.6448692083358765,0.38424229621887207,0.2447420209646225,0.03316960111260414,0.13627604166666665,0.2264716625213623,0.9472808159722221,0.10543836805555556,0.0,0.0,0.35073390151515144,0.052610085227272715,0.048125,0.03673177083333334,0.05286458333333333,0.010716145833333333,0.6242081522941589,0.060453880578279495,0.0920431911945343,0.0514497309923172,0.0,0.44212213158607483,0.8876762390136719,0.8876762390136719,0.27143001556396484,0.48187386989593506,0.5181261301040649
6,40,0.3764573633670807,0.3372527062892914,0.35014650225639343,0.016902731731534004,0.16256510416666667,0.41589951515197754,0.9833506944444443,0.03329861111111112,0.0,0.0,1.0,0.15,0.06506510416666667,0.005182291666666667,0.05115885416666666,0.035416666666666666,0.6708707809448242,0.06143028289079666,0.12299556285142899,0.0990687757730484,0.0,0.4897412061691284,0.24661146104335785,0.24661146104335785,0.9733205437660217,0.5054223537445068,0.49457764625549316
6,50,0.36801275610923767,0.3301713764667511,0.35120442509651184,0.014844617806375027,0.16859375,0.3711796998977661,0.9845724826388889,0.030855034722222226,0.0,0.0,1.0,0.15,0.05838541666666667,0.006080729166666667,0.038033854166666665,0.0327734375,0.7184898257255554,0.06143028289079666,0.15394794940948486,0.1466878354549408,0.0,0.5373601913452148,0.3078155815601349,0.3078155815601349,0.8076193928718567,0.5228619575500488,0.47713804244995117
6,60,0.3592042922973633,0.3351995348930359,0.36967146396636963,0.026412222534418106,0.17061197916666668,0.3921786844730377,0.971423611111111,0.05715277777777779,0.0,0.0,1.0,0.15,0.075234375,0.008984375,0.05934895833333333,0.029205729166666666,0.765159010887146,0.06261758506298065,0.18490032851696014,0.194306880235672,0.0,0.5849792957305908,0.2875221371650696,0.2875221371650696,0.8854272961616516,0.5463917255401611,0.45360827445983887
6,70,0.5027297139167786,0.3357416093349457,0.28506192564964294,0.042670607566833496,0.20876302083333334,0.2980417311191559,0.9970442708333332,0.005911458333333333,0.0,0.0,0.6780303030303031,0.10170454545454546,0.0804296875,0.011067708333333334,0.09859375,0.017916666666666668,0.8114476799964905,0.06428059935569763,0.21585272252559662,0.2419259250164032,0.0,0.632598340511322,0.49297696352005005,0.49297696352005005,0.5366199612617493,0.5698689222335815,0.43013107776641846
6,80,0.5051873922348022,0.3363751769065857,0.2854456901550293,0.043388497084379196,0.2080078125,0.3102295398712158,0.9974934895833333,0.005013020833333336,0.0,0.0,0.6318655303030304,0.09477982954545455,0.08153645833333334,0.011315104166666666,0.09197916666666667,0.01690104166666667,0.8575650453567505,0.06615765392780304,0.2468051016330719,0.2895449697971344,0.0,0.6802173852920532,0.46986719965934753,0.46986719965934753,0.5817796587944031,0.5934163331985474,0.40658366680145264
6,90,0.4730817675590515,0.341714084148407,0.3225724697113037,0.041575126349925995,0.21265625,0.33343225717544556,0.9926236979166666,0.014752604166666667,0.023885091145833343,0.0,0.7721354166666665,0.12776285807291665,0.08953125,0.018111979166666667,0.086875,0.019986979166666665,0.9029350876808167,0.06868430972099304,0.277757465839386,0.337164044380188,0.0,0.7278364300727844,0.5072171092033386,0.5072171092033386,0.5431423783302307,0.6169761419296265,0.38302385807037354
6,100,0.4297829568386078,0.34965983033180237,0.3476616144180298,0.03009689413011074,0.19319010416666665,0.3379480838775635,0.9825998263888888,0.03480034722222222,0.0,0.0,0.8757102272727273,0.13135653409090908,0.06444010416666666,0.010052083333333333,0.08205729166666667,0.022265625,0.9491831660270691,0.06980235129594803,0.308194100856781,0.3847830891609192,0.0,0.7720170617103577,0.4760485887527466,0.4760485887527466,0.684485673904419,0.6405550837516785,0.35944491624832153
6,110,0.4643212854862213,0.3264773488044739,0.29766926169395447,0.05146608501672745,0.21747395833333333,0.33890920877456665,0.9969487847222221,0.006102430555555557,0.05655924479166667,0.0,0.6815814393939393,0.13051683830492422,0.11532552083333333,0.0027734375,0.07248697916666667,0.017994791666666666,0.9592437744140625,0.05439102649688721,0.33384937047958374,0.4324021339416504,0.0,0.7843220233917236,0.4208280146121979,0.4208280146121979,0.6147923469543457,0.6641432046890259,0.3358567953109741
6,120,0.271853506565094,0.244535431265831,0.2039344757795334,0.005298307631164789,0.13776041666666666,0.3976535499095917,0.8842344793828765,0.1457601204929434,0.0,0.0,1.0,0.15,0.0951953125,0.0001953125,0.07299479166666667,0.0250390625,0.9692924618721008,0.03899305686354637,0.3611026406288147,0.4800211787223816,0.0,0.807280421257019,0.14130793511867523,0.30693724751472473,0.9057134389877319,0.6877282857894897,0.31227171421051025
6,130,0.29618924856185913,0.21447132527828217,0.1996697038412094,0.013160842470824718,0.26022135416666664,0.46646177768707275,0.9999999999999999,0.0,1.0,0.0,1.0,0.65,0.657421875,0.0066796875,0.03733072916666667,0.04192708333333333,0.9318428635597229,0.07751632481813431,0.3598724603652954,0.4800211787223816,0.0,0.7990789413452148,0.0,0.30589160323143005,1.0,0.7113109827041626,0.2886890172958374
6,140,0.2919289767742157,0.19179821014404297,0.17782481014728546,0.014191528782248497,0.26059895833333335,0.5263023376464844,0.9799153297681075,0.020504474639892616,1.0,0.0,1.0,0.65,0.7407682291666666,0.008515625,0.018020833333333333,0.032513020833333336,0.9297698140144348,0.07770393043756485,0.38195711374282837,0.5276402235031128,0.0,0.7875800132751465,0.0,0.32466354966163635,1.0,0.7352885007858276,0.26471149921417236
6,150,0.32059890031814575,0.21153882145881653,0.19836457073688507,0.021316533908247948,0.27703125,0.5001148581504822,0.9999999999999999,0.0,1.0,0.0,1.0,0.65,0.7247786458333333,0.027825520833333332,0.022578125,0.03407552083333333,0.9072476625442505,0.09461645036935806,0.3756284713745117,0.5276402235031128,0.0,0.7453892230987549,0.0,0.31928420066833496,1.0,0.7592992782592773,0.24070072174072266
6,160,0.2951081097126007,0.19002665579319,0.19475826621055603,0.021951498463749886,0.29735677083333334,0.49892908334732056,0.98005331158638,0.024933360517025036,1.0,0.0,1.0,0.65,0.7304166666666667,0.009947916666666667,0.0258984375,0.04149739583333333,0.9079822897911072,0.0931471660733223,0.3938576579093933,0.5752593278884888,0.0,0.7081868052482605,0.0,0.3347790241241455,1.0,0.7834891080856323,0.21651089191436768
6,170,0.29016348719596863,0.18603070080280304,0.1871747225522995,0.021015923470258713,0.30438802083333333,0.5033749341964722,0.9720614016056061,0.034923247992992436,1.0,0.0,1.0,0.65,0.7397005208333334,0.008411458333333333,0.02921875,0.048216145833333335,0.8920243382453918,0.10091230273246765,0.41171902418136597,0.6228783130645752,0.0,0.6685324311256409,0.0,0.34996119141578674,1.0,0.8076708316802979,0.19232916831970215
6,180,0.2901047170162201,0.1842327117919922,0.18673275411128998,0.02000335045158863,0.2993880208333333,0.49635568261146545,0.9684654235839844,0.03941822052001956,1.0,0.0,1.0,0.65,0.7399609375,0.005729166666666666,0.02899739583333333,0.045625,0.8919954299926758,0.10097017139196396,0.4324931800365448,0.6704974174499512,0.0,0.648296594619751,0.0,0.36761921644210815,1.0,0.8319756984710693,0.16802430152893066
6,190,0.27861344814300537,0.17877614498138428,0.17717349529266357,0.013637565076351166,0.2651953125,0.5173159837722778,0.9527689743041993,0.053059637546539334,1.0,0.0,1.0,0.65,0.7506119791666667,0.005143229166666667,0.020455729166666665,0.036822916666666664,0.8921148180961609,0.10073146224021912,0.4542016386985779,0.7181164026260376,0.0,0.6342893242835999,0.0,0.38607141375541687,1.0,0.8562743663787842,0.14372563362121582
6,200,0.3388615846633911,0.1906084269285202,0.17408724129199982,0.010404410772025585,0.2596744791666667,0.5898412466049194,0.9712106468127323,0.023478932678699514,1.0,0.0,0.9277935606060606,0.6391690340909091,0.7817317708333333,0.09734375,0.005403645833333333,0.023411458333333333,0.8924660682678223,0.10002896189689636,0.4737856388092041,0.7645981311798096,0.0,0.6099104881286621,0.0,0.40271779894828796,1.0,0.8805649280548096,0.11943507194519043
6,210,0.4840414524078369,0.2325136959552765,0.20269735157489777,0.017482303082942963,0.28390625,0.671019971370697,0.9999999999999999,0.0,1.0,0.0,0.258404356060606,0.5387606534090909,0.7401302083333333,0.39188802083333335,0.0006119791666666667,0.008684895833333333,0.893126368522644,0.09837180376052856,0.49357476830482483,0.812217116355896,0.0,0.5831078290939331,0.0,0.41953855752944946,1.0,0.8915097713470459,0.1084902286529541
6,220,0.4172144830226898,0.24773377180099487,0.22869865596294403,0.04762083664536476,0.3144921875,0.5508629083633423,0.9999999999999999,0.0,1.0,0.0,0.48212594696969696,0.5723188920454545,0.7468359375,0.2739973958333333,0.016640625,0.013606770833333334,0.8932716846466064,0.09808120131492615,0.512985348701477,0.8571429252624512,0.0,0.562759280204773,0.0,0.4360375702381134,1.0,0.9021528959274292,0.0978471040725708
6,230,0.016886847093701363,0.0499737448990345,0.0,0.0010479671182110906,0.0122265625,0.9451087713241577,0.006652776342248771,0.9924400268838081,0.0,0.0,0.12227746212121213,0.018341619318181818,0.013372395833333333,0.0001953125,0.0005338541666666666,0.005690104166666667,0.8987772464752197,0.0911542996764183,0.5331718921661377,0.9047619104385376,0.0,0.5386059284210205,0.7450515627861023,0.7450515627861023,0.605553150177002,0.9150024056434631,0.08499759435653687
6,240,0.4138737916946411,0.2589646279811859,0.215600848197937,0.00541239557787776,0.11884114583333333,0.7907255291938782,0.9037471984308668,0.10937818360128779,1.0,0.0,0.10925662878787877,0.5163884943181818,0.6598697916666667,0.15875,0.0004427083333333333,0.005403645833333333,0.898576021194458,0.09155691415071487,0.5294981002807617,0.9047619700431824,0.0,0.5141143798828125,0.0,0.45007339119911194,1.0,0.9262018203735352,0.07379817962646484
6,250,0.8780166506767273,0.26483041048049927,0.033303402364254,0.009985647164285183,0.01875,0.21506096422672272,0.5103846153846154,0.38846153846153847,0.0,0.0,0.11399147727272724,0.017098721590909086,0.0012369791666666666,0.05479166666666667,0.0062890625,0.0055078125,0.8958098888397217,0.09135552495718002,0.5262429118156433,0.9047619104385376,0.0,0.4924129843711853,0.5463767051696777,0.5463767051696777,0.6343410015106201,0.9285569787025452,0.07144302129745483
6,260,0.5231313109397888,0.2691263258457184,0.23558945953845978,0.031098829582333565,0.23787760416666667,0.6036220192909241,0.9999999999999999,0.0,1.0,0.0,0.21874999999999997,0.5328125,0.62609375,0.253046875,0.0180859375,0.0078125,0.8954706788063049,0.09147126972675323,0.5216137766838074,0.9047619700431824,0.0,0.4615519344806671,0.0,0.4433717131614685,1.0,0.932662308216095,0.06733769178390503
6,270,0.3980275094509125,0.17560772597789764,0.07672251760959625,0.0037769265472888947,0.08290364583333333,0.7182911038398743,0.6363069350891667,0.2202207293452286,1.0,0.0,0.1672585227272727,0.525088778409091,0.8481901041666666,0.7249479166666667,0.00022135416666666666,0.0066796875,0.8962658047676086,0.0905933603644371,0.5185445547103882,0.9047619104385376,0.0,0.4410906136035919,0.0,0.44076287746429443,1.0,0.9355347156524658,0.06446528434753418
6,280,0.39514362812042236,0.2737930417060852,0.24036264419555664,0.026336193084716797,0.279609375,0.5573877096176147,0.9964366319444443,0.007126736111111115,1.0,0.0,0.2530776515151515,0.5379616477272727,0.6681119791666666,0.14608072916666667,0.005572916666666667,0.008567708333333333,0.8974547386169434,0.0892132967710495,0.5154964923858643,0.9047619700431824,0.0,0.42077022790908813,0.0,0.43817204236984253,1.0,0.9423795938491821,0.05762040615081787
6,290,0.401551753282547,0.25100472569465637,0.24328167736530304,0.022008854895830154,0.25665364583333333,0.4328637719154358,0.9999999999999999,0.0,1.0,0.0,0.3377130681818181,0.5506569602272727,0.7544661458333334,0.061471354166666665,0.05393229166666667,0.0104296875,0.8988372087478638,0.0875745415687561,0.511336624622345,0.9047619104385376,0.0,0.39303749799728394,0.0,0.4346361458301544,1.0,0.9483940601348877,0.051605939865112305
6,300,0.4052787721157074,0.24955816566944122,0.24223946034908295,0.024040663614869118,0.27403645833333334,0.4323558509349823,0.9999999999999999,0.0,1.0,0.0,0.2601799242424242,0.5390269886363637,0.7527473958333334,0.06537760416666667,0.049791666666666665,0.008723958333333334,0.9010167121887207,0.08518719673156738,0.5077601075172424,0.9047619700431824,0.0,0.3691941499710083,0.0,0.4315961003303528,1.0,0.9546098709106445,0.04539012908935547
6,310,0.33606013655662537,0.26096421480178833,0.1779121458530426,0.010415780358016491,0.15580729166666665,0.5648423433303833,0.9964667083666875,0.0,1.0,0.0,0.3128551136363636,0.5469282670454545,0.7331380208333333,0.11325520833333333,0.03453125,0.0098828125,0.9022186398506165,0.084407277405262,0.5064495801925659,0.9047619104385376,0.0,0.36045724153518677,0.0,0.4304821491241455,1.0,0.9588201642036438,0.0411798357963562
6,320,0.47573477029800415,0.30131134390830994,0.2908976078033447,0.020920109003782272,0.2465234375,0.4584445059299469,0.9999999999999999,0.0,1.0,0.0,0.25426136363636365,0.5381392045454545,0.6152213541666667,0.0971875,0.0459375,0.00859375,0.9019430875778198,0.0849582850933075,0.509696364402771,0.9047619700431824,0.0,0.38210228085517883,0.0,0.43324193358421326,1.0,0.9637765884399414,0.036223411560058594
6,330,0.3826206922531128,0.26799339056015015,0.269543319940567,0.02201971784234047,0.25635416666666666,0.46883925795555115,0.9998524305555555,0.00029513888888888884,1.0,0.0,0.49277935606060597,0.5739169034090909,0.6932421875,0.0754296875,0.09110677083333334,0.013841145833333334,0.9016547203063965,0.08523213863372803,0.5106136798858643,0.9047619104385376,0.0,0.38821813464164734,0.0,0.43402165174484253,1.0,0.96507728099823,0.03492271900177002
6,340,0.3670046031475067,0.27581775188446045,0.2857765853404999,0.021245574578642845,0.23559895833333333,0.3995799720287323,0.9957725694444444,0.008454861111111111,1.0,0.0,0.48567708333333326,0.5728515625,0.6584765625,0.07223958333333333,0.11072916666666667,0.013684895833333334,0.9475845098495483,0.03818906843662262,0.5373570919036865,0.9523810148239136,0.0,0.4077775776386261,0.0,0.45675355195999146,1.0,0.9655494689941406,0.034450531005859375
6,350,0.30673348903656006,0.195757195353508,0.14049597084522247,0.014632953330874443,0.22020833333333334,0.4520600438117981,0.9218272169023497,0.016275414394007814,1.0,0.0,0.5442708333333333,0.581640625,0.7871484375,0.146171875,0.00016927083333333334,0.014973958333333334,0.9510337114334106,0.03316390886902809,0.5400543212890625,0.9523810148239136,0.0,0.4257587194442749,0.0,0.4590461850166321,1.0,0.9660435914993286,0.03395640850067139
6,360,0.38424623012542725,0.23568646609783173,0.17650942504405975,0.02432434633374214,0.2620572916666667,0.4811408519744873,0.9928775953737079,0.0024305555555555565,1.0,0.0,0.3519176136363636,0.5527876420454545,0.7534635416666666,0.4152734375,1.3020833333333334e-05,0.0107421875,0.9730737209320068,0.014820748940110207,0.5667850375175476,1.0,0.0,0.44523361325263977,0.0,0.48176729679107666,1.0,0.9667072296142578,0.03329277038574219
6,370,0.3465137779712677,0.23894964158535004,0.19885240495204926,0.02229800820350647,0.232109375,0.4669400155544281,0.9967513020833333,0.006497395833333336,1.0,0.0,0.5703124999999999,0.585546875,0.742578125,0.21631510416666666,0.00013020833333333333,0.015546875,0.9717925786972046,0.01498257927596569,0.5689876079559326,1.0,0.0,0.45991724729537964,0.0,0.4836394786834717,1.0,0.9673584699630737,0.03264153003692627
6,380,0.3549034893512726,0.23644891381263733,0.18987822532653809,0.02382592111825943,0.2527994791666667,0.4714180529117584,0.997029079861111,0.005941840277777777,1.0,0.0,0.5732717803030302,0.5859907670454545,0.7452994791666666,0.27489583333333334,9.114583333333334e-05,0.015611979166666666,0.9878485798835754,0.004659155383706093,0.5715621709823608,1.0,0.0,0.4770810902118683,0.0,0.48582786321640015,1.0,0.9681077003479004,0.03189229965209961
6,390,0.3680742084980011,0.23538696765899658,0.18213127553462982,0.026340099051594734,0.26481770833333335,0.46503856778144836,0.997497829861111,0.005004340277777779,1.0,0.0,0.41761363636363635,0.5626420454545454,0.7480078125,0.394296875,2.604166666666667e-05,0.0121875,0.9867827892303467,0.004488230682909489,0.5734392404556274,1.0,0.0,0.48959460854530334,0.0,0.4874233603477478,1.0,0.9688652753829956,0.031134724617004395
6,400,0.4220505654811859,0.2839105427265167,0.2068203091621399,0.027015380561351776,0.28122395833333336,0.4296645224094391,0.9985373263888888,0.0029253472222222267,1.0,0.0,0.4992897727272727,0.574893465909091,0.6579817708333333,0.26272135416666664,0.025221354166666668,0.013984375,0.9855215549468994,0.004657088313251734,0.5747455358505249,1.0,0.0,0.4983033537864685,0.0,0.48853370547294617,1.0,0.9696317911148071,0.03036820888519287
6,410,0.37787288427352905,0.26529884338378906,0.21107283234596252,0.03226848319172859,0.26884114583333335,0.5250692367553711,0.9964496527777778,0.007100694444444444,1.0,0.0,0.7443181818181818,0.6116477272727272,0.6776302083333333,0.21111979166666667,0.0122265625,0.019375,0.9842595458030701,0.004838346503674984,0.5767409205436707,1.0,0.0,0.511605978012085,0.0,0.4902297854423523,1.0,0.9703510999679565,0.029648900032043457
6,420,0.32130545377731323,0.24027109146118164,0.20797990262508392,0.030967792496085167,0.21610677083333332,0.49060362577438354,0.9942144097222221,0.01157118055555556,1.0,0.0,0.7129498106060606,0.6069424715909091,0.7146354166666666,0.14182291666666666,0.0,0.018684895833333333,0.9826704263687134,0.004999763332307339,0.5779204368591309,1.0,0.0,0.5194692611694336,0.0,0.49123239517211914,1.0,0.9710366129875183,0.02896338701248169
6,430,0.32724735140800476,0.22740593552589417,0.17812135815620422,0.026451734825968742,0.22015625,0.4895339012145996,0.9939453259288755,0.005750868055555563,1.0,0.0,0.6105587121212122,0.5915838068181818,0.7512630208333333,0.18104166666666666,0.0,0.016432291666666668,0.9825491905212402,0.005242199171334505,0.5801568031311035,1.0,0.0,0.5343784093856812,0.0,0.4931333065032959,1.0,0.9717153906822205,0.02828460931777954
6,440,0.34067046642303467,0.2219247967004776,0.16430896520614624,0.026097388938069344,0.22763020833333333,0.4745810329914093,0.9711781459792048,0.004535590277777779,1.0,0.0,0.5330255681818181,0.5799538352272727,0.759609375,0.18125,2.604166666666667e-05,0.0147265625,0.9817636013031006,0.00544081861153245,0.5804780721664429,1.0,0.0,0.5365203619003296,0.0,0.49340638518333435,1.0,0.9807289838790894,0.019271016120910645
6,450,0.36289849877357483,0.23152941465377808,0.1670626699924469,0.03059537522494793,0.24143229166666666,0.4789774715900421,0.9761811437158503,0.003849826388888894,1.0,0.0,0.4868607954545454,0.5730291193181818,0.7529036458333334,0.2562760416666667,0.0,0.0137109375,0.9812973141670227,0.005261420272290707,0.5803723335266113,1.0,0.0,0.5358157753944397,0.0,0.49331650137901306,1.0,0.9813403487205505,0.018659651279449463
6,460,0.36705219745635986,0.23235534131526947,0.1651391237974167,0.03133612126111984,0.24962239583333334,0.4771242141723633,0.9732232207212692,0.003255208333333334,1.0,0.0,0.522964015151515,0.5784446022727272,0.7522005208333333,0.24591145833333333,1.3020833333333334e-05,0.014505208333333333,0.9843210577964783,0.004718088544905186,0.579987645149231,1.0,0.0,0.5332510471343994,0.0,0.49298951029777527,1.0,0.9880507588386536,0.011949241161346436
6,470,0.3673098683357239,0.23264837265014648,0.16510604321956635,0.031644441187381744,0.2532421875,0.4853059947490692,0.9730956236215739,0.0033984375,1.0,0.0,0.5271070075757575,0.5790660511363637,0.7507552083333333,0.24727864583333334,1.3020833333333334e-05,0.014596354166666667,0.9839678406715393,0.004831142723560333,0.5808331966400146,1.0,0.0,0.5388877391815186,0.0,0.49370822310447693,1.0,0.9886631965637207,0.011336803436279297
6,480,0.3675590455532074,0.23289932310581207,0.16534481942653656,0.031941235065460205,0.2485546875,0.47917261719703674,0.9734845154611473,0.0034288194444444444,1.0,0.0,0.5276988636363636,0.5791548295454545,0.7498567708333334,0.2643229166666667,3.90625e-05,0.014609375,0.9834474325180054,0.004755291156470776,0.5802455544471741,1.0,0.0,0.534970223903656,0.0,0.49320873618125916,1.0,0.9893260598182678,0.010673940181732178
6,490,0.3677902817726135,0.23319707810878754,0.16571329534053802,0.031749580055475235,0.2510677083333333,0.48450592160224915,0.9740538366126199,0.003537326388888892,1.0,0.0,0.5158617424242423,0.5773792613636364,0.7499739583333334,0.26555989583333334,5.208333333333334e-05,0.014348958333333333,0.9829030632972717,0.004705274477601051,0.5796494483947754,1.0,0.0,0.5309963822364807,0.0,0.49270203709602356,1.0,0.9899176359176636,0.010082364082336426
6,500,0.36768949031829834,0.2331874668598175,0.16539715230464935,0.03192237392067909,0.24959635416666667,0.48277831077575684,0.9735144850433382,0.003546006944444449,1.0,0.0,0.5205965909090909,0.5780894886363637,0.7488671875,0.2689713541666667,3.90625e-05,0.014453125,0.9829798936843872,0.004551504738628864,0.5803807973861694,1.0,0.0,0.5358721017837524,0.0,0.4933236837387085,1.0,0.990486204624176,0.009513795375823975
6,510,0.36753249168395996,0.23322658240795135,0.1654639095067978,0.0319678820669651,0.25149739583333336,0.47984564304351807,0.9734972504367175,0.0038064236111111094,1.0,0.0,0.5395359848484849,0.5809303977272727,0.7486588541666667,0.2717057291666667,3.90625e-05,0.014869791666666667,0.98273104429245,0.005049189552664757,0.5803089737892151,1.0,0.0,0.5353929996490479,0.0,0.4932626485824585,1.0,0.9910176396369934,0.008982360363006592
6,520,0.3662404716014862,0.23018348217010498,0.15919429063796997,0.0303041972219944,0.24415364583333332,0.4767816662788391,0.9630954595304962,0.003389756944444443,1.0,0.0,0.47798295454545453,0.5716974431818181,0.7554296875,0.25723958333333335,1.3020833333333334e-05,0.013515625,0.9822969436645508,0.005917452275753021,0.5787405967712402,1.0,0.0,0.524936854839325,0.0,0.4919295310974121,1.0,0.9915438890457153,0.008456110954284668
6,530,0.36016973853111267,0.2298833727836609,0.18744678795337677,0.026936989277601242,0.23760416666666667,0.4886886477470398,0.9974544270833332,0.005091145833333338,1.0,0.0,0.5673532196969696,0.5851029829545454,0.7519791666666666,0.27727864583333334,6.510416666666667e-05,0.015481770833333333,0.9808414578437805,0.006032779812812805,0.5787827968597412,1.0,0.0,0.5252187252044678,0.0,0.4919653832912445,1.0,0.9920709133148193,0.007929086685180664
6,540,0.3612315356731415,0.22721737623214722,0.1714828461408615,0.030011117458343506,0.25015625,0.49146321415901184,0.9833532820909451,0.004466145833333333,1.0,0.0,0.5377604166666666,0.5806640625,0.7591015625,0.300859375,0.0,0.014830729166666667,0.9808205366134644,0.0063773151487112045,0.5812094211578369,1.0,0.0,0.5413961410522461,0.0,0.4940280318260193,1.0,0.9925862550735474,0.007413744926452637
6,550,0.3636116683483124,0.23009459674358368,0.17310094833374023,0.029543504118919373,0.24407552083333334,0.4891568124294281,0.9859809317955603,0.004687500000000002,1.0,0.0,0.47088068181818177,0.5706321022727272,0.7552604166666667,0.2953125,0.0,0.013359375,0.982193112373352,0.006161333993077278,0.5794211626052856,1.0,0.0,0.5294744372367859,0.0,0.4925079941749573,1.0,0.9926950335502625,0.007304966449737549
6,560,0.36464548110961914,0.23207877576351166,0.17276662588119507,0.031189577654004097,0.24729166666666666,0.49798259139060974,0.9853261796429627,0.004865451388888886,1.0,0.0,0.4904119318181817,0.5735617897727272,0.7510546875,0.31484375,0.0,0.0137890625,0.9806332588195801,0.0059780096635222435,0.5773877501487732,1.0,0.0,0.5159181356430054,0.0,0.4907796084880829,1.0,0.9927624464035034,0.007237553596496582
6,570,0.36471062898635864,0.23226624727249146,0.17282818257808685,0.031182078644633293,0.24623697916666668,0.49962350726127625,0.98546073445907,0.004804687500000007,1.0,0.0,0.47028882575757563,0.5705433238636364,0.75078125,0.3146614583333333,0.0,0.013346354166666666,0.9798579812049866,0.005822999402880669,0.5753120183944702,1.0,0.0,0.502079963684082,0.0,0.48901522159576416,1.0,0.9926568865776062,0.007343113422393799
6,580,0.3647218644618988,0.23227009177207947,0.1730715036392212,0.031263601034879684,0.2481640625,0.4965570569038391,0.9858225953680837,0.004904513888888889,1.0,0.0,0.48804450757575757,0.5732066761363637,0.7506510416666666,0.31490885416666664,0.0,0.013736979166666666,0.9771515727043152,0.006570582743734121,0.5731010437011719,1.0,0.0,0.48733991384506226,0.0,0.4871358871459961,1.0,0.9925678372383118,0.007432162761688232
6,590,0.36496201157569885,0.2323918491601944,0.17293423414230347,0.031229393556714058,0.24845052083333333,0.4964267611503601,0.9855968035591973,0.004891493055555557,1.0,0.0,0.4898200757575757,0.5734730113636364,0.750859375,0.3216015625,0.0,0.013776041666666667,0.9784141182899475,0.0064073060639202595,0.5719383955001831,1.0,0.0,0.47958943247795105,0.0,0.4861476421356201,1.0,0.9923665523529053,0.0076334476470947266
6,600,0.3899352550506592,0.2616107761859894,0.2076692283153534,0.03447895124554634,0.2669270833333333,0.4970163106918335,0.9991124131944443,0.001775173611111116,1.0,0.0,0.5200047348484848,0.5780007102272727,0.6900390625,0.27252604166666666,0.0131640625,0.014440104166666667,0.9773068428039551,0.006238861940801144,0.5692539215087891,1.0,0.0,0.46169281005859375,0.0,0.4838658571243286,1.0,0.9921520948410034,0.007847905158996582
6,610,0.32794469594955444,0.2543700337409973,0.22759242355823517,0.037714358419179916,0.21412760416666668,0.5353032946586609,0.9933116319444444,0.013376736111111114,1.0,0.0,0.4892282196969697,0.5733842329545454,0.6880598958333334,0.17024739583333334,1.3020833333333334e-05,0.013763020833333334,0.9738361835479736,0.008520317263901234,0.5656393766403198,1.0,0.0,0.43759581446647644,0.0,0.48079347610473633,1.0,0.9919431209564209,0.008056879043579102
6,620,0.3159348964691162,0.26108887791633606,0.2398751825094223,0.03974005579948425,0.22184895833333335,0.5226172208786011,0.9873328993055555,0.025334201388888894,1.0,0.0,0.5247395833333333,0.5787109375,0.6495182291666667,0.13645833333333332,3.90625e-05,0.014544270833333333,0.9702119827270508,0.010030146688222885,0.5625744462013245,1.0,0.0,0.41716268658638,0.0,0.47818830609321594,1.0,0.991766631603241,0.008233368396759033
6,630,0.30520614981651306,0.2222345918416977,0.16265392303466797,0.017184099182486534,0.19802083333333334,0.46810099482536316,0.9636485727424295,0.013993055555555562,1.0,0.0,0.7188683712121211,0.6078302556818181,0.7256770833333334,0.23654947916666666,7.8125e-05,0.018815104166666666,0.9693077206611633,0.00986872985959053,0.5610313415527344,1.0,0.0,0.4068756699562073,0.0,0.4768766462802887,1.0,0.9916204214096069,0.008379578590393066
6,640,0.33746179938316345,0.242672860622406,0.19024115800857544,0.013505425304174423,0.21319010416666667,0.4951738119125366,0.9935069444444443,0.012986111111111115,1.0,0.0,0.9502840909090908,0.6425426136363637,0.70015625,0.25540364583333336,2.604166666666667e-05,0.02390625,0.9676341414451599,0.009626294486224651,0.559298038482666,1.0,0.0,0.3953203856945038,0.0,0.4754033386707306,1.0,0.9914860129356384,0.008513987064361572
6,650,0.39405807852745056,0.2566065490245819,0.22677169740200043,0.013206901028752327,0.1970703125,0.5713924169540405,0.9999999999999999,0.0,1.0,0.0,0.2826704545454545,0.5424005681818181,0.7164713541666666,0.15600260416666667,2.604166666666667e-05,0.00921875,0.9659930467605591,0.00945392344146967,0.5584567785263062,1.0,0.0,0.389711856842041,0.0,0.47468826174736023,1.0,0.9913610219955444,0.008638978004455566
6,660,0.4467661678791046,0.21877281367778778,0.14657001197338104,0.018308157101273537,0.2017578125,0.5718546509742737,0.9434261741087987,0.0,1.0,0.0,0.2021780303030303,0.5303267045454545,0.7849609375,0.49493489583333333,0.00014322916666666667,0.007447916666666667,0.9643811583518982,0.00943511538207531,0.5577042698860168,1.0,0.0,0.3846951723098755,0.0,0.4740486443042755,1.0,0.9912476539611816,0.00875234603881836
6,670,0.42562365531921387,0.22564391791820526,0.15455621480941772,0.015094340778887272,0.19111979166666668,0.5606018900871277,0.956941286600553,0.0,1.0,0.0,0.23236268939393936,0.534854403409091,0.78734375,0.38157552083333335,0.00014322916666666667,0.008111979166666667,0.9630787372589111,0.009396259672939777,0.5563176870346069,1.0,0.0,0.3754509389400482,0.0,0.4728700518608093,1.0,0.9911168813705444,0.008883118629455566
6,680,0.387061208486557,0.19236092269420624,0.13954560458660126,0.011853454634547234,0.18529947916666667,0.5505914688110352,0.9162605608426607,0.019097693264484433,1.0,0.0,0.21756628787878787,0.5326349431818181,0.8532942708333333,0.44255208333333335,0.0007291666666666667,0.007786458333333334,0.9627498388290405,0.009442143142223358,0.5557088851928711,1.0,0.0,0.37139248847961426,0.0,0.4723525643348694,1.0,0.9909830093383789,0.009016990661621094
6,690,0.38803595304489136,0.21635127067565918,0.18185794353485107,0.014042878523468971,0.20138020833333334,0.5555239915847778,0.9999999999999999,0.0,1.0,0.0,0.36493844696969696,0.5547407670454545,0.8239192708333334,0.27166666666666667,0.0009635416666666667,0.011028645833333333,0.9626353979110718,0.009600251913070679,0.5545082688331604,1.0,0.0,0.3633883595466614,0.0,0.47133204340934753,1.0,0.9908432364463806,0.009156763553619385
6,700,0.3944951295852661,0.20234206318855286,0.15092721581459045,0.02131953462958336,0.2041015625,0.5536825656890869,0.9507999036862299,0.0,1.0,0.0,0.14003314393939392,0.5210049715909091,0.8305729166666667,0.3778255208333333,0.00028645833333333333,0.006080729166666667,0.9609673023223877,0.009803625755012035,0.5535190105438232,1.0,0.0,0.3567933738231659,0.0,0.4704911708831787,1.0,0.9906860589981079,0.00931394100189209
6,710,0.421995609998703,0.17941737174987793,0.14560656249523163,0.02076982520520687,0.20609375,0.5827724933624268,0.9006304646455324,0.051456570625305176,1.0,0.0,0.014559659090909083,0.5021839488636364,0.8885546875,0.44744791666666667,0.0020442708333333333,0.0033203125,0.9595061540603638,0.010292837396264076,0.5521873235702515,1.0,0.0,0.34791553020477295,0.0,0.46935924887657166,1.0,0.9905284643173218,0.009471535682678223
6,720,0.40526989102363586,0.185794860124588,0.13615500926971436,0.012182005681097507,0.1849609375,0.5769619941711426,0.8973905051671541,0.03551284968853,1.0,0.0,0.11044034090909088,0.5165660511363637,0.8710677083333334,0.43928385416666665,0.0017708333333333332,0.0054296875,0.958861231803894,0.0102473683655262,0.5515996813774109,1.0,0.0,0.3439980149269104,0.0,0.4688597321510315,1.0,0.990358829498291,0.009641170501708984
6,730,0.39024829864501953,0.2024596631526947,0.14697138965129852,0.016273191198706627,0.18859375,0.531636655330658,0.944105428640659,0.0,1.0,0.0,0.2619554924242424,0.5392933238636364,0.8190755208333333,0.400390625,0.00016927083333333334,0.008763020833333333,0.9586368203163147,0.010596450418233871,0.5501412153244019,1.0,0.0,0.33427464962005615,0.0,0.46762004494667053,1.0,0.9901852011680603,0.009814798831939697
6,740,0.4036855697631836,0.21460025012493134,0.15772828459739685,0.019609399139881134,0.19998697916666666,0.5331624746322632,0.9623094047032869,0.0,1.0,0.0,0.3246922348484848,0.5487038352272727,0.8119010416666667,0.4920572916666667,0.0006119791666666667,0.010143229166666667,0.9564874172210693,0.011014770716428757,0.5469240546226501,1.0,0.0,0.312826931476593,0.0,0.4648854732513428,1.0,0.9900076389312744,0.009992361068725586
6,750,0.3715972304344177,0.23031385242938995,0.15004825592041016,0.01060160156339407,0.16526041666666666,0.5075619220733643,0.9488892560127453,0.000846354166666665,1.0,0.0,0.4199810606060605,0.5629971590909091,0.7324479166666666,0.49731770833333333,5.208333333333334e-05,0.012239583333333333,0.9546332359313965,0.011210495606064796,0.5417283773422241,1.0,0.0,0.2781892716884613,0.0,0.460469126701355,1.0,0.9898352026939392,0.010164797306060791
6,760,0.3318149745464325,0.20893430709838867,0.15298247337341309,0.01852773316204548,0.18325520833333334,0.47881948947906494,0.9521317645015879,0.004292534722222223,1.0,0.0,0.3655303030303029,0.5548295454545454,0.7710416666666666,0.36477864583333336,0.00014322916666666667,0.011041666666666667,0.9536772966384888,0.012143243104219437,0.542464017868042,1.0,0.0,0.2830932140350342,0.0,0.4610944390296936,1.0,0.9896568059921265,0.010343194007873535
6,770,0.37588146328926086,0.22454194724559784,0.15636461973190308,0.011121846735477448,0.1885546875,0.46898528933525085,0.9579769245783488,0.0040494791666666665,1.0,0.0,0.29628314393939387,0.5444424715909091,0.7555598958333334,0.49471354166666665,0.0018489583333333333,0.009518229166666666,0.955111563205719,0.013205990195274353,0.5426034927368164,1.0,0.0,0.2840232849121094,0.0,0.46121299266815186,1.0,0.9894765615463257,0.010523438453674316
6,780,0.3584846556186676,0.2169298231601715,0.16903039813041687,0.012802263721823692,0.21390625,0.4822072386741638,0.9785519437912182,0.005768229166666666,1.0,0.0,0.385061553030303,0.5577592329545454,0.7609244791666666,0.5076822916666667,0.00140625,0.011471354166666666,0.9567866325378418,0.013956652022898197,0.5427641868591309,1.0,0.0,0.2850942611694336,0.0,0.46134957671165466,1.0,0.9892970323562622,0.010702967643737793
6,790,0.3981178402900696,0.2507236897945404,0.17263221740722656,0.014218676835298538,0.1869140625,0.4760666787624359,0.9834190316485543,0.008224826388888894,1.0,0.0,0.3199573863636363,0.5479936079545454,0.7125130208333333,0.5561067708333334,0.00014322916666666667,0.0100390625,0.9585332274436951,0.0139047522097826,0.5429332256317139,1.0,0.0,0.28622156381607056,0.0,0.46149325370788574,1.0,0.9891261458396912,0.010873854160308838
6,800,0.36813613772392273,0.23447515070438385,0.1534968763589859,0.01957274228334427,0.19453125,0.48485106229782104,0.9505673967976855,0.009162326388888892,1.0,0.0,0.3513257575757575,0.5526988636363637,0.7343229166666667,0.45395833333333335,0.00013020833333333333,0.010729166666666666,0.9557679891586304,0.014895575121045113,0.5420158505439758,1.0,0.0,0.28010573983192444,0.0,0.4607134759426117,1.0,0.9889435172080994,0.011056482791900635
6,810,0.3517993986606598,0.22688616812229156,0.1649034470319748,0.014880090951919556,0.18944010416666668,0.4637705981731415,0.9684276817293248,0.012048611111111118,1.0,0.0,0.3335700757575757,0.5500355113636364,0.7421354166666667,0.46424479166666666,0.00016927083333333334,0.010338541666666666,0.9557356238365173,0.015866350382566452,0.542569637298584,1.0,0.0,0.2837978005409241,0.0,0.46118420362472534,1.0,0.988786518573761,0.011213481426239014
6,820,0.3282034695148468,0.22401641309261322,0.17171593010425568,0.012401052750647068,0.1837890625,0.4546492099761963,0.9797698672918171,0.012421874999999999,1.0,0.0,0.4069602272727272,0.5610440340909091,0.7383854166666667,0.35703125,0.0003385416666666667,0.011953125,0.9591778516769409,0.01448808703571558,0.5443156361579895,1.0,0.0,0.29543763399124146,0.0,0.4626682996749878,1.0,0.9886730313301086,0.011326968669891357
6,830,0.3350169062614441,0.25523993372917175,0.17938148975372314,0.021132640540599823,0.19126302083333332,0.49683085083961487,0.9826208250746769,0.032664930555555555,1.0,0.0,0.3205492424242424,0.5480823863636364,0.6575,0.35234375,0.0005729166666666667,0.010052083333333333,0.962226927280426,0.013835566118359566,0.5450047254562378,1.0,0.0,0.3000315725803375,0.0,0.46325403451919556,1.0,0.9885915517807007,0.011408448219299316
6,840,0.3461589515209198,0.2335835099220276,0.1385766863822937,0.020689576864242554,0.16255208333333335,0.46568116545677185,0.9185101188349928,0.02277777777777778,1.0,0.0,0.268465909090909,0.5402698863636364,0.7020703125,0.40303385416666665,0.00013020833333333333,0.00890625,0.9643606543540955,0.014891492202877998,0.5448272228240967,1.0,0.0,0.29884785413742065,0.0,0.46310314536094666,1.0,0.9885239005088806,0.011476099491119385
6,850,0.34527257084846497,0.2348674237728119,0.15820522606372833,0.01809302717447281,0.158046875,0.4763380289077759,0.9545683593322069,0.01709635416666667,1.0,0.0,0.2228929924242424,0.5334339488636364,0.7102734375,0.3868359375,6.510416666666667e-05,0.007903645833333334,0.9654537439346313,0.01587838865816593,0.5440704822540283,1.0,0.0,0.29380297660827637,0.0,0.462459921836853,1.0,0.988468587398529,0.011531412601470947
6,860,0.33161672949790955,0.22984546422958374,0.17392535507678986,0.015148306265473366,0.20259114583333335,0.44805431365966797,0.979925994862858,0.01958767361111112,1.0,0.0,0.385653409090909,0.5578480113636364,0.729296875,0.3237760416666667,0.00010416666666666667,0.011484375,0.9673552513122559,0.016902901232242584,0.5427514314651489,1.0,0.0,0.2850097119808197,0.0,0.46133872866630554,1.0,0.9884173274040222,0.011582672595977783
6,870,0.3635573983192444,0.2489115297794342,0.1709611862897873,0.01865290477871895,0.21184895833333334,0.5301429629325867,0.9735446918622042,0.02231770833333334,1.0,0.0,0.22170928030303028,0.5332563920454545,0.6729947916666666,0.3816015625,0.0004427083333333333,0.007877604166666666,0.9680856466293335,0.017777984961867332,0.5415508151054382,1.0,0.0,0.27700555324554443,0.0,0.4603182077407837,1.0,0.9883756041526794,0.011624395847320557
6,880,0.36834925413131714,0.25609323382377625,0.1921350508928299,0.013944176025688648,0.21631510416666666,0.5013135075569153,0.9921180555555554,0.015763888888888893,1.0,0.0,0.2548532196969696,0.5382279829545454,0.6697135416666666,0.4170833333333333,0.00029947916666666664,0.008606770833333333,0.9674645662307739,0.018442047759890556,0.5412633419036865,1.0,0.0,0.2750890851020813,0.0,0.460073858499527,1.0,0.9883537888526917,0.01164621114730835
6,890,0.33718714118003845,0.22001466155052185,0.15751267969608307,0.010504837147891521,0.22467447916666666,0.4592108130455017,0.9529406286202944,0.018007812499999998,1.0,0.0,0.24124053030303025,0.5361860795454545,0.74125,0.37845052083333336,0.0003515625,0.008307291666666666,0.9659913778305054,0.018425926566123962,0.5406123399734497,1.0,0.0,0.2707487940788269,0.0,0.45952048897743225,1.0,0.9883487820625305,0.011651217937469482
6,900,0.3688778579235077,0.23945052921772003,0.151833176612854,0.013492301106452942,0.23998697916666667,0.4722127318382263,0.9419294222807273,0.020807291666666672,1.0,0.0,0.2365056818181818,0.5354758522727273,0.7131510416666667,0.4114453125,0.0005859375,0.008203125,0.9624872803688049,0.018081853166222572,0.5402572154998779,1.0,0.0,0.26838135719299316,0.0,0.4592186510562897,1.0,0.9883498549461365,0.011650145053863525
6,910,0.3755343556404114,0.240632101893425,0.15654897689819336,0.01602054573595524,0.245234375,0.48122695088386536,0.9501205108512161,0.020386284722222224,1.0,0.0,0.21756628787878787,0.5326349431818181,0.7077213541666667,0.41013020833333336,0.0009635416666666667,0.007786458333333334,0.9624254703521729,0.017796723172068596,0.5387184023857117,1.0,0.0,0.2581225335597992,0.0,0.4579106569290161,1.0,0.988387405872345,0.01161259412765503
6,920,0.3689868152141571,0.25343894958496094,0.17064785957336426,0.013365127146244049,0.23100260416666665,0.5007924437522888,0.9729167903997958,0.022513020833333335,1.0,0.0,0.2589962121212121,0.5388494318181818,0.6785026041666666,0.3568359375,0.00109375,0.008697916666666666,0.9597777128219604,0.017222978174686432,0.5378559827804565,1.0,0.0,0.252373069524765,0.0,0.45717760920524597,1.0,0.988446056842804,0.011553943157196045
6,930,0.3750249743461609,0.24707521498203278,0.16364744305610657,0.0129558639600873,0.2314453125,0.506096601486206,0.9614214941782828,0.021809895833333336,1.0,0.0,0.20691287878787876,0.5310369318181818,0.6899348958333333,0.35680989583333333,0.0006510416666666666,0.007552083333333333,0.9582027792930603,0.01686752215027809,0.5361945629119873,1.0,0.0,0.2412969022989273,0.0,0.45576539635658264,1.0,0.9885184168815613,0.01148158311843872
6,940,0.35382771492004395,0.24327988922595978,0.19114896655082703,0.013975190930068493,0.20971354166666667,0.5330332517623901,0.9889127604166665,0.02217447916666667,1.0,0.0,0.23709753787878787,0.5355646306818181,0.6798958333333334,0.09963541666666667,0.0005078125,0.008216145833333334,0.9556949734687805,0.01595873385667801,0.5350192785263062,1.0,0.0,0.23346185684204102,0.0,0.4547663927078247,1.0,0.9886090159416199,0.011390984058380127
6,950,0.36257559061050415,0.24527594447135925,0.1774161010980606,0.016387639567255974,0.24158854166666666,0.6190783977508545,0.9852648348176581,0.020724826388888895,1.0,0.0,0.21874999999999997,0.5328125,0.7057682291666667,0.3818359375,0.0006119791666666667,0.0078125,0.9560827016830444,0.015242666006088257,0.5344401001930237,1.0,0.0,0.2296007126569748,0.0,0.45427408814430237,1.0,0.9887293577194214,0.011270642280578613
6,960,0.3579164147377014,0.25744515657424927,0.1995806097984314,0.014069433324038982,0.22647135416666667,0.5840767621994019,0.9888194444444444,0.02236111111111111,1.0,0.0,0.23532196969696967,0.5352982954545454,0.6977864583333333,0.33296875,0.0014322916666666666,0.008177083333333333,0.9563995599746704,0.0148275475949049,0.5345754027366638,1.0,0.0,0.23050257563591003,0.0,0.4543890953063965,1.0,0.9888790249824524,0.011120975017547607
6,970,0.3464536666870117,0.24386714398860931,0.1674763411283493,0.016589010134339333,0.1840234375,0.5158500671386719,0.9674714803390014,0.022669270833333338,1.0,0.0,0.19744318181818177,0.5296164772727273,0.6897786458333334,0.3354947916666667,0.00022135416666666666,0.00734375,0.9543352127075195,0.014122508466243744,0.5337299108505249,1.0,0.0,0.2248658388853073,0.0,0.4536704421043396,1.0,0.9890490174293518,0.010950982570648193
6,980,0.3343117833137512,0.24221593141555786,0.15277792513370514,0.015258240513503551,0.192578125,0.51585853099823,0.94493447746986,0.01799479166666667,1.0,0.0,0.25603693181818177,0.5384055397727273,0.6991666666666667,0.18161458333333333,3.90625e-05,0.0086328125,0.9533087015151978,0.013059759512543678,0.5343724489212036,1.0,0.0,0.22914975881576538,0.0,0.4542165994644165,1.0,0.9892258644104004,0.01077413558959961
6,990,0.3560015857219696,0.2193162888288498,0.15064875781536102,0.016689512878656387,0.25645833333333334,0.598249614238739,0.9476138233221495,0.005429687500000002,1.0,0.0,0.29391571969696967,0.5440873579545454,0.7539583333333333,0.228125,0.0,0.009466145833333333,0.951418399810791,0.012309098616242409,0.534714937210083,1.0,0.0,0.23143263161182404,0.0,0.4545077085494995,1.0,0.9894081354141235,0.010591864585876465
6,1000,0.3766709268093109,0.19960027933120728,0.12719222903251648,0.01628206856548786,0.251640625,0.5451374053955078,0.9098335616405192,0.0009993016719818226,1.0,0.0,0.27024147727272724,0.5405362215909091,0.8079557291666667,0.3842057291666667,2.604166666666667e-05,0.0089453125,0.950630247592926,0.01182181853801012,0.5352433919906616,1.0,0.0,0.2349555790424347,0.0,0.45495688915252686,1.0,0.9895877838134766,0.010412216186523438
6,1010,0.4118279814720154,0.19873017072677612,0.15152396261692047,0.01616513542830944,0.266640625,0.5781117677688599,0.9492701243437253,0.0031745731830597145,1.0,0.0,0.13589015151515152,0.5203835227272727,0.8277473958333333,0.47515625,0.0003125,0.005989583333333334,0.9533954858779907,0.010830994695425034,0.535315215587616,1.0,0.0,0.23543471097946167,0.0,0.45501795411109924,1.0,0.9898005127906799,0.010199487209320068
6,1020,0.40256452560424805,0.20070001482963562,0.12848666310310364,0.0134590370580554,0.25100260416666664,0.5902786254882812,0.9128235837129447,0.0,1.0,0.0,0.21283143939393936,0.531924715909091,0.8240755208333334,0.5621223958333333,5.208333333333334e-05,0.007682291666666666,0.95577073097229,0.009860219433903694,0.5353490114212036,1.0,0.0,0.23566016554832458,0.0,0.455046683549881,1.0,0.9900156855583191,0.009984314441680908
6,1030,0.40271127223968506,0.19801707565784454,0.15084636211395264,0.018430635333061218,0.25872395833333334,0.5616344213485718,0.9466972256623781,0.004957310855388686,1.0,0.0,0.17436079545454544,0.5261541193181818,0.833203125,0.5007291666666667,0.00028645833333333333,0.0068359375,0.956345796585083,0.008788170292973518,0.5351037979125977,1.0,0.0,0.2340255230665207,0.0,0.45483824610710144,1.0,0.990206241607666,0.009793758392333984
6,1040,0.4120854437351227,0.19456785917282104,0.14503107964992523,0.020467352122068405,0.25872395833333334,0.5734080076217651,0.9299575454455155,0.013580352067947409,1.0,0.0,0.15601325757575757,0.5234019886363637,0.8418880208333334,0.507890625,0.0007552083333333333,0.006432291666666667,0.9573640823364258,0.007749604061245918,0.5355054140090942,1.0,0.0,0.23670297861099243,0.0,0.4551796019077301,1.0,0.9903749823570251,0.009625017642974854
6,1050,0.41427695751190186,0.20329321920871735,0.14068344235420227,0.008746117353439331,0.22580729166666666,0.5310232639312744,0.9266528014215251,0.007740324590264275,1.0,0.0,0.18738162878787876,0.5281072443181818,0.8233984375,0.5186067708333333,0.0005859375,0.007122395833333333,0.9573941230773926,0.006693677045404911,0.5361649394035339,1.0,0.0,0.24109962582588196,0.0,0.45574021339416504,1.0,0.9905358552932739,0.009464144706726074
6,1060,0.39833864569664,0.19664844870567322,0.16104614734649658,0.017970068380236626,0.25561197916666667,0.5307358503341675,0.9612211467669559,0.008378878235816999,1.0,0.0,0.24183238636363633,0.5362748579545454,0.84546875,0.514453125,0.0009114583333333333,0.0083203125,0.9560840129852295,0.005706780590116978,0.5365750193595886,1.0,0.0,0.24383343756198883,0.0,0.4560887813568115,1.0,0.9906954765319824,0.009304523468017578
6,1070,0.38908150792121887,0.19808726012706757,0.14478272199630737,0.014331636019051075,0.24377604166666667,0.5136401653289795,0.9365760497863475,0.004781849682331123,1.0,0.0,0.26728219696969696,0.5400923295454545,0.8324739583333334,0.5385677083333333,0.0003255208333333333,0.008880208333333334,0.9556171894073486,0.004641965497285128,0.5372514128684998,1.0,0.0,0.24834281206130981,0.0,0.45666372776031494,1.0,0.9908555746078491,0.009144425392150879
6,1080,0.4009137749671936,0.20578286051750183,0.15162795782089233,0.018824484199285507,0.28694010416666665,0.5017961263656616,0.9519857747738177,0.0,1.0,0.0,0.3116714015151515,0.5467507102272727,0.8205338541666667,0.5205989583333334,0.00029947916666666664,0.009856770833333334,0.9571661949157715,0.003562476485967636,0.53843092918396,1.0,0.0,0.25620603561401367,0.0,0.4576663076877594,1.0,0.9910160303115845,0.008983969688415527
6,1090,0.39665859937667847,0.20556482672691345,0.15188531577587128,0.01700991578400135,0.28251302083333335,0.5004994869232178,0.9524213036207051,0.0,1.0,0.0,0.30279356060606055,0.5454190340909091,0.8212760416666667,0.5220833333333333,0.00024739583333333335,0.009661458333333333,0.9592400193214417,0.002705581486225128,0.5382322072982788,1.0,0.0,0.2548814117908478,0.0,0.45749738812446594,1.0,0.991179347038269,0.008820652961730957
6,1100,0.39636099338531494,0.19689002633094788,0.14608828723430634,0.014483464881777763,0.2846223958333333,0.4870917797088623,0.9363910002891834,0.007774934172630354,1.0,0.0,0.31522253787878785,0.5472833806818181,0.84234375,0.56125,0.000390625,0.009934895833333334,0.9599546790122986,0.002447024919092655,0.5377164483070374,1.0,0.0,0.2514430284500122,0.0,0.45705899596214294,1.0,0.9913529753684998,0.008647024631500244
6,1110,0.36469700932502747,0.20313052833080292,0.1993117779493332,0.01776284910738468,0.2623046875,0.5972937941551208,0.9999999999999999,0.0,1.0,0.0,0.24656723484848483,0.5369850852272727,0.8265755208333333,0.28653645833333335,0.005104166666666667,0.008424479166666667,0.9641585350036621,0.002399439224973321,0.5376911163330078,1.0,0.0,0.2512739300727844,0.0,0.45703744888305664,1.0,0.9915559887886047,0.008444011211395264
6,1120,0.453400582075119,0.24792589247226715,0.214674174785614,0.015505892224609852,0.2591145833333333,0.5946528911590576,0.9999999999999999,0.0,1.0,0.0,0.22230113636363635,0.5333451704545454,0.7399479166666667,0.5047135416666667,2.604166666666667e-05,0.007890625,0.9646166563034058,0.0022482690401375294,0.5385196805000305,1.0,0.0,0.2567979097366333,0.0,0.45774173736572266,1.0,0.9917567372322083,0.008243262767791748
6,1130,0.458562970161438,0.2348722219467163,0.17113232612609863,0.018568217754364014,0.28334635416666665,0.5574784278869629,0.9849931672903208,0.0,1.0,0.0,0.22466856060606055,0.5337002840909091,0.7647005208333333,0.5102473958333333,0.0003125,0.007942708333333333,0.9675230383872986,0.0022482690401375294,0.5390650033950806,1.0,0.0,0.2604335844516754,0.0,0.4582052528858185,1.0,0.9919816255569458,0.0080183744430542
6,1140,0.4120059311389923,0.2215355932712555,0.1698392629623413,0.0232874546200037,0.2908984375,0.5204108953475952,0.9828049065516545,0.0,1.0,0.0,0.26313920454545453,0.5394708806818181,0.80109375,0.4532161458333333,0.0009244791666666667,0.0087890625,0.9700613021850586,0.002012206707149744,0.5396273136138916,1.0,0.0,0.2641820013523102,0.0,0.45868322253227234,1.0,0.9922202229499817,0.0077797770500183105
6,1150,0.41089892387390137,0.22992630302906036,0.17382118105888367,0.026402510702610016,0.2941666666666667,0.5087514519691467,0.9895435371765723,0.0,1.0,0.0,0.3294270833333333,0.5494140625,0.7861458333333333,0.43213541666666666,0.0004166666666666667,0.010247395833333334,0.9723594188690186,0.0013655232032760978,0.540329098701477,1.0,0.0,0.26886048913002014,0.0,0.45927974581718445,1.0,0.9924688935279846,0.007531106472015381
6,1160,0.3989030420780182,0.21620622277259827,0.15503555536270142,0.016666661947965622,0.2666796875,0.5535864233970642,0.9577524783061101,0.0,1.0,0.0,0.27616003787878785,0.5414240056818181,0.7990885416666667,0.413203125,0.0008203125,0.009075520833333333,0.9750957489013672,0.0009969363454729319,0.5410054922103882,1.0,0.0,0.27336984872817993,0.0,0.45985469222068787,1.0,0.992716908454895,0.0072830915451049805
6,1170,0.38010498881340027,0.23367199301719666,0.16760070621967316,0.019318467006087303,0.2783984375,0.5245852470397949,0.97901657975637,0.0,1.0,0.0,0.33001893939393934,0.5495028409090909,0.7637369791666667,0.3681640625,0.0052734375,0.010260416666666666,0.9769424200057983,0.0005979420966468751,0.5411238670349121,1.0,0.0,0.2741590142250061,0.0,0.4599553048610687,1.0,0.9929636716842651,0.007036328315734863
6,1180,0.4070553481578827,0.25595998764038086,0.18698039650917053,0.014828294515609741,0.24604166666666666,0.4934675097465515,0.9999999999999999,0.0,1.0,0.0,0.36257102272727265,0.5543856534090909,0.7298958333333333,0.35380208333333335,0.0030208333333333333,0.0109765625,0.9789711833000183,0.0003702349786181003,0.5409843325614929,1.0,0.0,0.2732289433479309,0.0,0.4598366916179657,1.0,0.9932183027267456,0.0067816972732543945
6,1190,0.40035542845726013,0.22556670010089874,0.17319557070732117,0.021793659776449203,0.262578125,0.5425969362258911,0.9884848119662358,0.0,1.0,0.0,0.22821969696969693,0.5342329545454545,0.7825,0.4263411458333333,0.00024739583333333335,0.008020833333333333,0.9812575578689575,0.0003702349786181003,0.5409463047981262,1.0,0.0,0.27297529578208923,0.0,0.45980438590049744,1.0,0.9934796094894409,0.006520390510559082
6,1200,0.38706162571907043,0.21260996162891388,0.15791243314743042,0.021780725568532944,0.2729036458333333,0.5289270877838135,0.9626210407110362,0.0,1.0,0.0,0.22170928030303028,0.5332563920454545,0.8076822916666667,0.3291927083333333,0.0007682291666666666,0.007877604166666666,0.982585072517395,0.0003702349786181003,0.5410181283950806,1.0,0.0,0.2734544277191162,0.0,0.45986542105674744,1.0,0.9937475919723511,0.006252408027648926
6,1210,0.3928324580192566,0.21849143505096436,0.17888672649860382,0.026082979515194893,0.28041666666666665,0.5278189778327942,0.9981159986899449,0.0,1.0,0.0,0.2666903409090909,0.5400035511363637,0.8095052083333333,0.3685546875,0.0021484375,0.0088671875,0.9846863150596619,0.0,0.5409125089645386,1.0,0.0,0.2727498412132263,0.0,0.4597756564617157,1.0,0.9940201044082642,0.00597989559173584
6,1220,0.3840746581554413,0.21122953295707703,0.1557084023952484,0.022644195705652237,0.27720052083333335,0.5176957249641418,0.9588911425150358,0.0,1.0,0.0,0.25189393939393934,0.5377840909090909,0.8051041666666666,0.3894270833333333,0.0007552083333333333,0.008541666666666666,0.9846862554550171,0.0,0.5418679118156433,1.0,0.0,0.2791193127632141,0.0,0.460587739944458,1.0,0.9942687749862671,0.00573122501373291
6,1230,0.3880636990070343,0.21849344670772552,0.16455170512199402,0.0332389771938324,0.2932421875,0.5223532319068909,0.9738567317449128,0.0,1.0,0.0,0.28918087121212116,0.5433771306818181,0.7895052083333334,0.3696875,0.000546875,0.009361979166666666,0.9846590757369995,5.4356816690415144e-05,0.5434110164642334,1.0,0.0,0.28940635919570923,0.0,0.46189936995506287,1.0,0.9944480657577515,0.005551934242248535
6,1240,0.38447070121765137,0.21540279686450958,0.18608438968658447,0.01992993988096714,0.2346484375,0.5250222086906433,0.9999999999999999,0.0,1.0,0.0,0.2530776515151515,0.5379616477272727,0.8138802083333333,0.36328125,0.0010677083333333333,0.008567708333333333,0.9844907522201538,0.0003455687838140875,0.5484713315963745,1.0,0.0,0.3231421411037445,0.0,0.46620064973831177,1.0,0.9945569038391113,0.005443096160888672
6,1250,0.3892446756362915,0.21340157091617584,0.1671292632818222,0.021634727716445923,0.2450390625,0.5685622692108154,0.9782187532461607,0.0,1.0,0.0,0.25426136363636365,0.5381392045454545,0.8127604166666667,0.3970442708333333,0.00040364583333333333,0.00859375,0.9850974082946777,0.0007698826375417411,0.5501665472984314,1.0,0.0,0.3344437777996063,0.0,0.46764159202575684,1.0,0.9946268796920776,0.005373120307922363
6,1260,0.37188416719436646,0.21335047483444214,0.1706143319606781,0.02604512870311737,0.2599869791666667,0.554486870765686,0.9841165617796092,0.0,1.0,0.0,0.2820785984848484,0.5423117897727272,0.8052473958333334,0.3045963541666667,0.0001953125,0.009205729166666666,0.9855953454971313,0.0007698825793340802,0.5502849817276001,1.0,0.0,0.3352329134941101,0.0,0.4677422344684601,1.0,0.9946429133415222,0.005357086658477783
6,1270,0.35774123668670654,0.2171679586172104,0.1875818520784378,0.020952286198735237,0.21904947916666667,0.5947879552841187,0.9999999999999999,0.0,1.0,0.0,0.258404356060606,0.5387606534090909,0.8062369791666667,0.24423177083333333,0.00013020833333333333,0.008684895833333333,0.9873531460762024,0.0012779016979038715,0.5546097159385681,1.0,0.0,0.3640647530555725,0.0,0.47141826152801514,1.0,0.9946082234382629,0.0053917765617370605
6,1280,0.36752212047576904,0.2128373235464096,0.1676979809999466,0.016845928505063057,0.2459765625,0.6008874773979187,0.9791811986152942,0.0,1.0,0.0,0.247750946969697,0.5371626420454545,0.8074869791666667,0.2576041666666667,0.00015625,0.008450520833333334,0.9880391359329224,0.0019043486099690199,0.5559287071228027,1.0,0.0,0.37285804748535156,0.0,0.47253942489624023,1.0,0.9945417642593384,0.005458235740661621
6,1290,0.37843459844589233,0.21571607887744904,0.18448854982852936,0.020942416042089462,0.2592578125,0.5978583693504333,0.9999999999999999,0.0,1.0,0.0,0.3063446969696969,0.5459517045454545,0.8041536458333334,0.244453125,0.000234375,0.009739583333333333,0.9878197312355042,0.002343130065128207,0.5570024847984314,1.0,0.0,0.3800166845321655,0.0,0.4734521210193634,1.0,0.9944150447845459,0.0055849552154541016
6,1300,0.3599545359611511,0.2158650904893875,0.16835837066173553,0.01678929664194584,0.2531380208333333,0.6195088624954224,0.9802987811198601,0.0,1.0,0.0,0.3128551136363636,0.5469282670454545,0.7981380208333333,0.21610677083333332,0.00036458333333333335,0.0098828125,0.9881813526153564,0.002716600662097335,0.5584906339645386,1.0,0.0,0.3899373412132263,0.0,0.47471705079078674,1.0,0.9942488670349121,0.005751132965087891
6,1310,0.36103495955467224,0.22070114314556122,0.1684868037700653,0.02486661821603775,0.26447916666666665,0.618468701839447,0.9805161294570336,0.0,1.0,0.0,0.3004261363636363,0.5450639204545454,0.7688541666666666,0.2146484375,0.00022135416666666666,0.009609375,0.9897788763046265,0.0030813906341791153,0.5600547790527344,1.0,0.0,0.40036529302597046,0.0,0.4760465621948242,1.0,0.9940422177314758,0.00595778226852417
6,1320,0.37018918991088867,0.2242915779352188,0.18915894627571106,0.01802198775112629,0.2595572916666667,0.6200714707374573,0.9999999999999999,0.0,1.0,0.0,0.3803267045454546,0.5570490056818181,0.7702604166666667,0.2203125,0.00010416666666666667,0.0113671875,0.98964524269104,0.0035282326862215996,0.5609594583511353,1.0,0.0,0.4063965678215027,0.0,0.4768155515193939,1.0,0.9937725067138672,0.0062274932861328125
6,1330,0.3805854320526123,0.23597776889801025,0.20390254259109497,0.023477446287870407,0.24864583333333334,0.6047800779342651,0.9994292534722221,0.0011414930555555536,1.0,0.0,0.4383285984848484,0.5657492897727272,0.7581510416666667,0.2547265625,7.8125e-05,0.012643229166666667,0.9913713932037354,0.003990988712757826,0.5622615814208984,1.0,0.0,0.4150771200656891,0.0,0.47792235016822815,1.0,0.9934479594230652,0.0065520405769348145
6,1340,0.3574696481227875,0.26255306601524353,0.1708504557609558,0.03191549330949783,0.26005208333333335,0.5694616436958313,0.9814584302087116,0.006115451388888887,1.0,0.0,0.9331202651515151,0.6399680397727272,0.7063020833333333,0.25859375,7.8125e-05,0.023528645833333334,0.9923701286315918,0.004483300261199474,0.5634621977806091,1.0,0.0,0.42308124899864197,0.0,0.47894287109375,1.0,0.993104100227356,0.006895899772644043
6,1350,0.3115091025829315,0.22632910311222076,0.2014762908220291,0.02409467101097107,0.2384765625,0.5130321383476257,0.995544704861111,0.00891059027777778,1.0,0.0,0.5004734848484848,0.5750710227272727,0.7016145833333334,0.028268229166666665,0.007395833333333333,0.014010416666666666,0.9921056032180786,0.0050124009139835835,0.5647684931755066,1.0,0.0,0.4317900240421295,0.0,0.48005324602127075,1.0,0.9926968216896057,0.007303178310394287
6,1360,0.4862919747829437,0.33123764395713806,0.25949764251708984,0.021593699231743813,0.22088541666666667,0.5114952921867371,0.9999999999999999,0.0,1.0,0.0,0.34599905303030304,0.5518998579545454,0.518515625,0.11591145833333333,0.018697916666666668,0.010611979166666667,0.9928728342056274,0.00555245578289032,0.5658549666404724,1.0,0.0,0.4390332102775574,0.04155643284320831,0.48097673058509827,1.0,0.9922145009040833,0.007785499095916748
6,1370,0.2933320105075836,0.23126615583896637,0.20194712281227112,0.022294439375400543,0.21444010416666667,0.5620646476745605,0.994665798611111,0.01066840277777778,1.0,0.0,0.8816287878787878,0.6322443181818181,0.70828125,0.03395833333333333,0.016354166666666666,0.022395833333333334,0.9933649301528931,0.00608072942122817,0.5668273568153381,1.0,0.0,0.4455154240131378,0.0,0.4818032681941986,1.0,0.9916818141937256,0.008318185806274414
6,1380,0.3464791178703308,0.27067768573760986,0.2464378923177719,0.03362171724438667,0.24166666666666667,0.5362733006477356,0.9934223090277777,0.013155381944444445,1.0,0.0,0.5146780303030302,0.5772017045454545,0.6521875,0.09994791666666666,0.017786458333333335,0.014322916666666666,0.9930972456932068,0.006616236642003059,0.5681801438331604,1.0,0.0,0.4545341730117798,0.0,0.48295313119888306,1.0,0.9911105632781982,0.008889436721801758
6,1390,0.3404441773891449,0.26446598768234253,0.24418379366397858,0.03294869884848595,0.24485677083333332,0.4940427243709564,0.9953927951388888,0.009214409722222225,1.0,0.0,0.512902462121212,0.5769353693181818,0.6742447916666666,0.07854166666666666,0.0148828125,0.014283854166666667,0.9938104152679443,0.007172618992626667,0.5693976879119873,1.0,0.0,0.4626510739326477,0.0,0.48398804664611816,1.0,0.9904708862304688,0.00952911376953125
6,1400,0.34448063373565674,0.25588494539260864,0.2400819957256317,0.028623441234230995,0.24537760416666668,0.4929048717021942,0.9960785590277776,0.007842881944444446,1.0,0.0,0.4365530303030303,0.5654829545454545,0.7018359375,0.07420572916666666,0.01592447916666667,0.012604166666666666,0.9935363531112671,0.007720733992755413,0.5700994729995728,1.0,0.0,0.46732956171035767,0.0,0.4845845699310303,1.0,0.9897857308387756,0.010214269161224365
6,1410,0.34687429666519165,0.25255104899406433,0.22826215624809265,0.030898237600922585,0.256875,0.48819148540496826,0.996169704861111,0.007660590277777778,1.0,0.0,0.4406960227272727,0.566104403409091,0.7009635416666666,0.06772135416666666,0.017447916666666667,0.0126953125,0.9940371513366699,0.008595610037446022,0.5730417966842651,1.0,0.0,0.48694536089897156,0.0,0.4870855510234833,1.0,0.989048182964325,0.010951817035675049
6,1420,0.34458303451538086,0.2558631896972656,0.2338588684797287,0.03230445086956024,0.2585807291666667,0.5052257180213928,0.9953081597222222,0.009383680555555562,1.0,0.0,0.3933475378787879,0.5590021306818181,0.6915885416666666,0.06756510416666667,0.013684895833333334,0.011653645833333334,0.9940252900123596,0.010474743321537971,0.5780388116836548,1.0,0.0,0.520258367061615,0.0,0.4913330078125,1.0,0.9882415533065796,0.01175844669342041
6,1430,0.34287744760513306,0.2568553388118744,0.23439835011959076,0.03422190248966217,0.2597265625,0.5086858868598938,0.9951410590277777,0.00971788194444445,1.0,0.0,0.43418560606060597,0.5651278409090909,0.6859505208333333,0.0631640625,0.013736979166666666,0.012552083333333333,0.9873128533363342,0.015220487490296364,0.5772186517715454,1.0,0.0,0.5147907733917236,0.0,0.49063587188720703,1.0,0.9874142408370972,0.012585759162902832
6,1440,0.34198904037475586,0.2581101357936859,0.2345915585756302,0.035883091390132904,0.2650390625,0.5053157210350037,0.9948307291666666,0.010338541666666673,1.0,0.0,0.4572679924242423,0.5685901988636364,0.6831510416666666,0.061328125,0.014635416666666666,0.013059895833333333,0.9792488217353821,0.021414965391159058,0.5760222673416138,1.0,0.0,0.5068148374557495,0.0,0.4896189272403717,1.0,0.9865819215774536,0.013418078422546387
6,1450,0.3410645127296448,0.2585617005825043,0.2360447198152542,0.03707005828619003,0.2615625,0.5087620615959167,0.9944444444444444,0.01111111111111111,1.0,0.0,0.43596117424242414,0.5653941761363637,0.6806119791666667,0.065546875,0.014309895833333334,0.012591145833333333,0.9759364724159241,0.025491859763860703,0.571452260017395,1.0,0.0,0.476348340511322,0.0,0.4857344329357147,1.0,0.985785722732544,0.014214277267456055
6,1460,0.34126073122024536,0.25908032059669495,0.23785550892353058,0.036899637430906296,0.26223958333333336,0.5083131790161133,0.9943294270833333,0.011341145833333337,1.0,0.0,0.4063683712121212,0.5609552556818181,0.680546875,0.06639322916666666,0.011510416666666667,0.011940104166666667,0.9698492884635925,0.03123706951737404,0.5700994729995728,1.0,0.0,0.46732956171035767,0.0,0.4845845699310303,1.0,0.9849609136581421,0.01503908634185791
6,1470,0.3419346213340759,0.2589818835258484,0.23715782165527344,0.03757716715335846,0.2645182291666667,0.5091299414634705,0.9944531249999999,0.011093750000000006,1.0,0.0,0.4182054924242424,0.5627308238636364,0.6801041666666666,0.06700520833333333,0.0115234375,0.012200520833333334,0.962917685508728,0.03701528161764145,0.5698922872543335,1.0,0.0,0.46594858169555664,0.0,0.4844084680080414,1.0,0.9841372966766357,0.015862703323364258
6,1480,0.34269005060195923,0.25932058691978455,0.23779995739459991,0.038436539471149445,0.26350260416666665,0.5099858641624451,0.9943771701388888,0.011245659722222228,1.0,0.0,0.44779829545454547,0.5671697443181818,0.6790885416666667,0.06755208333333333,0.01140625,0.0128515625,0.9587002992630005,0.03961554914712906,0.5661298036575317,1.0,0.0,0.440865159034729,0.0,0.4812103509902954,1.0,0.983298659324646,0.016701340675354004
6,1490,0.34363943338394165,0.25960615277290344,0.23811322450637817,0.03880879655480385,0.26416666666666666,0.5052710175514221,0.9941579861111111,0.011684027777777783,1.0,0.0,0.4182054924242424,0.5627308238636364,0.6793880208333334,0.0687109375,0.011419270833333333,0.012200520833333334,0.9531295895576477,0.045384109020233154,0.5648319721221924,1.0,0.0,0.432212769985199,0.0,0.4801071882247925,1.0,0.982425332069397,0.017574667930603027
6,1500,0.3434091806411743,0.2595261335372925,0.2378837615251541,0.03832891955971718,0.26092447916666667,0.5090875029563904,0.9942447916666666,0.011510416666666672,1.0,0.0,0.40459280303030304,0.5606889204545454,0.6806510416666667,0.06877604166666666,0.0116796875,0.011901041666666667,0.9499433636665344,0.04762369766831398,0.5634748935699463,1.0,0.0,0.42316579818725586,0.0,0.47895365953445435,1.0,0.9815872311592102,0.018412768840789795
6,1510,0.3225526809692383,0.2700871527194977,0.25130319595336914,0.0316460020840168,0.23153645833333333,0.5422539710998535,0.9908138020833333,0.018372395833333333,1.0,0.0,0.7247869318181818,0.6087180397727272,0.6329296875,0.077734375,0.0033072916666666667,0.0189453125,0.9453754425048828,0.05071260780096054,0.5628999471664429,1.0,0.0,0.4193328619003296,0.0,0.4784649610519409,1.0,0.9807420372962952,0.019257962703704834
6,1520,0.2412601262331009,0.23147018253803253,0.18274764716625214,0.016928138211369514,0.18875,0.4769240915775299,0.9802690972222221,0.03946180555555556,1.0,0.0,1.0,0.65,0.6028255208333333,0.0207421875,0.018763020833333335,0.030091145833333333,0.9405046701431274,0.05388471484184265,0.5618303418159485,1.0,0.0,0.412202388048172,0.0,0.4775558114051819,1.0,0.9798786640167236,0.020121335983276367
6,1530,0.3307707607746124,0.215859055519104,0.14635200798511505,0.006049024406820536,0.16102864583333334,0.5680259466171265,0.8590388082290424,0.09966060836251753,1.0,0.0,0.26550662878787873,0.5398259943181818,0.7621484375,0.15774739583333333,0.0036197916666666666,0.008841145833333333,0.9342255592346191,0.05929958447813988,0.5613569021224976,1.0,0.0,0.4090458154678345,0.0,0.47715339064598083,1.0,0.9790008664131165,0.020999133586883545
6,1540,0.32974159717559814,0.20893916487693787,0.14654436707496643,0.004883861634880304,0.1844921875,0.5729116797447205,0.8300830410501193,0.1312255302712644,1.0,0.0,0.2708333333333333,0.540625,0.7931119791666666,0.26598958333333333,0.0012109375,0.008958333333333334,0.9340196847915649,0.059481196105480194,0.5603338479995728,1.0,0.0,0.4022253751754761,0.0,0.4762837886810303,1.0,0.9781273603439331,0.021872639656066895
6,1550,0.330174058675766,0.23311379551887512,0.1728445589542389,0.006399682257324457,0.19897135416666667,0.6082083582878113,0.9119000412397162,0.09173023690406464,1.0,0.0,0.2933238636363636,0.5439985795454545,0.7390755208333334,0.2518489583333333,0.0006901041666666667,0.009453125,0.928352952003479,0.06471753865480423,0.5593699216842651,1.0,0.0,0.39579951763153076,0.0,0.47546443343162537,1.0,0.9772160053253174,0.022783994674682617
6,1560,0.3318032920360565,0.22361385822296143,0.16570912301540375,0.005260655656456947,0.18846354166666668,0.580458402633667,0.8677137885397241,0.12955995627333153,1.0,0.0,0.3110795454545454,0.5466619318181818,0.7574609375,0.31897135416666667,0.0001171875,0.00984375,0.9209803938865662,0.07063789665699005,0.5581270456314087,1.0,0.0,0.38751354813575745,0.0,0.47440800070762634,1.0,0.9763118028640747,0.023688197135925293
6,1570,0.32670605182647705,0.2100539356470108,0.1546890139579773,0.005369605030864477,0.17776041666666667,0.5967148542404175,0.854435321874738,0.12134249567147595,1.0,0.0,0.316998106060606,0.5475497159090909,0.783125,0.29345052083333334,2.604166666666667e-05,0.009973958333333333,0.917254626750946,0.07480845600366592,0.5570870637893677,1.0,0.0,0.3805803656578064,0.0,0.4735240042209625,1.0,0.9754310250282288,0.02456897497177124
6,1580,0.3209850490093231,0.2151821404695511,0.15534581243991852,0.007313569542020559,0.2009765625,0.6396664381027222,0.9061025800581728,0.06527406968772007,1.0,0.0,0.35487689393939387,0.5532315340909091,0.7589583333333333,0.2724609375,2.604166666666667e-05,0.010807291666666666,0.9142211675643921,0.07803724706172943,0.5559625625610352,1.0,0.0,0.3730835020542145,0.0,0.47256818413734436,1.0,0.9745281934738159,0.025471806526184082
6,1590,0.337123304605484,0.22985407710075378,0.17399874329566956,0.005007113795727491,0.1761328125,0.5845592617988586,0.8764374299347244,0.13429509938500195,1.0,0.0,0.3329782196969697,0.5499467329545454,0.7371614583333334,0.32251302083333333,0.0,0.010325520833333334,0.9075667262077332,0.08411061763763428,0.5546901226043701,1.0,0.0,0.3646002411842346,0.0,0.4714866280555725,1.0,0.9735962152481079,0.02640378475189209
6,1600,0.3189292252063751,0.207342267036438,0.16427843272686005,0.007550761103630066,0.23026041666666666,0.5543939471244812,0.9284814356254095,0.05624574463864975,1.0,0.0,0.3229166666666666,0.5484375,0.7795182291666667,0.21044270833333334,2.604166666666667e-05,0.010104166666666666,0.9036141633987427,0.08719532191753387,0.5536120533943176,1.0,0.0,0.3574134111404419,0.0,0.47057026624679565,1.0,0.9726703763008118,0.027329623699188232
6,1610,0.3265171945095062,0.2111162394285202,0.15665721893310547,0.006929303985089064,0.22575520833333335,0.5955594182014465,0.9001520765762275,0.07270996911991337,1.0,0.0,0.3560606060606061,0.553409090909091,0.7782421875,0.19811197916666667,0.0,0.010833333333333334,0.8981374502182007,0.09163596481084824,0.552643895149231,1.0,0.0,0.3509593605995178,0.0,0.4697473347187042,1.0,0.9717657566070557,0.028234243392944336
6,1620,0.3284103274345398,0.2065718024969101,0.15468919277191162,0.006743159145116806,0.1996484375,0.595497727394104,0.8938825624398398,0.0742748736244876,1.0,0.0,0.2909564393939394,0.543643465909091,0.7889453125,0.2549869791666667,0.0,0.009401041666666667,0.8914306163787842,0.09759797900915146,0.549490213394165,1.0,0.0,0.32993438839912415,0.0,0.4670667052268982,1.0,0.9708489179611206,0.029151082038879395
6,1630,0.3304477334022522,0.20996570587158203,0.16199374198913574,0.005156207829713821,0.1830859375,0.5623024702072144,0.8634481806328378,0.12309590373501221,1.0,0.0,0.32705965909090906,0.5490589488636364,0.7918880208333333,0.30302083333333335,0.0001171875,0.0101953125,0.8884791135787964,0.09865489602088928,0.5442565083503723,1.0,0.0,0.29504305124282837,0.0,0.46261805295944214,1.0,0.9699346423149109,0.03006535768508911
6,1640,0.352596640586853,0.23159296810626984,0.1862235963344574,0.008791482076048851,0.214140625,0.5882313847541809,0.9908183770911481,0.013531732945665093,1.0,0.0,0.2909564393939394,0.543643465909091,0.7555078125,0.3379036458333333,0.00016927083333333334,0.009401041666666667,0.8884841203689575,0.1008777767419815,0.5446158051490784,1.0,0.0,0.29743868112564087,0.0,0.46292343735694885,1.0,0.9690229892730713,0.03097701072692871
6,1650,0.3355274498462677,0.21770216524600983,0.16673004627227783,0.005412285216152668,0.1819140625,0.636081337928772,0.8758273232920991,0.1203016871769173,1.0,0.0,0.3223248106060606,0.5483487215909091,0.7763802083333333,0.32114583333333335,2.604166666666667e-05,0.010091145833333334,0.8930401802062988,0.09813983738422394,0.5448441505432129,1.0,0.0,0.2989605665206909,0.0,0.4631175398826599,1.0,0.9681587219238281,0.031841278076171875
6,1660,0.3500024378299713,0.21665744483470917,0.15424376726150513,0.004764316137880087,0.18087239583333334,0.6186619400978088,0.8396211888053087,0.1354387864467453,1.0,0.0,0.2619554924242424,0.5392933238636364,0.7923697916666667,0.3329947916666667,0.0,0.008763020833333333,0.8897241353988647,0.10051866620779037,0.544979453086853,1.0,0.0,0.29986247420310974,0.0,0.46323254704475403,1.0,0.9672878980636597,0.03271210193634033
6,1670,0.35260069370269775,0.2254636138677597,0.18117369711399078,0.0060263886116445065,0.17680989583333334,0.5682918429374695,0.9160882378191886,0.09892277268021489,1.0,0.0,0.2607717803030303,0.5391157670454545,0.771953125,0.35934895833333336,0.0,0.008736979166666667,0.890036940574646,0.09958264231681824,0.5449244379997253,1.0,0.0,0.299496054649353,0.0,0.46318578720092773,1.0,0.9664798974990845,0.03352010250091553
6,1680,0.3687552213668823,0.2267707884311676,0.17916955053806305,0.006549083162099123,0.19736979166666666,0.6337749361991882,0.9307506449692836,0.07889842154846845,1.0,0.0,0.2607717803030303,0.5391157670454545,0.7742708333333334,0.38309895833333335,3.90625e-05,0.008736979166666667,0.8893536329269409,0.10008645057678223,0.5448272228240967,1.0,0.0,0.29884785413742065,0.0,0.46310314536094666,1.0,0.9657332897186279,0.03426671028137207
6,1690,0.35463201999664307,0.21657364070415497,0.16512563824653625,0.004615086130797863,0.17807291666666666,0.5708217620849609,0.854634059354871,0.13878622484017356,1.0,0.0,0.26964962121212116,0.5404474431818181,0.7896614583333333,0.3592447916666667,0.0,0.008932291666666667,0.8854751586914062,0.10358667373657227,0.544417142868042,1.0,0.0,0.296114057302475,0.0,0.46275457739830017,1.0,0.9650173187255859,0.03498268127441406
6,1700,0.3599258363246918,0.21821989119052887,0.16640520095825195,0.006617008708417416,0.19733072916666666,0.636998176574707,0.9111541223608319,0.07646293741274816,1.0,0.0,0.26728219696969696,0.5400923295454545,0.7841145833333333,0.37072916666666667,2.604166666666667e-05,0.008880208333333334,0.8893013596534729,0.0996491014957428,0.5442184209823608,1.0,0.0,0.2947894334793091,0.0,0.4625856578350067,1.0,0.9643431901931763,0.03565680980682373
6,1710,0.35520654916763306,0.21343597769737244,0.16231957077980042,0.005680049303919077,0.18986979166666668,0.5808852314949036,0.8792344222114978,0.10476401597130185,1.0,0.0,0.2690577651515151,0.5403586647727272,0.7969270833333333,0.3480078125,0.0,0.008919270833333333,0.8890002965927124,0.1012987270951271,0.5441550016403198,1.0,0.0,0.29436665773391724,0.0,0.46253177523612976,1.0,0.9636445045471191,0.03635549545288086
6,1720,0.33835268020629883,0.21771910786628723,0.16292673349380493,0.004740328062325716,0.18638020833333332,0.5626350045204163,0.8499695998929597,0.14357464410253576,1.0,0.0,0.28326231060606055,0.5424893465909091,0.7793098958333333,0.4011588541666667,0.0,0.009231770833333333,0.8881767988204956,0.10304903239011765,0.5440789461135864,1.0,0.0,0.2938593626022339,0.0,0.46246710419654846,1.0,0.9629601240158081,0.037039875984191895
6,1730,0.349195271730423,0.2255961000919342,0.16161270439624786,0.007293829694390297,0.20442708333333334,0.5799156427383423,0.9182878588546012,0.06165714431059392,1.0,0.0,0.26728219696969696,0.5400923295454545,0.7530989583333333,0.3123828125,6.510416666666667e-05,0.008880208333333334,0.8866358399391174,0.10593139380216599,0.5442184209823608,1.0,0.0,0.2947894036769867,0.0,0.4625856578350067,1.0,0.9622900485992432,0.037709951400756836
6,1740,0.3535466194152832,0.2241927683353424,0.17133015394210815,0.004424085840582848,0.16891927083333333,0.6230014562606812,0.8591437255467056,0.14634117525323295,1.0,0.0,0.3158143939393939,0.5473721590909091,0.7541015625,0.3000130208333333,1.3020833333333334e-05,0.009947916666666667,0.8882639408111572,0.10432984679937363,0.5443325638771057,1.0,0.0,0.2955503463745117,0.0,0.46268269419670105,1.0,0.9616931676864624,0.0383068323135376
6,1750,0.345988005399704,0.22597576677799225,0.17253483831882477,0.006864282302558422,0.195546875,0.6648939847946167,0.9257591806660911,0.07372879582308334,1.0,0.0,0.30279356060606055,0.5454190340909091,0.7424739583333333,0.24973958333333332,0.0,0.009661458333333333,0.8845356702804565,0.10855807363986969,0.5444213151931763,1.0,0.0,0.29614222049713135,0.0,0.4627581238746643,1.0,0.9610952138900757,0.038904786109924316
6,1760,0.3391468822956085,0.2028542309999466,0.15870536863803864,0.0046103899367153645,0.17384114583333332,0.5817661881446838,0.8422649540642828,0.1416854778779191,1.0,0.0,0.31226325757575757,0.5468394886363637,0.7931901041666667,0.23079427083333334,0.0,0.009869791666666667,0.8852838277816772,0.1087048351764679,0.5442987680435181,1.0,0.0,0.2953249216079712,0.0,0.4626539647579193,1.0,0.9605240225791931,0.039475977420806885
6,1770,0.3325977623462677,0.20542992651462555,0.16148535907268524,0.005596319679170847,0.17731770833333332,0.6567774415016174,0.87428287197834,0.1099035539886937,1.0,0.0,0.30338541666666663,0.5455078125,0.7822265625,0.16020833333333334,0.0,0.009674479166666666,0.8888161182403564,0.1065196543931961,0.5446242690086365,1.0,0.0,0.2974950671195984,0.0,0.4629306495189667,1.0,0.959984302520752,0.04001569747924805
6,1780,0.32664549350738525,0.20184415578842163,0.15249347686767578,0.0049082692712545395,0.17326822916666668,0.6563552618026733,0.840085118228268,0.1319223672381746,1.0,0.0,0.30338541666666663,0.5455078125,0.784140625,0.16466145833333334,0.0,0.009674479166666666,0.886076807975769,0.10802814364433289,0.5450555086135864,1.0,0.0,0.3003697991371155,0.0,0.46329718828201294,1.0,0.9594719409942627,0.040528059005737305
6,1790,0.32822149991989136,0.20369312167167664,0.14697447419166565,0.004678539466112852,0.17397135416666668,0.5975520014762878,0.8246555696910393,0.1387787552675621,1.0,0.0,0.297466856060606,0.5446200284090909,0.7850390625,0.18639322916666667,3.90625e-05,0.009544270833333333,0.8819026947021484,0.11072014272212982,0.5458333492279053,1.0,0.0,0.3055555820465088,0.0,0.46395835280418396,1.0,0.9589706659317017,0.04102933406829834
6,1800,0.34802481532096863,0.2270214706659317,0.21431882679462433,0.007497227285057306,0.19384114583333334,0.5835057497024536,0.9567867423701011,0.051606171864784015,1.0,0.0,0.30516098484848486,0.5457741477272727,0.7514713541666667,0.19658854166666667,0.0004296875,0.009713541666666667,0.8830475211143494,0.10987143963575363,0.5462688207626343,1.0,0.0,0.30845847725868225,0.0,0.46432849764823914,1.0,0.9585139751434326,0.04148602485656738
6,1810,0.34262555837631226,0.2210163027048111,0.185246542096138,0.00620366632938385,0.18322916666666667,0.5834280252456665,0.9221595734373987,0.09088775587921867,1.0,0.0,0.3140388257575757,0.5471058238636364,0.7594661458333334,0.33661458333333333,0.0006119791666666667,0.009908854166666667,0.8854447603225708,0.10839183628559113,0.5467591881752014,1.0,0.0,0.31172776222229004,0.0,0.46474531292915344,1.0,0.9580397605895996,0.04196023941040039
6,1820,0.3590797185897827,0.2219436913728714,0.16678793728351593,0.005543037783354521,0.15110677083333332,0.5622539520263672,0.8828577675678152,0.1094663700874299,1.0,0.0,0.34540719696969696,0.5518110795454545,0.7736588541666667,0.33984375,0.00010416666666666667,0.010598958333333333,0.8838998079299927,0.10916545242071152,0.5471523404121399,1.0,0.0,0.31434884667396545,0.0,0.46507951617240906,1.0,0.9575206637382507,0.04247933626174927
6,1830,0.36275768280029297,0.22131189703941345,0.16725729405879974,0.004726465325802565,0.15908854166666667,0.5769502520561218,0.8615226679383212,0.13480458017539607,1.0,0.0,0.31048768939393934,0.5465731534090909,0.7717447916666667,0.34713541666666664,0.0,0.009830729166666666,0.8836753368377686,0.10943587124347687,0.5474609136581421,1.0,0.0,0.31640625,0.0,0.4653417766094208,1.0,0.9570521116256714,0.04294788837432861
6,1840,0.35764625668525696,0.21843431890010834,0.16499829292297363,0.006216931156814098,0.17065104166666667,0.5928927659988403,0.8976379374060715,0.08946337513100648,1.0,0.0,0.3430397727272727,0.551455965909091,0.7715234375,0.2604036458333333,5.208333333333334e-05,0.010546875,0.8776238560676575,0.11477789282798767,0.5471354722976685,1.0,0.0,0.3142361044883728,0.0,0.4650651514530182,1.0,0.9565790891647339,0.04342091083526611
6,1850,0.35534101724624634,0.22124971449375153,0.1863139122724533,0.005865695420652628,0.18279947916666667,0.5653025507926941,0.9125256550019267,0.102324559499073,1.0,0.0,0.30338541666666663,0.5455078125,0.7691015625,0.39022135416666665,0.0,0.009674479166666666,0.8748971223831177,0.11489518731832504,0.5470889210700989,1.0,0.0,0.313926100730896,0.0,0.4650256037712097,1.0,0.9561173319816589,0.043882668018341064
6,1860,0.36629995703697205,0.22928522527217865,0.17854972183704376,0.005174815654754639,0.1476171875,0.6292935013771057,0.8915377096523959,0.12338362671818512,1.0,0.0,0.30516098484848486,0.5457741477272727,0.75890625,0.3958984375,0.0,0.009713541666666667,0.8700686693191528,0.11783730983734131,0.5473299026489258,1.0,0.0,0.3155325651168823,0.0,0.46523043513298035,1.0,0.9556222558021545,0.04437774419784546
6,1870,0.35959115624427795,0.22657190263271332,0.17426440119743347,0.0062622069381177425,0.19100260416666667,0.5683827996253967,0.9138002528560076,0.08955002983380865,1.0,0.0,0.30752840909090906,0.5461292613636364,0.75703125,0.3635026041666667,0.0,0.009765625,0.8719203472137451,0.11768338084220886,0.5471523404121399,1.0,0.0,0.31434884667396545,0.0,0.46507951617240906,1.0,0.9551166296005249,0.0448833703994751
6,1880,0.3429378867149353,0.21189454197883606,0.16245591640472412,0.004990901332348585,0.1816796875,0.5525150299072266,0.8585626306943014,0.13060101374953498,1.0,0.0,0.32114109848484845,0.5481711647727273,0.7846744791666667,0.3700130208333333,0.0,0.010065104166666667,0.8727406859397888,0.11770220100879669,0.5471607446670532,1.0,0.0,0.3144052028656006,0.0,0.4650866389274597,1.0,0.9545400738716125,0.04545992612838745
6,1890,0.34492605924606323,0.20200864970684052,0.15676818788051605,0.004694981034845114,0.16692708333333334,0.5624483227729797,0.8430942730727216,0.13543026570594163,1.0,0.0,0.3696732954545454,0.5554509943181818,0.8069791666666667,0.3874869791666667,0.0,0.0111328125,0.8726384043693542,0.11798109114170074,0.5464928150177002,1.0,0.0,0.3099521994590759,0.0,0.4645189046859741,1.0,0.9539299011230469,0.046070098876953125
6,1900,0.3652535676956177,0.21841421723365784,0.17033487558364868,0.005160091910511255,0.1865625,0.6064326167106628,0.8786750966676272,0.12096359774864059,1.0,0.0,0.3306107954545454,0.5495916193181818,0.7847526041666667,0.3746614583333333,0.0,0.0102734375,0.8717734217643738,0.11839839816093445,0.5462814569473267,1.0,0.0,0.30854302644729614,0.0,0.4643392562866211,1.0,0.953366219997406,0.046633780002593994
6,1910,0.3678445518016815,0.22969171404838562,0.1865379363298416,0.007635448593646288,0.19751302083333333,0.6122211217880249,0.9614955529697784,0.045391239522979,1.0,0.0,0.3359375,0.550390625,0.7439453125,0.344296875,0.0,0.010390625,0.8650516271591187,0.12186307460069656,0.5460066795349121,1.0,0.0,0.3067110776901245,0.0,0.4641056954860687,1.0,0.9527506232261658,0.04724937677383423
6,1920,0.3542017936706543,0.2092711329460144,0.15150128304958344,0.005161134991794825,0.18928385416666665,0.6021966338157654,0.846791785756048,0.12100992148999519,1.0,0.0,0.32410037878787873,0.5486150568181818,0.8071744791666666,0.38147135416666667,0.0,0.010130208333333333,0.8616461753845215,0.12197926640510559,0.5457234382629395,1.0,0.0,0.30482280254364014,0.0,0.46386492252349854,1.0,0.9521512985229492,0.04784870147705078
6,1930,0.3419604003429413,0.2229284793138504,0.16346506774425507,0.004499820992350578,0.12610677083333333,0.5340843200683594,0.8452548212960458,0.14925353089039564,1.0,0.0,0.326467803030303,0.5489701704545454,0.769296875,0.3198828125,9.114583333333334e-05,0.010182291666666666,0.8584197163581848,0.12341909110546112,0.5450131893157959,1.0,0.0,0.30008792877197266,0.0,0.463261216878891,1.0,0.9515502452850342,0.04844975471496582
6,1940,0.3175335228443146,0.20081883668899536,0.14252346754074097,0.003954635001718998,0.1191796875,0.5210263133049011,0.7912060441092288,0.1738394647172392,1.0,0.0,0.22170928030303028,0.5332563920454545,0.7670442708333334,0.22203125,0.000546875,0.007877604166666666,0.861077606678009,0.1211639791727066,0.5449708700180054,1.0,0.0,0.2998060882091522,0.0,0.46322524547576904,1.0,0.9509402513504028,0.04905974864959717
6,1950,0.28681981563568115,0.18831689655780792,0.13339948654174805,0.0058848438784480095,0.14119791666666667,0.5111300349235535,0.8018828284493493,0.14880442643734984,1.0,0.0,0.3093039772727272,0.5463955965909091,0.7471744791666667,0.24830729166666668,0.00046875,0.0098046875,0.8608602285385132,0.12174799293279648,0.5446665287017822,1.0,0.0,0.29777687788009644,0.0,0.46296656131744385,1.0,0.950269341468811,0.049730658531188965
6,1960,0.3173755705356598,0.21574766933918,0.14075732231140137,0.005420433357357979,0.1336328125,0.5067983269691467,0.8243620566871853,0.13551333768217544,1.0,0.0,0.3365293560606061,0.550479403409091,0.7230598958333333,0.3272786458333333,0.00020833333333333335,0.010403645833333334,0.8577003479003906,0.12224346399307251,0.5445734858512878,1.0,0.0,0.29715681076049805,0.0,0.4628874659538269,1.0,0.9495590925216675,0.05044090747833252
6,1970,0.3718065917491913,0.23468683660030365,0.17955626547336578,0.0047814734280109406,0.11533854166666667,0.5409409403800964,0.8811493785864168,0.13845302472188867,1.0,0.0,0.287405303030303,0.5431107954545454,0.7511458333333333,0.3672916666666667,0.0,0.009322916666666667,0.853348970413208,0.1228809580206871,0.5446115732192993,1.0,0.0,0.2974104881286621,0.0,0.46291986107826233,1.0,0.9486094117164612,0.05139058828353882
6,1980,0.36441516876220703,0.22812825441360474,0.17156864702701569,0.005627491511404514,0.14091145833333332,0.5660890936851501,0.8915104721418228,0.11029867936097347,1.0,0.0,0.3045691287878788,0.5456853693181818,0.7691015625,0.3454947916666667,1.3020833333333334e-05,0.009700520833333334,0.8522417545318604,0.12233109027147293,0.5444002151489258,1.0,0.0,0.2960013151168823,0.0,0.4627401828765869,1.0,0.9476495385169983,0.05235046148300171
6,1990,0.33601734042167664,0.21385516226291656,0.15184129774570465,0.005070930812507868,0.1266796875,0.5007665753364563,0.8379375345034694,0.13777914612950268,1.0,0.0,0.20987215909090906,0.5314808238636364,0.7729947916666666,0.30212239583333333,0.001875,0.0076171875,0.8500913977622986,0.1232127696275711,0.5439013242721558,1.0,0.0,0.2926756739616394,0.0,0.4623161256313324,1.0,0.9469437599182129,0.05305624008178711
6,2000,0.3120076060295105,0.20165975391864777,0.13739340007305145,0.004888365510851145,0.146953125,0.4961637258529663,0.8064906283697255,0.14754221003502607,1.0,0.0,0.26787405303030304,0.5401811079545454,0.7612630208333333,0.33619791666666665,0.0006770833333333334,0.008893229166666667,0.8485621809959412,0.12384818494319916,0.5428994297981262,1.0,0.0,0.28599613904953003,0.0,0.461464524269104,1.0,0.9462705850601196,0.05372941493988037
6,2010,0.31666553020477295,0.21712367236614227,0.12972953915596008,0.005796367768198252,0.1429296875,0.5045180320739746,0.8156294495930163,0.12436442271753298,1.0,0.0,0.2666903409090909,0.5400035511363637,0.7263151041666667,0.3338802083333333,7.8125e-05,0.0088671875,0.8418513536453247,0.1272163987159729,0.5419862270355225,1.0,0.0,0.2799084782600403,0.0,0.4606882929801941,1.0,0.9455060958862305,0.05449390411376953
6,2020,0.317338764667511,0.21676743030548096,0.13445709645748138,0.006788747385144234,0.1563671875,0.5097659230232239,0.8506453751714397,0.09332769659113108,1.0,0.0,0.27438446969696967,0.5411576704545454,0.732578125,0.30221354166666664,0.00016927083333333334,0.009036458333333334,0.8302580118179321,0.13478274643421173,0.541297197341919,1.0,0.0,0.2753145098686218,0.0,0.4601026177406311,1.0,0.9448612928390503,0.05513870716094971
6,2030,0.33135873079299927,0.22158817946910858,0.13771122694015503,0.005246856715530157,0.14994791666666665,0.5086565017700195,0.8151014070437587,0.13970287791405347,1.0,0.0,0.24597537878787876,0.5368963068181818,0.7385807291666666,0.3213020833333333,0.00029947916666666664,0.008411458333333333,0.8291518688201904,0.13400530815124512,0.5404178500175476,1.0,0.0,0.2694523334503174,0.0,0.4593551754951477,1.0,0.9442842602729797,0.055715739727020264
6,2040,0.35366401076316833,0.22660256922245026,0.17437227070331573,0.006461156997829676,0.16399739583333334,0.5327309966087341,0.9173391489738789,0.08744715284394622,1.0,0.0,0.3045691287878788,0.5456853693181818,0.7599869791666667,0.34490885416666667,0.0,0.009700520833333334,0.8251108527183533,0.13417917490005493,0.5402234196662903,1.0,0.0,0.26815587282180786,0.0,0.45918992161750793,1.0,0.9436843395233154,0.05631566047668457
6,2050,0.361192524433136,0.21905502676963806,0.1683453619480133,0.005863208323717117,0.17184895833333333,0.5413091778755188,0.8930720659123128,0.10172764256960005,1.0,0.0,0.3004261363636363,0.5450639204545454,0.7731119791666666,0.3484765625,9.114583333333334e-05,0.009609375,0.8257405757904053,0.13333290815353394,0.5405193567276001,1.0,0.0,0.2701287567615509,0.0,0.4594414532184601,1.0,0.9431498050689697,0.05685019493103027
6,2060,0.34197747707366943,0.2014816701412201,0.14670994877815247,0.005449819378554821,0.14997395833333332,0.5405286550521851,0.846168148109714,0.11272940156845059,1.0,0.0,0.2903645833333333,0.5435546875,0.7999348958333333,0.3495703125,3.90625e-05,0.009388020833333333,0.8264280557632446,0.13459910452365875,0.5389677882194519,1.0,0.0,0.25978535413742065,0.0,0.4581226408481598,1.0,0.9426779747009277,0.057322025299072266
6,2070,0.3452882170677185,0.19630631804466248,0.13195687532424927,0.004910326097160578,0.14438802083333332,0.5403682589530945,0.8001601470191919,0.13677094735296041,1.0,0.0,0.31048768939393934,0.5465731534090909,0.810625,0.370234375,6.510416666666667e-05,0.009830729166666666,0.8216284513473511,0.13757386803627014,0.5377587676048279,1.0,0.0,0.25172483921051025,0.0,0.4570949673652649,1.0,0.9423006772994995,0.05769932270050049
6,2080,0.3225635886192322,0.2113681435585022,0.15481235086917877,0.0065982467494904995,0.15345052083333333,0.5933753252029419,0.8905481423773547,0.07800283030008638,1.0,0.0,0.2779356060606061,0.541690340909091,0.7528125,0.1043359375,0.00013020833333333333,0.009114583333333334,0.8126591444015503,0.14251922070980072,0.5374289751052856,1.0,0.0,0.2495265007019043,0.0,0.45681464672088623,1.0,0.9419879913330078,0.05801200866699219
6,2090,0.37518006563186646,0.18993334472179413,0.1460900604724884,0.004934447817504406,0.1605859375,0.5778358578681946,0.8134048476734147,0.14911639985696573,1.0,0.0,0.25130208333333326,0.5376953125,0.8614583333333333,0.354375,0.00046875,0.008528645833333333,0.8071141839027405,0.1446775197982788,0.5372217893600464,1.0,0.0,0.24814553558826447,0.0,0.45663854479789734,1.0,0.9417374134063721,0.05826258659362793
6,2100,0.3924325704574585,0.19606611132621765,0.14520397782325745,0.004442797042429447,0.152109375,0.5774058103561401,0.8109802258481563,0.1487738362445337,1.0,0.0,0.2294034090909091,0.5344105113636364,0.855234375,0.3813671875,0.0006510416666666666,0.008046875,0.8085583448410034,0.14239230751991272,0.5372979044914246,1.0,0.0,0.24865283071994781,0.0,0.456703245639801,1.0,0.9412770867347717,0.05872291326522827
6,2110,0.3727014362812042,0.1790001541376114,0.12223337590694427,0.004434355068951845,0.135078125,0.5714374780654907,0.7377484931796788,0.19169610645622015,1.0,0.0,0.20276988636363633,0.5304154829545454,0.8672916666666667,0.3436588541666667,0.0010416666666666667,0.0074609375,0.8078348636627197,0.1428181529045105,0.5365031361579895,1.0,0.0,0.24335430562496185,0.0,0.45602768659591675,1.0,0.9406443238258362,0.05935567617416382
6,2120,0.3723931908607483,0.18011878430843353,0.11726223677396774,0.00392972631379962,0.11986979166666667,0.5601860880851746,0.7180342362668736,0.20428455405209853,1.0,0.0,0.2394649621212121,0.5359197443181818,0.8745052083333333,0.37904947916666665,0.0004166666666666667,0.008268229166666667,0.8077685832977295,0.14394745230674744,0.5360127687454224,1.0,0.0,0.24008500576019287,0.0,0.45561087131500244,1.0,0.9399065375328064,0.060093462467193604
6,2130,0.3886992335319519,0.20316332578659058,0.13017714023590088,0.00556637067347765,0.16243489583333334,0.5978313088417053,0.8235626287495553,0.10468382093055945,1.0,0.0,0.20099431818181815,0.5301491477272727,0.8218489583333334,0.34630208333333334,0.00015625,0.007421875,0.8062219619750977,0.14459171891212463,0.5359324216842651,1.0,0.0,0.23954951763153076,0.0,0.45554256439208984,1.0,0.9392609596252441,0.06073904037475586
6,2140,0.3544764816761017,0.18524152040481567,0.11618128418922424,0.005194923374801874,0.1671875,0.5585677027702332,0.7603947154781999,0.15290463268302562,1.0,0.0,0.2992424242424242,0.5448863636363637,0.845390625,0.3075,0.000234375,0.009583333333333333,0.8027094602584839,0.1462131291627884,0.5358351469039917,1.0,0.0,0.238901287317276,0.0,0.4554598927497864,1.0,0.9386131763458252,0.061386823654174805
6,2150,0.37949711084365845,0.19442912936210632,0.14493317902088165,0.004337775986641645,0.15454427083333333,0.5588295459747314,0.8044303489414936,0.1560681526117572,1.0,0.0,0.26313920454545453,0.5394708806818181,0.850703125,0.3196744791666667,0.000234375,0.0087890625,0.7959579229354858,0.1486334651708603,0.5352771282196045,1.0,0.0,0.23518106341362,0.0,0.4549855589866638,1.0,0.9380893111228943,0.06191068887710571
6,2160,0.4151761829853058,0.17689594626426697,0.15993580222129822,0.005141603294759989,0.14385416666666667,0.6041826605796814,0.8163191359031657,0.17539418023079634,1.0,0.0,0.09209280303030301,0.5138139204545454,0.9279817708333333,0.37049479166666666,0.0007942708333333334,0.0050260416666666665,0.7915987372398376,0.15016654133796692,0.5345922708511353,1.0,0.0,0.23061531782150269,0.0,0.45440343022346497,1.0,0.9375951290130615,0.06240487098693848
6,2170,0.38927558064460754,0.16088536381721497,0.11498437076807022,0.005713539198040962,0.1307421875,0.6151810884475708,0.7235709395758654,0.19798356612644544,1.0,0.0,0.1672585227272727,0.525088778409091,0.9050130208333333,0.1960546875,0.0010286458333333332,0.0066796875,0.7893608808517456,0.1520950198173523,0.5337637066841125,1.0,0.0,0.22509132325649261,0.0,0.45369917154312134,1.0,0.9371306896209717,0.06286931037902832
6,2180,0.3590688705444336,0.16197927296161652,0.11997412145137787,0.004170085769146681,0.13700520833333332,0.5808321833610535,0.6927932251876615,0.24230530024392577,1.0,0.0,0.24124053030303025,0.5361860795454545,0.9076692708333334,0.25104166666666666,0.0003125,0.008307291666666666,0.7895408272743225,0.15176166594028473,0.5326180458068848,1.0,0.0,0.21745356917381287,0.0,0.452725350856781,1.0,0.9367703199386597,0.06322968006134033
6,2190,0.37040939927101135,0.18673275411128998,0.1264408826828003,0.004983480554074049,0.13490885416666668,0.5831099152565002,0.7750667241759471,0.15562297587805407,1.0,0.0,0.27556818181818177,0.5413352272727273,0.8401041666666667,0.23010416666666667,0.00028645833333333333,0.0090625,0.7880265712738037,0.15227338671684265,0.5323178768157959,1.0,0.0,0.21545252203941345,0.0,0.45247021317481995,1.0,0.9362121224403381,0.06378787755966187
6,2200,0.4089726507663727,0.2014111578464508,0.14884689450263977,0.006054895929992199,0.16216145833333334,0.6076387763023376,0.8682643726834324,0.08978975823194515,1.0,0.0,0.22052556818181812,0.5330788352272727,0.8481901041666666,0.27123697916666667,0.00016927083333333334,0.0078515625,0.7880582809448242,0.15211406350135803,0.5321276187896729,1.0,0.0,0.2141842544078827,0.0,0.4523084759712219,1.0,0.9338068962097168,0.0661931037902832
6,2210,0.3903179168701172,0.17358222603797913,0.13492590188980103,0.006033557001501322,0.16154947916666668,0.6008047461509705,0.791297714038565,0.15648477022513385,1.0,0.0,0.1566051136363636,0.5234907670454545,0.8927473958333333,0.19463541666666667,0.00016927083333333334,0.0064453125,0.7885712385177612,0.15144142508506775,0.5321107506752014,1.0,0.0,0.21407154202461243,0.0,0.45229414105415344,1.0,0.9272427558898926,0.07275724411010742
6,2220,0.3778844475746155,0.18372471630573273,0.14530999958515167,0.005477555561810732,0.141484375,0.6157079935073853,0.8142386711850119,0.14807980796095077,1.0,0.0,0.19803503787878785,0.5297052556818181,0.8727734375,0.16359375,0.00016927083333333334,0.007356770833333333,0.7946805953979492,0.14587779343128204,0.5323517322540283,1.0,0.0,0.21567799150943756,0.0,0.4524989724159241,1.0,0.9203721880912781,0.07962781190872192
6,2230,0.3615218997001648,0.1878640204668045,0.12668377161026,0.0064902231097221375,0.1592578125,0.5979337692260742,0.818165099960778,0.10685753695121629,1.0,0.0,0.26313920454545453,0.5394708806818181,0.8521484375,0.10734375,0.00020833333333333335,0.0087890625,0.8013377785682678,0.139343723654747,0.5329224467277527,1.0,0.0,0.21948277950286865,0.0,0.452984094619751,1.0,0.9203446507453918,0.07965534925460815
6,2240,0.3633364737033844,0.17938753962516785,0.11506964266300201,0.004991147201508284,0.14626302083333334,0.5672217607498169,0.7413383487880397,0.17375227284231565,1.0,0.0,0.23236268939393936,0.534854403409091,0.8539322916666666,0.13108072916666666,0.00020833333333333335,0.008111979166666667,0.799013614654541,0.1403437852859497,0.533112645149231,1.0,0.0,0.22075104713439941,0.0,0.4531457722187042,1.0,0.9203709959983826,0.07962900400161743
6,2250,0.3803887963294983,0.18702353537082672,0.11774373054504395,0.005528673995286226,0.17114583333333333,0.5887722969055176,0.7755571703368179,0.13827427147274338,1.0,0.0,0.22644412878787878,0.5339666193181818,0.875,0.12319010416666666,0.0003255208333333333,0.007981770833333334,0.7997658848762512,0.13928142189979553,0.5321741104125977,1.0,0.0,0.2144942730665207,0.0,0.452347993850708,1.0,0.9204651117324829,0.07953488826751709
6,2260,0.38553959131240845,0.18077637255191803,0.13008996844291687,0.006183691788464785,0.17184895833333333,0.5800638794898987,0.8015301261743003,0.13392212384993712,1.0,0.0,0.2045454545454545,0.5306818181818181,0.8811979166666667,0.12809895833333335,0.00022135416666666666,0.0075,0.8044507503509521,0.13220936059951782,0.532136082649231,1.0,0.0,0.21424062550067902,0.0,0.45231568813323975,1.0,0.9205819368362427,0.07941806316375732
6,2270,0.3906708359718323,0.18267782032489777,0.13896077871322632,0.005394553765654564,0.16795572916666668,0.6135796904563904,0.7991731664437737,0.153227590478775,1.0,0.0,0.17436079545454544,0.5261541193181818,0.8939322916666667,0.18069010416666667,0.0003255208333333333,0.0068359375,0.8110894560813904,0.12508811056613922,0.5337045192718506,1.0,0.0,0.22469675540924072,0.0,0.4536488652229309,1.0,0.9207637310028076,0.07923626899719238
6,2280,0.402424693107605,0.1795514076948166,0.12920986115932465,0.006420312449336052,0.17272135416666667,0.6067549586296082,0.8039391433281254,0.12977049145393255,1.0,0.0,0.15009469696969693,0.5225142045454545,0.8957291666666667,0.1633203125,0.0003255208333333333,0.006302083333333333,0.8218949437141418,0.1183396428823471,0.5358563661575317,1.0,0.0,0.23904220759868622,0.0,0.45547792315483093,1.0,0.9209979176521301,0.07900208234786987
6,2290,0.37420231103897095,0.19077236950397491,0.14159268140792847,0.0068456921726465225,0.17901041666666667,0.5701928734779358,0.8587492356285816,0.08874919292766874,1.0,0.0,0.23591382575757575,0.5353870738636364,0.8681770833333333,0.09106770833333333,7.8125e-05,0.008190104166666667,0.8301746845245361,0.11403441429138184,0.5280478596687317,0.983867347240448,0.0,0.2407614290714264,0.0,0.4488407075405121,1.0,0.9212838411331177,0.07871615886688232
6,2300,0.3675270676612854,0.17568853497505188,0.1430596560239792,0.00621227640658617,0.18868489583333334,0.5630741119384766,0.8140700574694498,0.14577023553230414,1.0,0.0,0.22466856060606055,0.5337002840909091,0.8927083333333333,0.0546484375,0.0004296875,0.007942708333333333,0.8110895156860352,0.1288856565952301,0.5273165106773376,0.983867347240448,0.0,0.2358856499195099,0.0,0.44821906089782715,1.0,0.9214151501655579,0.07858484983444214
6,2310,0.3678519129753113,0.1774674654006958,0.14202512800693512,0.006431198213249445,0.16109375,0.5504536628723145,0.8217506904856741,0.1346484641430945,1.0,0.0,0.22703598484848486,0.5340553977272727,0.8886197916666667,0.06889322916666667,0.0002734375,0.007994791666666667,0.7861149311065674,0.1496102660894394,0.5257413387298584,0.9838674068450928,0.0,0.2253844290971756,0.0,0.44688016176223755,1.0,0.9200305342674255,0.07996946573257446
6,2320,0.4052661061286926,0.2526613771915436,0.1397729218006134,0.006544599309563637,0.153359375,0.54901123046875,0.8660468022343589,0.0748597771474501,1.0,0.0,0.2365056818181818,0.5354758522727273,0.7462630208333333,0.056614583333333336,0.00036458333333333335,0.008203125,0.7629032135009766,0.16898798942565918,0.5246227383613586,0.9838674068450928,0.0,0.21792703866958618,0.0,0.4459293484687805,1.0,0.9204139709472656,0.07958602905273438
6,2330,0.34778809547424316,0.19472359120845795,0.13024559617042542,0.007232801057398319,0.194921875,0.5645976662635803,0.8578347675323373,0.06706903852158932,1.0,0.0,0.31936553030303033,0.5479048295454545,0.8282682291666666,0.05622395833333333,0.0003515625,0.010026041666666667,0.7717489004135132,0.16193656623363495,0.5238533020019531,0.9838674068450928,0.0,0.2127976268529892,0.0,0.44527530670166016,1.0,0.9157345294952393,0.08426547050476074
6,2340,0.3711930215358734,0.17398867011070251,0.10918319225311279,0.007010458968579769,0.19291666666666665,0.5896049737930298,0.7747555816153983,0.12568506348605563,1.0,0.0,0.22762784090909086,0.5341441761363637,0.8702864583333333,0.06559895833333333,0.0008984375,0.0080078125,0.7789267897605896,0.15684810280799866,0.5227499008178711,0.983867347240448,0.0,0.2054416984319687,0.0,0.4443374276161194,1.0,0.9157658815383911,0.08423411846160889
6,2350,0.3804587423801422,0.1797517091035843,0.11326625943183899,0.006376833189278841,0.16861979166666666,0.5767834186553955,0.7761917495659044,0.1305953251288795,1.0,0.0,0.16785037878787878,0.5251775568181818,0.8696484375,0.06815104166666666,0.0003515625,0.0066927083333333335,0.7881043553352356,0.1521420180797577,0.5221327543258667,0.9838674068450928,0.0,0.2013268768787384,0.0,0.44381284713745117,1.0,0.9155980348587036,0.08440196514129639
6,2360,0.3980311155319214,0.22121503949165344,0.1264997124671936,0.008752195164561272,0.18518229166666667,0.586362361907959,0.9028126294533486,0.007555025470692922,1.0,0.0,0.2578125,0.538671875,0.7852604166666667,0.04994791666666667,0.0001953125,0.008671875,0.7923692464828491,0.15311378240585327,0.5276581048965454,0.983867347240448,0.0,0.23816287517547607,0.0,0.4485093951225281,1.0,0.9150204658508301,0.08497953414916992
6,2370,0.3763834834098816,0.23675313591957092,0.1672823578119278,0.008152192458510399,0.18486979166666667,0.6242543458938599,0.9557317803059241,0.025847790899073186,1.0,0.0,0.3116714015151515,0.5467507102272727,0.755703125,0.05881510416666667,0.0001953125,0.009856770833333334,0.7945960760116577,0.1549457609653473,0.5293152928352356,0.9838674068450928,0.0,0.24921086430549622,0.0,0.4499180018901825,1.0,0.9129169583320618,0.08708304166793823
6,2380,0.3577030599117279,0.2598395347595215,0.20466914772987366,0.007154490333050489,0.17272135416666667,0.5769182443618774,0.9504863260086717,0.05626553862650946,1.0,0.0,0.4685132575757575,0.5702769886363637,0.7102994791666667,0.058020833333333334,6.510416666666667e-05,0.013307291666666667,0.8041592240333557,0.14764921367168427,0.5303002595901489,0.983867347240448,0.0,0.25577765703201294,0.0,0.45075523853302,1.0,0.9112968444824219,0.08870315551757812
6,2390,0.5825836062431335,0.3415553867816925,0.17994670569896698,0.005520819686353207,0.06619791666666666,0.6810061931610107,0.8666672763636902,0.15189555397818297,0.6612141927083334,0.0,0.27734375,0.3722086588541667,0.2292578125,0.08233072916666667,0.0001171875,0.0091015625,0.8113386631011963,0.14416569471359253,0.531720757484436,0.9838674068450928,0.0,0.2652473449707031,0.07399044930934906,0.4519626498222351,1.0,0.9074075818061829,0.09259241819381714
6,2400,0.39037731289863586,0.15192826092243195,0.03714161366224289,0.004062778782099485,0.016041666666666666,0.8892197608947754,0.37427910455409963,0.4674992566199052,1.0,0.0,0.17317708333333331,0.5259765625,0.8348307291666667,0.0003515625,0.0,0.006809895833333334,0.80952388048172,0.1500900685787201,0.5318899154663086,0.9838674068450928,0.0,0.2663746774196625,0.0,0.45210644602775574,1.0,0.9026104211807251,0.0973895788192749
6,2410,0.34594234824180603,0.11796057224273682,0.05783902853727341,0.004855455830693245,0.017096354166666668,0.9580458402633667,0.3437973937716538,0.5250063028226166,1.0,0.0,0.0,0.5,0.9616666666666667,0.0013541666666666667,0.0,0.0018098958333333333,0.818377673625946,0.14314863085746765,0.5367262363433838,0.9838674068450928,0.0,0.2986167371273041,0.31462526321411133,0.45621731877326965,0.6874864101409912,0.8972765207290649,0.10272347927093506
6,2420,0.45446351170539856,0.08210517466068268,0.018581146374344826,0.006617200560867786,0.0162890625,0.9769515991210938,0.30385129541969436,0.5634170415582341,1.0,0.0,0.0,0.5,0.9478645833333333,0.0010546875,0.0,0.0011848958333333334,0.8251833319664001,0.13673679530620575,0.5401462912559509,0.983867347240448,0.0,0.32141730189323425,0.2869880795478821,0.459124356508255,0.6954168677330017,0.8746318221092224,0.1253681778907776
6,2430,0.3854351043701172,0.20130093395709991,0.20657238364219666,0.013100544922053814,0.11390625,0.6554712057113647,0.9999999999999999,0.0,1.0,0.0,0.09031723484848483,0.5135475852272727,0.8562630208333334,0.020481770833333333,0.013841145833333334,0.0049869791666666665,0.8271712064743042,0.13836486637592316,0.529542088508606,0.9609510898590088,0.0,0.3271104097366333,0.0,0.4501107931137085,1.0,0.8518492579460144,0.1481507420539856
6,2440,0.3774222731590271,0.20183926820755005,0.16162271797657013,0.011005840264260769,0.10575520833333334,0.6481482982635498,0.9688999842680418,0.0,1.0,0.0,0.1086647727272727,0.5162997159090909,0.8336458333333333,0.009778645833333334,0.00578125,0.005390625,0.8339409828186035,0.1351711004972458,0.5218460559844971,0.9361146092414856,0.0,0.3585914969444275,0.0,0.443569153547287,1.0,0.8290102481842041,0.1709897518157959
6,2450,0.39760980010032654,0.28655311465263367,0.28820911049842834,0.006542477756738663,0.11795572916666666,0.4517836570739746,0.9340664764003056,0.07492445863601638,1.0,0.0,0.14595170454545453,0.5218927556818181,0.6652083333333333,0.3037109375,0.0576953125,0.0062109375,0.8404576182365417,0.13396933674812317,0.522196888923645,0.9361146688461304,0.0,0.36093074083328247,0.0,0.44386735558509827,1.0,0.8061961531639099,0.1938038468360901
6,2460,0.26007258892059326,0.1762048453092575,0.21842196583747864,0.005746449809521437,0.11049479166666666,0.4767230153083801,0.8651193196544559,0.15868149009510513,1.0,0.0,1.0,0.65,0.7556380208333333,0.001796875,0.024309895833333334,0.027018229166666668,0.8511152267456055,0.12775051593780518,0.5161207914352417,0.9120745062828064,0.0,0.40055692195892334,0.0,0.43870267271995544,1.0,0.7833665609359741,0.21663343906402588
6,2470,0.35143229365348816,0.24292950332164764,0.3068748712539673,0.0033454950898885727,0.11018229166666667,0.441663920879364,0.8482937707043275,0.17239344238144594,1.0,0.0,0.4365530303030303,0.5654829545454545,0.7465104166666666,0.03575520833333334,0.03828125,0.012604166666666666,0.8541046380996704,0.12925873696804047,0.515791654586792,0.90520179271698,0.0,0.4212718904018402,0.0,0.43842291831970215,1.0,0.760491132736206,0.23950886726379395
6,2480,0.35818707942962646,0.24925479292869568,0.22100235521793365,0.012336104176938534,0.135390625,0.43150049448013306,0.9999999999999999,0.0,1.0,0.0,0.31226325757575757,0.5468394886363637,0.7221875,0.0202734375,0.041731770833333334,0.009869791666666667,0.8562126159667969,0.12802788615226746,0.5189130306243896,0.901611328125,0.0,0.45404940843582153,0.0,0.4410760998725891,1.0,0.7375578880310059,0.26244211196899414
6,2490,0.28617608547210693,0.1773533821105957,0.21352583169937134,0.009689626283943653,0.14537760416666667,0.4763711988925934,0.9547067642211914,0.05661654472351076,1.0,0.0,0.3489583333333333,0.55234375,0.726953125,0.008372395833333334,0.07557291666666667,0.010677083333333334,0.858570396900177,0.12534856796264648,0.5155644416809082,0.8873213529586792,0.0,0.4793583154678345,0.0,0.4382297992706299,1.0,0.7145484089851379,0.28545159101486206
6,2500,0.27929186820983887,0.1588955670595169,0.18450307846069336,0.005378881935030222,0.13399739583333334,0.48174241185188293,0.8206391860344787,0.2131610233563839,1.0,0.0,0.2595880681818182,0.5389382102272727,0.7887239583333333,0.0004947916666666667,0.041354166666666664,0.0087109375,0.8649195432662964,0.11811545491218567,0.5195149183273315,0.8868602514266968,0.0,0.5072319507598877,0.0,0.4415876865386963,1.0,0.6914718151092529,0.30852818489074707
6,2510,0.4064563512802124,0.293949156999588,0.20747844874858856,0.019408464431762695,0.2214453125,0.37831899523735046,0.9999999999999999,0.0,1.0,0.0,0.9017518939393939,0.6352627840909091,0.5321484375,0.002955729166666667,0.07842447916666667,0.022838541666666667,0.8947157859802246,0.09585358202457428,0.5224348902702332,0.8808884620666504,0.0,0.5466043949127197,0.1127924770116806,0.44406968355178833,0.8340727090835571,0.6686062216758728,0.3313937783241272
6,2520,0.3468618392944336,0.276393324136734,0.15912283957004547,0.01250812504440546,0.14484375,0.3460918664932251,0.9646694208108461,0.0,1.0,0.0,0.7058475378787878,0.6058771306818181,0.48078125,0.0026692708333333334,0.08216145833333334,0.018528645833333333,0.8783445358276367,0.07085327804088593,0.49862539768218994,0.8332694172859192,0.0,0.5466044545173645,0.09513929486274719,0.42383161187171936,0.9806839227676392,0.6459193825721741,0.3540806174278259
6,2530,0.4780420958995819,0.32473286986351013,0.3002922534942627,0.005747338756918907,0.1234765625,0.3065762221813202,0.9077920725941658,0.10904931381344796,0.5187581380208334,0.0,0.3560606060606061,0.3127881599195076,0.26557291666666666,0.0004296875,0.13723958333333333,0.010833333333333334,0.8638753890991211,0.044023897498846054,0.47481584548950195,0.785650372505188,0.0,0.5466044545173645,0.41999584436416626,0.41999584436416626,0.5682429671287537,0.6233869791030884,0.3766130208969116
6,2540,0.3474728763103485,0.2681486904621124,0.27180373668670654,0.009361987933516502,0.17052083333333334,0.34974244236946106,0.9999999999999999,0.0,0.47843424479166674,0.0,0.98046875,0.3862874348958334,0.2526171875,0.00048177083333333335,0.09696614583333334,0.0245703125,0.8162563443183899,0.044023897498846054,0.4503611922264099,0.7380313277244568,0.0,0.5423036217689514,0.04638656973838806,0.38280701637268066,0.9774451851844788,0.6007834672927856,0.39921653270721436
6,2550,0.3685092031955719,0.25932443141937256,0.2804998755455017,0.0057053035125136375,0.09755208333333333,0.35179540514945984,0.9116057039942683,0.1004480636428769,1.0,0.0,0.2767518939393939,0.5415127840909091,0.4919661458333333,0.0005989583333333333,0.11123697916666667,0.009088541666666667,0.770118236541748,0.044023897498846054,0.4257754981517792,0.6904122829437256,0.0,0.5371291041374207,0.0,0.3619091808795929,0.9820945262908936,0.5782052874565125,0.42179471254348755
6,2560,0.3307795822620392,0.2785213887691498,0.24845409393310547,0.01171896792948246,0.17635416666666667,0.3560478091239929,0.9999999999999999,0.0,0.4951578776041668,0.0,1.0,0.3975789388020834,0.2565625,0.0018880208333333333,0.15604166666666666,0.0416796875,0.7256388664245605,0.04045606404542923,0.4009234607219696,0.6427932381629944,0.0,0.5301790237426758,0.08424893021583557,0.3407849371433258,0.9661621451377869,0.5554815530776978,0.44451844692230225
6,2570,0.33688223361968994,0.29548582434654236,0.28252744674682617,0.007722876965999603,0.12442708333333333,0.38374844193458557,0.9655903241724825,0.03922747647697686,0.8556722005208335,0.0,0.6928267045454545,0.5317601059422349,0.3719921875,0.0018229166666666667,0.12694010416666668,0.0182421875,0.6844426989555359,0.032899804413318634,0.3699710965156555,0.5951741933822632,0.0,0.4825599789619446,0.10871894657611847,0.3144754469394684,0.8541905283927917,0.532730758190155,0.46726924180984497
6,2580,0.3416001498699188,0.2865244746208191,0.22030924260616302,0.014589955098927021,0.16977864583333332,0.37156128883361816,0.9999999999999999,0.0,0.9246012369791669,0.0,1.0,0.6123006184895834,0.392890625,0.0029817708333333332,0.11346354166666667,0.03139322916666667,0.6440477967262268,0.024690590798854828,0.3430432975292206,0.547555148601532,0.0,0.46177175641059875,0.0905252993106842,0.29158681631088257,0.8930877447128296,0.5099709033966064,0.49002909660339355
6,2590,0.3923536539077759,0.3041447103023529,0.28516530990600586,0.014319869689643383,0.19916666666666666,0.350673109292984,0.9999999999999999,0.0,0.6999104817708335,0.0,1.0,0.49995524088541676,0.32188802083333334,0.0020833333333333333,0.12354166666666666,0.036158854166666664,0.5964287519454956,0.024690590798854828,0.3170033395290375,0.499936044216156,0.0,0.4469020664691925,0.22290557622909546,0.269452840089798,0.732201337814331,0.4871349334716797,0.5128650665283203
6,2600,0.40213367342948914,0.3077695667743683,0.2962990701198578,0.009856860153377056,0.15903645833333332,0.33315736055374146,0.9999999999999999,0.0,0.6515299479166669,0.0,0.8626893939393939,0.4551683830492425,0.30680989583333335,0.0016796875,0.1184375,0.021979166666666668,0.5509665012359619,0.021994564682245255,0.2907012701034546,0.4523169994354248,0.0,0.4302850067615509,0.2786112427711487,0.2786112427711487,0.6991036534309387,0.4645022749900818,0.5354977250099182
6,2610,0.37491580843925476,0.3116942048072815,0.2979567348957062,0.012530334293842316,0.16473958333333333,0.3347536325454712,0.9999999999999999,0.0,0.8745930989583336,0.0,1.0,0.5872965494791668,0.37864583333333335,0.0012239583333333334,0.10723958333333333,0.0276953125,0.5118884444236755,0.01184404082596302,0.26503753662109375,0.404697984457016,0.0,0.4179236590862274,0.2946372926235199,0.2946372926235199,0.6726492643356323,0.4437318444252014,0.5562681555747986
