video,frame,brightness,contrast,center_contrast,sharpness,edge_density,saturation,visibility_score,no_vision_score,brown_deposit_score,light_deposit_score,dark_structure_score,dirt_deposit_score,brown_fraction,yellow_fraction,light_deposit_fraction,dark_structure_fraction,visibility_score_smooth,no_vision_score_smooth,dirt_deposit_score_smooth,brown_deposit_score_smooth,light_deposit_score_smooth,dark_structure_score_smooth,feature_anomaly_score,anomaly_score,pipe_similarity_score,inspection_active_score,handling_score
1,0,0.346967875957489,0.3395266532897949,0.2229144275188446,0.029579710215330124,0.1728515625,0.3129461407661438,0.9806640624999999,0.038671874999999994,0.0,0.0,1.0,0.15,0.006328125,0.004921875,0.0802734375,0.04897135416666667,0.5061793923377991,0.03526020795106888,0.09564093500375748,0.0341389961540699,0.0,0.523809552192688,0.1974576711654663,0.1974576711654663,0.7240426540374756,0.45751941204071045,0.5424805879592896
1,10,0.25702226161956787,0.2976343631744385,0.1947483867406845,0.0288957878947258,0.1816796875,0.3807814419269562,0.9628927951388888,0.07421440972222222,0.0,0.0,1.0,0.15,0.005091145833333333,0.005442708333333333,0.06677083333333333,0.070625,0.5517575144767761,0.039342138916254044,0.10278379172086716,0.0341389961540699,0.0,0.5714285969734192,0.09255968034267426,0.09255968034267426,0.828824520111084,0.48023319244384766,0.5197668075561523
1,20,0.31946635246276855,0.2735457718372345,0.2535195052623749,0.04072406515479088,0.2316015625,0.3217603266239166,0.9817816840277777,0.03643663194444446,0.7154947916666669,0.0,1.0,0.5077473958333334,0.1335546875,0.19540364583333333,0.15154947916666667,0.0305859375,0.597262442111969,0.04357039928436279,0.10992664843797684,0.0341389961540699,0.0,0.6190476417541504,0.0,0.09343765676021576,1.0,0.5020639896392822,0.4979360103607178
1,30,0.3334486484527588,0.32339543104171753,0.2681659460067749,0.03036247193813324,0.200703125,0.24684348702430725,0.9751584201388888,0.04968315972222223,0.0014241536458333393,0.0,1.0,0.15071207682291665,0.05837239583333333,0.042083333333333334,0.11233072916666667,0.041588541666666666,0.6427708864212036,0.047791626304388046,0.11706950515508652,0.0341389961540699,0.0,0.6666666865348816,0.3445788323879242,0.3445788323879242,0.6786752343177795,0.5236257314682007,0.4763742685317993
1,40,0.30725088715553284,0.3158523440361023,0.28012537956237793,0.02481846511363983,0.20158854166666668,0.22981420159339905,0.9703298611111111,0.059340277777777777,0.0,0.0,1.0,0.15,0.0135546875,0.0071484375,0.09264322916666666,0.05217447916666667,0.6882688999176025,0.052033524960279465,0.1242123618721962,0.0341389961540699,0.0,0.7142857313156128,0.15649870038032532,0.15649870038032532,0.7270280122756958,0.5470483303070068,0.45295166969299316
1,50,0.26490020751953125,0.296501487493515,0.2571428120136261,0.022645575925707817,0.200390625,0.28938308358192444,0.9634266493055554,0.07314670138888889,0.0,0.0,1.0,0.15,0.019075520833333335,0.006028645833333333,0.062578125,0.0648828125,0.7337821125984192,0.05624524876475334,0.13135522603988647,0.0341389961540699,0.0,0.761904776096344,0.04990227520465851,0.1116519421339035,0.9266632199287415,0.5695023536682129,0.4304976463317871
1,60,0.24632997810840607,0.28856343030929565,0.24804341793060303,0.020421167835593224,0.19182291666666668,0.2800275683403015,0.9593424479166666,0.08131510416666667,0.0,0.0,1.0,0.15,0.012864583333333334,0.007278645833333333,0.0549609375,0.07083333333333333,0.7793292999267578,0.06038918346166611,0.13849806785583496,0.0341389961540699,0.0,0.8095238208770752,0.08342169225215912,0.11772336065769196,0.9604275822639465,0.5933211445808411,0.40667885541915894
1,70,0.24800613522529602,0.28945285081863403,0.24772301316261292,0.020760823041200638,0.19486979166666665,0.27688950300216675,0.9596375868055554,0.08072482638888889,0.0,0.0,1.0,0.15,0.0144140625,0.007395833333333333,0.05739583333333333,0.071796875,0.8248682022094727,0.06454923748970032,0.14564093947410583,0.0341389961540699,0.0,0.8571429252624512,0.0817427784204483,0.1237948015332222,0.9475237131118774,0.6171563267707825,0.38284367322921753
1,80,0.24716979265213013,0.28930312395095825,0.24937406182289124,0.020483365282416344,0.19139322916666668,0.2781364321708679,0.959314236111111,0.08137152777777779,0.0,0.0,1.0,0.15,0.012825520833333333,0.007265625,0.0562890625,0.07190104166666667,0.8703854084014893,0.06875310093164444,0.1527838110923767,0.0341389961540699,0.0,0.9047619700431824,0.08457258343696594,0.12986624240875244,0.9496959447860718,0.6410077810287476,0.35899221897125244
1,90,0.24523590505123138,0.28898754715919495,0.24268321692943573,0.020542746409773827,0.1916015625,0.27295470237731934,0.9586436631944444,0.08271267361111112,0.0,0.0,1.0,0.15,0.013502604166666666,0.0081640625,0.05609375,0.0716015625,0.9127976894378662,0.07246460765600204,0.1689821481704712,0.0522499680519104,0.0,0.9523810148239136,0.09130865335464478,0.1436348259449005,0.9542744159698486,0.6648756265640259,0.3351243734359741
1,100,0.24437163770198822,0.28941377997398376,0.24876731634140015,0.020410258322954178,0.19040364583333333,0.28174397349357605,0.9585763888888887,0.08284722222222224,0.0,0.0,1.0,0.15,0.014609375,0.008190104166666667,0.055651041666666665,0.07205729166666666,0.9604167938232422,0.07246461510658264,0.19516585767269135,0.0998690128326416,0.0,0.968208909034729,0.08562728762626648,0.16589097678661346,0.9480905532836914,0.6887779831886292,0.31122201681137085
1,110,0.23971493542194366,0.2889593839645386,0.2509388327598572,0.019763028249144554,0.1869140625,0.2890799641609192,0.9571397569444443,0.08572048611111113,0.0,0.0,1.0,0.15,0.013567708333333333,0.008072916666666667,0.055546875,0.07235677083333333,0.9613375067710876,0.07062309235334396,0.21204644441604614,0.147488072514534,0.0,0.9220159649848938,0.06932638585567474,0.1802394837141037,0.9546830058097839,0.712674617767334,0.287325382232666
1,120,0.23301473259925842,0.2831033170223236,0.2497585564851761,0.019553786143660545,0.18494791666666666,0.283520370721817,0.955603298611111,0.08879340277777778,0.0,0.0,1.0,0.15,0.013294270833333333,0.008033854166666667,0.05522135416666667,0.0753125,0.9448789358139038,0.08211973309516907,0.2343171238899231,0.1951071172952652,0.0,0.9117571115493774,0.04266597330570221,0.1991695612668991,0.9706507325172424,0.7365656495094299,0.26343435049057007
1,130,0.23433764278888702,0.2841102182865143,0.25685063004493713,0.01933455839753151,0.18555989583333332,0.29270580410957336,0.9556770833333332,0.08864583333333337,0.0,0.0,1.0,0.15,0.0131640625,0.008151041666666666,0.05493489583333333,0.07520833333333334,0.9293817281723022,0.0938137024641037,0.2410910725593567,0.20865498483181,0.0,0.9117571115493774,0.032171085476875305,0.20492741465568542,0.9795287847518921,0.7605968713760376,0.2394031286239624
1,140,0.23280563950538635,0.28289878368377686,0.25522541999816895,0.01927056536078453,0.18447916666666667,0.2895205318927765,0.9554600694444444,0.0890798611111111,0.0,0.0,1.0,0.15,0.0134375,0.007473958333333333,0.055325520833333336,0.07485677083333334,0.9192625880241394,0.10080333054065704,0.25881707668304443,0.256206214427948,0.0,0.8714263439178467,0.030384957790374756,0.21999451518058777,0.9692474603652954,0.7847524881362915,0.2152475118637085
1,150,0.23374265432357788,0.2837578058242798,0.2564927041530609,0.019628020003437996,0.18802083333333333,0.2963429391384125,0.9557769097222222,0.08844618055555559,0.0,0.0,1.0,0.15,0.013346354166666666,0.0079296875,0.05483072916666667,0.07606770833333333,0.9188328981399536,0.10166269540786743,0.27548372745513916,0.3038252592086792,0.0,0.8238072395324707,0.02328932285308838,0.2341611683368683,0.9755358099937439,0.8089905977249146,0.19100940227508545
1,160,0.2324974536895752,0.279859334230423,0.25019973516464233,0.019592253491282463,0.18829427083333333,0.2967833876609802,0.9564887152777777,0.08702256944444448,0.0,0.0,1.0,0.15,0.01390625,0.007721354166666666,0.056002604166666664,0.07630208333333334,0.9195875525474548,0.09817951917648315,0.29220789670944214,0.3514443039894104,0.0,0.77657151222229,0.0,0.24837671220302582,0.9671792387962341,0.8332407474517822,0.16675925254821777
1,170,0.23120026290416718,0.28008589148521423,0.2663508951663971,0.018934516236186028,0.1841015625,0.29172512888908386,0.9563194444444444,0.08736111111111111,0.0,0.0,1.0,0.15,0.012213541666666666,0.0069010416666666664,0.05100260416666667,0.0784765625,0.919265627861023,0.09430737793445587,0.31249165534973145,0.399063378572464,0.0,0.7530664205551147,0.008646324276924133,0.26561790704727173,0.9584737420082092,0.8574914932250977,0.14250850677490234
1,180,0.2321784943342209,0.28112339973449707,0.26826024055480957,0.01905534230172634,0.18390625,0.2825223505496979,0.955859375,0.08828125000000003,0.0,0.0,1.0,0.15,0.010911458333333334,0.0068359375,0.04907552083333333,0.07559895833333333,0.9197995662689209,0.09046334028244019,0.33229345083236694,0.4466823935508728,0.0,0.726348340511322,0.032036714255809784,0.2824494540691376,0.9650386571884155,0.8817503452301025,0.11824965476989746
1,190,0.2619350552558899,0.16882333159446716,0.15223456919193268,0.07169648259878159,0.3361328125,0.1914246380329132,0.8906590110522049,0.07794167101383209,0.38033040364583337,0.0,1.0,0.34016520182291665,0.037760416666666664,0.1839453125,0.0826953125,0.09194010416666666,0.9203101396560669,0.08658850193023682,0.3521079421043396,0.4943014681339264,0.0,0.6997147798538208,0.6151185035705566,0.6151185035705566,0.27532899379730225,0.9060136079788208,0.0939863920211792
1,200,0.3473797142505646,0.23423290252685547,0.24125166237354279,0.014998048543930054,0.24,0.613225519657135,0.9999999999999999,0.0,1.0,0.0,0.33238636363636365,0.5498579545454545,0.4326171875,0.70140625,0.018815104166666666,0.0103125,0.9213564395904541,0.08264980465173721,0.37202388048171997,0.54192054271698,0.0,0.6737576723098755,0.0,0.31622031331062317,1.0,0.9302825331687927,0.06971746683120728
1,210,0.4227186143398285,0.2251335233449936,0.21991093456745148,0.02507621794939041,0.276328125,0.6883550882339478,0.9999999999999999,0.0,1.0,0.0,0.029947916666666657,0.5044921875,0.7556901041666667,0.7886848958333333,0.00125,0.0036588541666666666,0.9222732186317444,0.07870469987392426,0.39191871881484985,0.5895395278930664,0.0,0.6476596593856812,0.08038915693759918,0.33313092589378357,0.9171344041824341,0.9366238117218018,0.06337618827819824
1,220,0.2237236499786377,0.12113212794065475,0.1086515262722969,0.005114044528454542,0.16942708333333334,0.7106689810752869,0.617263343037992,0.31564393232962706,1.0,0.0,0.7845643939393939,0.6176846590909091,0.6845963541666666,0.6705989583333334,0.00014322916666666667,0.020260416666666666,0.9243142604827881,0.07462276518344879,0.41153454780578613,0.6371586322784424,0.0,0.6197015047073364,0.2189730852842331,0.3498043715953827,0.9082980155944824,0.9414154291152954,0.05858457088470459
1,230,0.2059353142976761,0.12908169627189636,0.1129690557718277,0.005890101660043001,0.20963541666666666,0.6155349612236023,0.6563400262725778,0.282009906710547,1.0,0.0,1.0,0.65,0.44752604166666665,0.5790885416666667,0.00024739583333333335,0.0588671875,0.9259681701660156,0.07131485641002655,0.431877464056015,0.6847776770591736,0.0,0.5965908765792847,0.1956687867641449,0.36709585785865784,0.8759222626686096,0.9438402652740479,0.05615973472595215
1,240,0.29692164063453674,0.15346916019916534,0.13641394674777985,0.006371465977281332,0.171796875,0.7330210208892822,0.7626556626903015,0.19646533190204601,1.0,0.0,0.15305397727272724,0.5229580965909091,0.811640625,0.8200911458333333,0.0001171875,0.0063671875,0.9275386333465576,0.06817394495010376,0.45061394572257996,0.7323967218399048,0.0,0.5627706050872803,0.008249357342720032,0.38302186131477356,1.0,0.9499075412750244,0.050092458724975586
1,250,0.695719838142395,0.3046330213546753,0.24716709554195404,0.013163866475224495,0.11255208333333333,0.5125993490219116,0.9613064236111111,0.07738715277777779,1.0,0.0,0.0,0.5,0.397421875,0.47584635416666665,0.012447916666666666,0.002955729166666667,0.9292385578155518,0.0647740587592125,0.4728085398674011,0.780015766620636,0.0,0.5520044565200806,0.1123277097940445,0.40188726782798767,0.8895604014396667,0.9551132917404175,0.04488670825958252
1,260,0.44414737820625305,0.2763787508010864,0.16775332391262054,0.010060318745672703,0.14860677083333335,0.7836822271347046,0.979274855852127,0.0,1.0,0.0,0.008049242424242424,0.5012073863636364,0.6534765625,0.6818880208333333,0.00014322916666666667,0.0031770833333333334,0.9308792948722839,0.06149260699748993,0.4935488700866699,0.8276348114013672,0.0,0.5315431356430054,0.07109932601451874,0.41951656341552734,1.0,0.9575971364974976,0.04240286350250244
1,270,0.3599235713481903,0.20623373985290527,0.1519801765680313,0.017010843381285667,0.27609375,0.5917081832885742,0.9525818372689759,0.0,1.0,0.0,0.5063920454545454,0.5759588068181818,0.5442838541666667,0.8090494791666667,0.0014322916666666666,0.014140625,0.9323747158050537,0.05850174278020859,0.5163099765777588,0.8752538561820984,0.0,0.5245535373687744,0.0,0.43886348605155945,1.0,0.9593939781188965,0.040606021881103516
1,280,0.38849812746047974,0.21956267952919006,0.16277536749839783,0.022685306146740913,0.2962369791666667,0.6009361743927002,0.9708506219203655,0.0,1.0,0.0,0.4389204545454546,0.5658380681818181,0.5445572916666667,0.809140625,0.001796875,0.01265625,0.9338558316230774,0.055539604276418686,0.5387962460517883,0.9228729009628296,0.0,0.5157321095466614,0.0,0.4579768180847168,1.0,0.9610663652420044,0.038933634757995605
1,290,0.39315730333328247,0.2206527441740036,0.1622941941022873,0.024528639391064644,0.30115885416666666,0.5936629772186279,0.9700363284807939,0.0,1.0,0.0,0.4406960227272727,0.566104403409091,0.5801171875,0.8068098958333333,0.002109375,0.0126953125,0.9353494048118591,0.05255246162414551,0.5611515045166016,0.9704920053482056,0.0,0.5060368776321411,0.0,0.47697877883911133,1.0,0.9624343514442444,0.037565648555755615
1,300,0.3940274715423584,0.22225458920001984,0.1685451865196228,0.024907469749450684,0.301875,0.5919647216796875,0.9806149310332078,0.0,1.0,0.0,0.4549005681818182,0.5682350852272727,0.5745703125,0.8063932291666667,0.0022786458333333335,0.0130078125,0.9399811029434204,0.04999091848731041,0.574468195438385,1.0,0.0,0.49645450711250305,0.0,0.4882979691028595,1.0,0.9634847640991211,0.036515235900878906
1,310,0.3937022387981415,0.22184841334819794,0.1668996661901474,0.024957820773124695,0.3011979166666667,0.5856090784072876,0.9778302043217878,0.0,1.0,0.0,0.4519412878787879,0.5677911931818181,0.5662630208333334,0.805,0.0030598958333333333,0.012942708333333334,0.9394638538360596,0.051025353372097015,0.5772161483764648,1.0,0.0,0.5147738456726074,0.0,0.4906337261199951,1.0,0.9643077254295349,0.03569227457046509
1,320,0.3959077000617981,0.22132368385791779,0.18749256432056427,0.025107450783252716,0.2988151041666667,0.5938352346420288,0.9999999999999999,0.0,1.0,0.0,0.4128787878787878,0.5619318181818181,0.5508854166666667,0.7983463541666667,0.0049869791666666665,0.012083333333333333,0.9389453530311584,0.05206247419118881,0.5827034711837769,1.0,0.0,0.5513561964035034,0.0,0.49529796838760376,1.0,0.9650334119796753,0.03496658802032471
1,330,0.34614065289497375,0.2553878724575043,0.2052576094865799,0.0202094204723835,0.24173177083333333,0.6617854237556458,0.9903363715277778,0.019327256944444447,1.0,0.0,0.5146780303030302,0.5772017045454545,0.40229166666666666,0.6919661458333334,0.0030078125,0.014322916666666666,0.9564785957336426,0.03841635584831238,0.5805558562278748,1.0,0.0,0.5370389223098755,0.0,0.49347248673439026,1.0,0.9656774401664734,0.03432255983352661
1,340,0.33186784386634827,0.2562329173088074,0.2054634988307953,0.024610625579953194,0.24397135416666665,0.6759089231491089,0.9886566840277777,0.022686631944444445,1.0,0.0,0.28977272727272724,0.5434659090909091,0.41033854166666667,0.6491666666666667,0.0009244791666666667,0.009375,0.9721067547798157,0.02646052837371826,0.5769074559211731,1.0,0.0,0.5127164125442505,0.0,0.49037134647369385,1.0,0.9663350582122803,0.03366494178771973
1,350,0.34247899055480957,0.2554106116294861,0.2094842940568924,0.02060316689312458,0.25600260416666665,0.638364851474762,0.9911588541666666,0.017682291666666666,1.0,0.0,0.7739109848484849,0.6160866477272727,0.3528776041666667,0.675390625,0.0024088541666666668,0.020026041666666668,0.9825685024261475,0.018785756081342697,0.5793678760528564,1.0,0.0,0.5291193127632141,0.0,0.492462694644928,1.0,0.9671897292137146,0.0328102707862854
1,360,0.3706081211566925,0.2705761790275574,0.212055504322052,0.01887524500489235,0.23705729166666667,0.6158753037452698,0.990232204861111,0.019535590277777785,1.0,0.0,0.5703124999999999,0.585546875,0.272890625,0.6686848958333333,0.00024739583333333335,0.015546875,0.9836665391921997,0.016589781269431114,0.581758975982666,1.0,0.0,0.5450599789619446,0.0,0.494495153427124,1.0,0.9679749011993408,0.03202509880065918
1,370,0.3487207591533661,0.26270216703414917,0.23617403209209442,0.022567950189113617,0.2496484375,0.537536084651947,0.9878927951388888,0.024214409722222233,1.0,0.0,0.8532196969696969,0.6279829545454545,0.26135416666666667,0.6483203125,0.0006770833333333334,0.021770833333333333,0.9841511249542236,0.01759445294737816,0.5840080380439758,1.0,0.0,0.5600536465644836,0.0,0.4964068531990051,1.0,0.9688559770584106,0.031144022941589355
1,380,0.34879928827285767,0.2631097137928009,0.23626793920993805,0.023003730922937393,0.24830729166666668,0.5087423324584961,0.9874218749999999,0.025156250000000005,1.0,0.0,0.814749053030303,0.6222123579545454,0.25395833333333334,0.6477604166666666,0.0009375,0.020924479166666666,0.9858061075210571,0.018373221158981323,0.58389812707901,1.0,0.0,0.559320867061615,0.0,0.4963134229183197,1.0,0.9698399305343628,0.030160069465637207
1,390,0.3490203320980072,0.2629629075527191,0.236423522233963,0.023082436993718147,0.250703125,0.5141516923904419,0.987224392361111,0.025551215277777786,1.0,0.0,0.796401515151515,0.6194602272727272,0.25404947916666665,0.6501822916666666,0.0010286458333333332,0.020520833333333332,0.986821711063385,0.019118303433060646,0.5835726261138916,1.0,0.0,0.5571507215499878,0.0,0.49603673815727234,1.0,0.9707064628601074,0.029293537139892578
1,400,0.34024062752723694,0.2586098909378052,0.23121757805347443,0.021378764882683754,0.2439453125,0.5108226537704468,0.9879253472222221,0.024149305555555556,1.0,0.0,0.7987689393939393,0.6198153409090909,0.27904947916666667,0.6446484375,0.0007291666666666667,0.020572916666666666,0.9879762530326843,0.019662905484437943,0.5833612084388733,1.0,0.0,0.555741548538208,0.0,0.49585703015327454,1.0,0.9801228046417236,0.019877195358276367
1,410,0.3158344626426697,0.2407720535993576,0.20817023515701294,0.01628517545759678,0.23390625,0.6283097267150879,0.9891384548611111,0.021723090277777787,1.0,0.0,0.717092803030303,0.6075639204545454,0.30115885416666666,0.6424869791666666,0.0010807291666666667,0.018776041666666667,0.9881868958473206,0.020158730447292328,0.5833696126937866,1.0,0.0,0.5557979345321655,0.0,0.4958641827106476,1.0,0.9805313348770142,0.01946866512298584
1,420,0.3322519063949585,0.2521076202392578,0.2143332064151764,0.02154879830777645,0.25622395833333333,0.6364134550094604,0.9891102430555555,0.021779513888888893,1.0,0.0,0.7981770833333334,0.6197265625,0.3620703125,0.6604036458333333,0.0018619791666666667,0.020559895833333335,0.987676739692688,0.02045552246272564,0.5831117630004883,1.0,0.0,0.5540786981582642,0.0,0.49564501643180847,1.0,0.9819352626800537,0.01806473731994629
1,430,0.3261330723762512,0.2571651339530945,0.20437346398830414,0.022910447791218758,0.25264322916666665,0.5912045240402222,0.9854622395833332,0.029075520833333337,1.0,0.0,0.48390151515151514,0.5725852272727273,0.3663151041666667,0.6546875,0.004427083333333333,0.013645833333333333,0.9857304692268372,0.020558657124638557,0.5836825370788574,1.0,0.0,0.5578835010528564,0.0,0.49613016843795776,1.0,0.9842207431793213,0.01577925682067871
1,440,0.34796273708343506,0.2642989158630371,0.19503970444202423,0.022989831864833832,0.22850260416666668,0.5545666813850403,0.9845312499999999,0.030937500000000003,1.0,0.0,0.4892282196969697,0.5733842329545454,0.35225260416666665,0.6679947916666666,0.0015755208333333333,0.013763020833333334,0.9839035272598267,0.019638311117887497,0.5822198390960693,1.0,0.0,0.5481320023536682,0.0,0.4948868751525879,1.0,0.9860610365867615,0.013938963413238525
1,450,0.35938340425491333,0.2822415828704834,0.21977472305297852,0.018255315721035004,0.17076822916666667,0.46772047877311707,0.9823524305555554,0.03529513888888888,1.0,0.0,0.4975142045454544,0.5746271306818181,0.14432291666666666,0.6406119791666667,0.029622395833333332,0.0139453125,0.9826692342758179,0.018557995557785034,0.5827651619911194,1.0,0.0,0.5517677068710327,0.0,0.4953503906726837,1.0,0.986746072769165,0.013253927230834961
1,460,0.346949964761734,0.26052361726760864,0.19675733149051666,0.0148079302161932,0.22967447916666667,0.5544912815093994,0.9843641493055555,0.03127170138888889,1.0,0.0,0.33475378787878785,0.5502130681818181,0.3332421875,0.6776302083333333,0.0011197916666666667,0.010364583333333333,0.9790544509887695,0.017715979367494583,0.5796452760696411,1.0,0.0,0.530968189239502,0.0,0.4926984906196594,1.0,0.9884043335914612,0.011595666408538818
1,470,0.3526867926120758,0.24939508736133575,0.189230814576149,0.019244369119405746,0.24447916666666666,0.5515401363372803,0.989450954861111,0.02109809027777778,1.0,0.0,0.3229166666666666,0.5484375,0.38265625,0.7103776041666666,0.0021223958333333333,0.010104166666666666,0.9774168729782104,0.016785714775323868,0.5774257779121399,1.0,0.0,0.5161718130111694,0.0,0.49081191420555115,1.0,0.9887056946754456,0.011294305324554443
1,480,0.35550031065940857,0.24736711382865906,0.17735004425048828,0.018506571650505066,0.26276041666666666,0.5657329559326172,0.987338376167493,0.01635416666666667,1.0,0.0,0.49100378787878785,0.5736505681818181,0.4086197916666667,0.7247526041666666,0.00014322916666666667,0.013802083333333333,0.9746224284172058,0.015632648020982742,0.57365483045578,1.0,0.0,0.4910319745540619,0.0,0.48760661482810974,1.0,0.9889976978302002,0.011002302169799805
1,490,0.36515676975250244,0.25881990790367126,0.1949678659439087,0.04301922023296356,0.25600260416666665,0.6358090043067932,0.9921766493055555,0.01564670138888889,1.0,0.0,0.3933475378787879,0.5590021306818181,0.416953125,0.7040104166666666,0.005872395833333334,0.011653645833333334,0.9723985195159912,0.014434730634093285,0.5696301460266113,1.0,0.0,0.4642011523246765,0.0,0.4841856360435486,1.0,0.9892758727073669,0.010724127292633057
1,500,0.385079562664032,0.24768505990505219,0.18034523725509644,0.01577134057879448,0.2594140625,0.5792310833930969,0.9942816840277777,0.011436631944444442,1.0,0.0,0.4111032196969696,0.5616654829545454,0.4095703125,0.7508333333333334,0.0005208333333333333,0.012044270833333334,0.9699143171310425,0.013218006119132042,0.5660620927810669,1.0,0.0,0.4404141902923584,0.0,0.48115280270576477,1.0,0.9895417094230652,0.010458290576934814
1,510,0.3610972464084625,0.2528001666069031,0.1742360144853592,0.045520197600126266,0.26579427083333335,0.6191513538360596,0.9850393997807788,0.010412326388888893,1.0,0.0,0.45608428030303017,0.5684126420454545,0.47805989583333336,0.7230598958333333,0.0002734375,0.013033854166666666,0.9674059748649597,0.012068038806319237,0.5628196001052856,1.0,0.0,0.4187973439693451,0.0,0.4783966839313507,1.0,0.9897862672805786,0.010213732719421387
1,520,0.3974948823451996,0.24381963908672333,0.1624106913805008,0.014078321866691113,0.2520572916666667,0.6299789547920227,0.9671171582764031,0.006232638888888892,1.0,0.0,0.41583806818181807,0.5623757102272727,0.46704427083333333,0.7697526041666667,1.3020833333333334e-05,0.0121484375,0.9659074544906616,0.011111111380159855,0.5604479312896729,1.0,0.0,0.4029863476753235,0.0,0.47638076543807983,1.0,0.9900485873222351,0.009951412677764893
1,530,0.3864503800868988,0.23639297485351562,0.1564881056547165,0.021929342299699783,0.26522135416666665,0.5711174607276917,0.9591277410331955,0.0021657986111111123,1.0,0.0,0.49277935606060597,0.5739169034090909,0.46997395833333333,0.7766276041666667,0.0002734375,0.013841145833333334,0.96298748254776,0.010073991492390633,0.5568545460700989,1.0,0.0,0.3790302574634552,0.0,0.4733263850212097,1.0,0.9903163909912109,0.009683609008789062
1,540,0.4024243652820587,0.22714997828006744,0.15161952376365662,0.01676652953028679,0.26125,0.588204562664032,0.9519715017538805,0.0,1.0,0.0,0.30989583333333326,0.546484375,0.4620182291666667,0.8099739583333333,0.00015625,0.009817708333333333,0.9622381329536438,0.00868944264948368,0.5545800924301147,1.0,0.0,0.36386746168136597,0.0,0.47139307856559753,1.0,0.990459144115448,0.009540855884552002
1,550,0.391305148601532,0.221668541431427,0.15798023343086243,0.012441186234354973,0.25006510416666666,0.6481245160102844,0.9627357796522288,0.0,1.0,0.0,0.3661221590909091,0.5549183238636364,0.50171875,0.7969270833333333,3.90625e-05,0.0110546875,0.9604824185371399,0.007216228637844324,0.5527876615524292,1.0,0.0,0.3519176244735718,0.0,0.4698695242404938,1.0,0.9904816150665283,0.00951838493347168
1,560,0.3738230764865875,0.21059398353099823,0.12991945445537567,0.013279377482831478,0.2440625,0.6890621185302734,0.9152483075398664,0.0,1.0,0.0,0.33712121212121204,0.5505681818181818,0.6287239583333334,0.8071484375,2.604166666666667e-05,0.010416666666666666,0.9602261781692505,0.005535507574677467,0.55167156457901,1.0,0.0,0.344477117061615,0.0,0.46892085671424866,1.0,0.9904331564903259,0.009566843509674072
1,570,0.3932545483112335,0.21678835153579712,0.15390698611736298,0.013126255944371223,0.24279947916666667,0.6321284770965576,0.955842591890922,0.0,1.0,0.0,0.2595880681818182,0.5389382102272727,0.569296875,0.8088541666666667,6.510416666666667e-05,0.0087109375,0.9608738422393799,0.004240244626998901,0.5520563125610352,1.0,0.0,0.3470418453216553,0.0,0.46924787759780884,1.0,0.9903761148452759,0.009623885154724121
1,580,0.3875730633735657,0.2041877806186676,0.1381690949201584,0.013881550170481205,0.2632291666666667,0.6029070615768433,0.9292092375571911,0.0,1.0,0.0,0.3252840909090909,0.5487926136363637,0.534375,0.8205729166666667,6.510416666666667e-05,0.01015625,0.9612470865249634,0.0034937169402837753,0.5523606538772583,1.0,0.0,0.34907108545303345,0.0,0.46950656175613403,1.0,0.9903168678283691,0.00968313217163086
1,590,0.3781905472278595,0.21161462366580963,0.1449705809354782,0.012305891141295433,0.2436328125,0.6445680856704712,0.9407194446600401,0.0,1.0,0.0,0.25130208333333326,0.5376953125,0.616875,0.8062890625,1.3020833333333334e-05,0.008528645833333333,0.9571663737297058,0.0033829365856945515,0.5544955730438232,1.0,0.0,0.3633037805557251,0.0,0.4713212549686432,1.0,0.9902479648590088,0.009752035140991211
1,600,0.37395012378692627,0.220353901386261,0.14162452518939972,0.017001232132315636,0.2684505208333333,0.6623972654342651,0.9350568887820611,0.0,1.0,0.0,0.29687499999999994,0.54453125,0.53328125,0.7987369791666666,3.90625e-05,0.00953125,0.9571470618247986,0.003421585774049163,0.5541404485702515,1.0,0.0,0.36093637347221375,0.0,0.4710193872451782,1.0,0.9902027249336243,0.009797275066375732
1,610,0.3718262314796448,0.2143707275390625,0.141738623380661,0.011054081842303276,0.2488671875,0.6372677683830261,0.9352499780288109,0.0,1.0,0.0,0.3448153409090909,0.5517223011363637,0.5647916666666667,0.792734375,0.0,0.0105859375,0.9568106532096863,0.003798156511038542,0.5532822608947754,1.0,0.0,0.3552151322364807,0.0,0.470289945602417,1.0,0.9901537895202637,0.009846210479736328
1,620,0.36142203211784363,0.21023619174957275,0.15546701848506927,0.011620665900409222,0.26079427083333334,0.6451837420463562,0.9576688445837069,0.001627604166666667,1.0,0.0,0.385061553030303,0.5577592329545454,0.5816145833333334,0.7805989583333334,1.3020833333333334e-05,0.011471354166666666,0.9570164680480957,0.004315476398915052,0.5523437261581421,1.0,0.0,0.3489583432674408,0.0,0.4694921672344208,1.0,0.9901078939437866,0.009892106056213379
1,630,0.38137370347976685,0.21874234080314636,0.13733144104480743,0.014620976522564888,0.2718359375,0.687391996383667,0.9277916694604432,0.0,1.0,0.0,0.2950994318181818,0.5442649147727273,0.6387109375,0.8097265625,2.604166666666667e-05,0.0094921875,0.9571568965911865,0.005215774290263653,0.5520350933074951,1.0,0.0,0.34690093994140625,0.0,0.4692298471927643,1.0,0.9900647401809692,0.009935259819030762
1,640,0.45028334856033325,0.21474865078926086,0.1621111035346985,0.010767091065645218,0.24375,0.6384611129760742,0.9697264829048743,0.0,1.0,0.0,0.16548295454545453,0.5248224431818181,0.40779947916666665,0.8697265625,0.00013020833333333333,0.006640625,0.9571819305419922,0.006214451044797897,0.5521873235702515,1.0,0.0,0.34791553020477295,0.0,0.46935924887657166,0.941623866558075,0.9900377988815308,0.009962201118469238
1,650,0.4059430956840515,0.20297007262706757,0.14907194674015045,0.009274850599467754,0.2327734375,0.59503173828125,0.9476602175602545,0.0,1.0,0.0,0.23828124999999994,0.5357421875,0.4020182291666667,0.8575390625,0.00013020833333333333,0.0082421875,0.9565776586532593,0.00729476660490036,0.5531808137893677,1.0,0.0,0.3545386791229248,0.0,0.470203697681427,1.0,0.9900304675102234,0.009969532489776611
1,660,0.3910057246685028,0.21226266026496887,0.16639259457588196,0.011447752825915813,0.24096354166666667,0.5916209816932678,0.9769720831284155,0.0,1.0,0.0,0.3412642045454545,0.5511896306818181,0.39923177083333333,0.8184895833333333,0.0001953125,0.0105078125,0.9577568769454956,0.00839265063405037,0.5530285835266113,1.0,0.0,0.3535240590572357,0.0,0.47007429599761963,1.0,0.9900389909744263,0.00996100902557373
1,670,0.3794472813606262,0.23127087950706482,0.2007141262292862,0.013046030886471272,0.24493489583333333,0.5707926154136658,0.9979644097222221,0.004071180555555554,1.0,0.0,0.3886126893939393,0.5582919034090909,0.4079817708333333,0.7707682291666667,0.0012109375,0.011549479166666666,0.9594605565071106,0.009361566044390202,0.5530582070350647,1.0,0.0,0.35372138023376465,0.0,0.47009947896003723,1.0,0.990073561668396,0.009926438331604004
1,680,0.3922554850578308,0.2479393482208252,0.19471445679664612,0.018981793895363808,0.2598958333333333,0.5924748778343201,0.9972894965277777,0.005421006944444445,1.0,0.0,0.3655303030303029,0.5548295454545454,0.340546875,0.76453125,0.0010286458333333332,0.011041666666666667,0.9610272645950317,0.010433614253997803,0.5523860454559326,1.0,0.0,0.34924015402793884,0.0,0.4695281386375427,1.0,0.9901208877563477,0.009879112243652344
1,690,0.28344205021858215,0.2106250673532486,0.12602555751800537,0.014890844002366066,0.20798177083333333,0.584982693195343,0.9016447469108125,0.014027777777777778,1.0,0.0,0.7898910984848485,0.6184836647727273,0.40236979166666664,0.6810026041666667,0.004791666666666666,0.020377604166666667,0.9618573188781738,0.01148933544754982,0.5527538061141968,1.0,0.0,0.35169216990470886,0.0,0.46984073519706726,1.0,0.9901868104934692,0.009813189506530762
1,700,0.36596742272377014,0.2469855695962906,0.19193035364151,0.03987880423665047,0.2762760416666667,0.5527893304824829,0.9917708333333333,0.016458333333333335,1.0,0.0,0.34363162878787873,0.5515447443181818,0.24875,0.7317708333333334,0.019947916666666666,0.010559895833333333,0.9629431366920471,0.012537202797830105,0.5533964037895203,1.0,0.0,0.35597607493400574,0.0,0.47038695216178894,1.0,0.9902814626693726,0.009718537330627441
1,710,0.36596834659576416,0.23588141798973083,0.1781613528728485,0.03248582035303116,0.25069010416666665,0.5120734572410583,0.9872161342955045,0.01934461805555556,1.0,0.0,0.2909564393939394,0.543643465909091,0.178125,0.7352473958333333,0.003828125,0.009401041666666667,0.9655149579048157,0.013578662648797035,0.5532526969909668,1.0,0.0,0.3550178110599518,0.0,0.4702647924423218,1.0,0.9904003739356995,0.009599626064300537
1,720,0.3544253408908844,0.24263153970241547,0.18936404585838318,0.02035292610526085,0.22233072916666666,0.49913737177848816,0.9893619791666666,0.021276041666666676,1.0,0.0,0.3246922348484848,0.5487038352272727,0.14625,0.7159505208333333,0.025625,0.010143229166666667,0.9679343700408936,0.014642651192843914,0.553438663482666,1.0,0.0,0.35625791549682617,0.0,0.4704228639602661,1.0,0.9905375242233276,0.009462475776672363
1,730,0.34305688738822937,0.23362034559249878,0.16973912715911865,0.025144897401332855,0.2378515625,0.4868241250514984,0.9700660015171411,0.02513888888888889,1.0,0.0,0.3726325757575757,0.5558948863636364,0.15708333333333332,0.7114973958333334,0.009752604166666666,0.011197916666666667,0.9682963490486145,0.01564587652683258,0.5526311993598938,1.0,0.0,0.35087481141090393,0.0,0.4697365462779999,1.0,0.9906882047653198,0.009311795234680176
1,740,0.33467650413513184,0.22564072906970978,0.1629951149225235,0.01717355102300644,0.2140234375,0.4611336886882782,0.9596534917599115,0.023138020833333342,1.0,0.0,0.5140861742424242,0.5771129261363637,0.15651041666666668,0.7205208333333334,0.010846354166666667,0.014309895833333334,0.9711024165153503,0.016440559178590775,0.5544533133506775,1.0,0.0,0.36302196979522705,0.0,0.471285343170166,1.0,0.9908667802810669,0.009133219718933105
1,750,0.3311799168586731,0.22395917773246765,0.15082377195358276,0.01533898338675499,0.16477864583333332,0.46881961822509766,0.9392815288723024,0.022686631944444445,1.0,0.0,0.4489820075757576,0.5673473011363637,0.1287890625,0.7283203125,0.008880208333333334,0.012877604166666667,0.9721235632896423,0.017281539738178253,0.5573279857635498,1.0,0.0,0.3821868300437927,0.0,0.47372880578041077,1.0,0.9910522103309631,0.008947789669036865
1,760,0.3286920189857483,0.22700393199920654,0.17942538857460022,0.011167292483150959,0.17744791666666668,0.48641204833984375,0.9874998028869304,0.023055555555555565,1.0,0.0,0.3448153409090909,0.5517223011363637,0.12837239583333335,0.731328125,0.016588541666666668,0.0105859375,0.9742817878723145,0.01794973574578762,0.5596574544906616,1.0,0.0,0.3977160155773163,0.0,0.47570884227752686,1.0,0.9912389516830444,0.008761048316955566
1,770,0.3150229752063751,0.22195301949977875,0.15707173943519592,0.009511769749224186,0.17997395833333332,0.5321748852729797,0.9510247171638357,0.020347222222222225,1.0,0.0,0.3412642045454545,0.5511896306818181,0.14717447916666668,0.7283984375,0.019908854166666667,0.0105078125,0.9750895500183105,0.018527407199144363,0.5610778331756592,1.0,0.0,0.40718573331832886,0.0,0.4769161641597748,1.0,0.9914268255233765,0.008573174476623535
1,780,0.38920480012893677,0.2855185866355896,0.26105156540870667,0.0184615608304739,0.196015625,0.5186928510665894,0.9887434895833332,0.022513020833333335,1.0,0.0,0.16548295454545453,0.5248224431818181,0.03438802083333333,0.689921875,0.01727864583333333,0.006640625,0.9749323129653931,0.018841974437236786,0.561745822429657,1.0,0.0,0.41163870692253113,0.0,0.47748395800590515,1.0,0.9916070699691772,0.008392930030822754
1,790,0.35696375370025635,0.24002546072006226,0.15501973032951355,0.022878898307681084,0.23729166666666668,0.4915848672389984,0.9466406280362708,0.0221701388888889,1.0,0.0,0.3767755681818181,0.5565163352272727,0.18407552083333334,0.7291145833333333,0.002890625,0.0112890625,0.974800705909729,0.019105076789855957,0.5636608600616455,1.0,0.0,0.42440590262413025,0.0,0.4791117310523987,1.0,0.9917821884155273,0.008217811584472656
1,800,0.3413632810115814,0.2267272174358368,0.1649465262889862,0.015963293612003326,0.22139322916666668,0.5121921896934509,0.9635222864762331,0.02200520833333333,1.0,0.0,0.3412642045454545,0.5511896306818181,0.17326822916666668,0.7261588541666667,0.004583333333333333,0.0105078125,0.9792831540107727,0.018839284777641296,0.5614287853240967,1.0,0.0,0.40952494740486145,0.0,0.4772144854068756,1.0,0.9919806718826294,0.008019328117370605
1,810,0.3468824625015259,0.23163540661334991,0.20728884637355804,0.01420240756124258,0.2291015625,0.48526719212532043,0.9890646701388888,0.021870659722222227,1.0,0.0,0.2767518939393939,0.5415127840909091,0.16345052083333333,0.7358723958333333,0.010052083333333333,0.009088541666666667,0.9794769287109375,0.018451761454343796,0.5630309581756592,1.0,0.0,0.42020654678344727,0.0,0.47857633233070374,1.0,0.9921761155128479,0.0078238844871521
1,820,0.35454061627388,0.24512985348701477,0.17836277186870575,0.015670500695705414,0.22578125,0.4821878969669342,0.9860574312393482,0.02234375000000001,1.0,0.0,0.3708570075757575,0.5556285511363637,0.14485677083333334,0.7169921875,0.004791666666666666,0.011158854166666666,0.9798182249069214,0.0180656835436821,0.5658127069473267,1.0,0.0,0.43875133991241455,0.0,0.4809408187866211,1.0,0.9923708438873291,0.0076291561126708984
1,830,0.33676016330718994,0.2339888960123062,0.16618339717388153,0.013324270956218243,0.2212890625,0.5073371529579163,0.9652704005057995,0.022695312500000002,1.0,0.0,0.2720170454545454,0.5408025568181818,0.12005208333333334,0.714375,0.012200520833333334,0.008984375,0.9793292880058289,0.01728319376707077,0.5679349303245544,1.0,0.0,0.4528995454311371,0.0,0.4827446937561035,1.0,0.9925625324249268,0.007437467575073242
1,840,0.3671533167362213,0.2451370805501938,0.1770833283662796,0.015679040923714638,0.2384765625,0.5036222338676453,0.9867199101305417,0.016688368055555562,1.0,0.0,0.5501893939393938,0.5825284090909091,0.07515625,0.7215364583333334,0.0012109375,0.015104166666666667,0.9796569347381592,0.016414929181337357,0.5698035359382629,1.0,0.0,0.4653566777706146,0.0,0.48433300852775574,1.0,0.9927566647529602,0.007243335247039795
1,850,0.349975049495697,0.2438112497329712,0.18221047520637512,0.0149959372356534,0.22325520833333334,0.49873778223991394,0.991169704861111,0.017660590277777777,1.0,0.0,0.5679450757575758,0.5851917613636364,0.05765625,0.7111328125,0.0002734375,0.015494791666666667,0.9809740781784058,0.015313119627535343,0.5693258047103882,1.0,0.0,0.4621719419956207,0.0,0.4839269518852234,1.0,0.9936670660972595,0.0063329339027404785
1,860,0.34476205706596375,0.2276068776845932,0.18335476517677307,0.020586827769875526,0.22736979166666665,0.5007073879241943,0.9929839409722221,0.014032118055555563,1.0,0.0,0.5643939393939393,0.5846590909090909,0.09953125,0.7289713541666667,0.0008072916666666667,0.015416666666666667,0.9823896884918213,0.014382853172719479,0.5698500275611877,1.0,0.0,0.4656667113304138,0.0,0.4843725264072418,1.0,0.9938705563545227,0.006129443645477295
1,870,0.36007851362228394,0.23581837117671967,0.1862446516752243,0.017083026468753815,0.22606770833333334,0.4962335228919983,0.9939344618055554,0.012131076388888894,1.0,0.0,0.5401278409090908,0.5810191761363637,0.08723958333333333,0.7306770833333334,0.0007942708333333334,0.0148828125,0.9829548597335815,0.013284971006214619,0.5697231888771057,1.0,0.0,0.4648212194442749,0.0,0.4842647314071655,1.0,0.994073212146759,0.005926787853240967
1,880,0.3481527268886566,0.22488883137702942,0.18995153903961182,0.017133627086877823,0.2316015625,0.5106475353240967,0.9946614583333333,0.010677083333333337,1.0,0.0,0.48212594696969696,0.5723188920454545,0.1344140625,0.7398958333333333,0.0027473958333333335,0.013606770833333334,0.9836652874946594,0.013011367991566658,0.5714142322540283,1.0,0.0,0.47609466314315796,0.0,0.4857020974159241,1.0,0.9942634105682373,0.005736589431762695
1,890,0.35818350315093994,0.23542718589305878,0.182383731007576,0.014675100333988667,0.22055989583333332,0.4821231961250305,0.9945269097222221,0.010946180555555556,1.0,0.0,0.6336410984848485,0.5950461647727273,0.0944140625,0.7284375,0.0009114583333333333,0.016940104166666668,0.9840368032455444,0.012144908308982849,0.5740564465522766,1.0,0.0,0.4937094449996948,0.0,0.4879480004310608,1.0,0.9944530129432678,0.005546987056732178
1,900,0.3766823709011078,0.23187410831451416,0.19650977849960327,0.017112312838435173,0.2546744791666667,0.4991213083267212,0.9957769097222221,0.008446180555555554,1.0,0.0,0.4773910984848484,0.5716086647727272,0.13705729166666666,0.7571744791666667,0.006783854166666666,0.013502604166666666,0.9865778088569641,0.011089187115430832,0.5747750997543335,1.0,0.0,0.49850064516067505,0.0,0.4885588586330414,1.0,0.9946328401565552,0.005367159843444824
1,910,0.38011807203292847,0.23610077798366547,0.1856122612953186,0.015287799760699272,0.2541145833333333,0.4897914230823517,0.9958398437499999,0.008320312500000001,1.0,0.0,0.5679450757575758,0.5851917613636364,0.14072916666666666,0.7495703125,0.005481770833333333,0.015494791666666667,0.9881561994552612,0.010041320696473122,0.5764830708503723,1.0,0.0,0.5098868012428284,0.0,0.4900106191635132,1.0,0.9948031902313232,0.005196809768676758
1,920,0.3604030907154083,0.2314038872718811,0.18237438797950745,0.014366633258759975,0.2534375,0.48762115836143494,0.9943815104166666,0.011236979166666671,1.0,0.0,0.6803977272727272,0.6020596590909091,0.07752604166666667,0.7405338541666666,0.0037760416666666667,0.01796875,0.988676905632019,0.008999859914183617,0.5779796242713928,1.0,0.0,0.5198638439178467,0.0,0.49128270149230957,1.0,0.99495530128479,0.005044698715209961
1,930,0.36751484870910645,0.2238733023405075,0.16907839477062225,0.014676019549369812,0.247578125,0.5079033970832825,0.9790954084579762,0.004843749999999999,1.0,0.0,0.6218039772727272,0.5932705965909091,0.12234375,0.7545963541666667,0.00265625,0.0166796875,0.9893408417701721,0.007935872301459312,0.5794085264205933,1.0,0.0,0.5293898582458496,0.0,0.4924972653388977,1.0,0.9950895309448242,0.004910469055175781
1,940,0.3552694618701935,0.22599783539772034,0.1684177815914154,0.01261071301996708,0.22490885416666667,0.5124147534370422,0.9769466317209423,0.0069053819444444475,1.0,0.0,0.6342329545454545,0.5951349431818181,0.11733072916666666,0.7446744791666666,0.001966145833333333,0.016953125,0.9909946322441101,0.00685514323413372,0.5807317495346069,1.0,0.0,0.5382113456726074,0.0,0.4936220049858093,1.0,0.9952179193496704,0.00478208065032959
1,950,0.41432464122772217,0.24264644086360931,0.17250341176986694,0.018483206629753113,0.2530859375,0.5185850858688354,0.9873134660720825,0.0,1.0,0.0,0.4472064393939393,0.5670809659090909,0.14078125,0.7830078125,0.0036197916666666666,0.012838541666666667,0.9915943145751953,0.0060604591853916645,0.5810149908065796,1.0,0.0,0.5400996804237366,0.0,0.49386274814605713,1.0,0.9953247308731079,0.00467526912689209
1,960,0.37212780117988586,0.2233639359474182,0.1626175045967102,0.013099107891321182,0.238046875,0.49944889545440674,0.9690079484841763,0.0031510416666666696,1.0,0.0,0.5223721590909091,0.5783558238636364,0.07821614583333333,0.76546875,0.0030859375,0.0144921875,0.990307092666626,0.005219479091465473,0.5811206698417664,1.0,0.0,0.5408042669296265,0.0,0.49395257234573364,1.0,0.9954212307929993,0.004578769207000732
1,970,0.4227035641670227,0.2045779526233673,0.17962783575057983,0.023064928129315376,0.2634375,0.5308499336242676,0.9993701835779044,0.0,1.0,0.0,0.32705965909090906,0.5490589488636364,0.14447916666666666,0.8746484375,0.005169270833333333,0.0101953125,0.9906411170959473,0.0045512826181948185,0.5801060199737549,1.0,0.0,0.5340402126312256,0.0,0.49309012293815613,1.0,0.9955103397369385,0.0044896602630615234
1,980,0.392670601606369,0.1941593736410141,0.16677816212177277,0.01427110843360424,0.247421875,0.5413750410079956,0.9659433293342591,0.014601565897464768,1.0,0.0,0.5780066287878788,0.5867009943181818,0.14126302083333334,0.8402213541666667,0.0025,0.015716145833333334,0.9904063940048218,0.0041565243154764175,0.5813320875167847,1.0,0.0,0.5422134399414062,0.0,0.49413228034973145,1.0,0.9955896139144897,0.004410386085510254
1,990,0.3903349041938782,0.19827304780483246,0.18082143366336823,0.01631065458059311,0.24388020833333332,0.537382185459137,0.9965460956096649,0.004317380487918898,1.0,0.0,0.5353929924242424,0.5803089488636364,0.17748697916666667,0.8430729166666666,0.002864583333333333,0.014778645833333333,0.9903094172477722,0.0043503898195922375,0.5822113752365112,1.0,0.0,0.5480756759643555,0.0,0.49487969279289246,1.0,0.9956676363945007,0.004332363605499268
1,1000,0.3950777053833008,0.21559780836105347,0.1853887289762497,0.019192826002836227,0.25666666666666665,0.5402590036392212,0.9999999999999999,0.0,1.0,0.0,0.4773910984848484,0.5716086647727272,0.15692708333333333,0.828046875,0.0033984375,0.013502604166666666,0.9901947975158691,0.004579597152769566,0.5817885994911194,1.0,0.0,0.5452573299407959,0.0,0.4945203363895416,1.0,0.9957444667816162,0.004255533218383789
1,1010,0.35844746232032776,0.21754330396652222,0.17803213000297546,0.014172817580401897,0.2330859375,0.5588856935501099,0.9966697584665739,0.0,1.0,0.0,0.5803740530303031,0.5870561079545454,0.14381510416666668,0.7861067708333334,0.005325520833333333,0.015768229166666668,0.9899007081985474,0.005167808383703232,0.5827355980873108,1.0,0.0,0.5515704154968262,0.0,0.4953252673149109,1.0,0.9957911968231201,0.004208803176879883
1,1020,0.380993515253067,0.2290581613779068,0.19348107278347015,0.01572723314166069,0.23821614583333334,0.5793480277061462,0.9999999999999999,0.0,1.0,0.0,0.4862689393939394,0.572940340909091,0.20625,0.8030729166666667,0.0033203125,0.013697916666666667,0.9895613789558411,0.005846545100212097,0.5842025279998779,1.0,0.0,0.5613501071929932,0.0,0.4965721666812897,1.0,0.9958351850509644,0.0041648149490356445
1,1030,0.3552894592285156,0.21293774247169495,0.1847560852766037,0.013873612508177757,0.24483072916666668,0.5544732213020325,0.9999999999999999,0.0,1.0,0.0,0.5709043560606061,0.585635653409091,0.2137890625,0.8002083333333333,0.0033072916666666667,0.015559895833333334,0.9892884492874146,0.006392387207597494,0.5850649476051331,1.0,0.0,0.5670995712280273,0.0,0.4973052144050598,1.0,0.9958757162094116,0.004124283790588379
1,1040,0.3589671850204468,0.21779067814350128,0.18626505136489868,0.017467504367232323,0.2375390625,0.5951511859893799,0.9999999999999999,0.0,1.0,0.0,0.4572679924242423,0.5685901988636364,0.3048958333333333,0.7835807291666667,0.0060026041666666665,0.013059895833333333,0.989776074886322,0.007177357561886311,0.585686445236206,1.0,0.0,0.5712425708770752,0.0,0.4978334903717041,1.0,0.9959170818328857,0.004082918167114258
1,1050,0.38204845786094666,0.2263607680797577,0.17959432303905487,0.010263304226100445,0.23727864583333333,0.5501338839530945,0.9993134697584006,0.0,1.0,0.0,0.58984375,0.5884765625,0.150390625,0.7855729166666666,0.005846354166666666,0.0159765625,0.9903808832168579,0.007834392599761486,0.5856949090957642,1.0,0.0,0.5712989568710327,0.0,0.49784067273139954,1.0,0.9959534406661987,0.0040465593338012695
1,1060,0.3481864035129547,0.2235107421875,0.15880846977233887,0.016179928556084633,0.24567708333333332,0.6077117919921875,0.9641374103839581,0.0,1.0,0.0,0.5827414772727272,0.5874112215909091,0.38557291666666665,0.7717317708333333,0.002421875,0.0158203125,0.9905301332473755,0.008744197897613049,0.5878763198852539,1.0,0.0,0.5858416557312012,0.0,0.4996948838233948,1.0,0.9959783554077148,0.004021644592285156
1,1070,0.385707288980484,0.24098531901836395,0.19331718981266022,0.017271393910050392,0.24139322916666667,0.6279153227806091,0.9999999999999999,0.0,1.0,0.0,0.4223484848484848,0.5633522727272727,0.39286458333333335,0.7573697916666666,0.0031901041666666666,0.012291666666666666,0.9914906024932861,0.009624860249459743,0.5886330008506775,1.0,0.0,0.5908865928649902,0.0,0.500338077545166,1.0,0.995991051197052,0.004008948802947998
1,1080,0.3531672954559326,0.2206811010837555,0.17463688552379608,0.011366844177246094,0.23540364583333334,0.6030381917953491,0.9890033872005268,0.003841145833333337,1.0,0.0,0.7117660984848484,0.6067649147727272,0.24427083333333333,0.7637109375,0.00359375,0.018658854166666666,0.9910966157913208,0.01047286856919527,0.5928943157196045,1.0,0.0,0.6192956566810608,0.0,0.5039601922035217,1.0,0.9959975481033325,0.0040024518966674805
1,1090,0.32100754976272583,0.22716361284255981,0.18518875539302826,0.016499901190400124,0.2049609375,0.7046480178833008,0.9926258680555555,0.01474826388888889,1.0,0.0,0.6052320075757576,0.5907848011363637,0.3115234375,0.7100651041666667,0.005846354166666666,0.016315104166666667,0.9922429323196411,0.010728489607572556,0.5942640900611877,1.0,0.0,0.6284271478652954,0.0,0.5051245093345642,1.0,0.9959977865219116,0.004002213478088379
1,1100,0.38861724734306335,0.26539626717567444,0.21838778257369995,0.01666967011988163,0.2330859375,0.6187763214111328,0.9921202256944444,0.01575954861111111,1.0,0.0,0.5744554924242423,0.5861683238636364,0.250078125,0.7116927083333333,0.003203125,0.015638020833333332,0.9916071891784668,0.012123222462832928,0.596534252166748,1.0,0.0,0.6435617208480835,0.0,0.5070541501045227,1.0,0.9959930777549744,0.004006922245025635
1,1110,0.3464109003543854,0.2427116185426712,0.2000395506620407,0.01631932333111763,0.23282552083333333,0.577580988407135,0.9896006944444443,0.020798611111111115,1.0,0.0,0.609966856060606,0.5914950284090909,0.13649739583333334,0.7009114583333333,0.0052734375,0.016419270833333333,0.9911107420921326,0.013116112910211086,0.6002671718597412,1.0,0.0,0.6684479117393494,0.0,0.5102270841598511,1.0,0.9959734082221985,0.004026591777801514
1,1120,0.335499107837677,0.23851855099201202,0.19099698960781097,0.012960176914930344,0.22009114583333333,0.5543115139007568,0.9887131076388889,0.022573784722222226,1.0,0.0,0.7733191287878787,0.6159978693181818,0.06345052083333333,0.6910416666666667,0.0030729166666666665,0.020013020833333332,0.9907165765762329,0.014221644029021263,0.601417064666748,1.0,0.0,0.6761138439178467,0.0,0.5112045407295227,1.0,0.9959414005279541,0.0040585994720458984
1,1130,0.3333991467952728,0.24392229318618774,0.19385750591754913,0.014289441518485546,0.22294270833333332,0.4870207607746124,0.9886501736111111,0.022699652777777787,1.0,0.0,0.8011363636363636,0.6201704545454545,0.07220052083333334,0.6866666666666666,0.002903645833333333,0.020625,0.9901905655860901,0.015273644588887691,0.6042580008506775,1.0,0.0,0.695053219795227,0.0,0.5136193037033081,1.0,0.9959045648574829,0.00409543514251709
1,1140,0.34275636076927185,0.2516566216945648,0.1900932639837265,0.011210240423679352,0.21248697916666667,0.5715433955192566,0.9893359374999999,0.021328125000000003,1.0,0.0,0.7088068181818181,0.6063210227272727,0.11834635416666667,0.6854296875,0.008502604166666667,0.01859375,0.9896409511566162,0.016372768208384514,0.6064478158950806,1.0,0.0,0.7096523642539978,0.0,0.515480637550354,1.0,0.9958620071411133,0.004137992858886719
1,1150,0.35176384449005127,0.24687057733535767,0.187852144241333,0.01400380115956068,0.22549479166666667,0.5110483765602112,0.9896484374999999,0.020703125000000003,1.0,0.0,0.6354166666666666,0.5953125,0.15677083333333333,0.7065234375,0.005833333333333334,0.016979166666666667,0.9890609979629517,0.017532655969262123,0.6077288389205933,1.0,0.0,0.7181919813156128,0.0,0.5165695548057556,1.0,0.995808482170105,0.0041915178298950195
1,1160,0.35377511382102966,0.2546598017215729,0.19606682658195496,0.018782583996653557,0.23934895833333333,0.5593597888946533,0.990447048611111,0.01910590277777778,1.0,0.0,0.7526041666666666,0.612890625,0.10536458333333333,0.7074869791666667,0.008932291666666667,0.019557291666666667,0.9885185956954956,0.01868303492665291,0.6079063415527344,1.0,0.0,0.719375729560852,0.0,0.5167204141616821,1.0,0.9957515001296997,0.004248499870300293
1,1170,0.3377809524536133,0.2466980367898941,0.19553764164447784,0.02178284339606762,0.23119791666666667,0.49186965823173523,0.989177517361111,0.021644965277777782,1.0,0.0,0.6283143939393939,0.5942471590909091,0.0768359375,0.6884765625,0.009869791666666667,0.016822916666666667,0.9896489977836609,0.01983775570988655,0.6080331802368164,1.0,0.0,0.720221221446991,0.0,0.5168282389640808,1.0,0.9957016706466675,0.0042983293533325195
1,1180,0.33737802505493164,0.24423204362392426,0.1979556679725647,0.01279370952397585,0.22725260416666668,0.5657780766487122,0.9910959201388888,0.017808159722222227,1.0,0.0,0.9236505681818181,0.6385475852272727,0.10369791666666667,0.7076041666666667,0.012643229166666667,0.0233203125,0.9890695214271545,0.020996611565351486,0.6096058487892151,1.0,0.0,0.7307054996490479,0.0,0.5181649923324585,1.0,0.9956470727920532,0.004352927207946777
1,1190,0.33323678374290466,0.24287275969982147,0.20701225101947784,0.020467005670070648,0.23591145833333332,0.4854772984981537,0.9900151909722221,0.019969618055555555,1.0,0.0,0.7697679924242424,0.6154651988636364,0.14794270833333334,0.704921875,0.015013020833333333,0.019934895833333334,0.988993763923645,0.022012442350387573,0.6092591285705566,1.0,0.0,0.7283944487571716,0.0,0.5178702473640442,1.0,0.995591938495636,0.004408061504364014
1,1200,0.31465697288513184,0.25013118982315063,0.19813941419124603,0.02173266001045704,0.23701822916666668,0.4874774217605591,0.9831966145833333,0.03360677083333333,1.0,0.0,0.8532196969696969,0.6279829545454545,0.153203125,0.6520963541666667,0.011627604166666666,0.021770833333333333,0.9887572526931763,0.022485531866550446,0.610578179359436,1.0,0.0,0.7371877431869507,0.0,0.5189914703369141,1.0,0.9955374002456665,0.004462599754333496
1,1210,0.33334532380104065,0.25613027811050415,0.22096040844917297,0.018798770383000374,0.23200520833333332,0.5052818059921265,0.9895746527777777,0.02085069444444445,1.0,0.0,1.0,0.65,0.10240885416666666,0.6768229166666667,0.0164453125,0.027239583333333334,0.9885665774345398,0.022866856306791306,0.6125059127807617,1.0,0.0,0.7500394582748413,0.0,0.5206300616264343,1.0,0.9954819679260254,0.004518032073974609
1,1220,0.3302488625049591,0.25947684049606323,0.22720251977443695,0.019500000402331352,0.22588541666666667,0.46632567048072815,0.9883919270833332,0.023216145833333333,1.0,0.0,0.7413589015151515,0.6112038352272727,0.06837239583333334,0.6586197916666666,0.017122395833333335,0.019309895833333333,0.9884999990463257,0.0229999590665102,0.6132922768592834,1.0,0.0,0.7552816271781921,0.0,0.5212984681129456,1.0,0.9954243302345276,0.004575669765472412
1,1230,0.3317502737045288,0.2591787874698639,0.2255346029996872,0.020084623247385025,0.23130208333333332,0.46426376700401306,0.9889539930555555,0.022092013888888894,1.0,0.0,0.8839962121212122,0.6325994318181818,0.074375,0.6594661458333333,0.018489583333333334,0.022447916666666668,0.988471269607544,0.023057416081428528,0.6134275197982788,1.0,0.0,0.7561835050582886,0.0,0.5214133858680725,1.0,0.9953645467758179,0.004635453224182129
1,1240,0.3307338058948517,0.25955769419670105,0.2264816164970398,0.019837932661175728,0.23102864583333332,0.47214844822883606,0.9884592013888888,0.023081597222222222,1.0,0.0,0.8774857954545454,0.6316228693181818,0.06815104166666666,0.6583072916666667,0.017369791666666665,0.0223046875,0.9884392619132996,0.023121487349271774,0.6123622059822083,1.0,0.0,0.7490812540054321,0.0,0.5205078721046448,1.0,0.9953027367591858,0.004697263240814209
1,1250,0.32797473669052124,0.25970250368118286,0.22813034057617188,0.01945069245994091,0.2222265625,0.4734051525592804,0.9878211805555555,0.024357638888888894,1.0,0.0,0.6366003787878788,0.5954900568181818,0.05165364583333333,0.6489973958333334,0.016184895833333334,0.017005208333333334,0.9883674383163452,0.023265128955245018,0.6122100353240967,1.0,0.0,0.7480666041374207,0.0,0.5203785300254822,1.0,0.995235025882721,0.004764974117279053
1,1260,0.32816261053085327,0.2595871388912201,0.22783200442790985,0.019457848742604256,0.22091145833333334,0.4737990200519562,0.9879210069444444,0.024157986111111113,1.0,0.0,0.6147017045454546,0.5922052556818181,0.04643229166666667,0.65140625,0.0162890625,0.0165234375,0.9882915019989014,0.023417038843035698,0.6124086976051331,1.0,0.0,0.7493912577629089,0.0,0.5205473899841309,1.0,0.9951605796813965,0.004839420318603516
1,1270,0.3287612795829773,0.259861558675766,0.22839601337909698,0.0193357951939106,0.221796875,0.4662593603134155,0.9878754340277777,0.024249131944444446,1.0,0.0,0.6004971590909092,0.5900745738636364,0.04725260416666666,0.6535677083333333,0.016067708333333333,0.0162109375,0.9881839156150818,0.023632192984223366,0.6119309663772583,1.0,0.0,0.746206521987915,0.0,0.5201413631439209,1.0,0.9950817227363586,0.004918277263641357
1,1280,0.32865220308303833,0.2598607540130615,0.22820192575454712,0.019422436133027077,0.22052083333333333,0.46717560291290283,0.98783203125,0.02433593750000001,1.0,0.0,0.6425189393939393,0.5963778409090909,0.04705729166666667,0.6532161458333333,0.016927083333333332,0.017135416666666667,0.9881666302680969,0.023666709661483765,0.6142730712890625,1.0,0.0,0.7618201971054077,0.0,0.5221320986747742,1.0,0.9949935674667358,0.00500643253326416
1,1290,0.3281972110271454,0.2603135406970978,0.22741158306598663,0.019466416910290718,0.22180989583333333,0.46534597873687744,0.9874131944444444,0.02517361111111112,1.0,0.0,0.6632339015151514,0.5994850852272727,0.05223958333333333,0.6486979166666667,0.016770833333333332,0.017591145833333332,0.988061249256134,0.023877521976828575,0.6147381067276001,1.0,0.0,0.7649204134941101,0.0,0.5225273966789246,1.0,0.9949036836624146,0.005096316337585449
1,1300,0.3292837142944336,0.2599773108959198,0.22782835364341736,0.019496405497193336,0.22662760416666666,0.46366190910339355,0.9876584201388888,0.02468315972222223,1.0,0.0,0.7898910984848485,0.6184836647727273,0.04352864583333333,0.6568098958333334,0.016484375,0.020377604166666667,0.9880030751228333,0.023993883281946182,0.6160190105438232,1.0,0.0,0.7734600305557251,0.0,0.5236161947250366,1.0,0.99480140209198,0.0051985979080200195
1,1310,0.33047807216644287,0.25976747274398804,0.22824689745903015,0.01945325918495655,0.22725260416666668,0.45928531885147095,0.9881163194444443,0.02376736111111112,1.0,0.0,0.8443418560606061,0.626651278409091,0.04053385416666667,0.6613671875,0.017434895833333332,0.021575520833333334,0.9882850050926208,0.02343006059527397,0.6159217953681946,1.0,0.0,0.7728118896484375,0.0,0.5235335230827332,1.0,0.9947003722190857,0.005299627780914307
1,1320,0.3300178050994873,0.25971904397010803,0.22726431488990784,0.019433526322245598,0.22376302083333333,0.45985493063926697,0.9882031249999998,0.02359375000000001,1.0,0.0,0.7200520833333333,0.6080078125,0.041276041666666666,0.6580859375,0.016575520833333333,0.018841145833333333,0.988267183303833,0.023465611040592194,0.6152116060256958,1.0,0.0,0.76807701587677,0.0,0.5229299068450928,1.0,0.9945985078811646,0.005401492118835449
1,1330,0.3299926221370697,0.2601284086704254,0.22825081646442413,0.01948418840765953,0.22591145833333334,0.4589357376098633,0.9881098090277777,0.02378038194444445,1.0,0.0,0.7922585227272727,0.618838778409091,0.0423046875,0.6558463541666667,0.017265625,0.0204296875,0.988357424736023,0.02328517846763134,0.6160401105880737,1.0,0.0,0.7736009359359741,0.0,0.523634135723114,1.0,0.9944955706596375,0.005504429340362549
1,1340,0.3297825753688812,0.2601374089717865,0.2285037636756897,0.019435061141848564,0.22291666666666668,0.4569149911403656,0.9879774305555555,0.024045138888888894,1.0,0.0,0.6519886363636364,0.5977982954545454,0.038671875,0.656640625,0.0172265625,0.01734375,0.9884405732154846,0.023118801414966583,0.615828812122345,1.0,0.0,0.7721917629241943,0.0,0.523454487323761,1.0,0.9943916201591492,0.00560837984085083
1,1350,0.32964247465133667,0.26007378101348877,0.2280275821685791,0.019492531195282936,0.2198046875,0.46389344334602356,0.9878276909722221,0.02434461805555556,1.0,0.0,0.6874999999999999,0.603125,0.0404296875,0.6556380208333333,0.0169140625,0.018125,0.9885905981063843,0.02281869947910309,0.6167038679122925,1.0,0.0,0.7780258059501648,0.0,0.5241982936859131,1.0,0.9942867755889893,0.005713224411010742
1,1360,0.3299056589603424,0.2601020038127899,0.2281145304441452,0.019394556060433388,0.2233203125,0.4665702283382416,0.9880533854166665,0.02389322916666667,1.0,0.0,0.6632339015151514,0.5994850852272727,0.038736979166666664,0.6572916666666667,0.0163671875,0.017591145833333332,0.9887879490852356,0.02242414839565754,0.6186062693595886,1.0,0.0,0.7907084226608276,0.0,0.5258153676986694,1.0,0.9941809177398682,0.005819082260131836
1,1370,0.3302370011806488,0.259912371635437,0.22769632935523987,0.019424710422754288,0.22182291666666668,0.45540720224380493,0.9881879340277777,0.023624131944444453,1.0,0.0,0.6857244318181818,0.6028586647727272,0.041627604166666665,0.6578776041666666,0.016510416666666666,0.0180859375,0.9889177083969116,0.02216455712914467,0.6199844479560852,1.0,0.0,0.7998962998390198,0.0,0.5269867777824402,1.0,0.9940736293792725,0.005926370620727539
1,1380,0.3301289677619934,0.2577347159385681,0.22423988580703735,0.01987639255821705,0.23260416666666667,0.4516443908214569,0.9888151041666666,0.022369791666666666,1.0,0.0,0.9562026515151515,0.6434303977272727,0.05998697916666667,0.6606119791666667,0.018411458333333332,0.024036458333333333,0.9888189435005188,0.02236214466392994,0.6219925284385681,1.0,0.0,0.8132835030555725,0.0,0.528693675994873,1.0,0.9939553737640381,0.006044626235961914
1,1390,0.3303382396697998,0.2578618824481964,0.22428101301193237,0.020005308091640472,0.2340625,0.44156020879745483,0.9888823784722222,0.022235243055555562,1.0,0.0,0.9887547348484849,0.6483132102272727,0.06841145833333333,0.66046875,0.018502604166666665,0.024752604166666668,0.9887226819992065,0.022554563358426094,0.6234890222549438,1.0,0.0,0.8232605457305908,0.0,0.5299656987190247,1.0,0.9938391447067261,0.006160855293273926
1,1400,0.33041778206825256,0.2578616738319397,0.22460424900054932,0.020024526864290237,0.23276041666666666,0.45278361439704895,0.9887934027777777,0.02241319444444445,1.0,0.0,0.9491003787878787,0.6423650568181818,0.06674479166666666,0.6636328125,0.018033854166666665,0.023880208333333333,0.9886839389801025,0.022632068023085594,0.6250532865524292,1.0,0.0,0.833688497543335,0.0,0.5312952995300293,1.0,0.993721604347229,0.006278395652770996
1,1410,0.32327181100845337,0.25069642066955566,0.2242688685655594,0.01763150654733181,0.21899739583333333,0.4565945863723755,0.9891167534722222,0.021766493055555558,1.0,0.0,0.8396070075757576,0.6259410511363637,0.08338541666666667,0.6684114583333334,0.017643229166666666,0.021471354166666668,0.9884758591651917,0.023048320785164833,0.6258649826049805,1.0,0.0,0.8390997052192688,0.0,0.5319852232933044,1.0,0.9936017990112305,0.006398200988769531
1,1420,0.3219163715839386,0.25006142258644104,0.2228344976902008,0.018940215930342674,0.22848958333333333,0.45566701889038086,0.9892013888888889,0.021597222222222226,1.0,0.0,0.9005681818181818,0.6350852272727272,0.08518229166666667,0.6636588541666667,0.016822916666666667,0.0228125,0.9879967570304871,0.024006489664316177,0.625163197517395,1.0,0.0,0.8344212174415588,0.0,0.5313887596130371,1.0,0.9934810400009155,0.006518959999084473
1,1430,0.31718912720680237,0.2446543574333191,0.2171935886144638,0.0169154554605484,0.2225390625,0.4562613368034363,0.9902864583333333,0.019427083333333338,1.0,0.0,0.8573626893939393,0.628604403409091,0.09287760416666667,0.6697005208333333,0.018776041666666667,0.021861979166666667,0.9874535799026489,0.025092799216508865,0.6243641972541809,1.0,0.0,0.8290945291519165,0.0,0.5307095646858215,1.0,0.9933607578277588,0.006639242172241211
1,1440,0.31815460324287415,0.24101568758487701,0.20814332365989685,0.01794293522834778,0.23713541666666665,0.4745507836341858,0.990700954861111,0.018598090277777778,1.0,0.0,0.8544034090909091,0.6281605113636364,0.09393229166666667,0.6866536458333333,0.016809895833333335,0.021796875,0.9869943261146545,0.026011284440755844,0.6251420974731445,1.0,0.0,0.8342803716659546,0.0,0.5313708186149597,1.0,0.9932410717010498,0.006758928298950195
1,1450,0.3217860162258148,0.2397080659866333,0.1985105574131012,0.01865961030125618,0.24528645833333335,0.5615909099578857,0.9916102430555555,0.016779513888888896,1.0,0.0,1.0,0.65,0.13061197916666667,0.6958463541666666,0.0165625,0.02578125,0.9865583181381226,0.026883266866207123,0.6267738938331604,1.0,0.0,0.8451591730117798,0.0,0.5327578186988831,1.0,0.9931210875511169,0.006878912448883057
1,1460,0.32890623807907104,0.24362820386886597,0.200161874294281,0.018477430567145348,0.24313802083333333,0.5435317754745483,0.9919639756944444,0.01607204861111111,1.0,0.0,0.9029356060606061,0.635440340909091,0.14869791666666668,0.7015234375,0.016627604166666667,0.022864583333333334,0.9861302971839905,0.02773933671414852,0.6281182169914246,1.0,0.0,0.8541216254234314,0.0,0.5339004993438721,1.0,0.9930011630058289,0.006998836994171143
1,1470,0.3335147500038147,0.2435419261455536,0.206383615732193,0.016691748052835464,0.23315104166666667,0.582767128944397,0.9906467013888888,0.018706597222222225,1.0,0.0,0.8076467803030302,0.6211470170454545,0.1253125,0.702890625,0.0114453125,0.020768229166666666,0.985612154006958,0.028775835409760475,0.6283972859382629,1.0,0.0,0.855981707572937,0.0,0.5341377258300781,1.0,0.9928814768791199,0.007118523120880127
1,1480,0.3272567093372345,0.24995429813861847,0.20860938727855682,0.02042616344988346,0.24001302083333334,0.4935145974159241,0.9858007812499999,0.02839843750000001,1.0,0.0,0.8816287878787878,0.6322443181818181,0.1262109375,0.6725130208333333,0.013307291666666667,0.022395833333333334,0.9850946664810181,0.02981068380177021,0.6284691095352173,1.0,0.0,0.8564608097076416,0.0,0.5341987609863281,1.0,0.9927630424499512,0.007236957550048828
1,1490,0.3244266211986542,0.24901743233203888,0.20532940328121185,0.019053220748901367,0.23540364583333334,0.4768706262111664,0.9858116319444443,0.02837673611111112,1.0,0.0,0.8520359848484848,0.6278053977272727,0.135078125,0.6706119791666667,0.013515625,0.021744791666666666,0.9845405220985413,0.030918899923563004,0.6264356970787048,1.0,0.0,0.8429045081138611,0.0,0.5324703454971313,1.0,0.9926449060440063,0.007355093955993652
1,1500,0.3264196813106537,0.2503104507923126,0.213770791888237,0.017631566151976585,0.22809895833333332,0.4718526601791382,0.986599392361111,0.026801215277777787,1.0,0.0,0.8822206439393938,0.6323330965909091,0.13654947916666665,0.6702473958333334,0.017994791666666666,0.022408854166666665,0.983988881111145,0.03202236443758011,0.6241823434829712,1.0,0.0,0.8278826475143433,0.0,0.530555009841919,1.0,0.9925283193588257,0.007471680641174316
1,1510,0.3172202408313751,0.2565281093120575,0.21698680520057678,0.015535336919128895,0.21815104166666666,0.48454558849334717,0.9832877604166665,0.03342447916666666,1.0,0.0,0.903527462121212,0.6355291193181818,0.117578125,0.6425260416666667,0.017213541666666665,0.022877604166666666,0.9834367036819458,0.033126652240753174,0.6225970387458801,1.0,0.0,0.8173137903213501,0.0,0.5292074680328369,1.0,0.9924126863479614,0.007587313652038574
1,1520,0.30949562788009644,0.2648867666721344,0.23876115679740906,0.015718065202236176,0.20493489583333332,0.5032235980033875,0.9780555555555555,0.043888888888888894,1.0,0.0,0.7460937499999999,0.6119140625,0.058203125,0.5898046875,0.019713541666666667,0.0194140625,0.9828648567199707,0.034270212054252625,0.6215274930000305,1.0,0.0,0.8101833462715149,0.0,0.5282983779907227,1.0,0.9922944903373718,0.007705509662628174
1,1530,0.30670860409736633,0.26536646485328674,0.24158206582069397,0.01556883379817009,0.200703125,0.44970011711120605,0.9767968749999999,0.04640625000000001,1.0,0.0,0.6081912878787878,0.5912286931818181,0.036145833333333335,0.5846875,0.020716145833333335,0.016380208333333333,0.9823038578033447,0.03539227694272995,0.6201958060264587,1.0,0.0,0.8013055324554443,0.0,0.5271664261817932,1.0,0.9921778440475464,0.007822155952453613
1,1540,0.3081718683242798,0.263592928647995,0.23819366097450256,0.016477983444929123,0.20927083333333332,0.43274617195129395,0.9784657118055555,0.043068576388888904,1.0,0.0,0.9011600378787878,0.6351740056818181,0.056588541666666665,0.5892447916666667,0.02234375,0.022825520833333335,0.9816831946372986,0.03663359582424164,0.6186485290527344,1.0,0.0,0.7909902930259705,0.0,0.5258512496948242,1.0,0.9920631647109985,0.007936835289001465
1,1550,0.30902034044265747,0.2639307677745819,0.23847103118896484,0.01661365106701851,0.213203125,0.4272070825099945,0.9788216145833333,0.04235677083333335,1.0,0.0,0.8804450757575757,0.6320667613636364,0.0634375,0.5891796875,0.022981770833333335,0.022369791666666666,0.9810553789138794,0.03788938745856285,0.617164671421051,1.0,0.0,0.7810978293418884,0.0,0.5245899558067322,1.0,0.9919507503509521,0.008049249649047852
1,1560,0.3090261220932007,0.2640586495399475,0.238525852560997,0.016707560047507286,0.2126171875,0.4344014525413513,0.9788389756944443,0.04232204861111112,1.0,0.0,0.8757102272727273,0.6313565340909091,0.06341145833333334,0.5888541666666667,0.0228125,0.022265625,0.9803851842880249,0.039229702204465866,0.6150636076927185,1.0,0.0,0.7670905590057373,0.0,0.5228040814399719,1.0,0.991839587688446,0.008160412311553955
1,1570,0.30545997619628906,0.2637487053871155,0.24083875119686127,0.016067802906036377,0.20442708333333334,0.4374605715274811,0.9771701388888888,0.04565972222222223,1.0,0.0,0.7022964015151515,0.6053444602272727,0.04649739583333334,0.5836197916666667,0.02234375,0.018450520833333334,0.9796921610832214,0.04061570018529892,0.613258421421051,1.0,0.0,0.7550561428070068,0.0,0.521269679069519,1.0,0.991729736328125,0.008270263671875
1,1580,0.30556410551071167,0.2639738917350769,0.2411460131406784,0.01609967090189457,0.20330729166666667,0.44279709458351135,0.977322048611111,0.04535590277777779,1.0,0.0,0.6957859848484848,0.6043678977272727,0.04600260416666667,0.5826432291666667,0.022265625,0.018307291666666666,0.97906893491745,0.041862186044454575,0.6120620369911194,1.0,0.0,0.7470802068710327,0.0,0.5202527642250061,1.0,0.9916220903396606,0.008377909660339355
1,1590,0.30545201897621155,0.2642681896686554,0.2414889931678772,0.01618073135614395,0.20248697916666666,0.44061487913131714,0.9771788194444444,0.04564236111111111,1.0,0.0,0.6715198863636364,0.6007279829545454,0.04540364583333333,0.58125,0.022369791666666666,0.0177734375,0.9786733388900757,0.04265335574746132,0.6107768416404724,1.0,0.0,0.738512396812439,0.0,0.5191603302955627,1.0,0.9915187954902649,0.008481204509735107
1,1600,0.305776983499527,0.26425909996032715,0.24121804535388947,0.016226738691329956,0.20236979166666666,0.441984623670578,0.9772960069444444,0.045407986111111104,1.0,0.0,0.6732954545454545,0.6009943181818181,0.04606770833333333,0.582421875,0.022239583333333333,0.0178125,0.9782806634902954,0.04343874007463455,0.6096396446228027,1.0,0.0,0.7309309244155884,0.0,0.5181937217712402,1.0,0.9914195537567139,0.008580446243286133
1,1610,0.3058391809463501,0.26430386304855347,0.24134795367717743,0.01632336899638176,0.2034375,0.44278350472450256,0.9771983506944444,0.04560329861111112,1.0,0.0,0.727154356060606,0.6090731534090909,0.04635416666666667,0.5825260416666667,0.022708333333333334,0.018997395833333333,0.9778414368629456,0.044317129999399185,0.6082022786140442,1.0,0.0,0.7213485240936279,0.0,0.5169719457626343,1.0,0.9913235902786255,0.008676409721374512
1,1620,0.3056734800338745,0.2644295394420624,0.2416084259748459,0.016336588189005852,0.20610677083333334,0.44727823138237,0.977109375,0.04578125000000001,1.0,0.0,0.6898674242424242,0.6034801136363637,0.04419270833333333,0.5819791666666667,0.022096354166666665,0.018177083333333333,0.977565348148346,0.044869378209114075,0.6065154671669006,1.0,0.0,0.7101032733917236,0.0,0.5155381560325623,1.0,0.9912329912185669,0.008767008781433105
1,1630,0.3056715130805969,0.2642453908920288,0.241891548037529,0.0163885410875082,0.20424479166666668,0.4453178942203522,0.9774197048611111,0.04516059027777777,1.0,0.0,0.7141335227272727,0.607120028409091,0.045,0.5822526041666667,0.023177083333333334,0.0187109375,0.9775409698486328,0.04491794854402542,0.6062406897544861,1.0,0.0,0.708271324634552,0.0,0.5153046250343323,1.0,0.9911500215530396,0.00884997844696045
1,1640,0.305456280708313,0.26456740498542786,0.24222178757190704,0.016430512070655823,0.20377604166666666,0.43780991435050964,0.9772526041666666,0.04549479166666667,1.0,0.0,0.6407433712121212,0.5961115056818181,0.04408854166666667,0.580859375,0.023111979166666668,0.017096354166666668,0.9775662422180176,0.04486751928925514,0.6065493226051331,1.0,0.0,0.7103286981582642,0.0,0.5155669450759888,1.0,0.9910749197006226,0.008925080299377441
1,1650,0.3057374656200409,0.2644415497779846,0.24191859364509583,0.0164486151188612,0.20423177083333333,0.4347209632396698,0.9775151909722222,0.04496961805555556,1.0,0.0,0.6466619318181818,0.5969992897727272,0.04311197916666667,0.5807682291666667,0.022721354166666666,0.0172265625,0.9775093197822571,0.044981397688388824,0.6049724817276001,1.0,0.0,0.6998162269592285,0.0,0.5142266154289246,1.0,0.9910067915916443,0.008993208408355713
1,1660,0.30544185638427734,0.26435527205467224,0.24172556400299072,0.016504613682627678,0.20494791666666667,0.4416857957839966,0.977536892361111,0.04492621527777779,1.0,0.0,0.7058475378787878,0.6058771306818181,0.04470052083333333,0.5805859375,0.022057291666666666,0.018528645833333333,0.9774420261383057,0.04511594772338867,0.6032264828681946,1.0,0.0,0.6881763935089111,0.0,0.5127425193786621,1.0,0.9909449815750122,0.009055018424987793
1,1670,0.30561500787734985,0.2644849121570587,0.24191893637180328,0.016511967405676842,0.20361979166666666,0.4409155249595642,0.9774110243055555,0.04517795138888889,1.0,0.0,0.6502130681818181,0.5975319602272727,0.044622395833333335,0.580546875,0.0223046875,0.0173046875,0.977381706237793,0.04523664712905884,0.6019455194473267,1.0,0.0,0.6796367764472961,0.0,0.51165372133255,1.0,0.9908884763717651,0.009111523628234863
1,1680,0.3056935966014862,0.2645358443260193,0.24207285046577454,0.016521980985999107,0.20130208333333333,0.4443533420562744,0.9775585937499999,0.04488281250000001,1.0,0.0,0.640151515151515,0.5960227272727272,0.042981770833333335,0.5801302083333333,0.022526041666666666,0.017083333333333332,0.9773979187011719,0.045204199850559235,0.6018567681312561,1.0,0.0,0.6790449619293213,0.0,0.5115782618522644,1.0,0.9908384084701538,0.009161591529846191
1,1690,0.3057675361633301,0.26455411314964294,0.242054283618927,0.016558371484279633,0.20451822916666668,0.438078910112381,0.9774934895833333,0.045013020833333334,1.0,0.0,0.7017045454545454,0.6052556818181818,0.048880208333333335,0.5797135416666667,0.02276041666666667,0.0184375,0.9774059653282166,0.04518807679414749,0.6015692353248596,1.0,0.0,0.6771284341812134,0.0,0.5113338828086853,1.0,0.9907947182655334,0.009205281734466553
1,1700,0.3058381974697113,0.2646035850048065,0.24205181002616882,0.016558192670345306,0.20260416666666667,0.4392874240875244,0.9775651041666666,0.04486979166666667,1.0,0.0,0.6928267045454545,0.6039240056818181,0.05036458333333333,0.5804817708333333,0.0227734375,0.0182421875,0.9774371981620789,0.04512566328048706,0.6018694639205933,1.0,0.0,0.6791294813156128,0.0,0.5115890502929688,1.0,0.9907591938972473,0.009240806102752686
1,1710,0.30571049451828003,0.264667809009552,0.2422608733177185,0.016579708084464073,0.20234375,0.4479491114616394,0.9773763020833333,0.04524739583333334,1.0,0.0,0.6809895833333334,0.6021484375,0.043958333333333335,0.5809635416666666,0.0223046875,0.017981770833333334,0.9774667620658875,0.04506655037403107,0.6018651723861694,1.0,0.0,0.679101288318634,0.0,0.5115854144096375,1.0,0.9907322525978088,0.009267747402191162
1,1720,0.3058070242404938,0.26464003324508667,0.24218206107616425,0.016579091548919678,0.20135416666666667,0.4405931532382965,0.9774891493055555,0.045021701388888904,1.0,0.0,0.6673768939393938,0.6001065340909091,0.04252604166666667,0.5804296875,0.022513020833333335,0.017682291666666666,0.9775133728981018,0.04497333988547325,0.6014636158943176,1.0,0.0,0.6764238476753235,0.0,0.5112440586090088,1.0,0.9907138347625732,0.009286165237426758
1,1730,0.3058612048625946,0.2645539343357086,0.2420753538608551,0.016562266275286674,0.20286458333333332,0.4337003529071808,0.9775455729166665,0.04490885416666668,1.0,0.0,0.707623106060606,0.6061434659090909,0.046640625,0.580859375,0.023125,0.018567708333333332,0.97763991355896,0.044720157980918884,0.601844072341919,1.0,0.0,0.678960382938385,0.0,0.5115674734115601,1.0,0.990703821182251,0.009296178817749023
1,1740,0.3057030737400055,0.2649149000644684,0.24252921342849731,0.016619622707366943,0.20296875,0.44371774792671204,0.9773263888888888,0.04534722222222223,1.0,0.0,0.6513967803030303,0.5977095170454545,0.04442708333333333,0.5795182291666666,0.022669270833333335,0.017330729166666666,0.9779071807861328,0.04418568313121796,0.6038859486579895,1.0,0.0,0.692573070526123,0.0,0.5133030414581299,1.0,0.9907009601593018,0.009299039840698242
1,1750,0.3058881461620331,0.2649497389793396,0.24261552095413208,0.016652969643473625,0.20248697916666666,0.44076183438301086,0.9772699652777777,0.045460069444444445,1.0,0.0,0.6803977272727272,0.6020596590909091,0.0434375,0.5801171875,0.022330729166666667,0.01796875,0.9781998991966248,0.04360015690326691,0.6064520478248596,1.0,0.0,0.7096805572509766,0.0,0.5154842734336853,1.0,0.9907051920890808,0.00929480791091919
1,1760,0.30586209893226624,0.2648480236530304,0.24239374697208405,0.016642078757286072,0.20201822916666667,0.44242504239082336,0.9774088541666666,0.045182291666666666,1.0,0.0,0.6360085227272726,0.5954012784090909,0.04319010416666667,0.5806640625,0.022708333333333334,0.0169921875,0.9784647226333618,0.043070435523986816,0.6078387498855591,1.0,0.0,0.7189247608184814,0.0,0.5166629552841187,1.0,0.9907161593437195,0.009283840656280518
1,1770,0.3059591054916382,0.2648307681083679,0.24239256978034973,0.01668747141957283,0.20334635416666666,0.4421146512031555,0.9775716145833333,0.04485677083333334,1.0,0.0,0.6963778409090909,0.6044566761363637,0.045885416666666665,0.5802083333333333,0.022799479166666668,0.0183203125,0.9787847995758057,0.04243034869432449,0.6093099117279053,1.0,0.0,0.7287326455116272,0.0,0.5179134607315063,1.0,0.9907345771789551,0.009265422821044922
1,1780,0.3058885633945465,0.2649060785770416,0.24236497282981873,0.01669611595571041,0.20381510416666668,0.440237820148468,0.9775108506944443,0.044978298611111106,1.0,0.0,0.6898674242424242,0.6034801136363637,0.044557291666666665,0.5804036458333334,0.02296875,0.018177083333333333,0.9791064262390137,0.04178716242313385,0.6116985082626343,1.0,0.0,0.7446563839912415,0.0,0.5199437737464905,1.0,0.9907599687576294,0.009240031242370605
1,1790,0.3058578372001648,0.26486900448799133,0.24238310754299164,0.016715697944164276,0.20274739583333334,0.4357558786869049,0.9774913194444443,0.04501736111111111,1.0,0.0,0.6555397727272727,0.598330965909091,0.044947916666666664,0.5795963541666667,0.022721354166666666,0.017421875,0.9794074296951294,0.041185103356838226,0.6142688393592834,1.0,0.0,0.761792004108429,0.0,0.5221285223960876,1.0,0.9907916784286499,0.009208321571350098
1,1800,0.30215567350387573,0.2614103853702545,0.24028386175632477,0.015895366668701172,0.2019921875,0.44144490361213684,0.9778342013888888,0.04433159722222224,1.0,0.0,0.7135416666666667,0.60703125,0.055755208333333334,0.5796223958333333,0.022604166666666668,0.018697916666666668,0.9796783924102783,0.04064318910241127,0.6163825988769531,1.0,0.0,0.7758837938308716,0.0,0.523925244808197,1.0,0.9908273220062256,0.009172677993774414
1,1810,0.30156391859054565,0.26041287183761597,0.24041429162025452,0.016456685960292816,0.19837239583333333,0.4294402003288269,0.9779166666666665,0.04416666666666666,1.0,0.0,0.6727035984848484,0.6009055397727272,0.059375,0.5827864583333333,0.02265625,0.017799479166666667,0.9799387454986572,0.040122561156749725,0.6183526515960693,1.0,0.0,0.7890174388885498,0.0,0.5255997776985168,1.0,0.9908673763275146,0.009132623672485352
1,1820,0.3010292947292328,0.25957539677619934,0.23881424963474274,0.01647978648543358,0.1999609375,0.4452977478504181,0.9781770833333332,0.04364583333333334,1.0,0.0,0.6709280303030303,0.6006392045454545,0.06416666666666666,0.582265625,0.022317708333333332,0.017760416666666667,0.9802173376083374,0.03956535458564758,0.6205678582191467,1.0,0.0,0.8037856817245483,0.0,0.5274826884269714,1.0,0.9909122586250305,0.009087741374969482
1,1830,0.29292598366737366,0.24950987100601196,0.2207781821489334,0.015170351602137089,0.19856770833333334,0.4725281894207001,0.9797677951388888,0.04046440972222223,1.0,0.0,0.7431344696969696,0.6114701704545454,0.0791015625,0.595,0.02015625,0.019348958333333333,0.980442225933075,0.03911561518907547,0.6213288307189941,1.0,0.0,0.8088587522506714,0.0,0.528129518032074,1.0,0.9909602403640747,0.009039759635925293
1,1840,0.30130940675735474,0.24596013128757477,0.20760732889175415,0.01689932867884636,0.226484375,0.4367648959159851,0.9830316840277777,0.033936631944444455,1.0,0.0,1.0,0.65,0.11690104166666666,0.631953125,0.019921875,0.0283984375,0.9806103706359863,0.03877934813499451,0.6215317249298096,1.0,0.0,0.8102115392684937,0.0,0.5283019542694092,1.0,0.9910091161727905,0.008990883827209473
1,1850,0.3049960434436798,0.2450869232416153,0.20372387766838074,0.01696189120411873,0.23037760416666667,0.44354933500289917,0.9834006076388888,0.03319878472222223,1.0,0.0,1.0,0.65,0.11864583333333334,0.6456901041666666,0.018971354166666666,0.026627604166666666,0.9807894229888916,0.03842117264866829,0.6231720447540283,1.0,0.0,0.8211467862129211,0.0,0.5296962261199951,1.0,0.9910589456558228,0.008941054344177246
1,1860,0.3008071780204773,0.24409064650535583,0.20495539903640747,0.015692243352532387,0.216953125,0.4778003394603729,0.9830772569444444,0.033845486111111114,1.0,0.0,0.8407907196969696,0.6261186079545454,0.09760416666666667,0.638828125,0.0140625,0.021497395833333332,0.9809191823005676,0.03816158324480057,0.6238315105438232,1.0,0.0,0.8255434036254883,0.0,0.5302568078041077,1.0,0.9911110401153564,0.008888959884643555
1,1870,0.30615168809890747,0.2434956133365631,0.1971033811569214,0.015868116170167923,0.22302083333333333,0.4656945765018463,0.9842578124999999,0.031484375,1.0,0.0,0.9118134469696969,0.6367720170454545,0.1289453125,0.6566276041666667,0.012565104166666667,0.023059895833333333,0.9809881448745728,0.038023725152015686,0.6232481002807617,1.0,0.0,0.8216540813446045,0.0,0.5297608971595764,1.0,0.9911645650863647,0.008835434913635254
1,1880,0.3048766553401947,0.2439977526664734,0.19756753742694855,0.01523748692125082,0.22493489583333334,0.4718068540096283,0.9841644965277777,0.031671006944444455,1.0,0.0,0.9846117424242424,0.6476917613636364,0.13705729166666666,0.6544791666666666,0.014192708333333333,0.024661458333333334,0.9810507893562317,0.037898480892181396,0.622127890586853,1.0,0.0,0.814185380935669,0.0,0.5288087129592896,1.0,0.9912205338478088,0.008779466152191162
1,1890,0.30828189849853516,0.24543730914592743,0.1918112188577652,0.015723247081041336,0.22970052083333334,0.4824667274951935,0.9838802083333332,0.032239583333333335,1.0,0.0,1.0,0.65,0.13947916666666665,0.6519010416666666,0.009791666666666667,0.025950520833333334,0.981116771697998,0.03776662051677704,0.6212189197540283,1.0,0.0,0.808125913143158,0.0,0.5280361175537109,1.0,0.9912777543067932,0.008722245693206787
1,1900,0.3070954978466034,0.2464102804660797,0.19333501160144806,0.01702476292848587,0.22595052083333333,0.4424329102039337,0.98318359375,0.03363281250000001,1.0,0.0,0.9976325757575757,0.6496448863636364,0.14450520833333333,0.6452473958333333,0.011106770833333333,0.024947916666666667,0.9813030362129211,0.037393972277641296,0.6233115196228027,1.0,0.0,0.8220768570899963,0.0,0.5298147797584534,1.0,0.9913361668586731,0.008663833141326904
1,1910,0.30635014176368713,0.2468363344669342,0.20549243688583374,0.017019180580973625,0.22186197916666667,0.45595550537109375,0.9830316840277777,0.033936631944444455,1.0,0.0,0.9686316287878788,0.6452947443181818,0.14024739583333334,0.644609375,0.011197916666666667,0.024309895833333334,0.9815338850021362,0.03693225234746933,0.625158965587616,1.0,0.0,0.8343930244445801,0.0,0.5313851237297058,1.0,0.9913936853408813,0.008606314659118652
1,1920,0.30679595470428467,0.24516381323337555,0.20335876941680908,0.017327236011624336,0.2212890625,0.45577412843704224,0.9832269965277777,0.03354600694444444,1.0,0.0,0.991122159090909,0.6486683238636364,0.14302083333333335,0.64796875,0.010716145833333333,0.0248046875,0.981753408908844,0.03649326413869858,0.6269176006317139,1.0,0.0,0.8461174368858337,0.0,0.5328799486160278,1.0,0.9914497137069702,0.008550286293029785
1,1930,0.30730801820755005,0.25246021151542664,0.21135306358337402,0.013931498862802982,0.19725260416666668,0.4753773510456085,0.9822113715277777,0.03557725694444444,1.0,0.0,0.7739109848484849,0.6160866477272727,0.10649739583333333,0.6407291666666667,0.008111979166666667,0.020026041666666668,0.9819527864456177,0.03609437122941017,0.6277166604995728,1.0,0.0,0.8514441251754761,0.0,0.5335592031478882,1.0,0.9915040731430054,0.008495926856994629
1,1940,0.3070058226585388,0.26231375336647034,0.22754323482513428,0.014883087016642094,0.19015625,0.4581240713596344,0.9810763888888888,0.03784722222222223,1.0,0.0,0.7360321969696969,0.6104048295454545,0.078828125,0.6011848958333333,0.009283854166666666,0.019192708333333332,0.982046902179718,0.035906292498111725,0.6275602579116821,1.0,0.0,0.8504012823104858,0.0,0.5334262251853943,1.0,0.9915560483932495,0.008443951606750488
1,1950,0.3080475628376007,0.2635495662689209,0.23110675811767578,0.015364410355687141,0.19625,0.4336662292480469,0.9810872395833332,0.03782552083333335,1.0,0.0,0.8810369318181819,0.6321555397727273,0.07615885416666666,0.597109375,0.010559895833333333,0.0223828125,0.9820650219917297,0.03586991876363754,0.6270402073860168,1.0,0.0,0.8469346761703491,0.0,0.53298419713974,1.0,0.991604208946228,0.008395791053771973
1,1960,0.3069419264793396,0.2647435963153839,0.2344658523797989,0.015121608972549438,0.19216145833333334,0.4412626028060913,0.9799956597222221,0.040008680555555565,1.0,0.0,0.7727272727272727,0.615909090909091,0.07592447916666667,0.5920703125,0.011770833333333333,0.02,0.9820579290390015,0.035884175449609756,0.6265160441398621,1.0,0.0,0.8434399366378784,0.0,0.532538652420044,1.0,0.9916477799415588,0.008352220058441162
1,1970,0.3030474781990051,0.26432856917381287,0.23581542074680328,0.014603592455387115,0.181171875,0.4469553530216217,0.9788563368055555,0.04228732638888889,1.0,0.0,0.5543323863636362,0.5831498579545454,0.05321614583333333,0.5856770833333333,0.010325520833333334,0.0151953125,0.9820603728294373,0.035879217088222504,0.6272304654121399,1.0,0.0,0.8482030034065247,0.0,0.5331459045410156,1.0,0.9916868209838867,0.008313179016113281
1,1980,0.2999505400657654,0.2635824680328369,0.2347261905670166,0.014252563938498497,0.18389322916666667,0.4450995922088623,0.9788867187499999,0.04222656250000001,1.0,0.0,0.5395359848484849,0.5809303977272727,0.062265625,0.580703125,0.009388020833333333,0.014869791666666667,0.982006311416626,0.035987310111522675,0.6276025176048279,1.0,0.0,0.8506831526756287,0.0,0.5334621667861938,1.0,0.991720974445343,0.008279025554656982
1,1990,0.2991064786911011,0.26306086778640747,0.23421485722064972,0.014593803323805332,0.18346354166666667,0.4528195559978485,0.9788953993055555,0.042209201388888895,1.0,0.0,0.5626183712121212,0.5843927556818181,0.06408854166666667,0.5793880208333333,0.009114583333333334,0.015377604166666666,0.9819605946540833,0.03607887029647827,0.6269049644470215,1.0,0.0,0.8460328578948975,0.0,0.5328692197799683,1.0,0.9917501211166382,0.008249878883361816
1,2000,0.29559773206710815,0.25026369094848633,0.2104264199733734,0.014511165209114552,0.1953125,0.4292556345462799,0.981404079861111,0.03719184027777779,1.0,0.0,0.9485085227272727,0.642276278409091,0.104375,0.6172265625,0.009713541666666667,0.0238671875,0.9819275140762329,0.036145009100437164,0.6258565187454224,1.0,0.0,0.8390433192253113,0.0,0.5319780707359314,1.0,0.9917744994163513,0.008225500583648682
1,2010,0.3014273941516876,0.246584951877594,0.2036045640707016,0.015892742201685905,0.21184895833333334,0.47828409075737,0.9826822916666665,0.03463541666666667,1.0,0.0,0.972182765151515,0.6458274147727272,0.12572916666666667,0.6445963541666667,0.011184895833333333,0.024388020833333333,0.98192298412323,0.03615410253405571,0.6250237226486206,1.0,0.0,0.8334911465644836,0.0,0.5312702059745789,1.0,0.9917944073677063,0.008205592632293701
1,2020,0.30549904704093933,0.24866636097431183,0.20440644025802612,0.0158606618642807,0.21540364583333332,0.43050578236579895,0.9825260416666666,0.03494791666666666,1.0,0.0,0.9189157196969696,0.6378373579545454,0.12010416666666666,0.6469791666666667,0.009322916666666667,0.023216145833333333,0.9819352626800537,0.036129508167505264,0.625036358833313,1.0,0.0,0.8335757255554199,0.0,0.5312809348106384,1.0,0.9918100833892822,0.008189916610717773
1,2030,0.3041756749153137,0.24863435328006744,0.20405732095241547,0.015087798237800598,0.21173177083333333,0.48428720235824585,0.9823654513888889,0.035269097222222226,1.0,0.0,0.7827888257575757,0.6174183238636364,0.1105859375,0.6425390625,0.008502604166666667,0.020221354166666667,0.9819332957267761,0.036133430898189545,0.6244868040084839,1.0,0.0,0.8299118876457214,0.0,0.5308138132095337,1.0,0.9918211698532104,0.00817883014678955
1,2040,0.30725598335266113,0.2504197657108307,0.21213118731975555,0.01538985688239336,0.20966145833333333,0.4342022240161896,0.9817426215277777,0.03651475694444444,1.0,0.0,0.7212357954545454,0.6081853693181818,0.1071875,0.6434765625,0.009192708333333334,0.0188671875,0.9819952845573425,0.03600942716002464,0.6254125833511353,1.0,0.0,0.8360840678215027,0.0,0.5316007137298584,1.0,0.9918282628059387,0.00817173719406128
1,2050,0.3059368431568146,0.2432064414024353,0.19003823399543762,0.01648009940981865,0.21268229166666666,0.4475541114807129,0.9834136284722221,0.03317274305555556,1.0,0.0,0.9272017045454545,0.6390802556818181,0.136015625,0.6519140625,0.014322916666666666,0.0233984375,0.9821047782897949,0.03579055517911911,0.6266555190086365,1.0,0.0,0.8443700671195984,0.0,0.5326572060585022,1.0,0.9918317794799805,0.008168220520019531
1,2060,0.3079662024974823,0.24464088678359985,0.18478238582611084,0.017890488728880882,0.23315104166666667,0.4506039321422577,0.9832508680555555,0.03349826388888889,1.0,0.0,0.9266098484848484,0.6389914772727272,0.13247395833333334,0.6549739583333334,0.013307291666666667,0.023385416666666665,0.9822507500648499,0.03549851477146149,0.6270148754119873,1.0,0.0,0.8467656373977661,0.0,0.5329626798629761,1.0,0.99183189868927,0.00816810131072998
1,2070,0.3038845360279083,0.2447100430727005,0.18544916808605194,0.016599830240011215,0.22294270833333332,0.45928603410720825,0.9831293402777777,0.033741319444444445,1.0,0.0,0.9408143939393938,0.6411221590909091,0.1375390625,0.6441666666666667,0.010625,0.023697916666666666,0.982326090335846,0.035347841680049896,0.6251082420349121,1.0,0.0,0.8340548276901245,0.0,0.5313420295715332,1.0,0.9918289184570312,0.00817108154296875
1,2080,0.305324912071228,0.24640829861164093,0.18947602808475494,0.016851788386702538,0.22841145833333334,0.437008261680603,0.983122829861111,0.03375434027777779,1.0,0.0,0.9638967803030302,0.6445845170454545,0.12958333333333333,0.6411067708333333,0.011783854166666666,0.024205729166666665,0.9824818968772888,0.03503616899251938,0.626511812210083,1.0,0.0,0.8434118032455444,0.0,0.5325350761413574,1.0,0.9918252229690552,0.008174777030944824
1,2090,0.3058113753795624,0.24547719955444336,0.1888716071844101,0.01678371988236904,0.22712239583333332,0.43369054794311523,0.983203125,0.033593750000000006,1.0,0.0,0.8869554924242424,0.6330433238636364,0.13759114583333334,0.6430338541666667,0.01203125,0.022513020833333335,0.9826068878173828,0.03478629142045975,0.6274587512016296,1.0,0.0,0.8497248888015747,0.0,0.5333399772644043,1.0,0.9918203353881836,0.008179664611816406
1,2100,0.3048061728477478,0.2452014684677124,0.18835893273353577,0.01672605238854885,0.22274739583333333,0.43594977259635925,0.9831857638888888,0.03362847222222223,1.0,0.0,0.8532196969696969,0.6279829545454545,0.13829427083333334,0.6427604166666666,0.009270833333333334,0.021770833333333333,0.982727587223053,0.034544892609119415,0.6280040740966797,1.0,0.0,0.853360652923584,0.0,0.5338034629821777,1.0,0.9918146729469299,0.008185327053070068
1,2110,0.30397066473960876,0.2446756362915039,0.18594083189964294,0.01677466742694378,0.22356770833333334,0.43626007437705994,0.9830881076388888,0.03382378472222222,1.0,0.0,0.8810369318181819,0.6321555397727273,0.13170572916666667,0.6422916666666667,0.007473958333333333,0.0223828125,0.9826805591583252,0.03463893383741379,0.6248165369033813,1.0,0.0,0.8321101665496826,0.0,0.5310940742492676,1.0,0.9918070435523987,0.008192956447601318
1,2120,0.3020223379135132,0.24372200667858124,0.18530599772930145,0.01613513007760048,0.22436197916666667,0.43122178316116333,0.9832899305555555,0.03342013888888889,1.0,0.0,0.9704071969696969,0.6455610795454545,0.13096354166666666,0.6431119791666666,0.008229166666666666,0.024348958333333334,0.982572078704834,0.03485594689846039,0.621565580368042,1.0,0.0,0.8104369640350342,0.0,0.5283307433128357,1.0,0.9917972087860107,0.008202791213989258
1,2130,0.30430325865745544,0.24515846371650696,0.18306945264339447,0.01609754003584385,0.22169270833333332,0.4270506799221039,0.9831857638888888,0.03362847222222223,1.0,0.0,0.9141808712121212,0.6371271306818181,0.12813802083333334,0.64203125,0.007161458333333333,0.023111979166666668,0.9824673533439636,0.035065311938524246,0.6184709668159485,1.0,0.0,0.789806604385376,0.0,0.5257003307342529,1.0,0.99178546667099,0.00821453332901001
1,2140,0.30482804775238037,0.24569255113601685,0.18351493775844574,0.016077041625976562,0.22221354166666665,0.4328889846801758,0.9835134548611111,0.03297309027777778,1.0,0.0,0.903527462121212,0.6355291193181818,0.13126302083333333,0.6448828125,0.0075390625,0.022877604166666666,0.982372522354126,0.03525504469871521,0.6162980794906616,1.0,0.0,0.7753201723098755,0.0,0.5238533616065979,1.0,0.9917720556259155,0.008227944374084473
1,2150,0.3039279878139496,0.2463604062795639,0.1841191053390503,0.01606772653758526,0.222734375,0.4280245006084442,0.9833745659722222,0.03325086805555556,1.0,0.0,0.9100378787878788,0.6365056818181818,0.1305859375,0.640859375,0.008203125,0.023020833333333334,0.9823028445243835,0.035394348204135895,0.6145098209381104,1.0,0.0,0.7633985280990601,0.0,0.5223333835601807,1.0,0.9917579889297485,0.008242011070251465
1,2160,0.3158067762851715,0.25355833768844604,0.19726504385471344,0.01514016930013895,0.20904947916666666,0.4374781847000122,0.9841536458333333,0.03169270833333334,1.0,0.0,0.931344696969697,0.6397017045454545,0.12708333333333333,0.6376171875,0.011276041666666667,0.023489583333333335,0.9821590185165405,0.03568204492330551,0.6115716695785522,1.0,0.0,0.7438108921051025,0.0,0.5198359489440918,1.0,0.9917442798614502,0.008255720138549805
1,2170,0.31026163697242737,0.25857725739479065,0.2113458216190338,0.015571540221571922,0.19321614583333332,0.4660317003726959,0.9815776909722221,0.03684461805555557,1.0,0.0,0.5058001893939393,0.5758700284090909,0.078046875,0.5952604166666666,0.014986979166666666,0.014127604166666667,0.9820261001586914,0.03594783693552017,0.6082403659820557,1.0,0.0,0.721602201461792,0.0,0.5170043110847473,1.0,0.9917311668395996,0.00826883316040039
1,2180,0.31139591336250305,0.2576081156730652,0.2102891504764557,0.016348665580153465,0.207109375,0.4324716627597809,0.9821289062499999,0.035742187499999994,1.0,0.0,0.7508285984848485,0.6126242897727273,0.08697916666666666,0.6010286458333334,0.0184375,0.019518229166666668,0.9818946123123169,0.03621073067188263,0.6048667430877686,1.0,0.0,0.6991117000579834,0.0,0.5141367316246033,1.0,0.9917181730270386,0.008281826972961426
1,2190,0.31028422713279724,0.2583426237106323,0.2130604237318039,0.01641879789531231,0.20026041666666666,0.4319363534450531,0.9815104166666666,0.03697916666666667,1.0,0.0,0.6721117424242424,0.6008167613636364,0.08069010416666667,0.5955208333333334,0.018138020833333334,0.017786458333333335,0.9817611575126648,0.03647776320576668,0.6014086604118347,1.0,0.0,0.6760574579238892,0.0,0.5111973881721497,1.0,0.991706371307373,0.008293628692626953
1,2200,0.3104724586009979,0.25857606530189514,0.21355174481868744,0.01655622571706772,0.2026953125,0.43219247460365295,0.9814301215277776,0.03713975694444445,1.0,0.0,0.638967803030303,0.5958451704545454,0.0765234375,0.5956510416666667,0.018580729166666667,0.017057291666666665,0.9816284775733948,0.03674314171075821,0.598542332649231,1.0,0.0,0.6569489240646362,0.0,0.5087609887123108,1.0,0.9916955232620239,0.008304476737976074
1,2210,0.3077410161495209,0.2588633596897125,0.21559594571590424,0.01612531580030918,0.196796875,0.4361562132835388,0.9804166666666666,0.03916666666666668,1.0,0.0,0.502249053030303,0.5753373579545454,0.06962239583333334,0.5883854166666667,0.017916666666666668,0.014049479166666667,0.9814924597740173,0.03701513260602951,0.5958324670791626,1.0,0.0,0.6388832330703735,0.0,0.5064576268196106,1.0,0.9916853904724121,0.00831460952758789
1,2220,0.30739134550094604,0.2587888240814209,0.21564868092536926,0.016109904274344444,0.19319010416666665,0.4366935193538666,0.9804036458333333,0.03919270833333334,1.0,0.0,0.5170454545454545,0.5775568181818181,0.05936197916666667,0.5875130208333333,0.017916666666666668,0.014375,0.9813661575317383,0.037267692387104034,0.5929239392280579,1.0,0.0,0.6194929480552673,0.0,0.5039853453636169,1.0,0.9916762113571167,0.0083237886428833
1,2230,0.3074903190135956,0.2589815855026245,0.21619994938373566,0.016246255487203598,0.19309895833333332,0.4420611560344696,0.9803276909722222,0.03934461805555556,1.0,0.0,0.48567708333333326,0.5728515625,0.0614453125,0.5884114583333333,0.018125,0.013684895833333334,0.9812248945236206,0.03755022585391998,0.5895799398422241,1.0,0.0,0.5971996784210205,0.0,0.5011429786682129,1.0,0.9916675090789795,0.008332490921020508
1,2240,0.3075990676879883,0.2591705620288849,0.2161911129951477,0.016271978616714478,0.19149739583333333,0.44992974400520325,0.9803732638888888,0.039253472222222224,1.0,0.0,0.4785748106060605,0.5717862215909091,0.06013020833333333,0.5879296875,0.0179296875,0.013528645833333333,0.9810861349105835,0.03782779723405838,0.5864262580871582,1.0,0.0,0.5761747360229492,0.0,0.4984623193740845,1.0,0.9916602373123169,0.008339762687683105
1,2250,0.3075215518474579,0.2592182457447052,0.21665284037590027,0.01634105294942856,0.19299479166666667,0.43792542815208435,0.9802799479166666,0.03944010416666667,1.0,0.0,0.47088068181818177,0.5706321022727272,0.058997395833333334,0.587734375,0.0177734375,0.013359375,0.9809362888336182,0.03812748193740845,0.5833612680435181,1.0,0.0,0.555741548538208,0.0,0.4958570897579193,1.0,0.9916538000106812,0.008346199989318848
1,2260,0.3077530562877655,0.2593729496002197,0.2166895866394043,0.0164171252399683,0.19416666666666665,0.4385139048099518,0.9803927951388888,0.03921440972222223,1.0,0.0,0.5158617424242423,0.5773792613636364,0.05876302083333333,0.5868619791666667,0.017421875,0.014348958333333333,0.9807901978492737,0.038419727236032486,0.5802286267280579,1.0,0.0,0.5348575115203857,0.0,0.4931943416595459,1.0,0.9916478991508484,0.008352100849151611
1,2270,0.3081739842891693,0.2596961557865143,0.21687664091587067,0.016458436846733093,0.19391927083333332,0.4398554563522339,0.9804600694444443,0.039079861111111114,1.0,0.0,0.4602272727272726,0.5690340909090909,0.06061197916666667,0.58765625,0.017903645833333332,0.013125,0.9806581735610962,0.038683656603097916,0.5788673162460327,1.0,0.0,0.5257824063301086,0.0,0.49203723669052124,1.0,0.9916421175003052,0.008357882499694824
1,2280,0.30827993154525757,0.2596590518951416,0.2174295037984848,0.016517048701643944,0.19264322916666668,0.4364951550960541,0.980368923611111,0.03926215277777778,1.0,0.0,0.4685132575757575,0.5702769886363637,0.059765625,0.588125,0.018294270833333334,0.013307291666666667,0.9806480407714844,0.03870391100645065,0.5806471109390259,1.0,0.0,0.5376477241516113,0.0,0.49355006217956543,1.0,0.9916374683380127,0.008362531661987305
1,2290,0.3082271218299866,0.2598620057106018,0.2174084335565567,0.016506167128682137,0.19208333333333333,0.44120413064956665,0.9803190104166666,0.03936197916666667,1.0,0.0,0.47975852272727265,0.5719637784090909,0.06001302083333333,0.587265625,0.017994791666666666,0.0135546875,0.9806100130081177,0.03877996653318405,0.5807105898857117,1.0,0.0,0.5380704402923584,0.0,0.49360400438308716,1.0,0.9916298985481262,0.00837010145187378
1,2300,0.3081093728542328,0.2595548927783966,0.21690088510513306,0.01658691093325615,0.1919921875,0.4404617249965668,0.9804166666666666,0.03916666666666668,1.0,0.0,0.48567708333333326,0.5728515625,0.05869791666666667,0.5885416666666666,0.01765625,0.013684895833333334,0.9806044101715088,0.03879112750291824,0.5815687775611877,1.0,0.0,0.543791651725769,0.0,0.4943334758281708,1.0,0.9916202425956726,0.008379757404327393
1,2310,0.308076947927475,0.2597089409828186,0.2174205780029297,0.016573060303926468,0.19141927083333332,0.4426937997341156,0.9803298611111111,0.03934027777777778,1.0,0.0,0.4738399621212121,0.5710759943181818,0.059856770833333336,0.58703125,0.018294270833333334,0.013424479166666666,0.9806007742881775,0.038798362016677856,0.5823677778244019,1.0,0.0,0.5491183996200562,0.0,0.4950126111507416,1.0,0.9916092157363892,0.00839078426361084
1,2320,0.3084983825683594,0.2598566710948944,0.21779999136924744,0.016646986827254295,0.19126302083333332,0.4461445212364197,0.9804361979166666,0.03912760416666668,1.0,0.0,0.4738399621212121,0.5710759943181818,0.058190104166666666,0.5872265625,0.018645833333333334,0.013424479166666666,0.9806404113769531,0.03871920332312584,0.5843716263771057,1.0,0.0,0.5624774694442749,0.0,0.4967159032821655,1.0,0.9915956258773804,0.008404374122619629
1,2330,0.30810877680778503,0.2599484622478485,0.21796353161334991,0.01668490655720234,0.19299479166666667,0.4296080470085144,0.9803233506944443,0.039353298611111115,1.0,0.0,0.502249053030303,0.5753373579545454,0.0576953125,0.586328125,0.018619791666666666,0.014049479166666667,0.9806860089302063,0.038627855479717255,0.5859358310699463,1.0,0.0,0.572905421257019,0.0,0.4980454742908478,1.0,0.9915667176246643,0.008433282375335693
1,2340,0.30842453241348267,0.2600419819355011,0.21792562305927277,0.016718288883566856,0.19048177083333334,0.44019463658332825,0.980271267361111,0.039457465277777784,1.0,0.0,0.47265624999999994,0.5708984375,0.058567708333333336,0.5870052083333334,0.0181640625,0.0133984375,0.9807265996932983,0.038546837866306305,0.5883455276489258,1.0,0.0,0.5889700651168823,0.0,0.5000936985015869,1.0,0.9915066957473755,0.008493304252624512
1,2350,0.3082720935344696,0.25990960001945496,0.21793025732040405,0.016766313463449478,0.19147135416666666,0.4393949806690216,0.9803667534722221,0.039266493055555574,1.0,0.0,0.47443181818181807,0.5711647727272727,0.05821614583333334,0.586484375,0.018125,0.0134375,0.9807671904563904,0.03846561163663864,0.5900534391403198,1.0,0.0,0.6003562211990356,0.0,0.5015454292297363,1.0,0.9914395809173584,0.008560419082641602
1,2360,0.30817073583602905,0.2601419985294342,0.21823403239250183,0.016836486756801605,0.194375,0.442964643239975,0.9803059895833333,0.03938802083333334,1.0,0.0,0.4714725378787878,0.5707208806818181,0.05768229166666667,0.58546875,0.0184375,0.013372395833333333,0.9808178544044495,0.038364335894584656,0.592078447341919,1.0,0.0,0.6138561964035034,0.0,0.5032666921615601,1.0,0.9913755655288696,0.008624434471130371
1,2370,0.3087988793849945,0.2577601373195648,0.21425773203372955,0.017382999882102013,0.20283854166666668,0.42393240332603455,0.9813823784722221,0.03723524305555556,1.0,0.0,0.7407670454545455,0.6111150568181818,0.07630208333333334,0.5923958333333333,0.019921875,0.019296875,0.9808574914932251,0.03828497231006622,0.593790590763092,1.0,0.0,0.6252705454826355,0.0,0.504721999168396,1.0,0.9913151860237122,0.008684813976287842
1,2380,0.30905723571777344,0.2577972114086151,0.2143263965845108,0.017545586451888084,0.20540364583333334,0.42360055446624756,0.981365017361111,0.037269965277777775,1.0,0.0,0.7549715909090908,0.6132457386363637,0.08044270833333333,0.5924088541666667,0.020924479166666666,0.019609375,0.9808861613273621,0.03822772204875946,0.5957987308502197,1.0,0.0,0.638657808303833,0.0,0.5064289569854736,1.0,0.991257905960083,0.008742094039916992
1,2390,0.3090110123157501,0.25788846611976624,0.21430958807468414,0.01755477674305439,0.2038671875,0.4231754541397095,0.9813302951388888,0.03733940972222223,1.0,0.0,0.7597064393939393,0.6139559659090909,0.0811328125,0.5914583333333333,0.020572916666666666,0.019713541666666667,0.9809256792068481,0.03814876824617386,0.5981745719909668,1.0,0.0,0.6544970273971558,0.0,0.5084484219551086,1.0,0.9911754131317139,0.008824586868286133
1,2400,0.30920976400375366,0.25798746943473816,0.21452651917934418,0.017573438584804535,0.205703125,0.4181670546531677,0.9813932291666666,0.037213541666666676,1.0,0.0,0.7922585227272727,0.618838778409091,0.08251302083333334,0.5922786458333333,0.021002604166666668,0.0204296875,0.9809696078300476,0.03806072473526001,0.6005716323852539,1.0,0.0,0.6704770922660828,0.0,0.5104858875274658,1.0,0.991058349609375,0.008941650390625
1,2410,0.3092891573905945,0.2580188810825348,0.21452279388904572,0.01763625256717205,0.20354166666666668,0.4225365221500397,0.9813541666666665,0.03729166666666668,1.0,0.0,0.7508285984848485,0.6126242897727273,0.0806640625,0.5921875,0.020794270833333333,0.019518229166666668,0.9810099601745605,0.03798012062907219,0.6024105548858643,1.0,0.0,0.6827369928359985,0.0,0.5120489597320557,1.0,0.9909343123435974,0.009065687656402588
1,2420,0.30914825201034546,0.2579803466796875,0.21446555852890015,0.017644144594669342,0.204296875,0.42455118894577026,0.981247829861111,0.037504340277777784,1.0,0.0,0.7827888257575757,0.6174183238636364,0.08087239583333333,0.59203125,0.020677083333333332,0.020221354166666667,0.9810802936553955,0.0378393679857254,0.6049555540084839,1.0,0.0,0.6997035145759583,0.0,0.5142122507095337,1.0,0.9907823801040649,0.009217619895935059
1,2430,0.3091956675052643,0.2580297887325287,0.21444837749004364,0.01769813522696495,0.20298177083333332,0.4279593527317047,0.9813628472222221,0.03727430555555557,1.0,0.0,0.7360321969696969,0.6104048295454545,0.0828125,0.5923177083333333,0.020377604166666667,0.019192708333333332,0.9811458587646484,0.0377083346247673,0.6073863506317139,1.0,0.0,0.7159091234207153,0.0,0.5162783861160278,1.0,0.9906339049339294,0.009366095066070557
1,2440,0.3092215061187744,0.25801682472229004,0.2144518494606018,0.017717519775032997,0.207421875,0.42175161838531494,0.9811783854166666,0.03764322916666668,1.0,0.0,0.8230350378787878,0.6234552556818181,0.08088541666666667,0.5921354166666667,0.020390625,0.021106770833333333,0.9812737703323364,0.03745246306061745,0.6088194847106934,1.0,0.0,0.725463330745697,0.0,0.5174965858459473,1.0,0.9904798865318298,0.009520113468170166
1,2450,0.3093406558036804,0.2582505941390991,0.214553564786911,0.017748957499861717,0.20296875,0.4252014756202698,0.9812261284722221,0.037547743055555555,1.0,0.0,0.717684659090909,0.6076526988636364,0.08197916666666667,0.5923307291666666,0.0209765625,0.0187890625,0.9814057946205139,0.0371883288025856,0.612586259841919,1.0,0.0,0.7505749464035034,0.0,0.5206983089447021,1.0,0.9903216361999512,0.009678363800048828
1,2460,0.3093715310096741,0.2581177353858948,0.21476756036281586,0.017751464620232582,0.2051953125,0.43010374903678894,0.9813433159722221,0.03731336805555557,1.0,0.0,0.7543797348484848,0.6131569602272727,0.08325520833333333,0.5930078125,0.0207421875,0.019596354166666666,0.9815692901611328,0.0368613600730896,0.6151734590530396,1.0,0.0,0.767823338508606,0.0,0.522897481918335,1.0,0.9901559352874756,0.009844064712524414
1,2470,0.30913621187210083,0.25806304812431335,0.2147524654865265,0.017801115289330482,0.20634114583333332,0.42706412076950073,0.9812261284722221,0.037547743055555555,1.0,0.0,0.7555634469696969,0.6133345170454545,0.0815234375,0.5924869791666667,0.0205078125,0.019622395833333334,0.981661319732666,0.036384135484695435,0.6173253059387207,1.0,0.0,0.7821688055992126,0.0,0.5247265100479126,1.0,0.9899812936782837,0.010018706321716309
1,2480,0.30898621678352356,0.25818344950675964,0.21512508392333984,0.01783549226820469,0.205,0.42229512333869934,0.9810611979166666,0.03787760416666666,1.0,0.0,0.7413589015151515,0.6112038352272727,0.08135416666666667,0.5917708333333334,0.021171875,0.019309895833333333,0.981817901134491,0.035999711602926254,0.6166362166404724,1.0,0.0,0.777574896812439,0.0,0.5241407752037048,1.0,0.9898035526275635,0.010196447372436523
1,2490,0.30932748317718506,0.25825032591819763,0.21512727439403534,0.01783500425517559,0.20596354166666667,0.4260111451148987,0.9811979166666666,0.037604166666666675,1.0,0.0,0.8011363636363636,0.6201704545454545,0.0811328125,0.5929817708333334,0.021015625,0.020625,0.9814669489860535,0.03562603518366814,0.6156554222106934,1.0,0.0,0.7710362672805786,0.0,0.5233071446418762,1.0,0.989618182182312,0.010381817817687988
1,2500,0.3092532157897949,0.25837671756744385,0.21536125242710114,0.017873534932732582,0.20575520833333333,0.42840445041656494,0.9812434895833333,0.03751302083333333,1.0,0.0,0.8153409090909091,0.6223011363636364,0.08266927083333334,0.5920703125,0.020989583333333332,0.0209375,0.9811804294586182,0.035168446600437164,0.6147845983505249,1.0,0.0,0.7652304768562317,0.0,0.5225669145584106,1.0,0.9894213676452637,0.010578632354736328
1,2510,0.3093940317630768,0.2584024965763092,0.21530157327651978,0.017868349328637123,0.20506510416666668,0.4243493378162384,0.9812630208333333,0.03747395833333335,1.0,0.0,0.7431344696969696,0.6114701704545454,0.08005208333333333,0.5931380208333333,0.020690104166666667,0.019348958333333333,0.9808870553970337,0.03447524458169937,0.6121169924736023,1.0,0.0,0.747446596622467,0.0,0.5202994346618652,1.0,0.9892195463180542,0.0107804536819458
1,2520,0.30439940094947815,0.25326263904571533,0.20877723395824432,0.016560202464461327,0.2007421875,0.45016351342201233,0.9818077256944444,0.036384548611111116,1.0,0.0,0.8301373106060606,0.6245205965909091,0.0889453125,0.595390625,0.019322916666666665,0.021263020833333333,0.9796772599220276,0.032699450850486755,0.610996663570404,1.0,0.0,0.7399779558181763,0.0,0.5193471908569336,1.0,0.9890210032463074,0.010978996753692627
1,2530,0.3026212751865387,0.25176769495010376,0.20619219541549683,0.01662328653037548,0.2041796875,0.4214172959327698,0.9818120659722221,0.036375868055555566,1.0,0.0,0.8141571969696969,0.6221235795454545,0.0937890625,0.5952604166666666,0.018671875,0.020911458333333334,0.9762572050094604,0.03091352805495262,0.6097369194030762,1.0,0.0,0.7315792441368103,0.0,0.5182763934135437,1.0,0.9888119101524353,0.011188089847564697
1,2540,0.2956804633140564,0.24420475959777832,0.1935451626777649,0.01454968936741352,0.19127604166666667,0.4220879077911377,0.9830099826388888,0.03398003472222223,1.0,0.0,0.7028882575757576,0.6054332386363637,0.10389322916666667,0.6073697916666667,0.0144140625,0.018463541666666666,0.9707527756690979,0.03039526380598545,0.6078640818595886,1.0,0.0,0.7190938591957092,0.0,0.5166844725608826,1.0,0.9886133074760437,0.011386692523956299
1,2550,0.30312231183052063,0.24181051552295685,0.1876487135887146,0.01685672253370285,0.22869791666666667,0.49032095074653625,0.9830447048611111,0.03391059027777778,1.0,0.0,1.0,0.65,0.13002604166666668,0.6447005208333333,0.012395833333333333,0.0262890625,0.9689538478851318,0.02922070026397705,0.6040550470352173,1.0,0.0,0.6937004327774048,0.0,0.5134468078613281,1.0,0.9884007573127747,0.011599242687225342
1,2560,0.3066883981227875,0.2404145449399948,0.18293026089668274,0.016832415014505386,0.22579427083333334,0.48645925521850586,0.9837999131944444,0.03240017361111111,1.0,0.0,0.8366477272727273,0.6254971590909091,0.1321875,0.6597005208333333,0.009557291666666667,0.02140625,0.9691661596298218,0.028796181082725525,0.6005335450172424,1.0,0.0,0.6702234745025635,0.0,0.5104535222053528,1.0,0.988164484500885,0.01183551549911499
1,2570,0.3073657155036926,0.23499584197998047,0.17818017303943634,0.01143962424248457,0.20716145833333333,0.4807868003845215,0.9822371331137469,0.029366319444444452,1.0,0.0,0.7727272727272727,0.615909090909091,0.1401171875,0.6856510416666667,0.005638020833333333,0.02,0.9693584442138672,0.02841154858469963,0.6004278063774109,1.0,0.0,0.6695188283920288,0.0,0.5103636384010315,1.0,0.9879209995269775,0.012079000473022461
1,2580,0.31209397315979004,0.23753105103969574,0.17955738306045532,0.012327895499765873,0.20524739583333335,0.4942769408226013,0.9846697927540184,0.029162326388888896,1.0,0.0,0.6442945075757576,0.5966441761363637,0.145625,0.6840104166666666,0.00609375,0.017174479166666666,0.9694967269897461,0.028135010972619057,0.600250244140625,1.0,0.0,0.6683350801467896,0.0,0.5102127194404602,1.0,0.9876641631126404,0.01233583688735962
1,2590,0.31596770882606506,0.24070018529891968,0.17332740128040314,0.011880215257406235,0.1972265625,0.4702077805995941,0.9739965383313659,0.02942274305555556,1.0,0.0,0.6176609848484849,0.5926491477272727,0.13072916666666667,0.6965755208333333,0.008606770833333333,0.016588541666666668,0.9662938117980957,0.03103943169116974,0.5983394384384155,1.0,0.0,0.655596137046814,0.0,0.5085885524749756,1.0,0.9874153733253479,0.0125846266746521
1,2600,0.30888453125953674,0.23722220957279205,0.17360509932041168,0.012961291708052158,0.1992578125,0.4736832082271576,0.9753128430272779,0.027730034722222227,1.0,0.0,0.6377840909090909,0.5956676136363637,0.1357421875,0.699375,0.0094140625,0.01703125,0.9620488882064819,0.035200461745262146,0.5967118740081787,1.0,0.0,0.6447454690933228,0.0,0.5072051286697388,1.0,0.9872022867202759,0.012797713279724121
1,2610,0.3195003271102905,0.24115072190761566,0.1720593124628067,0.012047304771840572,0.17856770833333332,0.4784434139728546,0.975233788398596,0.022656250000000003,1.0,0.0,0.41879734848484834,0.5628196022727272,0.12388020833333334,0.7073697916666667,0.00671875,0.012213541666666666,0.9610549807548523,0.03613390028476715,0.5961664915084839,1.0,0.0,0.6411097645759583,0.0,0.5067415237426758,1.0,0.9870220422744751,0.012977957725524902
1,2620,0.34213435649871826,0.21655024588108063,0.15396954119205475,0.011641041375696659,0.18967447916666666,0.5375849604606628,0.9559484543250157,0.0,1.0,0.0,0.5939867424242424,0.5890980113636364,0.09291666666666666,0.76328125,0.0032161458333333334,0.016067708333333333,0.9572523832321167,0.038696881383657455,0.5952279567718506,1.0,0.0,0.6348530054092407,0.0,0.505943775177002,1.0,0.9868507385253906,0.013149261474609375
1,2630,0.3208630084991455,0.2061680108308792,0.1264788657426834,0.014542579650878906,0.16627604166666668,0.5437780618667603,0.9094257727953104,0.0,1.0,0.0,0.6064157196969697,0.5909623579545454,0.14713541666666666,0.7509895833333333,0.00078125,0.016341145833333334,0.9574350714683533,0.038331471383571625,0.5959339141845703,1.0,0.0,0.6395596265792847,0.0,0.5065438151359558,1.0,0.9866974353790283,0.01330256462097168
1,2640,0.3445558547973633,0.2061065435409546,0.1134624034166336,0.00827218871563673,0.15338541666666666,0.544457197189331,0.8657705748152343,0.026390757314598317,1.0,0.0,0.4738399621212121,0.5710759943181818,0.12005208333333334,0.7828515625,0.0005078125,0.013424479166666666,0.9561339020729065,0.037964411079883575,0.5952829122543335,1.0,0.0,0.6352193355560303,0.0,0.5059905052185059,1.0,0.9865314960479736,0.013468503952026367
1,2650,0.33966660499572754,0.2138543426990509,0.1503889113664627,0.009433310478925705,0.16813802083333335,0.5637596845626831,0.9434002116500823,0.012977430555555558,1.0,0.0,0.28977272727272724,0.5434659090909091,0.13904947916666666,0.767578125,0.015520833333333333,0.009375,0.9551035165786743,0.03775276988744736,0.5946065187454224,1.0,0.0,0.6307100057601929,0.0,0.5054155588150024,1.0,0.9863630533218384,0.013636946678161621
1,2660,0.34267958998680115,0.2677483558654785,0.20621144771575928,0.01562866009771824,0.19955729166666666,0.5266708135604858,0.9856835937499999,0.028632812500000007,1.0,0.0,0.22466856060606055,0.5337002840909091,0.10236979166666667,0.6596354166666667,0.005872395833333334,0.007942708333333333,0.9534057974815369,0.03724971041083336,0.5915330648422241,1.0,0.0,0.6102204918861389,0.0,0.5028031468391418,1.0,0.9861747622489929,0.01382523775100708
1,2670,0.3370421230792999,0.25750136375427246,0.20030222833156586,0.014240831136703491,0.2070703125,0.5147053003311157,0.9853819444444444,0.029236111111111115,1.0,0.0,0.7395833333333334,0.6109375,0.12872395833333333,0.6566796875,0.0021223958333333333,0.019270833333333334,0.9520196914672852,0.03808300942182541,0.5870983600616455,1.0,0.0,0.5806559324264526,0.0,0.4990336298942566,1.0,0.9859931468963623,0.014006853103637695
1,2680,0.3213331997394562,0.24873150885105133,0.2036919891834259,0.010876014828681946,0.20889322916666667,0.5004662871360779,0.9841297743055555,0.03174045138888889,1.0,0.0,0.7307054924242424,0.6096058238636364,0.1232421875,0.6468880208333333,0.003411458333333333,0.019075520833333335,0.9510844349861145,0.03765352815389633,0.583403468132019,1.0,0.0,0.556023359298706,0.0,0.4958929717540741,1.0,0.985809326171875,0.014190673828125
1,2690,0.3406231701374054,0.24797314405441284,0.1746823489665985,0.006603388115763664,0.1441015625,0.4802640676498413,0.9138000793211134,0.09887038688389911,1.0,0.0,0.4738399621212121,0.5710759943181818,0.12846354166666665,0.6877864583333333,0.00020833333333333335,0.013424479166666666,0.9496505856513977,0.037191182374954224,0.5832048058509827,1.0,0.0,0.5546988248825073,0.0,0.4957241117954254,1.0,0.9856364130973816,0.014363586902618408
1,2700,0.3473086953163147,0.2534131407737732,0.17508967220783234,0.005794065073132515,0.14993489583333333,0.4743976294994354,0.8920553644181962,0.12498584211316857,1.0,0.0,0.5732717803030302,0.5859907670454545,0.10716145833333333,0.6964453125,0.00026041666666666666,0.015611979166666666,0.9474401473999023,0.03657755255699158,0.582566499710083,1.0,0.0,0.5504430532455444,0.0,0.49518153071403503,1.0,0.9854652881622314,0.014534711837768555
1,2710,0.32704463601112366,0.25214794278144836,0.1962779462337494,0.008044279180467129,0.16755208333333332,0.4466439187526703,0.9603699944420719,0.05711526041936259,1.0,0.0,0.7389914772727272,0.6108487215909091,0.06134114583333333,0.6658333333333334,0.0020963541666666665,0.0192578125,0.9463967084884644,0.035985205322504044,0.5814926624298096,1.0,0.0,0.5432844161987305,0.0,0.4942687749862671,1.0,0.984852135181427,0.015147864818572998
1,2720,0.3340824842453003,0.25153279304504395,0.1627769023180008,0.006946053355932236,0.15055989583333335,0.4305400550365448,0.9014092260959473,0.09129653979203886,1.0,0.0,0.6117424242424242,0.5917613636363637,0.054388020833333335,0.6747916666666667,0.0010286458333333332,0.016458333333333332,0.9469678401947021,0.036122649908065796,0.5809346437454224,1.0,0.0,0.5395641326904297,0.0,0.4937944710254669,1.0,0.9846382737159729,0.0153617262840271
1,2730,0.3171555995941162,0.2394394427537918,0.18040922284126282,0.009734129533171654,0.1648046875,0.4266641139984131,0.98564453125,0.028710937500000006,1.0,0.0,0.9289772727272727,0.639346590909091,0.049791666666666665,0.6681380208333333,0.001953125,0.0234375,0.9467379450798035,0.039700768887996674,0.580114483833313,1.0,0.0,0.5340965986251831,0.0,0.49309733510017395,1.0,0.9838597774505615,0.016140222549438477
1,2740,0.3075205385684967,0.22922344505786896,0.16157597303390503,0.010605934076011181,0.1671875,0.47405847907066345,0.954487110080882,0.02866753472222222,1.0,0.0,0.7230113636363635,0.6084517045454545,0.06807291666666666,0.6689322916666667,0.005625,0.01890625,0.9496604204177856,0.04248205944895744,0.5823423862457275,1.0,0.0,0.5489493608474731,0.0,0.4949910342693329,1.0,0.9826884269714355,0.017311573028564453
1,2750,0.32610204815864563,0.24670089781284332,0.1659015566110611,0.010517519898712635,0.17084635416666666,0.46081048250198364,0.9613733006644454,0.029535590277777787,1.0,0.0,0.6081912878787878,0.5912286931818181,0.07859375,0.6759244791666666,0.0032291666666666666,0.016380208333333333,0.9500501155853271,0.04899635165929794,0.585056483745575,1.0,0.0,0.5670432448387146,0.0,0.4972980320453644,1.0,0.9820538759231567,0.01794612407684326
1,2760,0.3158734142780304,0.22698946297168732,0.15581119060516357,0.011968709528446198,0.18739583333333334,0.468910813331604,0.9473919147100205,0.023346354166666666,1.0,0.0,0.5697206439393939,0.5854580965909091,0.132421875,0.7035546875,0.0019921875,0.015533854166666666,0.9471988677978516,0.05144134536385536,0.587136447429657,1.0,0.0,0.5809096097946167,0.0,0.49906599521636963,1.0,0.9820115566253662,0.01798844337463379
1,2770,0.3326011598110199,0.24241021275520325,0.17384761571884155,0.008141444064676762,0.1601171875,0.565718412399292,0.9546918660552335,0.04989944416635887,1.0,0.0,0.2157907196969697,0.5323686079545454,0.2845182291666667,0.7110807291666666,0.00022135416666666666,0.0077473958333333336,0.9456928968429565,0.05036206543445587,0.5896856784820557,1.0,0.0,0.5979043245315552,0.0,0.5012328624725342,1.0,0.9820070266723633,0.01799297332763672
1,2780,0.33697906136512756,0.24139100313186646,0.1639101803302765,0.013075567781925201,0.1863671875,0.5601624846458435,0.962597463293972,0.020347222222222225,1.0,0.0,0.2554450757575757,0.5383167613636364,0.23333333333333334,0.7117838541666667,0.00078125,0.008619791666666666,0.9430170655250549,0.04896986857056618,0.5873816013336182,1.0,0.0,0.582544207572937,0.0,0.4992743730545044,1.0,0.9819901585578918,0.018009841442108154
1,2790,0.3305731415748596,0.23648902773857117,0.15889550745487213,0.012348838150501251,0.19916666666666666,0.5232532620429993,0.9545581424236298,0.01945312500000001,1.0,0.0,0.6164772727272727,0.592471590909091,0.137265625,0.7088671875,0.0089453125,0.0165625,0.9437727928161621,0.04745841771364212,0.5842701196670532,1.0,0.0,0.5618010759353638,0.0,0.49662962555885315,1.0,0.9818969368934631,0.018103063106536865
1,2800,0.306618869304657,0.21391615271568298,0.14209017157554626,0.013132613152265549,0.20078125,0.5584879517555237,0.9275766765765656,0.016536458333333337,1.0,0.0,0.5282907196969696,0.5792436079545454,0.22709635416666665,0.721875,0.013203125,0.014622395833333333,0.9478118419647217,0.04275030642747879,0.5830695629119873,1.0,0.0,0.5537968873977661,0.0,0.4956091344356537,1.0,0.9817163944244385,0.018283605575561523
1,2810,0.340116411447525,0.23526236414909363,0.156980961561203,0.013628091663122177,0.2148828125,0.5662534832954407,0.9533993048749418,0.015290798611111113,1.0,0.0,0.4874526515151514,0.5731178977272727,0.3329036458333333,0.7311848958333333,0.007864583333333333,0.013723958333333333,0.9509109854698181,0.03679860010743141,0.5824650526046753,1.0,0.0,0.5497666597366333,0.0,0.49509531259536743,1.0,0.9815494418144226,0.018450558185577393
1,2820,0.4373837411403656,0.3615686893463135,0.3262694180011749,0.009895646013319492,0.12083333333333333,0.357121080160141,0.9872287326388888,0.02554253472222223,1.0,0.0,0.3406723484848484,0.5511008522727272,0.011197916666666667,0.4687890625,0.014700520833333333,0.010494791666666666,0.9513495564460754,0.034078825265169144,0.5796579122543335,1.0,0.0,0.5310527086257935,0.0,0.4927092492580414,1.0,0.9813716411590576,0.018628358840942383
1,2830,0.39736637473106384,0.3380066156387329,0.3411657512187958,0.008023918606340885,0.13677083333333334,0.44109272956848145,0.9511214781918015,0.07514052351941745,1.0,0.0,0.4791666666666667,0.571875,0.002109375,0.52234375,0.031067708333333333,0.013541666666666667,0.9530583024024963,0.030626194551587105,0.5772271156311035,1.0,0.0,0.5148471593856812,0.014134570956230164,0.49064305424690247,1.0,0.9811854958534241,0.018814504146575928
1,2840,0.31584808230400085,0.3158907890319824,0.27482473850250244,0.009661173447966576,0.127421875,0.44602295756340027,0.9707964409722222,0.058407118055555554,1.0,0.0,0.9183238636363636,0.6377485795454545,0.009231770833333333,0.4418359375,0.019075520833333335,0.023203125,0.9508073329925537,0.029882699251174927,0.5722554922103882,1.0,0.0,0.4817032217979431,0.0,0.48641717433929443,1.0,0.9809792637825012,0.01902073621749878
1,2850,0.3269423544406891,0.325439989566803,0.32187044620513916,0.005163198336958885,0.120078125,0.4330558180809021,0.8739537799075691,0.16319093823634837,1.0,0.0,0.8538115530303031,0.6280717329545454,0.0183203125,0.4302734375,0.0196484375,0.02178385416666667,0.9505583643913269,0.02972683310508728,0.5697442889213562,1.0,0.0,0.4649621248245239,0.0,0.4842826724052429,1.0,0.9807745814323425,0.01922541856765747
1,2860,0.24438358843326569,0.18621726334095,0.13628624379634857,0.009172536432743073,0.17315104166666667,0.5386713743209839,0.8835246751043533,0.06432229303651388,1.0,0.0,0.5809659090909091,0.5871448863636364,0.16389322916666665,0.6372005208333333,0.004401041666666667,0.01578125,0.9478713274002075,0.030563313513994217,0.566856861114502,1.0,0.0,0.44571271538734436,0.0,0.48182833194732666,1.0,0.9805855751037598,0.019414424896240234
1,2870,0.3344166576862335,0.2067600041627884,0.1546163558959961,0.024506838992238045,0.27924479166666666,0.5653082132339478,0.9540591228517712,0.0059678819444444475,1.0,0.0,0.581557765151515,0.5872336647727272,0.495234375,0.76359375,0.007278645833333333,0.015794270833333332,0.9488257169723511,0.029451582580804825,0.5664256811141968,1.0,0.0,0.44283798336982727,0.0,0.48146185278892517,1.0,0.9803884625434875,0.01961153745651245
1,2880,0.3782758116722107,0.22677399218082428,0.13815724849700928,0.013303661718964577,0.2383984375,0.6003828644752502,0.9291891897641694,0.0,1.0,0.0,0.4170217803030302,0.5625532670454545,0.3585546875,0.7844791666666666,0.0021614583333333334,0.012174479166666667,0.9481405019760132,0.027945687994360924,0.5673811435699463,1.0,0.0,0.44920745491981506,0.0,0.48227399587631226,1.0,0.9801691770553589,0.019830822944641113
1,2890,0.4358092248439789,0.24482859671115875,0.20222757756710052,0.018439512699842453,0.21506510416666666,0.5990555882453918,0.9999999999999999,0.0,1.0,0.0,0.2950994318181818,0.5442649147727273,0.33282552083333333,0.7962369791666667,0.012447916666666666,0.0094921875,0.9498533010482788,0.026976771652698517,0.5689030289649963,1.0,0.0,0.45935359597206116,0.0,0.48356759548187256,1.0,0.9798214435577393,0.020178556442260742
1,2900,0.4179607033729553,0.22684337198734283,0.17918455600738525,0.011388826183974743,0.20260416666666667,0.576776921749115,0.9986200178586521,0.0,1.0,0.0,0.30575284090909094,0.5458629261363637,0.21411458333333333,0.8252734375,0.012083333333333333,0.0097265625,0.9496544599533081,0.02626163326203823,0.5678588151931763,1.0,0.0,0.45239225029945374,0.0,0.48267999291419983,1.0,0.9791526794433594,0.020847320556640625
1,2910,0.3978835344314575,0.20525197684764862,0.15467201173305511,0.016669142991304398,0.2103125,0.6125209927558899,0.9571372506251702,0.0,1.0,0.0,0.48863636363636354,0.5732954545454545,0.440546875,0.8366015625,0.0073046875,0.01375,0.9500353336334229,0.02554262988269329,0.5671697854995728,1.0,0.0,0.44779831171035767,0.0,0.48209431767463684,0.9633665084838867,0.9789205193519592,0.02107948064804077
1,2920,0.4088834524154663,0.2025558054447174,0.16202382743358612,0.013878186233341694,0.19067708333333333,0.6027637720108032,0.9695787848876073,0.0,1.0,0.0,0.34599905303030304,0.5518998579545454,0.26819010416666667,0.8505598958333334,0.007213541666666667,0.010611979166666667,0.9498481154441833,0.024894826114177704,0.5669583678245544,1.0,0.0,0.4463891088962555,0.0,0.4819146394729614,0.9960662126541138,0.9787053465843201,0.02129465341567993
1,2930,0.4139287769794464,0.19248346984386444,0.15182927250862122,0.014964450150728226,0.1944140625,0.6162565350532532,0.9372934008561647,0.01879132539033892,1.0,0.0,0.2714251893939394,0.540713778409091,0.3893229166666667,0.8818229166666667,0.004231770833333333,0.008971354166666667,0.9466893672943115,0.02367851510643959,0.5677108764648438,1.0,0.0,0.4514058232307434,0.0,0.48255425691604614,0.9508474469184875,0.9783294200897217,0.02167057991027832
1,2940,0.40453365445137024,0.1947609931230545,0.14977696537971497,0.01560924667865038,0.20934895833333333,0.6266141533851624,0.9383753122733188,0.013097517192363782,1.0,0.0,0.23295454545454544,0.5349431818181818,0.37139322916666667,0.865546875,0.0036197916666666666,0.008125,0.9475679993629456,0.020100396126508713,0.5678504109382629,1.0,0.0,0.4523358643054962,0.0,0.48267287015914917,0.9161356091499329,0.9779848456382751,0.022015154361724854
1,2950,0.431379497051239,0.18984225392341614,0.16202092170715332,0.01507795974612236,0.2137890625,0.6146458983421326,0.9492583753512455,0.025394365191459666,1.0,0.0,0.37144886363636354,0.5557173295454545,0.35529947916666665,0.9010026041666667,0.010286458333333333,0.011171875,0.9489586353302002,0.017319105565547943,0.564489483833313,1.0,0.0,0.4299299120903015,0.0,0.4798160791397095,0.9562452435493469,0.9776204824447632,0.022379517555236816
1,2960,0.40397268533706665,0.18115933239459991,0.14609800279140472,0.01374697033315897,0.19329427083333334,0.5844811201095581,0.9049460541285,0.04710166901350022,1.0,0.0,0.20395359848484848,0.5305930397727273,0.32946614583333333,0.9057682291666667,0.00703125,0.007486979166666667,0.9541544914245605,0.009548107162117958,0.5605790019035339,1.0,0.0,0.40386003255844116,0.0,0.47649216651916504,1.0,0.9772356748580933,0.02276432514190674
1,2970,0.40386760234832764,0.20207971334457397,0.16075670719146729,0.016648536548018456,0.2358984375,0.5584611296653748,0.9674344275547907,0.0,1.0,0.0,0.5093513257575758,0.5764026988636364,0.19990885416666668,0.8602473958333333,0.0119140625,0.014205729166666667,0.9594993591308594,0.006485140882432461,0.5584398508071899,1.0,0.0,0.38959911465644836,0.0,0.47467389702796936,1.0,0.9768283367156982,0.023171663284301758
1,2980,0.3985089361667633,0.19268973171710968,0.15336309373378754,0.014118614606559277,0.2121875,0.5497806072235107,0.940301622060629,0.018275670707225838,1.0,0.0,0.3495501893939394,0.552432528409091,0.22166666666666668,0.8712630208333333,0.007291666666666667,0.010690104166666667,0.9586726427078247,0.008620869368314743,0.5560343861579895,1.0,0.0,0.37356263399124146,0.0,0.47262924909591675,1.0,0.9762961268424988,0.02370387315750122
1,2990,0.4195729196071625,0.20540794730186462,0.17915289103984833,0.022534074261784554,0.2958203125,0.5586900115013123,0.9985664309905126,0.0,1.0,0.0,0.4685132575757575,0.5702769886363637,0.1862890625,0.8698567708333333,0.013580729166666666,0.013307291666666667,0.9499253034591675,0.01742430403828621,0.5548253059387207,1.0,0.0,0.36550211906433105,0.0,0.4716015160083771,1.0,0.9756872653961182,0.024312734603881836
1,3000,0.3963867723941803,0.19822591543197632,0.15277673304080963,0.014056116342544556,0.26717447916666665,0.5541735887527466,0.9503816867791689,0.0044352114200592145,1.0,0.0,0.47028882575757563,0.5705433238636364,0.18936197916666667,0.8641927083333333,0.009114583333333334,0.013346354166666666,0.9353681802749634,0.027729809284210205,0.5567700266838074,1.0,0.0,0.37846657633781433,0.0,0.473254531621933,1.0,0.9750882983207703,0.024911701679229736
1,3010,0.3896560072898865,0.19942505657672882,0.14261065423488617,0.011699136346578598,0.241484375,0.5459483861923218,0.9355758357048035,0.0014373585581779645,1.0,0.0,0.4318181818181818,0.5647727272727273,0.20545572916666666,0.860390625,0.0062890625,0.0125,0.9321390390396118,0.028887979686260223,0.5582665205001831,1.0,0.0,0.38844358921051025,0.0,0.4745265543460846,1.0,0.9744337797164917,0.0255662202835083
1,3020,0.3870868980884552,0.19932521879673004,0.1509370505809784,0.012890114448964596,0.2284765625,0.5506999492645264,0.9494669847305003,0.0016869530081749073,1.0,0.0,0.45785984848484845,0.5686789772727272,0.21380208333333334,0.8404947916666666,0.007578125,0.013072916666666667,0.9298134446144104,0.030934901908040047,0.5572773218154907,1.0,0.0,0.38184860348701477,0.0,0.47368574142456055,1.0,0.9736676216125488,0.026332378387451172
1,3030,0.39506518840789795,0.2110803723335266,0.13325583934783936,0.010123852640390396,0.20977864583333333,0.5898194909095764,0.920894497357882,0.0,1.0,0.0,0.4460227272727271,0.5669034090909091,0.3164453125,0.8580078125,0.002955729166666667,0.0128125,0.9249836206436157,0.03434459865093231,0.5585412979125977,1.0,0.0,0.3902755379676819,0.0,0.47476011514663696,1.0,0.972802460193634,0.027197539806365967
1,3040,0.3699086308479309,0.2118053138256073,0.16202116012573242,0.010086970403790474,0.20052083333333334,0.5924556851387024,0.9695742709820087,0.0,1.0,0.0,0.4986979166666666,0.5748046875,0.3377994791666667,0.8060286458333333,0.0013151041666666667,0.013971354166666667,0.9227827787399292,0.036240626126527786,0.5586723685264587,1.0,0.0,0.39114922285079956,0.0,0.47487151622772217,1.0,0.9718431234359741,0.02815687656402588
1,3050,0.38046249747276306,0.23407121002674103,0.18917898833751678,0.014254838228225708,0.22111979166666668,0.6180956363677979,0.9999999999999999,0.0,1.0,0.0,0.44779829545454547,0.5671697443181818,0.4407552083333333,0.7632552083333334,0.001953125,0.0128515625,0.9218782186508179,0.03624410927295685,0.5590782165527344,1.0,0.0,0.3938548266887665,0.0,0.47521650791168213,1.0,0.9708006978034973,0.029199302196502686
1,3060,0.3926703631877899,0.21687732636928558,0.16999371349811554,0.01232381071895361,0.1943359375,0.6486166715621948,0.9830662843814263,0.0,1.0,0.0,0.3063446969696969,0.5459517045454545,0.47348958333333335,0.8110286458333333,0.00024739583333333335,0.009739583333333333,0.923018217086792,0.03503485396504402,0.562041699886322,1.0,0.0,0.4136115610599518,0.0,0.4777354598045349,1.0,0.9696657657623291,0.0303342342376709
1,3070,0.40401023626327515,0.2241155207157135,0.17749840021133423,0.015996214002370834,0.23192708333333334,0.6299629211425781,0.9957665234345655,0.0,1.0,0.0,0.28148674242424243,0.5422230113636364,0.34805989583333335,0.8062239583333334,0.0003125,0.009192708333333334,0.9203111529350281,0.035344451665878296,0.5636693239212036,1.0,0.0,0.4244622588157654,0.0,0.4791189432144165,1.0,0.9684517979621887,0.03154820203781128
1,3080,0.4114260971546173,0.20426583290100098,0.16901972889900208,0.007333164103329182,0.16201822916666667,0.511099636554718,0.9366980152805012,0.050818167581427376,1.0,0.0,0.2447916666666666,0.53671875,0.0083984375,0.8563151041666667,0.007916666666666667,0.008385416666666666,0.9155597686767578,0.036848053336143494,0.5642020106315613,1.0,0.0,0.4280133843421936,0.0,0.47957172989845276,1.0,0.9670053720474243,0.032994627952575684
1,3090,0.36862316727638245,0.17102652788162231,0.12232019007205963,0.005312019027769566,0.14036458333333332,0.4428313672542572,0.7454952387690655,0.18487212457126234,1.0,0.0,0.247750946969697,0.5371626420454545,0.001640625,0.8895833333333333,0.003984375,0.008450520833333334,0.9134631156921387,0.03632107749581337,0.5655041337013245,1.0,0.0,0.4366939663887024,0.0,0.480678528547287,1.0,0.9655717611312866,0.03442823886871338
1,3100,0.31540489196777344,0.14899754524230957,0.105867899954319,0.006083768326789141,0.16368489583333334,0.5257081389427185,0.694300405366196,0.2164156391262645,1.0,0.0,0.5673532196969696,0.5851029829545454,0.0448828125,0.853671875,0.007109375,0.015481770833333333,0.908749520778656,0.036859069019556046,0.5664764642715454,1.0,0.0,0.44317618012428284,0.0,0.48150500655174255,1.0,0.9631699323654175,0.03683006763458252
1,3110,0.3773016333580017,0.19027137756347656,0.15061154961585999,0.01308725867420435,0.24854166666666666,0.5527399778366089,0.9308084544768699,0.024321556091308604,1.0,0.0,0.5152698863636364,0.5772904829545454,0.10330729166666666,0.8627864583333333,0.012552083333333333,0.0143359375,0.9096512794494629,0.03729849308729172,0.566755473613739,1.0,0.0,0.44503629207611084,0.0,0.48174217343330383,1.0,0.961209774017334,0.038790225982666016
1,3120,0.4001713693141937,0.1828058511018753,0.1461338996887207,0.012482226826250553,0.2518229166666667,0.5545729398727417,0.9082998401385086,0.04298537224531175,1.0,0.0,0.35014204545454547,0.5525213068181818,0.13479166666666667,0.9099479166666666,0.008046875,0.010703125,0.9117915034294128,0.0376911535859108,0.565838098526001,1.0,0.0,0.4389204680919647,0.0,0.4809623956680298,1.0,0.9590240716934204,0.04097592830657959
1,3130,0.400907039642334,0.17135857045650482,0.13593821227550507,0.010276341810822487,0.19786458333333334,0.5533649325370789,0.8681510386100181,0.07160357385873796,1.0,0.0,0.522964015151515,0.5784446022727272,0.163046875,0.9143489583333333,0.006510416666666667,0.014505208333333333,0.9074651002883911,0.04348710924386978,0.5665736794471741,1.0,0.0,0.4438244104385376,0.0,0.48158764839172363,1.0,0.9569017887115479,0.04309821128845215
1,3140,0.4304642677307129,0.17655682563781738,0.14334158599376678,0.009130535647273064,0.214140625,0.5206268429756165,0.8910763352650862,0.05860793590545654,1.0,0.0,0.28977272727272724,0.5434659090909091,0.06997395833333334,0.92765625,0.007916666666666667,0.009375,0.901561439037323,0.04892697185277939,0.566146731376648,1.0,0.0,0.44097787141799927,0.0,0.48122474551200867,1.0,0.9550800323486328,0.04491996765136719
1,3150,0.3992379903793335,0.20994648337364197,0.13920898735523224,0.00856800191104412,0.23278645833333333,0.49755117297172546,0.9193788628937155,0.013170673443776787,1.0,0.0,0.28977272727272724,0.5434659090909091,0.04115885416666667,0.8403255208333333,0.00984375,0.009375,0.8944293260574341,0.05378256365656853,0.565115213394165,1.0,0.0,0.43410104513168335,0.0,0.4803479313850403,1.0,0.9522504806518555,0.04774951934814453
1,3160,0.3570568263530731,0.21658848226070404,0.16416338086128235,0.010271714068949223,0.22782552083333332,0.49287769198417664,0.9731995676114008,0.0,1.0,0.0,0.786339962121212,0.6179509943181818,0.11708333333333333,0.7785677083333333,0.011588541666666667,0.020299479166666665,0.8898472785949707,0.05626417696475983,0.5640836954116821,1.0,0.0,0.4272242486476898,0.0,0.4794711470603943,1.0,0.9508916139602661,0.04910838603973389
1,3170,0.3389483094215393,0.1978442668914795,0.11785855144262314,0.007418585009872913,0.19462239583333332,0.5155310034751892,0.8480978753259772,0.05360320442151732,1.0,0.0,0.4318181818181818,0.5647727272727273,0.07567708333333334,0.8042708333333334,0.004153645833333333,0.0125,0.8842678666114807,0.061155080795288086,0.5659945011138916,1.0,0.0,0.4399632513523102,0.0,0.4810953438282013,1.0,0.9491000771522522,0.0508999228477478
1,3180,0.339881032705307,0.20301148295402527,0.11702203750610352,0.008138568140566349,0.20721354166666667,0.5083579421043396,0.8676540731531035,0.03157566644614787,1.0,0.0,0.5839251893939393,0.5875887784090909,0.12416666666666666,0.7787239583333333,0.0051171875,0.015846354166666667,0.866926908493042,0.07163549214601517,0.5665187239646912,1.0,0.0,0.44345802068710327,0.0,0.4815409183502197,1.0,0.9471555352210999,0.052844464778900146
1,3190,0.33843767642974854,0.20850317180156708,0.12083660066127777,0.010021544992923737,0.1884765625,0.5963350534439087,0.896272723501564,0.007209201388888892,1.0,0.0,0.531841856060606,0.5797762784090909,0.20640625,0.766953125,0.0018229166666666667,0.014700520833333333,0.8552005290985107,0.07905067503452301,0.5671316981315613,1.0,0.0,0.4475446343421936,0.0,0.4820619523525238,1.0,0.9455640316009521,0.05443596839904785
1,3200,0.32887032628059387,0.2256869226694107,0.12399950623512268,0.013546466827392578,0.208359375,0.6463245749473572,0.8995810621008915,0.01129774305555556,1.0,0.0,0.6046401515151514,0.5906960227272727,0.49270833333333336,0.7066927083333333,0.0014453125,0.01630208333333333,0.8572123646736145,0.07665034383535385,0.5660536885261536,1.0,0.0,0.4403578042984009,0.0,0.4811456501483917,1.0,0.9440745115280151,0.05592548847198486
1,3210,0.3309415578842163,0.2255541831254959,0.16590766608715057,0.010983999818563461,0.17505208333333333,0.6537200212478638,0.9693198376944941,0.013663194444444443,1.0,0.0,0.5093513257575758,0.5764026988636364,0.2638802083333333,0.7246744791666667,0.0008854166666666666,0.014205729166666667,0.8547892570495605,0.07856620848178864,0.5640286207199097,1.0,0.0,0.4268578588962555,0.0,0.4794243276119232,1.0,0.9428903460502625,0.05710965394973755
1,3220,0.5465884208679199,0.32158520817756653,0.17134957015514374,0.00906973984092474,0.1442578125,0.38685137033462524,0.9805192311706705,0.009683159722222223,1.0,0.0,0.30338541666666663,0.5455078125,0.0011458333333333333,0.6134375,0.0014192708333333334,0.009674479166666666,0.8446529507637024,0.08525969088077545,0.5608706474304199,1.0,0.0,0.40580469369888306,0.0,0.4767400622367859,1.0,0.9417974948883057,0.058202505111694336
1,3230,0.3294909596443176,0.209434375166893,0.15935106575489044,0.005138054024428129,0.14955729166666668,0.40288639068603516,0.8586126039174694,0.12340197757502318,1.0,0.0,0.560842803030303,0.5841264204545454,0.00026041666666666666,0.7705989583333334,0.011783854166666666,0.015338541666666667,0.8337936401367188,0.09487667679786682,0.560519814491272,1.0,0.0,0.4034654498100281,0.0,0.4764418601989746,1.0,0.9407201409339905,0.05927985906600952
1,3240,0.32958459854125977,0.19615361094474792,0.11828204989433289,0.00566537119448185,0.15045572916666666,0.444698691368103,0.7969179447091245,0.11423721416815515,1.0,0.0,0.38624526515151514,0.5579367897727273,0.00859375,0.8033333333333333,0.0034375,0.011497395833333333,0.8243756294250488,0.10223494470119476,0.5567843914031982,1.0,0.0,0.37856239080429077,0.0,0.47326675057411194,1.0,0.9397233128547668,0.060276687145233154
1,3250,0.3647799491882324,0.1990150511264801,0.12607131898403168,0.005787769798189402,0.16959635416666666,0.4280425012111664,0.819798804353616,0.1019674003555321,1.0,0.0,0.3542850378787878,0.5531427556818181,0.006575520833333333,0.8136328125,0.0011979166666666666,0.010794270833333333,0.812105655670166,0.11055098474025726,0.554714560508728,1.0,0.0,0.36476370692253113,0.0,0.47150740027427673,1.0,0.9388173222541809,0.06118267774581909
1,3260,0.4908236563205719,0.2550828456878662,0.15006542205810547,0.007316149305552244,0.12217447916666667,0.45456889271736145,0.9037765465756774,0.05211382113831232,1.0,0.0,0.30338541666666663,0.5455078125,5.208333333333334e-05,0.8048697916666666,0.0005729166666666667,0.009674479166666666,0.8011948466300964,0.12163206934928894,0.5546215772628784,1.0,0.0,0.3641436696052551,0.0,0.47142836451530457,1.0,0.9379690885543823,0.062030911445617676
1,3270,0.3163747191429138,0.1975877434015274,0.15353558957576752,0.005879627075046301,0.16743489583333335,0.38856038451194763,0.8658996696484873,0.10270910126780514,1.0,0.0,0.5738636363636364,0.5860795454545454,3.90625e-05,0.7696744791666666,0.014075520833333334,0.015625,0.7885099649429321,0.12990766763687134,0.5498656034469604,1.0,0.0,0.33243709802627563,0.0,0.46738576889038086,1.0,0.9372208118438721,0.06277918815612793
1,3280,0.35042962431907654,0.16766710579395294,0.07293836772441864,0.004432393703609705,0.0809765625,0.3803956210613251,0.6316074529557191,0.220088525039212,1.0,0.0,0.35487689393939387,0.5532315340909091,3.90625e-05,0.8344140625,0.0009505208333333334,0.010807291666666666,0.7827968001365662,0.1388949304819107,0.5479758977890015,1.0,0.0,0.3198390305042267,0.0,0.46577951312065125,1.0,0.9365876913070679,0.06341230869293213
1,3290,0.351823627948761,0.17157307267189026,0.10112041980028152,0.004556593950837851,0.11131510416666666,0.3848411440849304,0.6904442919794939,0.2065370149410716,1.0,0.0,0.3306107954545454,0.5495916193181818,0.000625,0.84484375,0.0008723958333333333,0.0102734375,0.7783330678939819,0.1443573236465454,0.5478236675262451,1.0,0.0,0.3188244104385376,0.0,0.46565014123916626,1.0,0.9360241889953613,0.06397581100463867
1,3300,0.43765756487846375,0.17449213564395905,0.12148279696702957,0.006681184750050306,0.12626302083333332,0.4165203273296356,0.7877430420008261,0.13446524777881258,1.0,0.0,0.09682765151515149,0.5145241477272727,0.00013020833333333333,0.9235416666666667,0.007486979166666667,0.005130208333333333,0.773652970790863,0.14949893951416016,0.5480561852455139,1.0,0.0,0.3203744888305664,0.029948465526103973,0.46584776043891907,0.9217721223831177,0.935639500617981,0.06436049938201904
1,3310,0.33732596039772034,0.13987424969673157,0.09564230591058731,0.005512229632586241,0.13880208333333333,0.41807907819747925,0.6434149978499978,0.25664883817932227,1.0,0.0,0.28385416666666663,0.542578125,0.0015234375,0.9163671875,0.008919270833333333,0.009244791666666667,0.7685950994491577,0.15436212718486786,0.5449023842811584,1.0,0.0,0.2993495464324951,0.0,0.4631670415401459,1.0,0.9356292486190796,0.06437075138092041
1,3320,0.48695826530456543,0.16209319233894348,0.09459192305803299,0.00670014601200819,0.09764322916666666,0.4056088626384735,0.7179462394059598,0.16488451878653793,1.0,0.0,0.07315340909090907,0.5109730113636364,1.3020833333333334e-05,0.935859375,0.007109375,0.004609375,0.764660656452179,0.1562873274087906,0.5458705425262451,1.0,0.0,0.3058035671710968,0.04278693348169327,0.4639899730682373,0.9228709936141968,0.9352024793624878,0.06479752063751221
1,3330,0.3518129587173462,0.12940064072608948,0.1100858822464943,0.006755043752491474,0.1791796875,0.4631522595882416,0.6802545487072745,0.24494218621857278,1.0,0.0,0.3010179924242424,0.5451526988636364,0.007265625,0.9480078125,0.011627604166666666,0.009622395833333333,0.7593370079994202,0.15730535984039307,0.5459508895874023,1.0,0.0,0.3063390851020813,0.0,0.4640582799911499,1.0,0.9347183704376221,0.06528162956237793
1,3340,0.43157073855400085,0.12513020634651184,0.09395845234394073,0.007722355425357819,0.16794270833333333,0.4329295754432678,0.6703733706608498,0.22612706262890883,1.0,0.0,0.0,0.5,0.00015625,0.9918880208333334,0.010559895833333333,0.0008463541666666667,0.7588851451873779,0.1526363044977188,0.5461411476135254,1.0,0.0,0.3076073229312897,0.0,0.46421998739242554,0.9821164608001709,0.9343669414520264,0.06563305854797363
1,3350,0.49222004413604736,0.11773137003183365,0.07494071125984192,0.008095592260360718,0.089375,0.4131534695625305,0.6334054996875617,0.23324498161673543,1.0,0.0,0.0,0.5,0.00014322916666666667,0.9801692708333334,0.0103515625,0.0024739583333333332,0.7637715339660645,0.1474417746067047,0.5459043383598328,1.0,0.0,0.3060290217399597,0.0516539067029953,0.46401870250701904,0.8706670999526978,0.9339805245399475,0.06601947546005249
1,3360,0.35479220747947693,0.14670182764530182,0.11852297931909561,0.005305805243551731,0.1572265625,0.465429425239563,0.6902530780459769,0.24587331980285124,1.0,0.0,0.2767518939393939,0.5415127840909091,0.026419270833333335,0.9140755208333333,0.005286458333333333,0.009088541666666667,0.7639408111572266,0.14568200707435608,0.5464962124824524,1.0,0.0,0.309974730014801,0.0,0.4645217955112457,1.0,0.9335709810256958,0.0664290189743042
1,3370,0.4023471474647522,0.1635490357875824,0.09281639754772186,0.006288737989962101,0.15376302083333335,0.41814565658569336,0.7068154146230131,0.1737878376663458,1.0,0.0,0.12050189393939394,0.5180752840909091,0.014739583333333334,0.9188411458333333,0.0075,0.005651041666666667,0.7611805200576782,0.14653480052947998,0.5464877486228943,1.0,0.0,0.3099183738231659,0.0,0.4645146131515503,0.9952607750892639,0.9332238435745239,0.06677615642547607
1,3380,0.3564164340496063,0.1495797485113144,0.13940058648586273,0.005185858346521854,0.13272135416666667,0.46981075406074524,0.728122167502011,0.24233543523019407,1.0,0.0,0.1672585227272727,0.525088778409091,0.0011197916666666667,0.9347265625,0.011028645833333333,0.0066796875,0.7634483575820923,0.1446230709552765,0.5439893007278442,1.0,0.0,0.293261855840683,0.0,0.4623909294605255,1.0,0.9329314827919006,0.06706851720809937
1,3390,0.348170667886734,0.1667860597372055,0.11854809522628784,0.006925354711711407,0.19919270833333333,0.5488395094871521,0.7739153732672529,0.14628623139749214,1.0,0.0,0.5626183712121212,0.5843927556818181,0.10440104166666667,0.866796875,0.0033984375,0.015377604166666666,0.7782145142555237,0.1365715116262436,0.5447333455085754,1.0,0.0,0.2982221841812134,0.0,0.4630233645439148,1.0,0.9327709674835205,0.06722903251647949
1,3400,0.34690964221954346,0.16567721962928772,0.116470105946064,0.008036467246711254,0.2380078125,0.5334985256195068,0.7979914321128355,0.1151829495026571,1.0,0.0,0.5643939393939393,0.5846590909090909,0.112421875,0.87109375,0.0055859375,0.015416666666666667,0.7838393449783325,0.13334527611732483,0.5468175411224365,1.0,0.0,0.31211671233177185,0.0,0.46479493379592896,1.0,0.9326984286308289,0.06730157136917114
1,3410,0.41413137316703796,0.17767372727394104,0.11424075812101364,0.007110428065061569,0.22072916666666667,0.4680663049221039,0.7933667512749641,0.11342458227058738,1.0,0.0,0.1631155303030303,0.5244673295454545,0.0040234375,0.9124479166666667,0.005403645833333333,0.006588541666666667,0.7875940203666687,0.13088178634643555,0.5492187738418579,1.0,0.0,0.328125,0.0,0.46683597564697266,1.0,0.9326488971710205,0.06735110282897949
1,3420,0.3671818971633911,0.184708833694458,0.13936787843704224,0.008479642681777477,0.21421875,0.543215811252594,0.8866948094144883,0.05409246814868799,1.0,0.0,0.6448863636363636,0.5967329545454545,0.15013020833333332,0.8477734375,0.00515625,0.0171875,0.7917765378952026,0.1260489970445633,0.5484239459037781,1.0,0.0,0.32282647490501404,0.0,0.4661603569984436,1.0,0.9326404333114624,0.0673595666885376
1,3430,0.3900039494037628,0.19447799026966095,0.11792691051959991,0.008433980867266655,0.2121484375,0.5100142359733582,0.8687233345554425,0.031061705201864253,1.0,0.0,0.31463068181818177,0.5471946022727273,0.05018229166666666,0.857109375,0.0027994791666666667,0.009921875,0.7915936708450317,0.12711681425571442,0.5499585866928101,1.0,0.0,0.33305713534355164,0.0,0.467464804649353,1.0,0.9327863454818726,0.06721365451812744
1,3440,0.3546870946884155,0.19441372156143188,0.10336823016405106,0.00862653087824583,0.19493489583333334,0.5178595781326294,0.8491230062877596,0.02535194980843767,1.0,0.0,0.5874763257575758,0.5881214488636364,0.174296875,0.8204557291666666,0.0025130208333333333,0.01592447916666667,0.7970609664916992,0.1232316717505455,0.5503094792366028,1.0,0.0,0.3353963792324066,0.0,0.4677630662918091,1.0,0.933112621307373,0.06688737869262695
1,3450,0.3605099618434906,0.21179668605327606,0.12215501070022583,0.009300454519689083,0.2083984375,0.4977657198905945,0.899532524785425,0.005151909722222228,1.0,0.0,0.35310132575757575,0.5529651988636364,0.08110677083333333,0.80125,0.005572916666666667,0.010768229166666667,0.8067747354507446,0.11768022179603577,0.5544211864471436,1.0,0.0,0.3628077805042267,0.0,0.4712580144405365,1.0,0.9335729479789734,0.06642705202102661
1,3460,0.3316251039505005,0.2041039764881134,0.10701446235179901,0.007219658698886633,0.18479166666666666,0.5067424178123474,0.8233540053184,0.06501220514912026,1.0,0.0,0.4371448863636363,0.5655717329545454,0.098203125,0.7830208333333334,0.00296875,0.0126171875,0.814081609249115,0.11452169716358185,0.5570743680000305,1.0,0.0,0.3804958164691925,0.0,0.4735132157802582,1.0,0.9341621994972229,0.0658378005027771
1,3470,0.3453507423400879,0.21574819087982178,0.12282896786928177,0.007064139004796743,0.16873697916666666,0.5152007937431335,0.8458099864470336,0.07002275645944889,1.0,0.0,0.30220170454545453,0.5453302556818181,0.10286458333333333,0.7860677083333333,0.0015755208333333333,0.0096484375,0.8280450105667114,0.10438627749681473,0.5578776001930237,1.0,0.0,0.385850727558136,0.0,0.4741959869861603,1.0,0.9349127411842346,0.06508725881576538
1,3480,0.45492351055145264,0.2666984796524048,0.15884850919246674,0.0073254904709756374,0.12760416666666666,0.41612234711647034,0.9135240956564539,0.0625625364539948,1.0,0.0,0.22407670454545447,0.5336115056818181,0.00013020833333333333,0.764765625,0.003893229166666667,0.0079296875,0.8413276672363281,0.09746772795915604,0.5607354640960693,1.0,0.0,0.4049028158187866,0.0,0.47662514448165894,1.0,0.9357492923736572,0.06425070762634277
1,3490,0.3045951724052429,0.22551001608371735,0.16896648705005646,0.007780562154948711,0.17166666666666666,0.40405842661857605,0.941697213550502,0.05100610808083196,1.0,0.0,0.4590435606060606,0.5688565340909091,0.0015885416666666667,0.7257291666666666,0.019479166666666665,0.013098958333333334,0.8451379537582397,0.09185197204351425,0.5625828504562378,1.0,0.0,0.4172190725803375,0.0,0.4781954288482666,1.0,0.9368045330047607,0.06319546699523926
1,3500,0.2720138430595398,0.18900243937969208,0.1344136744737625,0.005836774595081806,0.1622265625,0.4799502491950989,0.8085655510707314,0.13878613103675813,1.0,0.0,0.6223958333333334,0.593359375,0.0380078125,0.7344661458333334,0.009817708333333333,0.016692708333333334,0.8512089848518372,0.08825354278087616,0.5606424808502197,1.0,0.0,0.404282808303833,0.0,0.47654610872268677,1.0,0.937900185585022,0.06209981441497803
1,3510,0.2937582731246948,0.19801713526248932,0.14017413556575775,0.007001063786447048,0.1728125,0.46303802728652954,0.8665908592056243,0.082731936308467,1.0,0.0,0.4330018939393938,0.5649502840909091,0.0336328125,0.7600260416666667,0.009557291666666667,0.012526041666666666,0.8572746515274048,0.08460218459367752,0.5595390796661377,1.0,0.0,0.3969268798828125,0.0,0.475608229637146,1.0,0.9399758577346802,0.060024142265319824
1,3520,0.3896748125553131,0.24446803331375122,0.09729412198066711,0.0045799873769283295,0.09296875,0.40412724018096924,0.7312486789907195,0.15516012824405498,1.0,0.0,0.17258522727272724,0.5258877840909091,0.00010416666666666667,0.7624869791666666,0.002578125,0.006796875,0.858450710773468,0.08427804708480835,0.5595897436141968,1.0,0.0,0.3972650468349457,0.0,0.4756512939929962,1.0,0.9415320158004761,0.058467984199523926
1,3530,0.3010374903678894,0.19693489372730255,0.10251704603433609,0.003923200070858002,0.14444010416666667,0.3901485800743103,0.7141052353741205,0.1873087027152056,1.0,0.0,0.28799715909090906,0.5431995738636364,0.00013020833333333333,0.7462760416666666,0.0024609375,0.0093359375,0.8523564338684082,0.08757688850164413,0.5560555458068848,1.0,0.0,0.3737035393714905,0.0,0.47264721989631653,1.0,0.9438177347183228,0.056182265281677246
1,3540,0.32063964009284973,0.21310941874980927,0.13833901286125183,0.004446608480066061,0.08854166666666667,0.40565794706344604,0.7950670032660297,0.1633541621931079,1.0,0.0,0.35014204545454547,0.5525213068181818,0.12220052083333334,0.730078125,0.0006380208333333333,0.010703125,0.8498142957687378,0.09145895391702652,0.5552903413772583,1.0,0.0,0.36860233545303345,0.0,0.47199681401252747,1.0,0.9457032084465027,0.054296791553497314
1,3550,0.2980538010597229,0.22977766394615173,0.15561653673648834,0.006445110775530338,0.16576822916666667,0.507466733455658,0.8743630461760095,0.10954660999399375,1.0,0.0,0.5756392045454545,0.5863458806818181,0.2415234375,0.6562369791666667,0.0017838541666666667,0.0156640625,0.849127471446991,0.09538987278938293,0.5526777505874634,1.0,0.0,0.3511848449707031,0.0,0.46977609395980835,1.0,0.9479078054428101,0.05209219455718994
1,3560,0.300489604473114,0.20938502252101898,0.13487792015075684,0.004396548494696617,0.1423828125,0.5322059988975525,0.7868489015311755,0.16691597153702725,1.0,0.0,0.37144886363636354,0.5557173295454545,0.28734375,0.7009375,0.0009765625,0.011171875,0.8455405831336975,0.09947559237480164,0.5515743494033813,1.0,0.0,0.3438289165496826,0.0,0.4688382148742676,1.0,0.9515756964683533,0.04842430353164673
1,3570,0.32519128918647766,0.27327224612236023,0.26929038763046265,0.014286232180893421,0.19552083333333334,0.41098257899284363,0.9834852430555555,0.03302951388888889,1.0,0.0,0.38920454545454547,0.5583806818181818,0.047578125,0.6271744791666667,0.031614583333333335,0.0115625,0.8493027091026306,0.0972207561135292,0.5501834750175476,1.0,0.0,0.334556519985199,0.0,0.4676559567451477,1.0,0.9533158540725708,0.0466841459274292
1,3580,0.29256466031074524,0.219978928565979,0.18428915739059448,0.010217545554041862,0.18106770833333333,0.5354855060577393,0.9857508680555555,0.0284982638888889,1.0,0.0,0.5205965909090909,0.5780894886363637,0.222734375,0.6921614583333333,0.0109765625,0.014453125,0.8504003286361694,0.09638352692127228,0.551422119140625,1.0,0.0,0.3428143262863159,0.0,0.4687088131904602,1.0,0.9549203515052795,0.04507964849472046
1,3590,0.2900790870189667,0.20365557074546814,0.12551680207252502,0.005766864400357008,0.16268229166666667,0.5294911861419678,0.808138335949699,0.12440454063952211,1.0,0.0,0.4258996212121211,0.5638849431818181,0.29791666666666666,0.7072395833333334,0.0009505208333333334,0.012369791666666666,0.8496794700622559,0.0943315178155899,0.5525509119033813,1.0,0.0,0.3503393530845642,0.0,0.46966829895973206,1.0,0.956667423248291,0.043332576751708984
1,3600,0.3128221035003662,0.2223985493183136,0.15308524668216705,0.007473506964743137,0.173515625,0.5023041367530823,0.9014074209838492,0.07071910930661167,1.0,0.0,0.2909564393939394,0.543643465909091,0.177421875,0.7226302083333334,0.001796875,0.009401041666666667,0.8487963676452637,0.09277546405792236,0.5522676706314087,1.0,0.0,0.34845101833343506,0.0,0.46942752599716187,1.0,0.9580877423286438,0.0419122576713562
1,3610,0.3172835111618042,0.2242521047592163,0.15033291280269623,0.008553636260330677,0.19723958333333333,0.5680471658706665,0.9253706309332596,0.03850448393300779,1.0,0.0,0.4099195075757575,0.5614879261363637,0.4734375,0.7242838541666666,0.005533854166666667,0.012018229166666667,0.8535763621330261,0.0878649353981018,0.5496804118156433,1.0,0.0,0.3312026262283325,0.0,0.46722835302352905,1.0,0.9594897031784058,0.04051029682159424
1,3620,0.34992238879203796,0.2183392345905304,0.12324948608875275,0.006187125109136105,0.13033854166666667,0.5025323033332825,0.818063606144843,0.10661775581902119,1.0,0.0,0.17021780303030298,0.5255326704545454,0.20411458333333332,0.7647786458333333,0.0011197916666666667,0.006744791666666666,0.8558970093727112,0.08482479304075241,0.5484628677368164,1.0,0.0,0.323085755109787,0.0,0.46619343757629395,1.0,0.9545602798461914,0.045439720153808594
1,3630,0.35831406712532043,0.21687041223049164,0.09686087816953659,0.0056419833563268185,0.09600260416666667,0.4747523069381714,0.7587151034635312,0.12336813954288156,1.0,0.0,0.15009469696969693,0.5225142045454545,0.0506640625,0.7681380208333334,0.0008984375,0.006302083333333333,0.865809440612793,0.07830695807933807,0.5501454472541809,1.0,0.0,0.3343028426170349,0.0,0.46762365102767944,1.0,0.9557278156280518,0.04427218437194824
1,3640,0.33346909284591675,0.21604548394680023,0.12518106400966644,0.005927334539592266,0.12279947916666667,0.4745959937572479,0.8153390019284963,0.11258507501243092,1.0,0.0,0.20750473484848483,0.5311257102272727,0.17783854166666666,0.7611588541666666,0.0024088541666666668,0.007565104166666667,0.8774024248123169,0.07013505697250366,0.5524452328681946,1.0,0.0,0.3496347665786743,0.0,0.46957847476005554,1.0,0.9569031596183777,0.043096840381622314
1,3650,0.32260480523109436,0.2092936486005783,0.13367091119289398,0.0061561306938529015,0.14440104166666667,0.5414072275161743,0.8346990356968484,0.10790124917115138,1.0,0.0,0.22170928030303028,0.5332563920454545,0.37430989583333335,0.7497526041666667,0.00140625,0.007877604166666666,0.8842276334762573,0.06311438977718353,0.5526100993156433,1.0,0.0,0.3507339060306549,0.0,0.4697186052799225,1.0,0.958034098148346,0.04196590185165405
1,3660,0.32452794909477234,0.21122115850448608,0.11965455114841461,0.0065665715374052525,0.1333203125,0.5804113149642944,0.8242087512298073,0.09095204493005665,1.0,0.0,0.19862689393939392,0.5297940340909091,0.49975260416666667,0.75109375,0.0003515625,0.007369791666666667,0.8880391120910645,0.05879900977015495,0.550635814666748,1.0,0.0,0.3375721573829651,0.0,0.46804046630859375,1.0,0.9590961933135986,0.04090380668640137
1,3670,0.34941500425338745,0.22809210419654846,0.12752047181129456,0.009767383337020874,0.2137109375,0.5334104299545288,0.9023581956186866,0.017660590277777777,1.0,0.0,0.2424242424242424,0.5363636363636364,0.32971354166666667,0.763046875,0.002864583333333333,0.008333333333333333,0.896331787109375,0.051770150661468506,0.5499889850616455,1.0,0.0,0.33326005935668945,0.0,0.46749064326286316,1.0,0.9601055383682251,0.0398944616317749
1,3680,0.32624199986457825,0.22011615335941315,0.12516862154006958,0.007953164167702198,0.19083333333333333,0.5849106907844543,0.868860010243758,0.05244090020555628,1.0,0.0,0.4756155303030302,0.5713423295454545,0.5567447916666667,0.7343229166666667,0.001171875,0.013463541666666667,0.8941640853881836,0.051052965223789215,0.5499635934829712,1.0,0.0,0.33309096097946167,0.0,0.46746906638145447,1.0,0.9610028266906738,0.03899717330932617
1,3690,0.3218196630477905,0.21976593136787415,0.1257074922323227,0.009493036195635796,0.20838541666666666,0.5646765232086182,0.8983851284145291,0.019470486111111115,1.0,0.0,0.3821022727272727,0.557315340909091,0.4367578125,0.7356119791666667,0.0004557291666666667,0.01140625,0.8931290507316589,0.050590623170137405,0.5478329658508301,1.0,0.0,0.318886399269104,0.0,0.465658038854599,1.0,0.9618066549301147,0.038193345069885254
1,3700,0.34043005108833313,0.2274024486541748,0.14000551402568817,0.009381473995745182,0.2153515625,0.5852814316749573,0.9231525272080022,0.01832899305555556,1.0,0.0,0.41938920454545453,0.5629083806818181,0.5216796875,0.7421484375,0.0007421875,0.0122265625,0.8997398614883423,0.04545280709862709,0.5468522310256958,1.0,0.0,0.3123478293418884,0.0,0.4648244082927704,1.0,0.9625701904296875,0.0374298095703125
1,3710,0.33431997895240784,0.22682364284992218,0.13988332450389862,0.0085397157818079,0.18998697916666665,0.584918200969696,0.9089451804651503,0.03566499987713041,1.0,0.0,0.2601799242424242,0.5390269886363637,0.4905598958333333,0.7292317708333333,0.0012109375,0.008723958333333334,0.9027534127235413,0.04295804351568222,0.5466576814651489,1.0,0.0,0.3110513687133789,0.0,0.46465903520584106,1.0,0.9632895588874817,0.03671044111251831
1,3720,0.3488759398460388,0.23960378766059875,0.13554520905017853,0.012293250299990177,0.20299479166666667,0.6104685664176941,0.9153243708712422,0.018888888888888893,1.0,0.0,0.26254734848484845,0.5393821022727273,0.5789453125,0.7301041666666667,0.001015625,0.008776041666666666,0.8938280940055847,0.05234571918845177,0.525173008441925,0.9598292112350464,0.0,0.30172258615493774,0.0,0.446397066116333,1.0,0.9639596939086914,0.036040306091308594
1,3730,0.34875136613845825,0.23745781183242798,0.14959916472434998,0.011983469128608704,0.22625,0.6013864874839783,0.9394096374715495,0.018285590277777784,1.0,0.0,0.40814393939393934,0.5612215909090909,0.5763151041666666,0.7263151041666667,0.0019270833333333334,0.011979166666666667,0.9021419286727905,0.047968290746212006,0.5282591581344604,0.9598292112350464,0.0,0.3222966194152832,0.0,0.44902029633522034,1.0,0.9647107124328613,0.03528928756713867
1,3740,0.34261250495910645,0.24464759230613708,0.15955989062786102,0.016865167766809464,0.25493489583333334,0.6142706274986267,0.9575596533168076,0.01569878472222222,1.0,0.0,0.609966856060606,0.5914950284090909,0.6164713541666667,0.7025390625,0.0009375,0.016419270833333333,0.9104044437408447,0.04305468499660492,0.5328713655471802,0.9598292112350464,0.0,0.3530449867248535,0.0,0.4529406726360321,1.0,0.9655019044876099,0.03449809551239014
1,3750,0.358423113822937,0.23908370733261108,0.14830036461353302,0.010563808493316174,0.20571614583333334,0.6114785075187683,0.9383943937476883,0.01592013888888889,1.0,0.0,0.3732244318181818,0.5559836647727273,0.6073307291666666,0.7354166666666667,0.0009375,0.0112109375,0.9172317981719971,0.03888168931007385,0.5357164740562439,0.9598292112350464,0.0,0.37201255559921265,0.0,0.45535901188850403,1.0,0.9663243293762207,0.0336756706237793
1,3760,0.34279876947402954,0.24532638490200043,0.1586492955684662,0.023231709375977516,0.24989583333333334,0.6320207715034485,0.9544062330987718,0.018923611111111113,1.0,0.0,0.2992424242424242,0.5448863636363637,0.5777083333333334,0.6893359375,0.0014973958333333334,0.009583333333333333,0.9232882261276245,0.03499477729201317,0.5369594097137451,0.9598292112350464,0.0,0.38029855489730835,0.0,0.4564155042171478,1.0,0.9671666026115417,0.03283339738845825
1,3770,0.3499935567378998,0.24750448763370514,0.16265594959259033,0.018264757469296455,0.24067708333333335,0.6449358463287354,0.9609935821631015,0.019309895833333333,1.0,0.0,0.28089488636363635,0.5421342329545454,0.5423828125,0.6965234375,0.0010677083333333333,0.0091796875,0.9298174381256104,0.031875696033239365,0.5389125347137451,0.9598292112350464,0.0,0.39331936836242676,0.0,0.4580756723880768,1.0,0.9680410027503967,0.03195899724960327
1,3780,0.3395927846431732,0.23597337305545807,0.14865116775035858,0.017087232321500778,0.21731770833333333,0.6385205388069153,0.9379637550390685,0.017968750000000006,1.0,0.0,0.385653409090909,0.5578480113636364,0.5834114583333333,0.711953125,0.0008723958333333333,0.011484375,0.9325573444366455,0.03222126513719559,0.5402779579162598,0.9598292112350464,0.0,0.4024226665496826,0.0,0.4592362642288208,1.0,0.9688767194747925,0.03112328052520752
1,3790,0.34287601709365845,0.2342887967824936,0.1642875373363495,0.011748223565518856,0.1946484375,0.6326664090156555,0.9640151473192067,0.018789062500000002,1.0,0.0,0.22230113636363635,0.5333451704545454,0.5846484375,0.7192578125,0.0004557291666666667,0.007890625,0.9368730783462524,0.030907530337572098,0.5404386520385742,0.9598292112350464,0.0,0.40349364280700684,0.0,0.459372878074646,1.0,0.9697104692459106,0.030289530754089355
1,3800,0.3437729477882385,0.22927327454090118,0.15353919565677643,0.012432665564119816,0.20626302083333334,0.622770369052887,0.9469649689319806,0.016510416666666666,1.0,0.0,0.28858901515151514,0.5432883522727273,0.569921875,0.7249869791666667,0.00018229166666666667,0.009348958333333334,0.9395942687988281,0.031086307018995285,0.5420408248901367,0.9598292112350464,0.0,0.41417527198791504,0.0,0.4607347249984741,1.0,0.9705477952957153,0.029452204704284668
1,3810,0.34860825538635254,0.2329367846250534,0.1645520031452179,0.013351408764719963,0.2107421875,0.6432122588157654,0.9646927395641295,0.01832899305555556,1.0,0.0,0.2637310606060606,0.5395596590909091,0.5609114583333333,0.7267578125,0.0003255208333333333,0.008802083333333334,0.9411301612854004,0.031328123062849045,0.5435121059417725,0.9598292112350464,0.0,0.4239831566810608,0.0,0.4619852900505066,1.0,0.9713987112045288,0.02860128879547119
1,3820,0.7359669208526611,0.39309215545654297,0.11211699992418289,0.010593418031930923,0.05614583333333333,0.17406563460826874,0.7379392525426344,0.23564569978632482,0.1564127604166666,0.0,0.2140151515151515,0.11030865293560602,0.0005338541666666666,0.14951822916666666,0.004752604166666666,0.0077083333333333335,0.9433249235153198,0.030742140486836433,0.5458287596702576,0.9598292112350464,0.0,0.43942776322364807,0.21708235144615173,0.46395444869995117,0.5401958227157593,0.9722147583961487,0.02778524160385132
1,3830,0.3340597152709961,0.252083420753479,0.23408693075180054,0.017140109091997147,0.2131640625,0.5034493803977966,0.992654079861111,0.014691840277777778,1.0,0.0,0.6022727272727273,0.5903409090909091,0.24596354166666667,0.6877604166666667,0.0492578125,0.01625,0.9452190399169922,0.030948614701628685,0.5484625101089478,0.9598292112350464,0.0,0.4569861888885498,0.0,0.46619313955307007,1.0,0.9730154275894165,0.026984572410583496
1,3840,0.3226344585418701,0.22888296842575073,0.14591597020626068,0.02040393278002739,0.2664973958333333,0.5705068111419678,0.932228188361877,0.02018229166666667,1.0,0.0,0.7958096590909091,0.6193714488636364,0.4244921875,0.7117838541666667,0.0017317708333333334,0.0205078125,0.9459767937660217,0.031187329441308975,0.5499632954597473,0.9598292112350464,0.0,0.4669913649559021,0.0,0.46746882796287537,1.0,0.9737458825111389,0.026254117488861084
1,3850,0.34101322293281555,0.24638420343399048,0.16297461092472076,0.02072807587683201,0.25811197916666667,0.5740150213241577,0.9587116746311513,0.024952256944444445,1.0,0.0,0.6058238636363635,0.5908735795454545,0.42625,0.7056380208333334,0.00014322916666666667,0.016328125,0.9458633661270142,0.03155232593417168,0.5496588945388794,0.9598292112350464,0.0,0.4649621248245239,0.0,0.4672100841999054,1.0,0.9742474555969238,0.025752544403076172
1,3860,0.34192734956741333,0.2520037591457367,0.1652412861585617,0.027043107897043228,0.2577083333333333,0.6050875782966614,0.9618856942042326,0.026276041666666666,1.0,0.0,0.39571496212121204,0.5593572443181818,0.39329427083333335,0.6989322916666667,0.00010416666666666667,0.011705729166666666,0.9466442465782166,0.03190574795007706,0.5513076186180115,0.9598292112350464,0.0,0.47595375776290894,0.0,0.468611478805542,1.0,0.9746909737586975,0.02530902624130249
1,3870,0.3440124988555908,0.2519928514957428,0.16466383635997772,0.029316116124391556,0.268515625,0.5637807250022888,0.9613207978570564,0.025451388888888895,1.0,0.0,0.4720643939393939,0.5708096590909091,0.38372395833333334,0.7007552083333334,9.114583333333334e-05,0.013385416666666667,0.9466551542282104,0.032109737396240234,0.5534552335739136,0.9598292112350464,0.0,0.4902710020542145,0.0,0.4704369604587555,1.0,0.9750370383262634,0.024962961673736572
1,3880,0.3439885973930359,0.2511317729949951,0.16366423666477203,0.02971808798611164,0.26825520833333333,0.5708372592926025,0.9598960946869646,0.02491753472222223,1.0,0.0,0.43359375,0.5650390625,0.3960546875,0.7051302083333333,1.3020833333333334e-05,0.0125390625,0.9463684558868408,0.03230443596839905,0.5556324124336243,0.9598292112350464,0.0,0.5047855973243713,0.0,0.4722875654697418,1.0,0.9753210544586182,0.024678945541381836
1,3890,0.3447508215904236,0.2515743374824524,0.16340607404708862,0.029843909665942192,0.2679166666666667,0.5664520263671875,0.9594917561865259,0.024852430555555555,1.0,0.0,0.49810606060606055,0.5747159090909091,0.39100260416666666,0.7047916666666667,1.3020833333333334e-05,0.013958333333333333,0.9471882581710815,0.0325743593275547,0.5569260120391846,0.9598292112350464,0.0,0.5134097933769226,0.0,0.47338712215423584,1.0,0.9756196737289429,0.02438032627105713
1,3900,0.3474428951740265,0.25183361768722534,0.16058361530303955,0.031048472970724106,0.2721354166666667,0.5643630027770996,0.9555290896260841,0.02322482638888889,1.0,0.0,0.6064157196969697,0.5909623579545454,0.41963541666666665,0.7076171875,1.3020833333333334e-05,0.016341145833333334,0.9467434883117676,0.03278723731637001,0.5597331523895264,0.9598292112350464,0.0,0.5321237444877625,0.0,0.4757731854915619,1.0,0.9759189486503601,0.024081051349639893
1,3910,0.34763363003730774,0.2519526481628418,0.1605646163225174,0.031079374253749847,0.275703125,0.5498222708702087,0.955405791671867,0.023407118055555558,1.0,0.0,0.6253551136363636,0.5938032670454545,0.4218359375,0.7078385416666667,2.604166666666667e-05,0.0167578125,0.9471192359924316,0.033110689371824265,0.561969518661499,0.9598292112350464,0.0,0.5470328330993652,0.0,0.47767409682273865,1.0,0.9744224548339844,0.025577545166015625
1,3920,0.3470730781555176,0.25158366560935974,0.16033178567886353,0.031168555840849876,0.27477864583333333,0.5555211305618286,0.9550356421103845,0.02335937500000001,1.0,0.0,0.5845170454545454,0.5876775568181818,0.4199348958333333,0.7079427083333333,5.208333333333334e-05,0.015859375,0.9466758370399475,0.03334713354706764,0.5641889572143555,0.9598292112350464,0.0,0.5618292689323425,0.0,0.47956061363220215,1.0,0.974095344543457,0.02590465545654297
1,3930,0.34715744853019714,0.2514722943305969,0.16033172607421875,0.031223010271787643,0.276171875,0.5678980350494385,0.9551028155465412,0.02322482638888889,1.0,0.0,0.6312736742424242,0.5946910511363637,0.4264453125,0.7090494791666667,2.604166666666667e-05,0.016888020833333333,0.9573153257369995,0.023514386266469955,0.5851410627365112,1.0,0.0,0.5676069259643555,0.0,0.4973699152469635,1.0,0.9735708832740784,0.02642911672592163
1,3940,0.3471302390098572,0.25126898288726807,0.16048245131969452,0.03138688951730728,0.2749479166666667,0.5547824501991272,0.9553209966777737,0.023298611111111117,1.0,0.0,0.6182528409090909,0.5927379261363637,0.4268619791666667,0.7088020833333334,3.90625e-05,0.0166015625,0.9568547010421753,0.024435557425022125,0.5838812589645386,1.0,0.0,0.5592081546783447,0.0,0.4962990880012512,1.0,0.9727092981338501,0.027290701866149902
1,3950,0.347579687833786,0.25134339928627014,0.16041697561740875,0.03152026608586311,0.271484375,0.5541473627090454,0.955177639559803,0.02336371527777778,1.0,0.0,0.5673532196969696,0.5851029829545454,0.4238671875,0.7092708333333333,3.90625e-05,0.015481770833333333,0.9581146240234375,0.025019841268658638,0.5815645456314087,1.0,0.0,0.5437635183334351,0.0,0.49432986974716187,1.0,0.9678240418434143,0.03217595815658569
1,3960,0.3475886583328247,0.2511835992336273,0.16018377244472504,0.03162465617060661,0.27381510416666666,0.5526877641677856,0.954793838731244,0.023342013888888895,1.0,0.0,0.6040482954545454,0.5906072443181818,0.4227604166666667,0.7100260416666667,3.90625e-05,0.0162890625,0.9592766165733337,0.025440022349357605,0.581150233745575,1.0,0.0,0.541001558303833,0.0,0.49397772550582886,1.0,0.9662922024726868,0.03370779752731323
1,3970,0.34760773181915283,0.25117096304893494,0.16005049645900726,0.031749092042446136,0.2760286458333333,0.5558291077613831,0.9546355690609696,0.023207465277777783,1.0,0.0,0.599905303030303,0.5899857954545454,0.4240234375,0.709453125,2.604166666666667e-05,0.016197916666666666,0.9594449996948242,0.025728754699230194,0.582194447517395,1.0,0.0,0.5479629039764404,0.0,0.4948652982711792,1.0,0.9575748443603516,0.04242515563964844
1,3980,0.34778377413749695,0.2512587904930115,0.16030541062355042,0.03186298906803131,0.27484375,0.5486312508583069,0.954971476151393,0.0233984375,1.0,0.0,0.5857007575757575,0.5878551136363637,0.42486979166666666,0.7097526041666666,1.3020833333333334e-05,0.015885416666666666,0.9586496353149414,0.027919951826334,0.5859653949737549,1.0,0.0,0.5731027126312256,0.0,0.4980705976486206,1.0,0.953600287437439,0.046399712562561035
1,3990,0.34794068336486816,0.2514987289905548,0.16049985587596893,0.03193626552820206,0.2745052083333333,0.5627583861351013,0.9551811797089047,0.02363715277777778,1.0,0.0,0.5667613636363636,0.5850142045454545,0.42223958333333333,0.7101822916666667,1.3020833333333334e-05,0.01546875,0.9598426818847656,0.028166726231575012,0.5847267508506775,1.0,0.0,0.5648449063301086,0.0,0.4970177412033081,1.0,0.9475171566009521,0.05248284339904785
1,4000,0.3476657569408417,0.2511460781097412,0.1600881963968277,0.03186935558915138,0.27513020833333335,0.5531256198883057,0.9546733272890758,0.023259548611111118,1.0,0.0,0.6152935606060606,0.5922940340909091,0.4234765625,0.7107161458333333,1.3020833333333334e-05,0.016536458333333334,0.9608163237571716,0.028894033282995224,0.5857625007629395,1.0,0.0,0.5717498660087585,0.0,0.497898131608963,1.0,0.9433954954147339,0.05660450458526611
1,4010,0.3480333387851715,0.25131168961524963,0.16020897030830383,0.031736280769109726,0.2745052083333333,0.5474584698677063,0.9548560125196082,0.023302951388888896,1.0,0.0,0.6016808712121211,0.5902521306818181,0.4245703125,0.7105078125,2.604166666666667e-05,0.016236979166666665,0.962614893913269,0.02842611074447632,0.5837713479995728,1.0,0.0,0.5584753751754761,0.0,0.4962056577205658,1.0,0.9194493889808655,0.08055061101913452
1,4020,0.347978413105011,0.2513352632522583,0.1605173498392105,0.03181612864136696,0.275078125,0.5478659868240356,0.9553822258496896,0.02329427083333334,1.0,0.0,0.5744554924242423,0.5861683238636364,0.4244661458333333,0.7104557291666667,2.604166666666667e-05,0.015638020833333332,0.9638796448707581,0.029029201716184616,0.5829088687896729,1.0,0.0,0.5527259111404419,0.0,0.4954725503921509,1.0,0.8954945206642151,0.10450547933578491
1,4030,0.34369805455207825,0.25414347648620605,0.16578640043735504,0.022969847545027733,0.2444140625,0.6020888090133667,0.9613672230691991,0.029157986111111117,1.0,0.0,0.3353456439393939,0.5503018465909091,0.5173177083333333,0.6949088541666667,0.0001953125,0.010377604166666667,0.9651361703872681,0.029686030000448227,0.5812263488769531,1.0,0.0,0.5415088534355164,0.0,0.49404239654541016,1.0,0.8776796460151672,0.12232035398483276
1,4040,0.32351553440093994,0.2573663294315338,0.1850896030664444,0.02489609457552433,0.24654947916666667,0.603573203086853,0.9829817708333333,0.034036458333333346,1.0,0.0,0.4258996212121211,0.5638849431818181,0.5107291666666667,0.6428645833333333,0.00026041666666666666,0.012369791666666666,0.9664149880409241,0.030298423022031784,0.5786898136138916,1.0,0.0,0.5245987176895142,0.0,0.49188634753227234,1.0,0.8536989092826843,0.14630109071731567
1,4050,0.3178326189517975,0.24298709630966187,0.16517610847949982,0.022013511508703232,0.2416015625,0.613206148147583,0.9586872858777005,0.032452256944444445,1.0,0.0,0.4714725378787878,0.5707208806818181,0.5130598958333333,0.6447786458333333,5.208333333333334e-05,0.013372395833333333,0.9501786231994629,0.04643072187900543,0.5744918584823608,1.0,0.0,0.4966123402118683,0.0,0.4883180856704712,1.0,0.8297141790390015,0.17028582096099854
1,4060,0.3227187693119049,0.2490338832139969,0.180974543094635,0.02770257368683815,0.255,0.5965081453323364,0.9831119791666666,0.03377604166666667,1.0,0.0,0.5478219696969697,0.5821732954545454,0.5118229166666667,0.6255208333333333,6.510416666666667e-05,0.015052083333333334,0.9509456157684326,0.04805295169353485,0.570439338684082,1.0,0.0,0.4695955216884613,0.0,0.4848734438419342,1.0,0.805730938911438,0.194269061088562
1,4070,0.3204602599143982,0.24755698442459106,0.16912218928337097,0.025354238227009773,0.2525390625,0.6214964985847473,0.9654216923876706,0.032339409722222226,1.0,0.0,0.541903409090909,0.5812855113636364,0.5470572916666666,0.5869140625,1.3020833333333334e-05,0.014921875,0.945313036441803,0.06013292074203491,0.549046516418457,0.9658436179161072,0.0,0.4408313035964966,0.0,0.4666895568370819,1.0,0.7817438840866089,0.2182561159133911
1,4080,0.22117462754249573,0.19297242164611816,0.17150427401065826,0.014466505497694016,0.215390625,0.5804797410964966,0.9446186761265127,0.07146651532914908,1.0,0.0,1.0,0.65,0.46490885416666666,0.538359375,0.000546875,0.026796875,0.9465500116348267,0.06087407469749451,0.5320126414299011,0.9260603189468384,0.0,0.459883451461792,0.0,0.45221075415611267,1.0,0.7577572464942932,0.2422427535057068
1,4090,0.35877183079719543,0.28535783290863037,0.22645863890647888,0.021955173462629318,0.21462239583333334,0.6201825737953186,0.9849500868055555,0.03009982638888889,1.0,0.0,0.2601799242424242,0.5390269886363637,0.5059765625,0.5686067708333333,0.00040364583333333333,0.008723958333333334,0.9475424289703369,0.06206351891160011,0.5124732255935669,0.8810628652572632,0.0,0.47961199283599854,0.0,0.43560224771499634,1.0,0.7337728142738342,0.26622718572616577
1,4100,0.31205877661705017,0.2589448094367981,0.24054555594921112,0.023295743390917778,0.2394140625,0.6095935106277466,0.9799370659722222,0.04012586805555557,1.0,0.0,0.6431107954545454,0.5964666193181818,0.485703125,0.5707161458333333,0.0004427083333333333,0.0171484375,0.9478285312652588,0.06463420391082764,0.49175825715065,0.833443820476532,0.0,0.5002423524856567,0.0,0.41799452900886536,1.0,0.7097840309143066,0.29021596908569336
1,4110,0.4920852780342102,0.3357656002044678,0.243149995803833,0.011455319821834564,0.2037890625,0.668579638004303,0.9933007812499999,0.013398437499999999,1.0,0.0,0.3276515151515151,0.5491477272727272,0.42583333333333334,0.42942708333333335,0.00015625,0.010208333333333333,0.9023678302764893,0.06352660804986954,0.4635537564754486,0.7858247756958008,0.0,0.4709426760673523,0.0,0.3940207064151764,0.8795860409736633,0.6857984662055969,0.3142015337944031
1,4120,0.321747750043869,0.25694936513900757,0.22404594719409943,0.022250354290008545,0.24248697916666667,0.5953879952430725,0.9819639756944444,0.03607204861111112,1.0,0.0,0.5046164772727272,0.5756924715909091,0.49536458333333333,0.6217317708333333,0.00022135416666666666,0.0141015625,0.8568985462188721,0.06241694092750549,0.43544653058052063,0.7382057309150696,0.0,0.4422912001609802,0.0,0.3701295554637909,1.0,0.6618114709854126,0.3381885290145874
1,4130,0.33071544766426086,0.26187875866889954,0.2298765778541565,0.02268931455910206,0.22813802083333334,0.6049414277076721,0.981423611111111,0.037152777777777785,1.0,0.0,0.3489583333333333,0.55234375,0.5261067708333333,0.6226302083333334,0.0001171875,0.010677083333333334,0.8114041686058044,0.06130769103765488,0.40753376483917236,0.6905866861343384,0.0,0.4149361848831177,0.0,0.34640371799468994,1.0,0.6378276348114014,0.36217236518859863
1,4140,0.3322560787200928,0.26290884613990784,0.23052164912223816,0.026232151314616203,0.23006510416666667,0.5758033990859985,0.9819574652777777,0.036085069444444444,1.0,0.0,0.27616003787878785,0.5414240056818181,0.511640625,0.6257942708333334,0.00020833333333333335,0.009075520833333333,0.7656247615814209,0.059919215738773346,0.38132888078689575,0.6429675817489624,0.0,0.3989673852920532,0.0,0.32412955164909363,1.0,0.6137551069259644,0.38624489307403564
1,4150,0.2580467164516449,0.13958537578582764,0.1340600550174713,0.004297394771128893,0.0580078125,0.8204361200332642,0.614357329625881,0.36207694040251437,1.0,0.0,0.03053977272727271,0.504580965909091,0.90140625,0.676328125,7.8125e-05,0.003671875,0.7188161015510559,0.05829843133687973,0.3544772267341614,0.595348596572876,0.0,0.37868642807006836,0.4472263753414154,0.4472263753414154,0.7836117744445801,0.5896874666213989,0.4103125333786011
1,4160,0.6658297777175903,0.2907625436782837,0.2605803906917572,0.01618230901658535,0.1606640625,0.5521237850189209,0.9712847222222222,0.057430555555555554,1.0,0.0,0.0,0.5,0.4152734375,0.5124479166666667,0.006119791666666667,0.0016796875,0.6731643080711365,0.05675308406352997,0.3273000419139862,0.5477294921875,0.0,0.3562353551387787,0.0,0.2782050371170044,1.0,0.5656136870384216,0.43438631296157837
1,4170,0.9268453121185303,0.176691472530365,0.21751722693443298,0.01941888965666294,0.07390625,0.1453472226858139,0.83650794506073,0.2770213186740875,0.2827148437500001,0.0,0.0,0.14135742187500006,0.058671875,0.131796875,0.0178515625,0.0016145833333333333,0.6263494491577148,0.05514470115303993,0.299577534198761,0.5001105070114136,0.0,0.3301485776901245,0.23850053548812866,0.2546409070491791,0.4439508318901062,0.5415337681770325,0.45846623182296753
1,4180,0.40425026416778564,0.3600873649120331,0.2736625671386719,0.04579608142375946,0.18848958333333332,0.31419864296913147,0.9806141493055555,0.038771701388888885,0.16455078125,0.0,1.0,0.232275390625,0.07796875,0.0746875,0.15244791666666666,0.033216145833333335,0.5803769826889038,0.05360473319888115,0.27189725637435913,0.4524914026260376,0.0,0.30434364080429077,0.22361025214195251,0.23111267387866974,0.8531560897827148,0.5174535512924194,0.48254644870758057
1,4190,0.3136344254016876,0.3150317370891571,0.23831364512443542,0.02993660978972912,0.196875,0.28580424189567566,0.9758116319444443,0.04837673611111111,0.055053710937499986,0.0,1.0,0.17752685546875,0.04938802083333333,0.06822916666666666,0.114296875,0.061614583333333334,0.5353951454162598,0.05020156502723694,0.24094486236572266,0.4048723578453064,0.0,0.25672459602355957,0.23937970399856567,0.23937970399856567,0.703357458114624,0.49338358640670776,0.5066164135932922
1,4200,0.27158382534980774,0.3076716363430023,0.2211368978023529,0.026720009744167328,0.19106770833333334,0.3771480917930603,0.9611892361111111,0.0776215277777778,0.0,0.0,1.0,0.15,0.021614583333333333,0.03626302083333333,0.08888020833333334,0.07475260416666667,0.4884927570819855,0.048768237233161926,0.21527691185474396,0.3572533130645752,0.0,0.2443350851535797,0.04917316138744354,0.18298538029193878,0.8897859454154968,0.4693068861961365,0.5306931138038635
