video,frame,brightness,contrast,center_contrast,sharpness,edge_density,saturation,visibility_score,no_vision_score,brown_deposit_score,light_deposit_score,dark_structure_score,dirt_deposit_score,brown_fraction,yellow_fraction,light_deposit_fraction,dark_structure_fraction,visibility_score_smooth,no_vision_score_smooth,dirt_deposit_score_smooth,brown_deposit_score_smooth,light_deposit_score_smooth,dark_structure_score_smooth,feature_anomaly_score,anomaly_score,pipe_similarity_score,inspection_active_score,handling_score
2,0,0.29623353481292725,0.27924928069114685,0.24276447296142578,0.03763264790177345,0.22766927083333333,0.3498964011669159,0.9815234374999999,0.036953125,0.0,0.0,1.0,0.15,0.012044270833333334,0.010494791666666666,0.1216015625,0.051119791666666664,0.518278181552887,0.0098970802500844,0.23221895098686218,0.3809524178504944,0.0,0.27828508615493774,0.26192507147789,0.26192507147789,0.8061826229095459,0.48188769817352295,0.518112301826477
2,10,0.30877527594566345,0.27923908829689026,0.24492722749710083,0.038632020354270935,0.23635416666666667,0.3243037164211273,0.9849804687499999,0.030039062500000005,0.0,0.0,1.0,0.15,0.013216145833333333,0.012604166666666666,0.13231770833333334,0.049778645833333336,0.565508246421814,0.010675023309886456,0.2600345015525818,0.4285714626312256,0.0,0.3049919009208679,0.3176111578941345,0.3176111578941345,0.7171111106872559,0.5059857368469238,0.49401426315307617
2,20,0.38491570949554443,0.22644975781440735,0.2295544296503067,0.05074048787355423,0.30932291666666667,0.3445884585380554,0.9999999999999999,0.0,0.0,0.0,0.6289062499999999,0.09433593749999998,0.0025390625,0.03140625,0.19731770833333334,0.0168359375,0.6127380132675171,0.011453586630523205,0.28784582018852234,0.4761905074119568,0.0,0.33167052268981934,0.1812606304883957,0.24466896057128906,0.78770911693573,0.5300574898719788,0.46994251012802124
2,30,0.2812444865703583,0.19689925014972687,0.2360859513282776,0.010473090223968029,0.23173177083333332,0.5432959198951721,0.9930302711327871,0.009288332959016186,1.0,0.0,1.0,0.65,0.3446223958333333,0.603203125,0.024869791666666665,0.03299479166666667,0.6599646806716919,0.01223834976553917,0.3156106472015381,0.523809552192688,0.0,0.35803911089897156,0.0,0.26826906204223633,1.0,0.5541064143180847,0.4458935856819153
2,40,0.41404038667678833,0.25043240189552307,0.2535037398338318,0.036293819546699524,0.28399739583333333,0.6755393147468567,0.9999999999999999,0.0,1.0,0.0,0.1909327651515151,0.5286399147727273,0.5258463541666667,0.7521354166666666,0.011471354166666666,0.007200520833333333,0.7068271636962891,0.013751454651355743,0.34215793013572693,0.5714285969734192,0.0,0.37629082798957825,0.05149371922016144,0.2908342480659485,1.0,0.5781334638595581,0.4218665361404419
2,50,0.47329843044281006,0.2535788118839264,0.2437274307012558,0.05424369126558304,0.3029296875,0.7120716571807861,0.9999999999999999,0.0,1.0,0.0,0.015743371212121212,0.5023615056818181,0.6310286458333333,0.7334505208333333,0.011380208333333334,0.0033463541666666667,0.7535642385482788,0.015515467151999474,0.369326651096344,0.6190476417541504,0.0,0.3986855149269104,0.2363387495279312,0.31392765045166016,0.9062929153442383,0.602141797542572,0.397858202457428
2,60,0.5975404977798462,0.28055527806282043,0.24623273313045502,0.04365859180688858,0.28432291666666665,0.6737504005432129,0.9985850694444444,0.0028298611111111094,1.0,0.0,0.0,0.5,0.5283072916666667,0.4908984375,0.004205729166666667,0.0026432291666666666,0.8004321455955505,0.017005009576678276,0.39657992124557495,0.6666667461395264,0.0,0.4216439127922058,0.14935672283172607,0.33709293603897095,0.8548597097396851,0.6261374354362488,0.3738625645637512
2,70,0.6287215948104858,0.3728732168674469,0.2787144184112549,0.009921183809638023,0.10438802083333333,0.45058420300483704,0.9616362847222222,0.07672743055555557,1.0,0.0,0.3199573863636363,0.5479936079545454,0.28763020833333336,0.29420572916666665,0.0020052083333333332,0.0100390625,0.8466252684593201,0.01786087080836296,0.42420947551727295,0.7142857313156128,0.0,0.447110652923584,0.0,0.3605780601501465,1.0,0.6501143574714661,0.34988564252853394
2,80,0.29774317145347595,0.22391143441200256,0.17414207756519318,0.014696952886879444,0.22286458333333334,0.6651343703269958,0.9794203601637458,0.021332465277777782,1.0,0.0,0.5371685606060606,0.5805752840909091,0.5736848958333334,0.6526302083333333,2.604166666666667e-05,0.014817708333333334,0.8931760787963867,0.018756825476884842,0.45171216130256653,0.7619048357009888,0.0,0.47173184156417847,0.0,0.38395535945892334,1.0,0.6740686893463135,0.3259313106536865
2,90,0.3464718759059906,0.25133904814720154,0.1905893087387085,0.023633752018213272,0.2586979166666667,0.591097891330719,0.9925065104166666,0.014986979166666664,1.0,0.0,0.5709043560606061,0.585635653409091,0.5951822916666667,0.6660677083333333,0.0,0.015559895833333334,0.9397143721580505,0.019658777862787247,0.47921064496040344,0.8095238208770752,0.0,0.4963248670101166,0.0,0.4073290526866913,1.0,0.6980011463165283,0.3019988536834717
2,100,0.34629520773887634,0.25290191173553467,0.194571852684021,0.024911370128393173,0.26407552083333335,0.6036321520805359,0.9921592881944443,0.015681423611111116,1.0,0.0,0.5803740530303031,0.5870561079545454,0.5940364583333333,0.6589713541666666,0.0,0.015768229166666668,0.9865638613700867,0.02119792252779007,0.5055042505264282,0.8571429252624512,0.0,0.512885570526123,0.0,0.42967861890792847,1.0,0.7219102382659912,0.2780897617340088
2,110,0.35170137882232666,0.25991588830947876,0.2050693780183792,0.02826409600675106,0.263671875,0.6107105612754822,0.9918315972222221,0.016336805555555556,1.0,0.0,0.560842803030303,0.5841264204545454,0.5872135416666666,0.6567578125,0.0,0.015338541666666667,0.9865036010742188,0.02131841704249382,0.5258302688598633,0.9047619700431824,0.0,0.4896622598171234,0.0,0.44695574045181274,1.0,0.745781660079956,0.25421833992004395
2,120,0.3506770133972168,0.25919097661972046,0.20489829778671265,0.030358027666807175,0.2679296875,0.5967037677764893,0.9918250868055555,0.016349826388888888,1.0,0.0,0.5602509469696969,0.5840376420454545,0.5847786458333334,0.6595182291666667,0.0,0.015325520833333333,0.9861046075820923,0.02156829461455345,0.545357346534729,0.9523810148239136,0.0,0.46111223101615906,0.0,0.4635537564754486,1.0,0.7696085572242737,0.23039144277572632
2,130,0.34972137212753296,0.25832006335258484,0.20383751392364502,0.031067654490470886,0.2665885416666667,0.6765151023864746,0.9917599826388888,0.016480034722222224,1.0,0.0,0.5537405303030303,0.5830610795454545,0.5905338541666667,0.6593489583333333,0.0,0.015182291666666667,0.9806281328201294,0.02265419065952301,0.5656453371047974,1.0,0.0,0.43763530254364014,0.0,0.48079854249954224,1.0,0.7934081554412842,0.20659184455871582
2,140,0.3380972743034363,0.2679986357688904,0.20979493856430054,0.03004510886967182,0.22506510416666667,0.7037594318389893,0.9841124131944443,0.03177517361111112,1.0,0.0,0.38328598484848486,0.5574928977272727,0.4881770833333333,0.5644270833333334,7.8125e-05,0.011432291666666667,0.9799998998641968,0.02337239682674408,0.5593885183334351,1.0,0.0,0.39592355489730835,0.0,0.47548025846481323,1.0,0.8171736001968384,0.18282639980316162
2,150,0.2999255061149597,0.24863824248313904,0.21383574604988098,0.029249299317598343,0.225546875,0.6147603988647461,0.9814778645833333,0.03704427083333333,1.0,0.0,0.47028882575757563,0.5705433238636364,0.460703125,0.5759765625,2.604166666666667e-05,0.013346354166666666,0.9776430130004883,0.02444775030016899,0.5594899654388428,1.0,0.0,0.3965999484062195,0.0,0.47556647658348083,1.0,0.8409042358398438,0.15909576416015625
2,160,0.3109920918941498,0.23789890110492706,0.17992089688777924,0.029189281165599823,0.2352734375,0.6075023412704468,0.984225942222481,0.03128038194444445,1.0,0.0,0.48212594696969696,0.5723188920454545,0.5290755208333333,0.6152604166666666,0.0001171875,0.013606770833333334,0.9748249650001526,0.025376982986927032,0.5609611868858337,1.0,0.0,0.40640783309936523,0.0,0.4768170118331909,1.0,0.8646073341369629,0.1353926658630371
2,170,0.3434096872806549,0.24263304471969604,0.1676160991191864,0.02767178788781166,0.26135416666666667,0.6827681660652161,0.9700560841397342,0.01797309027777778,1.0,0.0,0.5348011363636362,0.5802201704545454,0.5366015625,0.6825,0.0,0.014765625,0.9726027846336365,0.02612764574587345,0.5624349117279053,1.0,0.0,0.4162326455116272,0.0,0.4780696928501129,1.0,0.8883135318756104,0.11168646812438965
2,180,0.34715983271598816,0.24599651992321014,0.17230254411697388,0.02896173484623432,0.26407552083333335,0.6272833347320557,0.9775659841146225,0.018815104166666673,1.0,0.0,0.5170454545454545,0.5775568181818181,0.5088802083333334,0.682109375,0.0,0.014375,0.9708071351051331,0.023345114663243294,0.5615767240524292,1.0,0.0,0.4105113744735718,0.0,0.4773402214050293,1.0,0.9119918942451477,0.0880081057548523
2,190,0.3471793830394745,0.246185764670372,0.17218531668186188,0.029108811169862747,0.263203125,0.6282482147216797,0.977304665196655,0.018940972222222227,1.0,0.0,0.5164535984848485,0.5774680397727273,0.5026822916666667,0.6808854166666667,1.3020833333333334e-05,0.014361979166666667,0.9677057266235352,0.023162823170423508,0.5589048862457275,1.0,0.0,0.39269933104515076,0.0,0.47506916522979736,1.0,0.9356702566146851,0.06432974338531494
2,200,0.350077360868454,0.28722307085990906,0.24721400439739227,0.024738779291510582,0.2140625,0.6363115906715393,0.9838389756944443,0.03232204861111112,1.0,0.0,0.34777462121212116,0.5521661931818181,0.45657552083333336,0.5497395833333333,0.00013020833333333333,0.010651041666666666,0.9661515951156616,0.023327959701418877,0.5560555458068848,1.0,0.0,0.37370356917381287,0.0,0.47264721989631653,1.0,0.9593612551689148,0.040638744831085205
2,210,0.3087592124938965,0.2584098279476166,0.20544660091400146,0.017103474587202072,0.21584635416666667,0.5958489179611206,0.9802582465277777,0.03948350694444444,1.0,0.0,0.5123106060606061,0.576846590909091,0.3909375,0.58421875,7.8125e-05,0.014270833333333333,0.9614460468292236,0.023440806195139885,0.5529778599739075,1.0,0.0,0.35318589210510254,0.0,0.470031201839447,1.0,0.9639710783958435,0.036028921604156494
2,220,0.3208112418651581,0.2500002980232239,0.17659904062747955,0.02170480042695999,0.23154947916666666,0.5807581543922424,0.9766013011259912,0.03528645833333334,1.0,0.0,0.4004498106060606,0.5600674715909091,0.45815104166666665,0.6551953125,2.604166666666667e-05,0.011809895833333334,0.9571888446807861,0.02352926693856716,0.5501750707626343,1.0,0.0,0.33450013399124146,0.0,0.46764883399009705,1.0,0.9693974256515503,0.030602574348449707
2,230,0.31688904762268066,0.22231577336788177,0.11877989023923874,0.03242319077253342,0.2205859375,0.5939844846725464,0.8849948276057203,0.02280381944444445,1.0,0.0,0.13589015151515152,0.5203835227272727,0.5244921875,0.7092317708333333,0.00018229166666666667,0.005989583333333334,0.9535911679267883,0.023936426267027855,0.5473637580871582,1.0,0.0,0.3157580494880676,0.0,0.4652591943740845,1.0,0.9737026691436768,0.026297330856323242
2,240,0.3728103041648865,0.2624730169773102,0.17528590559959412,0.0369860902428627,0.23528645833333334,0.602471113204956,0.9798369719228175,0.02437065972222223,1.0,0.0,0.12405303030303028,0.5186079545454545,0.4990364583333333,0.6826432291666666,0.0001953125,0.005729166666666666,0.9501597881317139,0.024314235895872116,0.5448906421661377,1.0,0.0,0.2992706298828125,0.0,0.463157057762146,1.0,0.975143551826477,0.02485644817352295
2,250,0.3578049838542938,0.25514447689056396,0.1574251353740692,0.03308698162436485,0.24526041666666668,0.6193277835845947,0.9505051503018436,0.022582465277777783,1.0,0.0,0.20513731060606058,0.5307705965909091,0.5923697916666667,0.6887630208333333,0.00013020833333333333,0.007513020833333333,0.9469924569129944,0.0240490660071373,0.5438168048858643,1.0,0.0,0.29211199283599854,0.0,0.46224430203437805,1.0,0.9763017892837524,0.02369821071624756
2,260,0.3568410277366638,0.2471424639225006,0.15079541504383087,0.033584725111722946,0.25296875,0.6290603876113892,0.9408199117835769,0.019513888888888886,1.0,0.0,0.22170928030303028,0.5332563920454545,0.5853515625,0.6974348958333333,0.00022135416666666666,0.007877604166666666,0.9446982145309448,0.023536499589681625,0.5421215295791626,1.0,0.0,0.2808103561401367,0.0,0.4608033001422882,1.0,0.9783207178115845,0.021679282188415527
2,270,0.3525729477405548,0.24268367886543274,0.1570829600095749,0.023404832929372787,0.240390625,0.6361368894577026,0.9519204419392805,0.018593750000000003,1.0,0.0,0.20632102272727268,0.5309481534090909,0.6070963541666666,0.7096744791666667,0.00026041666666666666,0.0075390625,0.9415654540061951,0.023392030969262123,0.540261447429657,1.0,0.0,0.2684095501899719,0.0,0.4592222571372986,1.0,0.9806762933731079,0.01932370662689209
2,280,0.34408438205718994,0.2397232949733734,0.14045387506484985,0.03059484250843525,0.24790364583333332,0.635543942451477,0.9239286531546176,0.01829427083333334,1.0,0.0,0.19981060606060602,0.5299715909090909,0.6223828125,0.7079036458333333,0.00022135416666666666,0.007395833333333333,0.9379873275756836,0.023683449253439903,0.5395808219909668,1.0,0.0,0.2638719975948334,0.0,0.45864370465278625,1.0,0.9809404611587524,0.01905953884124756
2,290,0.34968939423561096,0.23166054487228394,0.13452482223510742,0.013369698077440262,0.2032421875,0.6320937871932983,0.9142898367205238,0.01750434027777778,1.0,0.0,0.1631155303030303,0.5244673295454545,0.5970572916666667,0.723984375,0.00037760416666666666,0.006588541666666667,0.9344981908798218,0.023919478058815002,0.5386000871658325,1.0,0.0,0.2573333978652954,0.0,0.45781007409095764,1.0,0.9808883666992188,0.01911163330078125
2,300,0.3498634099960327,0.23883943259716034,0.16173972189426422,0.016398107632994652,0.2123046875,0.6454400420188904,0.9598705603424301,0.01845486111111111,1.0,0.0,0.1719933712121212,0.5257990056818181,0.6331510416666667,0.7135416666666666,2.604166666666667e-05,0.006783854166666666,0.9308019280433655,0.024270914494991302,0.5372218489646912,1.0,0.0,0.24814552068710327,0.0,0.4566385746002197,1.0,0.980510950088501,0.019489049911499023
2,310,0.31633278727531433,0.21950511634349823,0.12230821698904037,0.013055066578090191,0.1793359375,0.6621128916740417,0.893342144188718,0.018051215277777782,1.0,0.0,0.1495028409090909,0.5224254261363637,0.625390625,0.7355208333333333,0.00022135416666666666,0.0062890625,0.9249650239944458,0.025146543979644775,0.5373063683509827,1.0,0.0,0.24870920181274414,0.0,0.45671042799949646,1.0,0.9798306822776794,0.020169317722320557
2,320,0.3499302566051483,0.22991599142551422,0.1277209371328354,0.00980800949037075,0.1546875,0.6342965960502625,0.9024305175410376,0.01819444444444445,1.0,0.0,0.1684422348484848,0.5252663352272727,0.5975651041666666,0.7362630208333333,0.00014322916666666667,0.006705729166666666,0.9183406233787537,0.026820842176675797,0.5357844829559326,1.0,0.0,0.23856309056282043,0.0,0.45541682839393616,1.0,0.979155421257019,0.020844578742980957
2,330,0.33849331736564636,0.23123738169670105,0.1378818303346634,0.011452666483819485,0.16713541666666668,0.6197671294212341,0.9162730106838748,0.024900173611111118,1.0,0.0,0.16666666666666666,0.525,0.6052213541666667,0.7207161458333333,3.90625e-05,0.006666666666666667,0.914280354976654,0.027875542640686035,0.5345077514648438,1.0,0.0,0.23005163669586182,0.0,0.4543316066265106,1.0,0.9785047769546509,0.02149522304534912
2,340,0.3564634621143341,0.23906631767749786,0.13976436853408813,0.010980653576552868,0.1672265625,0.6218749284744263,0.91970190011538,0.0244140625,1.0,0.0,0.20750473484848483,0.5311257102272727,0.5618619791666667,0.7293229166666667,7.8125e-05,0.007565104166666667,0.9102723598480225,0.031853094696998596,0.5353151559829712,1.0,0.0,0.23543471097946167,0.0,0.45501789450645447,1.0,0.977910041809082,0.02208995819091797
2,350,0.3397340774536133,0.23239515721797943,0.1390509009361267,0.012027299031615257,0.17388020833333334,0.6244279146194458,0.9175982260500264,0.026206597222222225,1.0,0.0,0.23295454545454544,0.5349431818181818,0.6168098958333333,0.7097526041666666,1.3020833333333334e-05,0.008125,0.9051291942596436,0.0332617312669754,0.5365242958068848,1.0,0.0,0.24349522590637207,0.0,0.45604565739631653,1.0,0.9773706197738647,0.022629380226135254
2,360,0.33136022090911865,0.23412562906742096,0.14835064113140106,0.017321234568953514,0.20544270833333333,0.599705696105957,0.9332993555578412,0.026280381944444455,1.0,0.0,0.23295454545454544,0.5349431818181818,0.6412109375,0.7044661458333333,6.510416666666667e-05,0.008125,0.901435375213623,0.035289786756038666,0.5381392240524292,1.0,0.0,0.2542613744735718,0.0,0.4574183523654938,1.0,0.9768709540367126,0.023129045963287354
2,370,0.325530081987381,0.2281741350889206,0.14014993607997894,0.014347582124173641,0.18783854166666666,0.5975680351257324,0.9184381664003062,0.02824652777777778,1.0,0.0,0.22170928030303028,0.5332563920454545,0.6517578125,0.7001302083333333,0.00014322916666666667,0.007877604166666666,0.9021885395050049,0.035929009318351746,0.5395174026489258,1.0,0.0,0.2634492516517639,0.0,0.4585897922515869,1.0,0.976406455039978,0.023593544960021973
2,380,0.3442402780056,0.24001508951187134,0.12502221763134003,0.01278587058186531,0.20321614583333333,0.574682354927063,0.8949142350192762,0.02409288194444445,1.0,0.0,0.43951231060606055,0.5659268465909091,0.5351692708333333,0.7123697916666667,0.00018229166666666667,0.012669270833333333,0.8991251587867737,0.039699338376522064,0.5396696329116821,1.0,0.0,0.2644638419151306,0.0,0.4587191939353943,1.0,0.9759460687637329,0.02405393123626709
2,390,0.33779439330101013,0.23100832104682922,0.13047058880329132,0.009451807476580143,0.20536458333333332,0.5693997144699097,0.9042951457418946,0.023771701388888893,1.0,0.0,0.3797348484848484,0.5569602272727272,0.46697916666666667,0.7201692708333334,0.0004557291666666667,0.011354166666666667,0.8993262052536011,0.04017756134271622,0.5407222509384155,1.0,0.0,0.27148157358169556,0.0,0.4596139192581177,1.0,0.9755054712295532,0.024494528770446777
2,400,0.3319617807865143,0.224272221326828,0.12930771708488464,0.008881784975528717,0.21255208333333334,0.5741836428642273,0.899682930129902,0.026321130488623112,1.0,0.0,0.32350852272727265,0.5485262784090909,0.5521484375,0.7305729166666667,0.0006770833333333334,0.0101171875,0.9014099836349487,0.04022429138422012,0.5425358414649963,1.0,0.0,0.28357234597206116,0.0,0.4611554741859436,1.0,0.9750747084617615,0.024925291538238525
2,410,0.32083797454833984,0.22108520567417145,0.11908114701509476,0.008112001232802868,0.20071614583333333,0.5768303275108337,0.861263622929491,0.05071028592403179,1.0,0.0,0.3596117424242424,0.5539417613636364,0.495078125,0.7286328125,0.0005989583333333333,0.010911458333333334,0.8987565636634827,0.040149059146642685,0.5455331802368164,1.0,0.0,0.3035545349121094,0.0,0.4637032151222229,1.0,0.9746246933937073,0.025375306606292725
2,420,0.33308547735214233,0.22060371935367584,0.11986671388149261,0.0072936718352139,0.18200520833333333,0.5333437919616699,0.8411456773206141,0.07464372792369547,1.0,0.0,0.2992424242424242,0.5448863636363637,0.3982291666666667,0.7425390625,0.0009114583333333333,0.009583333333333333,0.9012869000434875,0.03977186977863312,0.5487588047981262,1.0,0.0,0.32505863904953003,0.0,0.4664449989795685,1.0,0.9741606116294861,0.025839388370513916
2,430,0.34332162141799927,0.22532668709754944,0.14071957767009735,0.007837184704840183,0.1727734375,0.5513801574707031,0.8913362021331106,0.05743519277248762,1.0,0.0,0.22170928030303028,0.5332563920454545,0.41279947916666665,0.7432682291666667,0.0009895833333333334,0.007877604166666666,0.905526876449585,0.039717718958854675,0.5521323680877686,1.0,0.0,0.347549170255661,0.0,0.46931251883506775,1.0,0.9736545085906982,0.026345491409301758
2,440,0.34486281871795654,0.22142748534679413,0.11254049092531204,0.006251293234527111,0.1486328125,0.5325728058815002,0.8008267716325979,0.10633241747715447,1.0,0.0,0.24893465909090906,0.5373401988636364,0.36147135416666665,0.7451432291666666,0.0010286458333333332,0.0084765625,0.9067848324775696,0.03853199630975723,0.553810715675354,1.0,0.0,0.3587380647659302,0.0,0.47073912620544434,1.0,0.9730783700942993,0.026921629905700684
2,450,0.32443705201148987,0.2150527685880661,0.12734729051589966,0.00795641541481018,0.19552083333333334,0.5577331781387329,0.8718290955637156,0.05395201987367333,1.0,0.0,0.2933238636363636,0.5439985795454545,0.5342708333333334,0.7427213541666666,0.0008984375,0.009453125,0.9063396453857422,0.037652917206287384,0.5547069907188416,1.0,0.0,0.36471298336982727,0.0,0.471500962972641,1.0,0.9724931716918945,0.02750682830810547
2,460,0.3139628469944,0.2210487276315689,0.13304230570793152,0.007704294752329588,0.18845052083333333,0.5664025545120239,0.872936107629624,0.06517161154821716,1.0,0.0,0.4312263257575757,0.5646839488636364,0.5199739583333334,0.7221614583333333,0.0006770833333333334,0.012486979166666667,0.9056104421615601,0.03640498220920563,0.5557469129562378,1.0,0.0,0.3716461658477783,0.0,0.47238489985466003,1.0,0.971878170967102,0.02812182903289795
2,470,0.3350920081138611,0.23364855349063873,0.16571056842803955,0.008765841834247112,0.201015625,0.527435839176178,0.9566362872246047,0.03293757957918694,1.0,0.0,0.4146543560606061,0.562198153409091,0.329375,0.7166276041666667,0.0019140625,0.012122395833333334,0.903725266456604,0.03515353426337242,0.5565459728240967,1.0,0.0,0.37697285413742065,0.0,0.4730640947818756,1.0,0.9712774157524109,0.02872258424758911
2,480,0.3590559959411621,0.24179409444332123,0.15925832092761993,0.006546497344970703,0.1491796875,0.4741494655609131,0.8875886409658428,0.09777066021430783,1.0,0.0,0.22762784090909086,0.5341441761363637,0.0485546875,0.7308072916666667,0.0006901041666666667,0.0080078125,0.8980023264884949,0.038022659718990326,0.5574295520782471,1.0,0.0,0.38286322355270386,0.0,0.4738151431083679,1.0,0.9706980586051941,0.029301941394805908
2,490,0.30574774742126465,0.21793052554130554,0.14874106645584106,0.008587319403886795,0.172734375,0.47580575942993164,0.9281507437109128,0.028336933824589555,1.0,0.0,0.3471827651515151,0.5520774147727272,0.06743489583333333,0.7273697916666667,0.010677083333333334,0.010638020833333333,0.8936740756034851,0.04133549705147743,0.5572476983070374,1.0,0.0,0.3816513419151306,0.0,0.47366055846214294,1.0,0.9701796770095825,0.02982032299041748
2,500,0.3219657242298126,0.21452386677265167,0.16234877705574036,0.008755123242735863,0.170078125,0.4872985780239105,0.9580488527746207,0.018485720072416105,1.0,0.0,0.4170217803030302,0.5625532670454545,0.0325390625,0.7425260416666667,0.016796875,0.012174479166666667,0.8879505395889282,0.04499673843383789,0.5580129027366638,1.0,0.0,0.38675257563591003,0.0,0.4743109941482544,1.0,0.9697213172912598,0.030278682708740234
2,510,0.30824875831604004,0.21521328389644623,0.1283465027809143,0.015215816907584667,0.22345052083333333,0.592758297920227,0.9041488893215472,0.016875,1.0,0.0,0.5916193181818181,0.5887428977272727,0.43971354166666665,0.7123307291666666,0.001171875,0.016015625,0.8851653337478638,0.04659956321120262,0.558752715587616,1.0,0.0,0.39168471097946167,0.0,0.47493982315063477,1.0,0.9693313241004944,0.030668675899505615
2,520,0.3645612299442291,0.23612986505031586,0.15136709809303284,0.021225636824965477,0.26134114583333334,0.6612175703048706,0.9464792156830812,0.010130208333333335,1.0,0.0,0.6010890151515151,0.5901633522727273,0.41463541666666665,0.7298828125,0.00048177083333333335,0.016223958333333333,0.8852015137672424,0.044907987117767334,0.5593234300613403,1.0,0.0,0.39548951387405396,0.0,0.4754249155521393,1.0,0.9690003395080566,0.03099966049194336
2,530,0.30915024876594543,0.23816731572151184,0.19638484716415405,0.023549575358629227,0.23986979166666667,0.6184138059616089,0.9914713541666665,0.01705729166666667,1.0,0.0,0.6407433712121212,0.5961115056818181,0.43524739583333333,0.6392578125,0.000546875,0.017096354166666668,0.8873021602630615,0.04135352373123169,0.5609763860702515,1.0,0.0,0.40650928020477295,0.0,0.4768299460411072,1.0,0.9687243103981018,0.03127568960189819
2,540,0.3582082986831665,0.22524765133857727,0.14613506197929382,0.019747046753764153,0.24125,0.6461950540542603,0.9426901048880357,0.0,1.0,0.0,0.4016335227272726,0.5602450284090909,0.5233854166666667,0.7595182291666667,0.00015625,0.0118359375,0.889618456363678,0.03896697610616684,0.5628999471664429,1.0,0.0,0.4193328619003296,0.0,0.4784649610519409,1.0,0.9684765338897705,0.03152346611022949
2,550,0.3515329957008362,0.19761866331100464,0.12984061241149902,0.02309376932680607,0.2232421875,0.5821146965026855,0.9103522091645461,0.005953341722488425,1.0,0.0,0.3329782196969697,0.5499467329545454,0.3093359375,0.7886197916666666,2.604166666666667e-05,0.010325520833333334,0.8958231210708618,0.03410813957452774,0.5642865896224976,1.0,0.0,0.4285770654678345,0.0,0.4796436131000519,1.0,0.9682462215423584,0.0317537784576416
2,560,0.37297430634498596,0.202004075050354,0.12225991487503052,0.01129487156867981,0.17188802083333332,0.612569272518158,0.9022860097885131,0.0,1.0,0.0,0.37855113636363624,0.5567826704545454,0.3029427083333333,0.8045963541666666,0.00036458333333333335,0.011328125,0.898597002029419,0.031684912741184235,0.5653223395347595,1.0,0.0,0.43548205494880676,0.0,0.4805240035057068,1.0,0.968035101890564,0.031964898109436035
2,570,0.3669344484806061,0.20271235704421997,0.11719250679016113,0.01631687395274639,0.2017578125,0.6183517575263977,0.8937103961064264,0.0,1.0,0.0,0.3448153409090909,0.5517223011363637,0.29020833333333335,0.7974348958333334,7.8125e-05,0.0105859375,0.9000433087348938,0.02887602150440216,0.5649672150611877,1.0,0.0,0.4331146478652954,0.0,0.4802221357822418,1.0,0.9678418636322021,0.03215813636779785
2,580,0.39408794045448303,0.19886966049671173,0.10667314380407333,0.006189948413521051,0.18454427083333333,0.5462968945503235,0.7982560902703938,0.08849815322404228,1.0,0.0,0.34540719696969696,0.5518110795454545,0.1787109375,0.8315364583333333,0.0006770833333333334,0.010598958333333333,0.8977092504501343,0.027619238942861557,0.5643669366836548,1.0,0.0,0.4291125535964966,0.0,0.4797119200229645,1.0,0.9676399230957031,0.032360076904296875
2,590,0.37365585565567017,0.1877913624048233,0.11145598441362381,0.00692897941917181,0.21088541666666666,0.5316107273101807,0.8040211931684563,0.09366246535465485,1.0,0.0,0.41406249999999994,0.562109375,0.18376302083333335,0.8371744791666667,0.0015885416666666667,0.012109375,0.8985679745674133,0.023401033133268356,0.5655210018157959,1.0,0.0,0.43680667877197266,0.0,0.48069286346435547,1.0,0.9674627780914307,0.032537221908569336
2,600,0.35048049688339233,0.17961864173412323,0.10235646367073059,0.007369698025286198,0.16643229166666668,0.5912013053894043,0.7841007206025646,0.10065772416206395,1.0,0.0,0.4868607954545454,0.5730291193181818,0.265390625,0.8330859375,0.0008072916666666667,0.0137109375,0.8976581692695618,0.02254500240087509,0.5654575824737549,1.0,0.0,0.4363839328289032,0.0,0.48063895106315613,1.0,0.9672852754592896,0.03271472454071045
2,610,0.36259278655052185,0.1887962967157364,0.1160254254937172,0.007951345294713974,0.17546875,0.5742586851119995,0.8411932904478755,0.05998043824986715,1.0,0.0,0.42708333333333326,0.5640625,0.21565104166666665,0.832421875,0.0031901041666666666,0.012395833333333333,0.8923140168190002,0.0232402216643095,0.5657873153686523,1.0,0.0,0.43858227133750916,0.0,0.4809192419052124,1.0,0.9670968055725098,0.032903194427490234
2,620,0.3478640615940094,0.19392511248588562,0.10564839839935303,0.01095202099531889,0.19212239583333332,0.5436257123947144,0.8620244376475995,0.01518721878528597,1.0,0.0,0.43951231060606055,0.5659268465909091,0.2426171875,0.8204166666666667,0.0014322916666666666,0.012669270833333333,0.8868815898895264,0.02730700373649597,0.5634452700614929,1.0,0.0,0.4229685068130493,0.0,0.47892850637435913,1.0,0.9669241905212402,0.033075809478759766
2,630,0.35503897070884705,0.20167215168476105,0.11219888180494308,0.015395569615066051,0.1828125,0.6000912189483643,0.885259646131442,0.0,1.0,0.0,0.5306581439393939,0.5795987215909091,0.28770833333333334,0.784765625,0.0004557291666666667,0.014674479166666667,0.8780266046524048,0.033106110990047455,0.5608326196670532,1.0,0.0,0.4055510461330414,0.0,0.47670772671699524,1.0,0.9667835235595703,0.03321647644042969
2,640,0.3543910086154938,0.23357370495796204,0.14669401943683624,0.01920625939965248,0.21696614583333335,0.6004588007926941,0.9399771787264407,0.007317708333333339,1.0,0.0,0.49100378787878785,0.5736505681818181,0.3756640625,0.7104947916666666,0.005377604166666667,0.013802083333333333,0.8658243417739868,0.04073246940970421,0.5594418048858643,1.0,0.0,0.39627861976623535,0.0,0.47552555799484253,1.0,0.9666818380355835,0.033318161964416504
2,650,0.36022335290908813,0.21561138331890106,0.14056986570358276,0.02097461186349392,0.228125,0.5827574133872986,0.9311236429214478,0.0042968750000000056,1.0,0.0,0.44306344696969685,0.5664595170454545,0.31384114583333333,0.7553125,2.604166666666667e-05,0.012747395833333333,0.8624852895736694,0.0450718067586422,0.5582369565963745,1.0,0.0,0.3882462978363037,0.0,0.47450143098831177,1.0,0.966667115688324,0.033332884311676025
2,660,0.35920751094818115,0.21242386102676392,0.13958989083766937,0.01868496462702751,0.20903645833333334,0.6410617232322693,0.9300815433620389,0.0030642361111111096,1.0,0.0,0.4383285984848484,0.5657492897727272,0.3135677083333333,0.7465625,1.3020833333333334e-05,0.012643229166666667,0.8569273948669434,0.05106455087661743,0.5578057765960693,1.0,0.0,0.3853715658187866,0.0,0.4741349220275879,1.0,0.9667004942893982,0.03329950571060181
2,670,0.34228259325027466,0.20656277239322662,0.12469148635864258,0.016366831958293915,0.154765625,0.636326253414154,0.9033085289979592,0.006184895833333334,1.0,0.0,0.3815104166666666,0.5572265625,0.2870703125,0.7631380208333334,6.510416666666667e-05,0.011393229166666666,0.8577463626861572,0.05243111774325371,0.5590190291404724,1.0,0.0,0.3934602737426758,0.0,0.4751662015914917,1.0,0.9668105244636536,0.033189475536346436
2,680,0.362354576587677,0.2145041823387146,0.1273457258939743,0.018707234412431717,0.1898828125,0.5780032873153687,0.9076201974530506,0.0065451388888888955,1.0,0.0,0.3306107954545454,0.5495916193181818,0.2977604166666667,0.7580208333333334,1.3020833333333334e-05,0.0102734375,0.8587801456451416,0.05398028343915939,0.5584567785263062,1.0,0.0,0.389711856842041,0.0,0.47468826174736023,1.0,0.9669556617736816,0.03304433822631836
2,690,0.34454309940338135,0.20932836830615997,0.12694621086120605,0.017007751390337944,0.19794270833333333,0.6265842318534851,0.9056224805065709,0.009188368055555554,1.0,0.0,0.38920454545454547,0.5583806818181818,0.2984114583333333,0.7528255208333333,2.604166666666667e-05,0.0115625,0.8639600276947021,0.05115600302815437,0.5590486526489258,1.0,0.0,0.3936575651168823,0.0,0.4751913547515869,1.0,0.9671701788902283,0.03282982110977173
2,700,0.3429028391838074,0.20947560667991638,0.1293146312236786,0.013307979330420494,0.15734375,0.6733205318450928,0.9090446390046014,0.010360243055555562,1.0,0.0,0.3383049242424242,0.5507457386363637,0.29061197916666665,0.7538020833333333,0.00022135416666666666,0.010442708333333333,0.868994951248169,0.0480789914727211,0.5591374039649963,1.0,0.0,0.39424940943717957,0.0,0.47526681423187256,1.0,0.9674343466758728,0.0325656533241272
2,710,0.3530481457710266,0.21177826821804047,0.10438819974660873,0.008164786733686924,0.2040234375,0.5652133226394653,0.8458226441095428,0.033085346872688604,1.0,0.0,0.4631865530303029,0.5694779829545454,0.18161458333333333,0.7807942708333333,0.0005859375,0.013190104166666666,0.874923825263977,0.04448120296001434,0.5589429140090942,1.0,0.0,0.39295297861099243,0.0,0.475101500749588,1.0,0.9677683115005493,0.032231688499450684
2,720,0.3544594347476959,0.22890277206897736,0.1040293350815773,0.006390846334397793,0.18861979166666668,0.500221848487854,0.7900675582964333,0.10227740257594806,1.0,0.0,0.2637310606060606,0.5395596590909091,0.09536458333333334,0.7451302083333333,0.0011067708333333333,0.008802083333333334,0.8777745366096497,0.04285845533013344,0.5590866804122925,1.0,0.0,0.3939111828804016,0.0,0.47522369027137756,1.0,0.968152642250061,0.031847357749938965
2,730,0.36076274514198303,0.2249591052532196,0.10122940689325333,0.005528750363737345,0.17751302083333334,0.3817446529865265,0.7605244669723112,0.13191151076004032,1.0,0.0,0.23532196969696967,0.5352982954545454,0.012799479166666667,0.7428125,0.0008333333333333334,0.008177083333333333,0.8796488046646118,0.043282534927129745,0.5584272146224976,1.0,0.0,0.3895145654678345,0.0,0.4746631383895874,1.0,0.9685497283935547,0.03145027160644531
2,740,0.27811798453330994,0.19040369987487793,0.10846881568431854,0.004863712936639786,0.1549609375,0.40620431303977966,0.7352242132951152,0.1772107784979066,1.0,0.0,0.4460227272727271,0.5669034090909091,0.11026041666666667,0.7224869791666667,0.0012369791666666666,0.0128125,0.8802785277366638,0.0444345660507679,0.556799590587616,1.0,0.0,0.37866389751434326,0.0,0.4732796549797058,1.0,0.9689370393753052,0.031062960624694824
2,750,0.4087475538253784,0.2592325806617737,0.1462225615978241,0.006867651827633381,0.18604166666666666,0.39981213212013245,0.8725711142612679,0.09112606640006628,1.0,0.0,0.23295454545454544,0.5349431818181818,0.026692708333333332,0.7385546875,0.0012630208333333332,0.008125,0.8776973485946655,0.04483490809798241,0.5553284287452698,1.0,0.0,0.3688559830188751,0.0,0.4720291793346405,1.0,0.9693077802658081,0.030692219734191895
2,760,0.34378620982170105,0.22315233945846558,0.12067222595214844,0.005541915539652109,0.17401041666666667,0.4014618992805481,0.793635511957008,0.1318009320566769,1.0,0.0,0.2726089015151515,0.5408913352272727,0.0614453125,0.7410807291666667,0.0015234375,0.008997395833333333,0.8753135800361633,0.04531213268637657,0.5549479126930237,1.0,0.0,0.3663194477558136,0.0,0.47170573472976685,1.0,0.9696568250656128,0.030343174934387207
2,770,0.3051583468914032,0.22198621928691864,0.14090171456336975,0.010608735494315624,0.19600260416666668,0.4908173084259033,0.9194847124662155,0.02869791666666667,1.0,0.0,0.5484138257575757,0.5822620738636364,0.27263020833333335,0.6967578125,0.0032421875,0.015065104166666666,0.8739919066429138,0.045906130224466324,0.5555947422981262,1.0,0.0,0.37063154578208923,0.0,0.47225555777549744,1.0,0.970015823841095,0.02998417615890503
2,780,0.33640316128730774,0.23126499354839325,0.14067111909389496,0.008848175406455994,0.18625,0.5032049417495728,0.915418266642459,0.03253244441699206,1.0,0.0,0.2660984848484848,0.5399147727272727,0.19697916666666668,0.7164453125,0.0063671875,0.008854166666666666,0.8731793761253357,0.046225037425756454,0.5554213523864746,1.0,0.0,0.3694760203361511,0.0,0.4721081554889679,1.0,0.9703878164291382,0.029612183570861816
2,790,0.3306456208229065,0.23014578223228455,0.1336890310049057,0.012592459097504616,0.213203125,0.5245408415794373,0.907033406903601,0.029188368055555566,1.0,0.0,0.4282670454545454,0.5642400568181818,0.23665364583333334,0.7068619791666667,0.004596354166666667,0.012421875,0.8727703094482422,0.04641621559858322,0.5570701360702515,1.0,0.0,0.38046765327453613,0.0,0.47350963950157166,1.0,0.9707967042922974,0.029203295707702637
2,800,0.3195679187774658,0.23191876709461212,0.13525508344173431,0.017992738634347916,0.2365625,0.49862757325172424,0.9097552640723366,0.02904513888888889,1.0,0.0,0.42649147727272724,0.5639737215909091,0.20526041666666667,0.694921875,0.0035416666666666665,0.0123828125,0.872535228729248,0.045989423990249634,0.5585075616836548,1.0,0.0,0.3900500535964966,0.0,0.4747314453125,1.0,0.9712124466896057,0.028787553310394287
2,810,0.33052918314933777,0.23974472284317017,0.1334124505519867,0.011125285178422928,0.2261328125,0.5391451120376587,0.9086074483700288,0.025104166666666674,1.0,0.0,0.45963541666666663,0.5689453125,0.24287760416666668,0.7126692708333333,0.0022786458333333335,0.013111979166666666,0.872612714767456,0.045496076345443726,0.5597673654556274,1.0,0.0,0.39844876527786255,0.0,0.4758022725582123,1.0,0.9716495275497437,0.028350472450256348
2,820,0.3358800709247589,0.23169411718845367,0.12918756902217865,0.011862616054713726,0.22471354166666666,0.5130051970481873,0.9010583433024903,0.02590277777777779,1.0,0.0,0.4472064393939393,0.5670809659090909,0.27555989583333335,0.71578125,0.0016145833333333333,0.012838541666666667,0.8727422952651978,0.04587433487176895,0.5590360164642334,1.0,0.0,0.39357301592826843,0.0,0.47518062591552734,1.0,0.9721330404281616,0.02786695957183838
2,830,0.3275532126426697,0.22887970507144928,0.12884528934955597,0.020647045224905014,0.22708333333333333,0.5311715602874756,0.9013840486962572,0.02409288194444445,1.0,0.0,0.3471827651515151,0.5520774147727272,0.3097005208333333,0.7213020833333333,0.001640625,0.010638020833333333,0.8787097334861755,0.04100397974252701,0.5604733228683472,1.0,0.0,0.40315544605255127,0.0,0.4764023423194885,1.0,0.9726912975311279,0.02730870246887207
2,840,0.3424711227416992,0.23683632910251617,0.12716098129749298,0.02137001045048237,0.23993489583333333,0.5361427068710327,0.8984837680290907,0.024192708333333333,1.0,0.0,0.30279356060606055,0.5454190340909091,0.2917838541666667,0.7081770833333333,0.0020442708333333333,0.009661458333333333,0.8870491981506348,0.035208992660045624,0.5621559023857117,1.0,0.0,0.4143725335597992,0.0,0.47783252596855164,1.0,0.9733333587646484,0.026666641235351562
2,850,0.3558090329170227,0.22655928134918213,0.11714833974838257,0.01178941410034895,0.218125,0.5126871466636658,0.8857732386874337,0.01572482638888889,1.0,0.0,0.2850378787878788,0.5427556818181818,0.18881510416666666,0.7625520833333334,0.0023697916666666667,0.009270833333333334,0.8996575474739075,0.02677038684487343,0.5621685981750488,1.0,0.0,0.4144570827484131,0.0,0.477843314409256,1.0,0.9740797281265259,0.02592027187347412
2,860,0.3144679367542267,0.20918551087379456,0.1139499768614769,0.00926073919981718,0.18229166666666666,0.5456811189651489,0.8810637495711319,0.014318576388888893,1.0,0.0,0.38979640151515144,0.5584694602272727,0.1722265625,0.751953125,0.0012890625,0.011575520833333333,0.9057255983352661,0.02243104949593544,0.5632381439208984,1.0,0.0,0.4215875267982483,0.0,0.4787524342536926,1.0,0.9748464226722717,0.02515357732772827
2,870,0.33852264285087585,0.21986384689807892,0.1268744170665741,0.012396055273711681,0.211953125,0.5329234600067139,0.9023260701212109,0.015538194444444452,1.0,0.0,0.5288825757575757,0.5793323863636364,0.20799479166666668,0.7416796875,0.0015364583333333333,0.014635416666666666,0.9155524969100952,0.016154814511537552,0.5637623071670532,1.0,0.0,0.42508232593536377,0.0,0.47919797897338867,1.0,0.9756482839584351,0.02435171604156494
2,880,0.3391723930835724,0.2109372764825821,0.11658734828233719,0.0090282391756773,0.22138020833333333,0.5222450494766235,0.8862453094863485,0.012881944444444453,1.0,0.0,0.35724431818181807,0.5535866477272727,0.19227864583333334,0.766484375,0.0054296875,0.010859375,0.9193865060806274,0.014788245782256126,0.561618983745575,1.0,0.0,0.4107931852340698,0.0,0.47737616300582886,1.0,0.9764397740364075,0.02356022596359253
2,890,0.31989556550979614,0.21087273955345154,0.12345591932535172,0.01016397774219513,0.22610677083333333,0.535857617855072,0.8990300694031592,0.010559895833333333,1.0,0.0,0.5614346590909091,0.5842151988636364,0.17731770833333332,0.7478255208333333,0.002434895833333333,0.0153515625,0.9232689142227173,0.01323908194899559,0.5616273880004883,1.0,0.0,0.41084957122802734,0.0,0.4773832857608795,1.0,0.977219820022583,0.022780179977416992
2,900,0.34644368290901184,0.21251380443572998,0.1213814988732338,0.009124351665377617,0.20963541666666666,0.5468739867210388,0.9006866124094042,0.00022569444444444275,1.0,0.0,0.5904356060606061,0.588565340909091,0.16282552083333332,0.7779817708333333,0.0009114583333333333,0.015989583333333335,0.9252027273178101,0.011849159374833107,0.5600379109382629,1.0,0.0,0.4002525210380554,0.0,0.47603222727775574,1.0,0.9779573082923889,0.022042691707611084
2,910,0.355254590511322,0.20966459810733795,0.12721465528011322,0.009252962656319141,0.21859375,0.5251470804214478,0.9106709550894224,0.0,1.0,0.0,0.5146780303030302,0.5772017045454545,0.142265625,0.7954296875,0.006822916666666666,0.014322916666666666,0.9291090965270996,0.010954858735203743,0.5588076710700989,1.0,0.0,0.392051100730896,0.0,0.4749865233898163,1.0,0.9786629676818848,0.021337032318115234
2,920,0.3699423372745514,0.2150404006242752,0.11183809489011765,0.007654257584363222,0.2148828125,0.5433256030082703,0.8485437993382366,0.041028732184048095,1.0,0.0,0.36079545454545453,0.5541193181818181,0.1443359375,0.8166276041666667,0.0020572916666666665,0.0109375,0.93346107006073,0.009759421460330486,0.556431770324707,1.0,0.0,0.37621188163757324,0.0,0.4729670286178589,1.0,0.9793203473091125,0.02067965269088745
2,930,0.3766876757144928,0.20561830699443817,0.12999941408634186,0.009621811099350452,0.23622395833333334,0.5411919951438904,0.9153836238384246,0.0,1.0,0.0,0.4649621212121212,0.5697443181818181,0.1868359375,0.8236848958333334,0.0026041666666666665,0.013229166666666667,0.9364739656448364,0.010310709476470947,0.5544363856315613,1.0,0.0,0.3629092276096344,0.0,0.47127094864845276,1.0,0.9799487590789795,0.020051240921020508
2,940,0.37578508257865906,0.19741012156009674,0.1469833254814148,0.008877258747816086,0.24048177083333333,0.5618822574615479,0.9356528128725502,0.01021680744682869,1.0,0.0,0.47088068181818177,0.5706321022727272,0.23598958333333334,0.8454296875,0.0044921875,0.013359375,0.9385278224945068,0.010594632476568222,0.5527580976486206,1.0,0.0,0.35172033309936523,0.0,0.46984440088272095,1.0,0.9805727005004883,0.01942729949951172
2,950,0.38497084379196167,0.21482525765895844,0.19677987694740295,0.02345295622944832,0.27220052083333335,0.6018512845039368,0.9999999999999999,0.0,1.0,0.0,0.44779829545454547,0.5671697443181818,0.41572916666666665,0.8162239583333334,0.005234375,0.0128515625,0.9395563006401062,0.011809231713414192,0.5522887706756592,1.0,0.0,0.34859195351600647,0.0,0.46944546699523926,1.0,0.9812055826187134,0.01879441738128662
2,960,0.42158639430999756,0.23411817848682404,0.19093655049800873,0.020994411781430244,0.26412760416666664,0.5978544354438782,0.9999999999999999,0.0,1.0,0.0,0.38269412878787873,0.5574041193181818,0.2971484375,0.8280078125,0.008151041666666666,0.011419270833333333,0.9438374042510986,0.01106043066829443,0.552538275718689,1.0,0.0,0.35025477409362793,0.0,0.4696575403213501,1.0,0.981874406337738,0.018125593662261963
2,970,0.4026942849159241,0.2381657361984253,0.19013763964176178,0.023959016427397728,0.2652083333333333,0.6114108562469482,0.9999999999999999,0.0,1.0,0.0,0.34599905303030304,0.5518998579545454,0.3278515625,0.7943619791666666,0.0037109375,0.010611979166666667,0.9489613771438599,0.01037859357893467,0.5521112680435181,1.0,0.0,0.3474082350730896,0.0,0.46929457783699036,1.0,0.9825502038002014,0.017449796199798584
2,980,0.42240437865257263,0.2332557886838913,0.19862189888954163,0.020342214033007622,0.272265625,0.7118962407112122,0.9999999999999999,0.0,1.0,0.0,0.24834280303030298,0.5372514204545454,0.6792838541666667,0.7750260416666667,0.0003515625,0.008463541666666666,0.9533427953720093,0.009638679213821888,0.5505893230438232,1.0,0.0,0.3372621536254883,0.0,0.46800094842910767,1.0,0.983224630355835,0.01677536964416504
2,990,0.4166269600391388,0.23592114448547363,0.17819644510746002,0.019072305411100388,0.23131510416666667,0.6421000957489014,0.9969478301818554,0.0,1.0,0.0,0.26728219696969696,0.5400923295454545,0.3725130208333333,0.7821223958333333,0.0024739583333333332,0.008880208333333334,0.9573262929916382,0.009025253355503082,0.5507626533508301,1.0,0.0,0.338417649269104,0.0,0.46814826130867004,1.0,0.9838966131210327,0.016103386878967285
2,1000,0.3976331949234009,0.2002020925283432,0.14906233549118042,0.022379793226718903,0.22997395833333334,0.6350054144859314,0.9476439523696899,0.0,1.0,0.0,0.20572916666666666,0.530859375,0.4232682291666667,0.8625130208333334,0.004114583333333333,0.007526041666666667,0.960809051990509,0.008522400632500648,0.5488179922103882,1.0,0.0,0.3254532217979431,0.0,0.4664953052997589,1.0,0.9845728874206543,0.015427112579345703
2,1010,0.41176605224609375,0.19589407742023468,0.18419109284877777,0.025097040459513664,0.23216145833333332,0.650694727897644,0.9917881548404693,0.010264806449413338,1.0,0.0,0.25426136363636365,0.5381392045454545,0.42127604166666666,0.8824609375,0.008072916666666667,0.00859375,0.9634057879447937,0.009839327074587345,0.5451146364212036,1.0,0.0,0.3007643520832062,0.0,0.463347464799881,1.0,0.9852422475814819,0.014757752418518066
2,1020,0.45322880148887634,0.22315336763858795,0.20039761066436768,0.03714931011199951,0.28106770833333333,0.6323472857475281,0.9999999999999999,0.0,1.0,0.0,0.1270123106060606,0.5190518465909091,0.551484375,0.86,0.005403645833333333,0.0057942708333333336,0.9665430188179016,0.010557937435805798,0.542755663394928,1.0,0.0,0.2850378751754761,0.031465739011764526,0.46134233474731445,1.0,0.9859198927879333,0.01408010721206665
2,1030,0.4561977684497833,0.18500806391239166,0.1766396164894104,0.017936693504452705,0.2703125,0.5453662276268005,0.9643293249607087,0.03747984021902088,1.0,0.0,0.16785037878787878,0.5251775568181818,0.1668359375,0.9154166666666667,0.0079296875,0.0066927083333333335,0.9714970588684082,0.009985650889575481,0.5411534309387207,1.0,0.0,0.27435627579689026,0.0,0.45998042821884155,1.0,0.9866009950637817,0.013399004936218262
2,1040,0.4394698143005371,0.1879778951406479,0.16142083704471588,0.023179002106189728,0.2612760416666667,0.5429016947746277,0.9445141298954304,0.030055262148380304,1.0,0.0,0.11221590909090906,0.5168323863636364,0.190390625,0.9128776041666666,0.004518229166666667,0.00546875,0.9742251634597778,0.010338203981518745,0.5397710800170898,1.0,0.0,0.26514023542404175,0.0,0.4588054418563843,1.0,0.98723965883255,0.012760341167449951
2,1050,0.43405771255493164,0.1801202893257141,0.15627016127109528,0.017171163111925125,0.254140625,0.5242335200309753,0.9200823900332816,0.049699276685714756,1.0,0.0,0.23709753787878787,0.5355646306818181,0.1707421875,0.8999088541666667,0.004622395833333333,0.008216145833333334,0.9758789539337158,0.009851688519120216,0.5392467975616455,1.0,0.0,0.26164549589157104,0.0,0.4583597779273987,1.0,0.9878136515617371,0.01218634843826294
2,1060,0.4125141203403473,0.2059480845928192,0.16562624275684357,0.014245465397834778,0.2374609375,0.5315549969673157,0.9756751800500428,0.0,1.0,0.0,0.3199573863636363,0.5479936079545454,0.15481770833333333,0.8327864583333333,0.0080078125,0.0100390625,0.9741297364234924,0.009851688519120216,0.5386253595352173,1.0,0.0,0.2575024962425232,0.0,0.45783156156539917,1.0,0.9882894158363342,0.011710584163665771
2,1070,0.4257681667804718,0.20032845437526703,0.17330403625965118,0.011532275006175041,0.21959635416666667,0.5141916871070862,0.9886683690547943,0.0,1.0,0.0,0.33001893939393934,0.5495028409090909,0.17467447916666667,0.8453515625,0.0038020833333333335,0.010260416666666666,0.9720730781555176,0.010157162323594093,0.5389382243156433,1.0,0.0,0.2595880627632141,0.0,0.45809751749038696,1.0,0.9887238144874573,0.011276185512542725
2,1080,0.4239681363105774,0.21381983160972595,0.17665287852287292,0.010236125439405441,0.21709635416666667,0.5338369011878967,0.9943356405771696,0.0,1.0,0.0,0.3158143939393939,0.5473721590909091,0.16807291666666666,0.8402734375,0.004036458333333334,0.009947916666666667,0.9708430171012878,0.010658566839993,0.5397879481315613,1.0,0.0,0.2652529776096344,0.0,0.45881977677345276,1.0,0.9890891313552856,0.010910868644714355
2,1090,0.3813484013080597,0.20775040984153748,0.162212535738945,0.010025732219219208,0.22805989583333333,0.4883609116077423,0.9698981374043684,0.0,1.0,0.0,0.3815104166666666,0.5572265625,0.1132421875,0.8023567708333333,0.005091145833333333,0.011393229166666666,0.9697532057762146,0.0115731256082654,0.5406376719474792,1.0,0.0,0.2709178924560547,0.0,0.45954203605651855,1.0,0.9894293546676636,0.010570645332336426
2,1100,0.39081060886383057,0.2056831419467926,0.16355375945568085,0.011968252249062061,0.2204296875,0.5301429033279419,0.972167900617306,0.0,1.0,0.0,0.28918087121212116,0.5433771306818181,0.1213671875,0.8259114583333333,0.0024739583333333332,0.009361979166666666,0.9694364666938782,0.01249739807099104,0.54038405418396,1.0,0.0,0.26922687888145447,0.0,0.45932644605636597,1.0,0.9897432327270508,0.010256767272949219
2,1110,0.4259895980358124,0.18884754180908203,0.1667182594537735,0.014569347724318504,0.24059895833333333,0.5286391973495483,0.9552182919245499,0.02788114547729496,1.0,0.0,0.07196969696969696,0.5107954545454545,0.1076953125,0.9025260416666666,0.007734375,0.004583333333333333,0.9709187150001526,0.013574406504631042,0.5406461358070374,1.0,0.0,0.2709742784500122,0.0,0.459549218416214,1.0,0.9900325536727905,0.009967446327209473
2,1120,0.41123923659324646,0.1939636766910553,0.173279270529747,0.009705758653581142,0.20821614583333334,0.512071430683136,0.9765538112016824,0.015090808272361766,1.0,0.0,0.18442234848484845,0.5276633522727273,0.09796875,0.8657552083333333,0.007135416666666667,0.007057291666666667,0.9706802368164062,0.014344701543450356,0.5414535999298096,1.0,0.0,0.2763573229312897,0.0,0.4602355659008026,1.0,0.9902897477149963,0.009710252285003662
2,1130,0.41620561480522156,0.18839570879936218,0.16569191217422485,0.011505336500704288,0.22319010416666665,0.5174936056137085,0.952577730508951,0.029010728001594554,1.0,0.0,0.13648200757575754,0.5204723011363637,0.12481770833333333,0.8871354166666666,0.0076953125,0.0060026041666666665,0.9699846506118774,0.015735864639282227,0.5441380739212036,1.0,0.0,0.294253945350647,0.0,0.4625173807144165,1.0,0.990507960319519,0.009492039680480957
2,1140,0.398282527923584,0.19703856110572815,0.1673525869846344,0.010792727582156658,0.23102864583333332,0.5069489479064941,0.9726738078777607,0.007403597235679671,1.0,0.0,0.2714251893939394,0.540713778409091,0.12830729166666666,0.8488802083333333,0.003372395833333333,0.008971354166666667,0.9708840847015381,0.015549365431070328,0.5459770560264587,1.0,0.0,0.30651378631591797,0.0,0.4640805125236511,1.0,0.9906994104385376,0.009300589561462402
2,1150,0.380056232213974,0.2024601846933365,0.16249853372573853,0.009167283773422241,0.20559895833333333,0.5122309327125549,0.9703821339974036,0.0,1.0,0.0,0.39749053030303033,0.5596235795454545,0.13326822916666667,0.821640625,0.003828125,0.011744791666666667,0.9724617004394531,0.015405983664095402,0.5468648672103882,1.0,0.0,0.31243234872817993,0.0,0.46483513712882996,1.0,0.9908440113067627,0.009155988693237305
2,1160,0.39411574602127075,0.22062161564826965,0.15829399228096008,0.010283182375133038,0.18631510416666666,0.5160872936248779,0.9632667561677785,0.0,1.0,0.0,0.36079545454545453,0.5541193181818181,0.11557291666666666,0.7842447916666667,0.0010677083333333333,0.0109375,0.9752122759819031,0.014398273080587387,0.5470297336578369,1.0,0.0,0.3135315477848053,0.0,0.4649752974510193,1.0,0.9909560084342957,0.009043991565704346
2,1170,0.3726044297218323,0.2211267501115799,0.15637479722499847,0.011479336768388748,0.20596354166666667,0.5064583420753479,0.956811422333758,0.006414930555555559,1.0,0.0,0.42649147727272724,0.5639737215909091,0.16486979166666665,0.7689583333333333,0.0013802083333333333,0.0123828125,0.9744477868080139,0.016065409407019615,0.5467634201049805,1.0,0.0,0.3117559552192688,0.0,0.46474891901016235,1.0,0.9910238981246948,0.008976101875305176
2,1180,0.36029648780822754,0.22130277752876282,0.16784675419330597,0.012738884426653385,0.19970052083333334,0.4981269836425781,0.974168211690381,0.01052951388888889,1.0,0.0,0.4649621212121212,0.5697443181818181,0.1492578125,0.7554166666666666,0.005481770833333333,0.013229166666666667,0.9731823205947876,0.017384439706802368,0.5463194847106934,1.0,0.0,0.3087967038154602,0.0,0.46437156200408936,1.0,0.99104905128479,0.008950948715209961
2,1190,0.3090744912624359,0.23052890598773956,0.17215090990066528,0.014821640215814114,0.19359375,0.5489999651908875,0.9771140598639463,0.01920572916666667,1.0,0.0,0.3673058712121211,0.5550958806818181,0.19057291666666668,0.7,0.0076171875,0.011080729166666666,0.9723859429359436,0.018736332654953003,0.5461039543151855,1.0,0.0,0.30735933780670166,0.0,0.4641883671283722,1.0,0.9910315275192261,0.008968472480773926
2,1200,0.35369470715522766,0.2408372163772583,0.1981205940246582,0.02427036315202713,0.24311197916666666,0.5456944108009338,0.9902951388888888,0.019409722222222224,1.0,0.0,0.2317708333333333,0.534765625,0.30854166666666666,0.7324609375,0.007252604166666667,0.008098958333333333,0.9731283783912659,0.02001836895942688,0.5454866886138916,1.0,0.0,0.3032445013523102,0.0,0.4636636972427368,1.0,0.9909776449203491,0.009022355079650879
2,1210,0.3383997976779938,0.22959749400615692,0.1741384118795395,0.018085269257426262,0.20313802083333332,0.5371230840682983,0.9787717955846051,0.02261718750000001,1.0,0.0,0.2424242424242424,0.5363636363636364,0.21889322916666668,0.7240364583333333,0.010651041666666666,0.008333333333333333,0.9724273681640625,0.02128366380929947,0.5455416440963745,1.0,0.0,0.3036109209060669,0.0,0.46371039748191833,1.0,0.9908850193023682,0.009114980697631836
2,1220,0.3477366864681244,0.2524634897708893,0.18061389029026031,0.019114790484309196,0.22134114583333334,0.5372493267059326,0.9867795138888888,0.02644097222222222,1.0,0.0,0.3673058712121211,0.5550958806818181,0.19680989583333333,0.687421875,0.003880208333333333,0.011080729166666666,0.9739920496940613,0.021091695874929428,0.5471861362457275,1.0,0.0,0.31457433104515076,0.0,0.4651082158088684,1.0,0.9907868504524231,0.009213149547576904
2,1230,0.3399028778076172,0.24714447557926178,0.18424342572689056,0.017389897257089615,0.2205859375,0.4768120348453522,0.9853927951388888,0.029214409722222223,1.0,0.0,0.5028409090909091,0.5754261363636364,0.17459635416666666,0.6809505208333333,0.005989583333333334,0.0140625,0.9746220707893372,0.02134592831134796,0.5477187633514404,1.0,0.0,0.31812548637390137,0.0,0.4655609726905823,1.0,0.9906542301177979,0.009345769882202148
2,1240,0.32224756479263306,0.2534317076206207,0.20018543303012848,0.013398555107414722,0.20682291666666666,0.4982271194458008,0.9832183159722221,0.033563368055555556,1.0,0.0,0.4253077651515151,0.5637961647727272,0.17546875,0.6458984375,0.017213541666666665,0.012356770833333334,0.9754109382629395,0.02090093120932579,0.5483360290527344,1.0,0.0,0.32224029302597046,0.0,0.46608564257621765,1.0,0.9904739856719971,0.00952601432800293
2,1250,0.34392300248146057,0.244140625,0.1747797578573227,0.009989120066165924,0.17080729166666667,0.5212681293487549,0.9776436086495717,0.027044270833333342,1.0,0.0,0.2365056818181818,0.5354758522727273,0.200390625,0.7061067708333333,0.0036197916666666666,0.008203125,0.97568678855896,0.021463558077812195,0.5486150979995728,1.0,0.0,0.32410040497779846,0.0,0.4663228392601013,1.0,0.9902366995811462,0.00976330041885376
2,1260,0.34466883540153503,0.24145862460136414,0.17533908784389496,0.009611927904188633,0.160390625,0.47318124771118164,0.9778436393106086,0.028537326388888895,1.0,0.0,0.2601799242424242,0.5390269886363637,0.20565104166666667,0.7168359375,0.0014583333333333334,0.008723958333333334,0.9758866429328918,0.022288624197244644,0.5479809045791626,1.0,0.0,0.3198728561401367,0.0,0.4657837748527527,1.0,0.9900158047676086,0.009984195232391357
2,1270,0.3385729193687439,0.23477305471897125,0.1679450273513794,0.008786561898887157,0.1371875,0.5173439383506775,0.95962158689421,0.03500986334693623,1.0,0.0,0.2826704545454545,0.5424005681818181,0.20842447916666668,0.7088411458333334,0.0033463541666666667,0.00921875,0.9772326946258545,0.02309488132596016,0.5476850271224976,1.0,0.0,0.31790000200271606,0.0,0.4655322730541229,1.0,0.9897974729537964,0.010202527046203613
2,1280,0.3446923494338989,0.24401934444904327,0.1657840609550476,0.011354046873748302,0.19013020833333333,0.5057242512702942,0.9620924306119608,0.027699652777777778,1.0,0.0,0.26787405303030304,0.5401811079545454,0.21901041666666668,0.7057421875,0.0017578125,0.008893229166666667,0.9784821271896362,0.02371223457157612,0.5464378595352173,1.0,0.0,0.3095858097076416,0.0,0.4644722044467926,1.0,0.9895868301391602,0.010413169860839844
2,1290,0.33988603949546814,0.23905393481254578,0.17515859007835388,0.009072592481970787,0.17677083333333332,0.49213647842407227,0.9776119662757612,0.028389756944444452,1.0,0.0,0.2856297348484848,0.5428444602272727,0.216875,0.712578125,0.005442708333333333,0.009283854166666666,0.9789542555809021,0.024200618267059326,0.5453387498855591,1.0,0.0,0.30225807428359985,0.0,0.46353796124458313,1.0,0.9893772602081299,0.010622739791870117
2,1300,0.349092572927475,0.24178706109523773,0.1793803721666336,0.010286598466336727,0.16522135416666667,0.5078941583633423,0.9854900275234484,0.02692274305555556,1.0,0.0,0.2950994318181818,0.5442649147727273,0.19131510416666667,0.7057291666666666,0.004596354166666667,0.0094921875,0.9791093468666077,0.024152668192982674,0.5457953214645386,1.0,0.0,0.3053019046783447,0.0,0.4639260470867157,1.0,0.9891701936721802,0.010829806327819824
2,1310,0.347368985414505,0.24291501939296722,0.1627058982849121,0.01140930037945509,0.17563802083333332,0.45538216829299927,0.9574474683582274,0.02657118055555556,1.0,0.0,0.29687499999999994,0.54453125,0.20180989583333334,0.710234375,0.0016796875,0.00953125,0.9773117899894714,0.023504935204982758,0.5464506149291992,1.0,0.0,0.3096703886985779,0.0,0.46448302268981934,1.0,0.9889523983001709,0.011047601699829102
2,1320,0.358878493309021,0.24514369666576385,0.18290475010871887,0.013061736710369587,0.18880208333333334,0.4802528917789459,0.9880750868055554,0.023849826388888898,1.0,0.0,0.30220170454545453,0.5453302556818181,0.17122395833333334,0.7176302083333334,0.0033463541666666667,0.0096484375,0.9759392738342285,0.022585416212677956,0.5470212697982788,1.0,0.0,0.3134751617908478,0.0,0.46496808528900146,1.0,0.988732099533081,0.011267900466918945
2,1330,0.35842862725257874,0.24411599338054657,0.19159890711307526,0.013115908019244671,0.189140625,0.5068380832672119,0.98978515625,0.02042968750000001,1.0,0.0,0.2589962121212121,0.5388494318181818,0.18884114583333333,0.7252994791666667,0.007604166666666667,0.008697916666666666,0.9739480018615723,0.02149786613881588,0.5473594665527344,1.0,0.0,0.31572985649108887,0.0,0.4652555584907532,1.0,0.9885146617889404,0.01148533821105957
2,1340,0.3486165404319763,0.23276211321353912,0.1675775796175003,0.012000386603176594,0.16868489583333332,0.4922599196434021,0.9691445431240604,0.01966579861111111,1.0,0.0,0.2228929924242424,0.5334339488636364,0.16432291666666668,0.7271875,0.0047786458333333335,0.007903645833333334,0.9718336462974548,0.02022017166018486,0.5467168688774109,1.0,0.0,0.311445951461792,0.0,0.4647093415260315,1.0,0.9883084297180176,0.011691570281982422
2,1350,0.3331325650215149,0.23141443729400635,0.1729540377855301,0.010976922698318958,0.17561197916666665,0.5054423809051514,0.9784666889447431,0.01921875,1.0,0.0,0.31048768939393934,0.5465731534090909,0.16515625,0.7188802083333333,0.002578125,0.009830729166666666,0.9677335023880005,0.0243188738822937,0.5456346273422241,1.0,0.0,0.3042309284210205,0.0,0.4637894332408905,1.0,0.9880880117416382,0.011911988258361816
2,1360,0.35880807042121887,0.24008458852767944,0.17009760439395905,0.011645879596471786,0.172421875,0.5304968357086182,0.9745789052991786,0.017326388888888888,1.0,0.0,0.3087121212121212,0.5463068181818181,0.1919921875,0.7339713541666667,0.0018359375,0.009791666666666667,0.9629401564598083,0.024355866014957428,0.5459728240966797,1.0,0.0,0.3064856231212616,0.0,0.4640769064426422,1.0,0.9878623485565186,0.012137651443481445
2,1370,0.3537406623363495,0.24058009684085846,0.18061824142932892,0.00941592175513506,0.14610677083333334,0.5668728351593018,0.9915342881944443,0.016931423611111118,1.0,0.0,0.31936553030303033,0.5479048295454545,0.2688671875,0.7233463541666667,0.00109375,0.010026041666666667,0.9598328471183777,0.023218490183353424,0.5460531711578369,1.0,0.0,0.3070211112499237,0.0,0.4641452133655548,1.0,0.987562894821167,0.012437105178833008
2,1380,0.3480328619480133,0.24047058820724487,0.1757081300020218,0.009322629310190678,0.14651041666666667,0.5775496959686279,0.983047165249148,0.019379340277777782,1.0,0.0,0.25189393939393934,0.5377840909090909,0.2412890625,0.72109375,0.001328125,0.008541666666666666,0.9576601982116699,0.021799832582473755,0.5455077886581421,1.0,0.0,0.3033854365348816,0.0,0.4636816382408142,1.0,0.9872206449508667,0.0127793550491333
2,1390,0.33934688568115234,0.2500588297843933,0.17673657834529877,0.010015211068093777,0.168515625,0.5786471366882324,0.9840844912916169,0.020785590277777787,1.0,0.0,0.3110795454545454,0.5466619318181818,0.2078515625,0.6984505208333334,0.00140625,0.00984375,0.9548095464706421,0.020480800420045853,0.545685350894928,1.0,0.0,0.30456915497779846,0.0,0.4638325572013855,1.0,0.9868675470352173,0.013132452964782715
2,1400,0.3267938792705536,0.23183800280094147,0.17377744615077972,0.0092231510207057,0.17369791666666667,0.5608969926834106,0.9803701318940544,0.018198784722222222,1.0,0.0,0.4312263257575757,0.5646839488636364,0.22484375,0.7091927083333334,0.0005208333333333333,0.012486979166666667,0.9525299072265625,0.019128907471895218,0.545562744140625,1.0,0.0,0.3037518262863159,0.0,0.4637283384799957,1.0,0.9865199327468872,0.013480067253112793
2,1410,0.344657838344574,0.22412654757499695,0.1536758989095688,0.009289433248341084,0.16610677083333333,0.6059055328369141,0.9525478753982446,0.005807291666666669,1.0,0.0,0.32350852272727265,0.5485262784090909,0.28296875,0.7620182291666666,0.0008333333333333334,0.0101171875,0.9493645429611206,0.017902102321386337,0.5453259944915771,1.0,0.0,0.30217352509498596,0.0,0.463527113199234,1.0,0.9861627817153931,0.013837218284606934
2,1420,0.3531494736671448,0.22171235084533691,0.15140162408351898,0.01044700387865305,0.17751302083333334,0.5894469022750854,0.9499491026156988,0.0033072916666666663,1.0,0.0,0.3223248106060606,0.5483487215909091,0.2976302083333333,0.7679557291666667,0.00020833333333333335,0.010091145833333334,0.9500256776809692,0.016636807471513748,0.5449666976928711,1.0,0.0,0.29977792501449585,0.0,0.4632216989994049,1.0,0.9858145117759705,0.014185488224029541
2,1430,0.35360953211784363,0.22389036417007446,0.14854221045970917,0.010805731639266014,0.19084635416666668,0.5767053365707397,0.9449625255001916,0.003602430555555555,1.0,0.0,0.4146543560606061,0.562198153409091,0.29639322916666666,0.77109375,0.0004166666666666667,0.012122395833333334,0.9467751383781433,0.015501102432608604,0.5449075102806091,1.0,0.0,0.29938334226608276,0.0,0.4631713926792145,1.0,0.9854426383972168,0.014557361602783203
2,1440,0.3545900285243988,0.2196686863899231,0.1458355039358139,0.009640056639909744,0.18690104166666666,0.5728866457939148,0.9409917542567621,0.0023828124999999978,1.0,0.0,0.4128787878787878,0.5619318181818181,0.28986979166666665,0.7730338541666667,0.00028645833333333333,0.012083333333333333,0.9437500238418579,0.014528259634971619,0.5449117422103882,1.0,0.0,0.29941150546073914,0.0,0.4631749987602234,1.0,0.9850838780403137,0.01491612195968628
2,1450,0.336873322725296,0.17757105827331543,0.17876432836055756,0.006915108300745487,0.1466015625,0.632602870464325,0.897114861165549,0.1196361256354466,1.0,0.0,0.2737926136363636,0.5410688920454545,0.315,0.8269401041666666,0.0009895833333333334,0.0090234375,0.9420142769813538,0.01360570453107357,0.545626163482666,1.0,0.0,0.3041745722293854,0.0,0.46378225088119507,1.0,0.9817254543304443,0.018274545669555664
2,1460,0.3789028525352478,0.19546081125736237,0.12123824656009674,0.008459680713713169,0.13545572916666668,0.6082428097724915,0.876982284059388,0.027821120828753553,1.0,0.0,0.28385416666666663,0.542578125,0.3429817708333333,0.8342447916666667,0.004322916666666667,0.009244791666666667,0.9407775402069092,0.012690525501966476,0.545203447341919,1.0,0.0,0.3013561964035034,0.0,0.463422954082489,1.0,0.9813018441200256,0.018698155879974365
2,1470,0.3892236053943634,0.198139026761055,0.1305486112833023,0.010595807805657387,0.15997395833333333,0.6438561677932739,0.9125910880015445,0.004652433097362529,1.0,0.0,0.2714251893939394,0.540713778409091,0.3770572916666667,0.8359244791666667,9.114583333333334e-05,0.008971354166666667,0.9391319751739502,0.011865459382534027,0.545148491859436,1.0,0.0,0.3009898066520691,0.0,0.4633762240409851,1.0,0.9806260466575623,0.019373953342437744
2,1480,0.3678019344806671,0.19791279733181,0.13164667785167694,0.011291025206446648,0.15467447916666666,0.636635422706604,0.9139968956433809,0.005218006670475023,1.0,0.0,0.20632102272727268,0.5309481534090909,0.42432291666666666,0.8175,9.114583333333334e-05,0.0075390625,0.9379037618637085,0.011059201322495937,0.5448905825614929,1.0,0.0,0.2992706000804901,0.0,0.4631569981575012,1.0,0.9801512360572815,0.019848763942718506
2,1490,0.3695823550224304,0.21212895214557648,0.12222547829151154,0.01015870925039053,0.154140625,0.5973716974258423,0.9022277324933271,0.0,1.0,0.0,0.2927320075757575,0.5439098011363637,0.2310546875,0.8172135416666667,0.0006770833333333334,0.009440104166666666,0.9362560510635376,0.010136375203728676,0.5453472137451172,1.0,0.0,0.3023144602775574,0.0,0.46354514360427856,1.0,0.9796628952026367,0.02033710479736328
2,1500,0.381122887134552,0.21386758983135223,0.13848228752613068,0.01298521552234888,0.20171875,0.5950683355331421,0.929739255813452,0.0,1.0,0.0,0.268465909090909,0.5402698863636364,0.28811197916666664,0.8135677083333334,0.0003255208333333333,0.00890625,0.9348604679107666,0.0092538520693779,0.5451526641845703,1.0,0.0,0.30101799964904785,0.0,0.46337977051734924,1.0,0.9791565537452698,0.020843446254730225
2,1510,0.37109318375587463,0.1995360553264618,0.13269534707069397,0.0135122649371624,0.18924479166666666,0.599751353263855,0.9190180826187134,0.0011598616838455421,1.0,0.0,0.2619554924242424,0.5392933238636364,0.2784244791666667,0.8281380208333333,0.0005078125,0.008763020833333333,0.9321123361587524,0.008474254980683327,0.5440366268157959,1.0,0.0,0.29357749223709106,0.0,0.4624311327934265,1.0,0.9786429405212402,0.021357059478759766
2,1520,0.39728331565856934,0.21973757445812225,0.16305974125862122,0.01433302741497755,0.2262109375,0.623542308807373,0.971331869822282,0.0,1.0,0.0,0.24656723484848483,0.5369850852272727,0.41578125,0.818984375,0.0013151041666666667,0.008424479166666667,0.9326474666595459,0.00821156520396471,0.544045090675354,1.0,0.0,0.2936338782310486,0.0,0.46243834495544434,1.0,0.9781339168548584,0.0218660831451416
2,1530,0.39284801483154297,0.2040848284959793,0.1326172649860382,0.017831191420555115,0.23694010416666667,0.5717779994010925,0.9198138330532953,0.0,1.0,0.0,0.29391571969696967,0.5440873579545454,0.2771484375,0.8302083333333333,0.0006119791666666667,0.009466145833333333,0.9325275421142578,0.008116286247968674,0.5443917512893677,1.0,0.0,0.2959449291229248,0.0,0.4627330005168915,1.0,0.9776209592819214,0.022379040718078613
2,1540,0.38337570428848267,0.20033180713653564,0.13642507791519165,0.0169652309268713,0.21049479166666665,0.5813151597976685,0.9262578241641705,0.0,1.0,0.0,0.2595880681818182,0.5389382102272727,0.305078125,0.8422135416666666,0.0006380208333333333,0.0087109375,0.9330921173095703,0.008078670129179955,0.5436477065086365,1.0,0.0,0.2909846305847168,0.0,0.4621005654335022,1.0,0.9771071076393127,0.022892892360687256
2,1550,0.3714353144168854,0.19988314807415009,0.14036621153354645,0.013814033009111881,0.18515625,0.5976345539093018,0.9326937310512248,0.0002921298146248308,1.0,0.0,0.3229166666666666,0.5484375,0.2557291666666667,0.8195963541666667,0.0010286458333333332,0.010104166666666666,0.9334153532981873,0.012248280458152294,0.5423117876052856,1.0,0.0,0.2820786237716675,0.0,0.46096503734588623,1.0,0.9763661623001099,0.023633837699890137
2,1560,0.378682404756546,0.2107110470533371,0.15192866325378418,0.016757095232605934,0.21076822916666665,0.5896923542022705,0.9524946608910193,0.0,1.0,0.0,0.25130208333333326,0.5376953125,0.2765885416666667,0.8070963541666667,0.0004947916666666667,0.008528645833333333,0.933230996131897,0.0098314443603158,0.5422061085700989,1.0,0.0,0.2813740074634552,0.0,0.4608752131462097,1.0,0.9757866263389587,0.02421337366104126
2,1570,0.3672420382499695,0.20277366042137146,0.14455842971801758,0.016849461942911148,0.2355859375,0.5734279751777649,0.9400219579843375,0.0,1.0,0.0,0.3010179924242424,0.5451526988636364,0.31420572916666667,0.8169661458333334,0.0005859375,0.009622395833333333,0.9269780516624451,0.016595792025327682,0.54338139295578,1.0,0.0,0.2892090678215027,0.0,0.46187418699264526,1.0,0.975314736366272,0.024685263633728027
2,1580,0.37508296966552734,0.22383162379264832,0.15975677967071533,0.016124926507472992,0.19489583333333332,0.6335214376449585,0.9657422425196721,0.0,1.0,0.0,0.28326231060606055,0.5424893465909091,0.3331640625,0.8005208333333333,0.00013020833333333333,0.009231770833333333,0.9206523299217224,0.021884236484766006,0.5446158051490784,1.0,0.0,0.29743868112564087,0.0,0.46292343735694885,1.0,0.9749619960784912,0.02503800392150879
2,1590,0.3529459536075592,0.2151910811662674,0.1495356410741806,0.014013742096722126,0.17389322916666666,0.6204793453216553,0.9484449310486133,0.0,1.0,0.0,0.3158143939393939,0.5473721590909091,0.37703125,0.7940494791666667,2.604166666666667e-05,0.009947916666666667,0.9173959493637085,0.022674813866615295,0.5476004481315613,1.0,0.0,0.3173363208770752,0.0,0.4654603898525238,1.0,0.9747406244277954,0.02525937557220459
2,1600,0.3617122769355774,0.22409513592720032,0.15394285321235657,0.01576968841254711,0.17795572916666666,0.6304555535316467,0.954776987968347,0.002252604166666672,1.0,0.0,0.28385416666666663,0.542578125,0.39828125,0.7636067708333333,1.3020833333333334e-05,0.009244791666666667,0.9170342683792114,0.02291172929108143,0.548864483833313,1.0,0.0,0.3257632255554199,0.0,0.466534823179245,1.0,0.9745758771896362,0.02542412281036377
2,1610,0.35924798250198364,0.22994084656238556,0.1348389834165573,0.013989191502332687,0.19248697916666666,0.6311061382293701,0.9226600357711824,0.0018272569444444482,1.0,0.0,0.27497632575757575,0.5412464488636364,0.431953125,0.7443359375,0.00016927083333333334,0.009049479166666667,0.9158457517623901,0.02323336899280548,0.5497100353240967,1.0,0.0,0.33139994740486145,0.0,0.46725353598594666,1.0,0.9744322896003723,0.025567710399627686
2,1620,0.3839792013168335,0.2274836152791977,0.1586863398551941,0.016256384551525116,0.18557291666666667,0.6418877243995667,0.9637853296801574,0.00029079861111111494,1.0,0.0,0.3246922348484848,0.5487038352272727,0.4316276041666667,0.7702213541666667,3.90625e-05,0.010143229166666667,0.9160710573196411,0.023178137838840485,0.5504118204116821,1.0,0.0,0.336078405380249,0.0,0.46785005927085876,1.0,0.9743156433105469,0.025684356689453125
2,1630,0.3864341080188751,0.2319611757993698,0.14932215213775635,0.017834283411502838,0.19209635416666668,0.6169126629829407,0.9474304302737243,0.0013064236111111167,1.0,0.0,0.3708570075757575,0.5556285511363637,0.49408854166666666,0.7688151041666667,2.604166666666667e-05,0.011158854166666666,0.9138451218605042,0.023178137838840485,0.551485538482666,1.0,0.0,0.343237042427063,0.0,0.46876272559165955,1.0,0.9742068648338318,0.025793135166168213
2,1640,0.3802749812602997,0.2296856939792633,0.1553153544664383,0.015119061805307865,0.17880208333333333,0.6272628307342529,0.9568197344816649,0.002812500000000005,1.0,0.0,0.31048768939393934,0.5465731534090909,0.3136979166666667,0.7686979166666666,0.00010416666666666667,0.009830729166666666,0.9165147542953491,0.023178137838840485,0.5500440001487732,1.0,0.0,0.3336264491081238,0.0,0.46753740310668945,1.0,0.9741159677505493,0.025884032249450684
2,1650,0.635528028011322,0.34322333335876465,0.2580040991306305,0.00837428867816925,0.0862109375,0.33578458428382874,0.9477785952950559,0.08994462024551743,1.0,0.0,0.2258522727272727,0.533877840909091,0.0009244791666666667,0.4760546875,0.0016927083333333334,0.00796875,0.9131569266319275,0.02756432443857193,0.548302173614502,1.0,0.0,0.32201480865478516,0.19175738096237183,0.46605685353279114,0.7570686340332031,0.9740362763404846,0.02596372365951538
2,1660,0.3830885589122772,0.1960972249507904,0.15227383375167847,0.007060679607093334,0.19233072916666666,0.46450114250183105,0.8932426983545801,0.06888255935798332,1.0,0.0,0.2589962121212121,0.5388494318181818,0.009427083333333334,0.8455338541666667,0.0103515625,0.008697916666666666,0.9099916815757751,0.030899543315172195,0.5459957122802734,1.0,0.0,0.30663782358169556,0.0,0.4640963673591614,1.0,0.9740183353424072,0.025981664657592773
2,1670,0.3100302517414093,0.16288375854492188,0.11366192251443863,0.006471716798841953,0.18451822916666666,0.5131019949913025,0.745671089944372,0.1698724085510504,1.0,0.0,0.44839015151515144,0.5672585227272727,0.10372395833333334,0.8188671875,0.0040885416666666665,0.012864583333333334,0.9076988697052002,0.03381801396608353,0.5444103479385376,1.0,0.0,0.2960689663887024,0.0,0.46274879574775696,1.0,0.9739387035369873,0.026061296463012695
2,1680,0.35218653082847595,0.18490353226661682,0.10823746025562286,0.006442628800868988,0.16921875,0.539611279964447,0.7797503684788215,0.11570980345330589,1.0,0.0,0.444247159090909,0.5666370738636364,0.15140625,0.8269140625,0.0017578125,0.0127734375,0.9047672748565674,0.0366269089281559,0.5422602295875549,1.0,0.0,0.28173476457595825,0.0,0.46092119812965393,1.0,0.9737929105758667,0.0262070894241333
2,1690,0.3628639280796051,0.19127194583415985,0.09908673912286758,0.013501157984137535,0.18778645833333332,0.5527182817459106,0.8456137578762494,0.0218201354146004,1.0,0.0,0.6241714015151515,0.5936257102272727,0.17983072916666668,0.8172916666666666,0.0018489583333333333,0.016731770833333333,0.9036839008331299,0.03690502047538757,0.5408651232719421,1.0,0.0,0.27243417501449585,0.0,0.45973536372184753,1.0,0.9735606908798218,0.026439309120178223
2,1700,0.3653952181339264,0.1980099231004715,0.12008927017450333,0.011070537380874157,0.16653645833333333,0.5329828858375549,0.894632457265487,0.00497519224882128,1.0,0.0,0.46969696969696967,0.5704545454545454,0.22197916666666667,0.8069661458333334,0.0008463541666666667,0.013333333333333334,0.9015367031097412,0.03825715184211731,0.5399223566055298,1.0,0.0,0.26614922285079956,0.0,0.4589340090751648,1.0,0.9732286930084229,0.02677130699157715
2,1710,0.37560558319091797,0.19729822874069214,0.12692579627037048,0.016824999824166298,0.2126953125,0.5819954872131348,0.9047785742466267,0.006754428148269675,1.0,0.0,0.38683712121212116,0.5580255681818181,0.22430989583333333,0.8158854166666667,0.0015625,0.011510416666666667,0.900471031665802,0.0381498858332634,0.5408143997192383,1.0,0.0,0.2720959782600403,0.0,0.45969223976135254,1.0,0.9727983474731445,0.02720165252685547
2,1720,0.38761427998542786,0.20253664255142212,0.1349441409111023,0.01872839219868183,0.21248697916666667,0.5906094908714294,0.923751623080327,0.0,1.0,0.0,0.3602035984848485,0.5540305397727273,0.2690625,0.8192057291666667,0.0007552083333333333,0.010924479166666667,0.8996621370315552,0.03806287422776222,0.5420319437980652,1.0,0.0,0.2802128791809082,0.0,0.46072715520858765,1.0,0.9722695350646973,0.027730464935302734
2,1730,0.39188480377197266,0.20401883125305176,0.13543719053268433,0.018216164782643318,0.23591145833333332,0.579258382320404,0.9245860147476196,0.0,1.0,0.0,0.3968986742424242,0.5595348011363637,0.2691927083333333,0.8198307291666667,0.0007161458333333333,0.011731770833333334,0.8979932069778442,0.038052745163440704,0.5430972576141357,1.0,0.0,0.28731513023376465,0.0,0.4616326689720154,1.0,0.9716372489929199,0.028362751007080078
2,1740,0.41236409544944763,0.2025977522134781,0.1657450646162033,0.01684228889644146,0.17703125,0.6056324243545532,0.9758762631966517,0.0,1.0,0.0,0.09209280303030301,0.5138139204545454,0.2331640625,0.8490234375,0.001796875,0.0050260416666666665,0.8963190317153931,0.038105450570583344,0.5434650778770447,1.0,0.0,0.2897670865058899,0.0,0.4619453251361847,1.0,0.9709086418151855,0.029091358184814453
2,1750,0.4145417809486389,0.16315603256225586,0.13830068707466125,0.011435417458415031,0.17520833333333333,0.5948193073272705,0.8557439970970154,0.09210991859436035,1.0,0.0,0.015743371212121212,0.5023615056818181,0.18686197916666666,0.9286979166666667,0.0018619791666666667,0.0033463541666666667,0.8949909210205078,0.0383218415081501,0.544154167175293,1.0,0.0,0.29436105489730835,0.0,0.46253105998039246,1.0,0.9700617790222168,0.029938220977783203
2,1760,0.43000665307044983,0.17186729609966278,0.13419783115386963,0.013408640399575233,0.20282552083333333,0.5944173336029053,0.8662232295366433,0.07033175975084308,1.0,0.0,0.0,0.5,0.22022135416666666,0.9248307291666666,0.0011588541666666668,0.0023697916666666667,0.8947890996932983,0.03438433259725571,0.5454182028770447,1.0,0.0,0.3027879297733307,0.0,0.46360549330711365,1.0,0.9691411256790161,0.030858874320983887
2,1770,0.4335907995700836,0.17548486590385437,0.15244939923286438,0.01722625084221363,0.19907552083333332,0.6064497232437134,0.9043456382017868,0.06128783524036408,1.0,0.0,0.029356060606060604,0.5044034090909091,0.325,0.9269791666666667,0.0013020833333333333,0.0036458333333333334,0.8984277248382568,0.03146342188119888,0.5467541217803955,1.0,0.0,0.31169393658638,0.0,0.4647410213947296,1.0,0.967598557472229,0.032401442527770996
2,1780,0.458119660615921,0.17640526592731476,0.13606391847133636,0.0152797382324934,0.16872395833333334,0.602347195148468,0.8784571631138142,0.058986835181713104,1.0,0.0,0.0,0.5,0.24770833333333334,0.9341536458333334,0.0007942708333333334,0.002890625,0.9102588295936584,0.02393394708633423,0.5477263927459717,1.0,0.0,0.31817618012428284,0.0,0.4655674397945404,1.0,0.9661610126495361,0.03383898735046387
2,1790,0.41167816519737244,0.19766387343406677,0.14907407760620117,0.013432505540549755,0.18760416666666666,0.6183183193206787,0.9429915705093971,0.005840316414833107,1.0,0.0,0.08794981060606061,0.5131924715909091,0.35845052083333334,0.8702213541666667,0.0007682291666666666,0.004934895833333334,0.9203360080718994,0.01924571581184864,0.5497007369995117,1.0,0.0,0.33133792877197266,0.0,0.4672456383705139,1.0,0.9644931554794312,0.03550684452056885
2,1800,0.42751580476760864,0.18864209949970245,0.13631470501422882,0.013325823470950127,0.15350260416666667,0.6041855812072754,0.9033552382542537,0.02839475125074388,1.0,0.0,0.18383049242424238,0.5275745738636364,0.23471354166666666,0.8735286458333333,0.0003515625,0.007044270833333333,0.9270509481430054,0.018649162724614143,0.5523852109909058,1.0,0.0,0.34923452138900757,0.0,0.4695274531841278,1.0,0.9627240896224976,0.03727591037750244
2,1810,0.36928343772888184,0.21189190447330475,0.14005254209041595,0.013161249458789825,0.18868489583333334,0.5640512108802795,0.9323966096914732,0.0,1.0,0.0,0.40873579545454536,0.5613103693181818,0.21890625,0.7830859375,0.00015625,0.0119921875,0.9286948442459106,0.01841224916279316,0.5523598194122314,1.0,0.0,0.3490654230117798,0.0,0.46950584650039673,1.0,0.961033821105957,0.03896617889404297
2,1820,0.36167535185813904,0.20407791435718536,0.12426215410232544,0.015298878774046898,0.1914453125,0.5802794098854065,0.9056744146347045,0.0,1.0,0.0,0.44543087121212116,0.5668146306818181,0.25427083333333333,0.7936458333333334,7.8125e-05,0.012799479166666667,0.9303739666938782,0.018252026289701462,0.554397463798523,1.0,0.0,0.36264991760253906,0.0,0.4712378680706024,1.0,0.959322988986969,0.040677011013031006
2,1830,0.36364009976387024,0.20655877888202667,0.1379133015871048,0.01798439584672451,0.2262109375,0.6090522408485413,0.9287372940320234,7.812500000000297e-05,1.0,0.0,0.4738399621212121,0.5710759943181818,0.25157552083333334,0.7908072916666666,0.00018229166666666667,0.013424479166666666,0.9328386783599854,0.018252026289701462,0.5552176237106323,1.0,0.0,0.3681175708770752,0.0,0.4719350039958954,1.0,0.9576504826545715,0.04234951734542847
2,1840,0.36972442269325256,0.2231217324733734,0.1288740336894989,0.017078129574656487,0.16795572916666668,0.6213820576667786,0.9122725367138528,0.0024131944444444426,1.0,0.0,0.4223484848484848,0.5633522727272727,0.24240885416666666,0.7760546875,0.0015364583333333333,0.012291666666666666,0.932969868183136,0.018252026289701462,0.5553613901138306,1.0,0.0,0.36907583475112915,0.0,0.47205719351768494,1.0,0.9560201168060303,0.04397988319396973
2,1850,0.33719244599342346,0.23065070807933807,0.14017751812934875,0.022573811933398247,0.20912760416666668,0.6483226418495178,0.9289297221868466,0.0073567708333333315,1.0,0.0,0.4069602272727272,0.5610440340909091,0.557734375,0.6966536458333333,0.00026041666666666666,0.011953125,0.9330363273620605,0.020416583865880966,0.5547949075698853,1.0,0.0,0.3652992248535156,0.0,0.47157567739486694,1.0,0.9544079303741455,0.04559206962585449
2,1860,0.34710702300071716,0.2269991934299469,0.14878122508525848,0.018186263740062714,0.16348958333333333,0.6946802735328674,0.9435397548451382,0.007256944444444451,1.0,0.0,0.40281723484848475,0.5604225852272727,0.3751953125,0.7283333333333334,0.00010416666666666667,0.011861979166666667,0.9362922310829163,0.020176175981760025,0.5551626682281494,1.0,0.0,0.36775118112564087,0.0,0.4718882739543915,1.0,0.9560487270355225,0.04395127296447754
2,1870,0.3599757254123688,0.23809702694416046,0.16429762542247772,0.01989574171602726,0.20619791666666668,0.667525053024292,0.9696550493260734,0.007543402777777783,1.0,0.0,0.4460227272727271,0.5669034090909091,0.31200520833333334,0.728671875,0.0005859375,0.0128125,0.932600736618042,0.024880744516849518,0.5551627278327942,1.0,0.0,0.36775118112564087,0.0,0.47188833355903625,1.0,0.9549102783203125,0.0450897216796875
2,1880,0.33564215898513794,0.2322528064250946,0.18520227074623108,0.01620502583682537,0.204453125,0.6576692461967468,0.9941232638888888,0.011753472222222228,1.0,0.0,0.5845170454545454,0.5876775568181818,0.3007942708333333,0.70265625,0.00018229166666666667,0.015859375,0.9237669110298157,0.03323452174663544,0.5558813810348511,1.0,0.0,0.3725424110889435,0.0,0.47249919176101685,1.0,0.9540640711784363,0.04593592882156372
2,1890,0.35113412141799927,0.26076540350914,0.23492960631847382,0.033841751515865326,0.26772135416666665,0.5920819044113159,0.9913715277777777,0.01725694444444445,1.0,0.0,0.7206439393939394,0.608096590909091,0.36841145833333333,0.6251302083333333,0.016276041666666668,0.01885416666666667,0.9123775362968445,0.04244052618741989,0.5574015974998474,1.0,0.0,0.38267725706100464,0.0,0.47379136085510254,1.0,0.9532244801521301,0.04677551984786987
2,1900,0.32135576009750366,0.23429013788700104,0.17484387755393982,0.017380885779857635,0.24194010416666667,0.6307878494262695,0.9866279869609409,0.009292534722222228,1.0,0.0,1.0,0.65,0.41240885416666667,0.6734505208333333,0.0014453125,0.025716145833333332,0.8990838527679443,0.0533251091837883,0.5567734241485596,1.0,0.0,0.3784891366958618,0.0,0.4732574224472046,1.0,0.9525032043457031,0.047496795654296875
2,1910,0.36365291476249695,0.2199757695198059,0.13813622295856476,0.02172531560063362,0.24338541666666666,0.6389641165733337,0.9291536080837249,0.0,1.0,0.0,0.46614583333333337,0.569921875,0.256015625,0.7772005208333334,0.0011588541666666668,0.013255208333333334,0.8863078355789185,0.06432194262742996,0.5556235313415527,1.0,0.0,0.3708232045173645,0.0,0.47228002548217773,1.0,0.9518956542015076,0.04810434579849243
2,1920,0.3435681164264679,0.22594480216503143,0.1455710083246231,0.018112650141119957,0.22302083333333333,0.6813113689422607,0.94004067407714,0.003389756944444443,1.0,0.0,0.6721117424242424,0.6008167613636364,0.49821614583333335,0.7180598958333333,0.0017578125,0.017786458333333335,0.8730045557022095,0.07751128822565079,0.5550443530082703,1.0,0.0,0.3669620454311371,0.0,0.4717877209186554,1.0,0.9513928890228271,0.04860711097717285
2,1930,0.3811476528644562,0.23232780396938324,0.16552938520908356,0.013857523910701275,0.23209635416666666,0.5946619510650635,0.9755112672769105,0.0,1.0,0.0,0.47502367424242425,0.5712535511363637,0.2870963541666667,0.776953125,0.0019270833333333334,0.013450520833333333,0.8615906238555908,0.0898151621222496,0.5548372268676758,1.0,0.0,0.36558103561401367,0.0,0.4716116487979889,1.0,0.9509947299957275,0.04900527000427246
2,1940,0.3984512984752655,0.21618403494358063,0.13706423342227936,0.021167365834116936,0.258359375,0.6051334142684937,0.9273394719453959,0.0,1.0,0.0,0.4170217803030302,0.5625532670454545,0.2594140625,0.8187109375,0.0017578125,0.012174479166666667,0.8497744798660278,0.09995649755001068,0.5521399974822998,1.0,0.0,0.34759989380836487,0.0,0.46931901574134827,1.0,0.9507038593292236,0.04929614067077637
2,1950,0.695734977722168,0.25147518515586853,0.18836970627307892,0.015372511930763721,0.1748828125,0.4202648401260376,0.9772721354166666,0.04545572916666668,1.0,0.0,0.0127840909090909,0.5019176136363637,0.00109375,0.6451432291666667,0.009869791666666667,0.00328125,0.8362290859222412,0.11315345764160156,0.5515354871749878,1.0,0.0,0.34356963634490967,0.007573701441287994,0.4688051640987396,1.0,0.9505096673965454,0.04949033260345459
2,1960,0.47877949476242065,0.18977537751197815,0.17922428250312805,0.006982808001339436,0.15397135416666666,0.42124685645103455,0.9241182170070247,0.08706131227677917,1.0,0.0,0.06723484848484848,0.5100852272727273,2.604166666666667e-05,0.9292838541666667,0.014440104166666667,0.004479166666666667,0.8261042237281799,0.12142704427242279,0.5518271923065186,1.0,0.0,0.34551429748535156,0.0,0.46905311942100525,1.0,0.9506612420082092,0.04933875799179077
2,1970,0.41182804107666016,0.13753551244735718,0.13570614159107208,0.008574699983000755,0.15247395833333333,0.4156959652900696,0.7887016993263424,0.16912768281451085,1.0,0.0,0.0,0.5,0.0003125,0.9819140625,0.0179296875,0.002265625,0.8207968473434448,0.12528885900974274,0.5499205589294434,1.0,0.0,0.33280348777770996,0.14407634735107422,0.46743249893188477,1.0,0.9507750868797302,0.049224913120269775
2,1980,0.38093721866607666,0.14489562809467316,0.13043789565563202,0.005754236597567797,0.1230859375,0.40962865948677063,0.7188354686219908,0.23671713105698186,1.0,0.0,0.12997159090909088,0.5194957386363637,0.00015625,0.9430598958333334,0.013333333333333334,0.005859375,0.8140355348587036,0.1286129504442215,0.5503010153770447,1.0,0.0,0.3353400230407715,0.03154836595058441,0.46775588393211365,1.0,0.950846791267395,0.04915320873260498
2,1990,0.33697956800460815,0.12932920455932617,0.08969864249229431,0.006519138813018799,0.14430989583333334,0.4331788718700409,0.6392810368001126,0.2523130003998919,1.0,0.0,0.21283143939393936,0.531924715909091,0.0027473958333333335,0.9409244791666667,0.009635416666666667,0.007682291666666666,0.8041357398033142,0.13291321694850922,0.5487030148506165,1.0,0.0,0.32468658685684204,0.0,0.46639758348464966,1.0,0.9508447647094727,0.049155235290527344
2,2000,0.42332422733306885,0.12270007282495499,0.09411156177520752,0.007649731822311878,0.09337239583333333,0.418129563331604,0.6638237737555329,0.23441653067200646,1.0,0.0,0.0,0.5,3.90625e-05,0.9885286458333333,0.010885416666666667,0.0016796875,0.7985464930534363,0.13253560662269592,0.5481576323509216,1.0,0.0,0.3210509121417999,0.3188418447971344,0.46593400835990906,1.0,0.9507645964622498,0.049235403537750244
2,2010,0.423772931098938,0.1299445927143097,0.09092441201210022,0.006238577421754599,0.1146484375,0.4127194285392761,0.6350589354586479,0.25932823096561,1.0,0.0,0.022845643939393926,0.5034268465909091,5.208333333333334e-05,0.9687890625,0.009973958333333333,0.0035026041666666665,0.7947365045547485,0.13209311664104462,0.544826328754425,1.0,0.0,0.2988422214984894,0.20879752933979034,0.46310240030288696,1.0,0.9506402015686035,0.049359798431396484
2,2020,0.3403623402118683,0.12853863835334778,0.11055281013250351,0.005775009281933308,0.194375,0.4613768458366394,0.6530271218683549,0.2769762918625662,1.0,0.0,0.3276515151515151,0.5491477272727272,0.001966145833333333,0.9513932291666667,0.00734375,0.010208333333333333,0.7931749820709229,0.13209311664104462,0.5447671413421631,1.0,0.0,0.2984476387500763,0.0,0.46305209398269653,1.0,0.9504953622817993,0.049504637718200684
2,2030,0.35670146346092224,0.131954625248909,0.10894253849983215,0.006104810629040003,0.16083333333333333,0.4395143687725067,0.6659823494136166,0.2583814055045567,1.0,0.0,0.41642992424242425,0.5624644886363637,0.003046875,0.9376822916666666,0.004830729166666666,0.012161458333333333,0.7920533418655396,0.13193169236183167,0.5437736511230469,1.0,0.0,0.2918245196342468,0.0,0.4622076153755188,1.0,0.9503286480903625,0.04967135190963745
2,2040,0.3901885449886322,0.1346273124217987,0.09432074427604675,0.007372645661234856,0.22299479166666666,0.46250438690185547,0.6805982351487617,0.21304618049322108,1.0,0.0,0.09623579545454546,0.5144353693181818,0.008489583333333333,0.9646744791666667,0.0069010416666666664,0.0051171875,0.7907858490943909,0.13193169236183167,0.5438793897628784,1.0,0.0,0.29252904653549194,0.0,0.4622974991798401,1.0,0.9501222372055054,0.04987776279449463
2,2050,0.3307889699935913,0.13806964457035065,0.09812185168266296,0.004909073933959007,0.15270833333333333,0.5280073285102844,0.627819715920018,0.27954924424610483,1.0,0.0,0.3377130681818181,0.5506569602272727,0.08455729166666667,0.9112239583333334,0.0035546875,0.0104296875,0.7888799905776978,0.1321302056312561,0.5449784994125366,1.0,0.0,0.29985684156417847,0.0,0.46323174238204956,1.0,0.9498732089996338,0.05012679100036621
2,2060,0.35630327463150024,0.158982053399086,0.1016884446144104,0.006423323880881071,0.19311197916666667,0.5401096343994141,0.7163065243193681,0.18110206525591088,1.0,0.0,0.44779829545454547,0.5671697443181818,0.12736979166666668,0.8899609375,0.002578125,0.0128515625,0.7840428352355957,0.1299656629562378,0.5490158796310425,1.0,0.0,0.32677221298217773,0.0,0.46666350960731506,1.0,0.9496148824691772,0.050385117530822754
2,2070,0.4298023581504822,0.17010778188705444,0.1231900006532669,0.008553111925721169,0.23725260416666666,0.5023882985115051,0.8320858848380103,0.08835518169330386,1.0,0.0,0.13589015151515152,0.5203835227272727,0.0344921875,0.92515625,0.0025651041666666665,0.005989583333333334,0.7832411527633667,0.1258198767900467,0.5524063110351562,1.0,0.0,0.349375456571579,0.0,0.4695453643798828,1.0,0.9493333101272583,0.0506666898727417
2,2080,0.3636680543422699,0.1690603494644165,0.11473266780376434,0.009794621728360653,0.243359375,0.5512027144432068,0.827668290596742,0.07734912633895875,1.0,0.0,0.4992897727272727,0.574893465909091,0.14075520833333333,0.8909765625,0.004244791666666667,0.013984375,0.7888410687446594,0.11790958791971207,0.5561966896057129,1.0,0.0,0.3746448755264282,0.0,0.4727672040462494,1.0,0.9490792751312256,0.050920724868774414
2,2090,0.4003826677799225,0.17916788160800934,0.10428862273693085,0.007360688876360655,0.20653645833333334,0.5136439800262451,0.7862272991272176,0.10205929365190788,1.0,0.0,0.36079545454545453,0.5541193181818181,0.055716145833333335,0.8910546875,0.0030729166666666665,0.0109375,0.7969307899475098,0.1066456064581871,0.5594265460968018,1.0,0.0,0.39617717266082764,0.0,0.4755125641822815,1.0,0.948920488357544,0.051079511642456055
2,2100,0.37822991609573364,0.19626915454864502,0.10995272547006607,0.015220686793327332,0.261640625,0.5637629628181458,0.873996767585094,0.009327113628387484,1.0,0.0,0.6442945075757576,0.5966441761363637,0.23783854166666665,0.8332291666666667,0.0030859375,0.017174479166666666,0.8085488080978394,0.09478075057268143,0.5623520016670227,1.0,0.0,0.4156802296638489,0.0,0.477999210357666,1.0,0.9488726258277893,0.05112737417221069
2,2110,0.36064866185188293,0.20204845070838928,0.12481901049613953,0.012299077585339546,0.22609375,0.5753294229507446,0.9066167869934668,0.0,1.0,0.0,0.5336174242424242,0.5800426136363637,0.23921875,0.8147786458333334,0.00421875,0.014739583333333334,0.8201642036437988,0.08394626528024673,0.5666117072105408,1.0,0.0,0.44407808780670166,0.0,0.4816199541091919,1.0,0.9489519596099854,0.05104804039001465
2,2120,0.35157257318496704,0.20318302512168884,0.11875931173563004,0.010767044499516487,0.19579427083333334,0.5631213784217834,0.8963619121679892,0.0,1.0,0.0,0.45785984848484845,0.5686789772727272,0.27875,0.8017317708333334,0.003880208333333333,0.013072916666666667,0.8315798044204712,0.07203340530395508,0.5710506439208984,1.0,0.0,0.4736708700656891,0.0,0.48539304733276367,1.0,0.9491392374038696,0.05086076259613037
2,2130,0.3705955445766449,0.2012045830488205,0.13065122067928314,0.00991611648350954,0.1916796875,0.5477391481399536,0.9164866811495561,0.0,1.0,0.0,0.5330255681818181,0.5799538352272727,0.28029947916666664,0.8103515625,0.003372395833333333,0.0147265625,0.8429407477378845,0.05951844900846481,0.5733715295791626,1.0,0.0,0.4891436696052551,0.0,0.48736581206321716,1.0,0.9494487047195435,0.05055129528045654
2,2140,0.364748477935791,0.21995167434215546,0.14980097115039825,0.011064395308494568,0.21553385416666668,0.5436155200004578,0.948893951177597,0.0,1.0,0.0,0.4898200757575757,0.5734730113636364,0.3135807291666667,0.7904557291666666,0.0047265625,0.013776041666666667,0.854277491569519,0.04799272119998932,0.5742508769035339,1.0,0.0,0.49500587582588196,0.0,0.48811325430870056,1.0,0.9498594403266907,0.050140559673309326
2,2150,0.34615981578826904,0.1985424906015396,0.11529213935136795,0.009078421629965305,0.17328125,0.5276609063148499,0.8873167840690694,0.004168947107262096,1.0,0.0,0.5709043560606061,0.585635653409091,0.2596875,0.7941276041666666,0.0026302083333333334,0.015559895833333334,0.8646596670150757,0.03859005868434906,0.5780429840087891,1.0,0.0,0.5202865600585938,0.0,0.49133655428886414,1.0,0.9503480792045593,0.049651920795440674
2,2160,0.3506363332271576,0.200640469789505,0.10654502362012863,0.009670146740972996,0.20143229166666668,0.5449106693267822,0.8756915784340639,0.0,1.0,0.0,0.5780066287878788,0.5867009943181818,0.2941536458333333,0.7961979166666666,0.00109375,0.015716145833333334,0.8775606155395508,0.026189029216766357,0.5788504481315613,1.0,0.0,0.5256696939468384,0.0,0.49202290177345276,1.0,0.9509514570236206,0.049048542976379395
2,2170,0.35132092237472534,0.20214912295341492,0.1252121776342392,0.009965372271835804,0.1997265625,0.5633971095085144,0.9072821467656355,0.0,1.0,0.0,0.541903409090909,0.5812855113636364,0.36083333333333334,0.7938020833333334,0.0016536458333333334,0.014921875,0.8891711235046387,0.018856458365917206,0.5789011716842651,1.0,0.0,0.526007890701294,0.0,0.49206599593162537,1.0,0.9516335725784302,0.048366427421569824
2,2180,0.3703071177005768,0.21452727913856506,0.12619788944721222,0.008901222608983517,0.18873697916666668,0.5433155298233032,0.9063001493242958,0.0030115058236732384,1.0,0.0,0.5306581439393939,0.5795987215909091,0.1325390625,0.7920052083333333,0.0028515625,0.014674479166666667,0.8937846422195435,0.015549778006970882,0.580609142780304,1.0,0.0,0.5373940467834473,0.0,0.49351778626441956,1.0,0.9529209733009338,0.04707902669906616
2,2190,0.35772332549095154,0.20382584631443024,0.1142946407198906,0.009580472484230995,0.2053515625,0.5346554517745972,0.8887195095088747,0.0001736111111111105,1.0,0.0,0.5821496212121212,0.5873224431818181,0.13126302083333333,0.7941796875,0.0008333333333333334,0.015807291666666667,0.8975557684898376,0.012960855849087238,0.5796240568161011,1.0,0.0,0.5308272838592529,0.0,0.49268046021461487,1.0,0.9541507959365845,0.04584920406341553
2,2200,0.3494131565093994,0.21668702363967896,0.11194855719804764,0.010472137480974197,0.206640625,0.5150827169418335,0.8832604990402857,0.0031510416666666696,1.0,0.0,0.6223958333333334,0.593359375,0.21625,0.7751953125,0.0016927083333333334,0.016692708333333334,0.9031848907470703,0.009241143241524696,0.5791844129562378,1.0,0.0,0.5278961658477783,0.0,0.49230676889419556,1.0,0.9556618928909302,0.044338107109069824
2,2210,0.35149112343788147,0.21758316457271576,0.12752333283424377,0.009827866218984127,0.19358072916666666,0.5547072291374207,0.9077471519331646,0.0068923611111111165,1.0,0.0,0.5963541666666667,0.589453125,0.18466145833333333,0.7669661458333333,0.00296875,0.016119791666666668,0.9031912088394165,0.009992430917918682,0.5774511098861694,1.0,0.0,0.5163409113883972,0.0,0.49083346128463745,1.0,0.9572978019714355,0.04270219802856445
2,2220,0.33929014205932617,0.20735681056976318,0.10871574282646179,0.009370808489620686,0.19352864583333335,0.5346969366073608,0.8747861101892259,0.00915798611111111,1.0,0.0,0.6442945075757576,0.5966441761363637,0.20072916666666665,0.7672265625,0.0010416666666666667,0.017174479166666666,0.9021720886230469,0.011477782391011715,0.5766183137893677,1.0,0.0,0.5107886791229248,0.0,0.4901255667209625,1.0,0.9588726758956909,0.04112732410430908
2,2230,0.3458627164363861,0.22595474123954773,0.12013425678014755,0.01313585415482521,0.1904296875,0.5618562698364258,0.8916075790488822,0.01416232638888889,1.0,0.0,0.6525804924242424,0.5978870738636364,0.2271875,0.7423567708333333,0.0007682291666666666,0.017356770833333333,0.9013628959655762,0.014093603938817978,0.5771087408065796,1.0,0.0,0.514057993888855,0.0,0.4905424416065216,1.0,0.9604877829551697,0.03951221704483032
2,2240,0.3314170837402344,0.22352173924446106,0.12813226878643036,0.01242730300873518,0.15587239583333334,0.5450279712677002,0.9040532665680616,0.01634114583333334,1.0,0.0,0.5395359848484849,0.5809303977272727,0.19701822916666667,0.7275911458333333,0.0016796875,0.014869791666666667,0.8982794284820557,0.016497626900672913,0.5766226053237915,1.0,0.0,0.5108168721199036,0.0,0.4901292324066162,1.0,0.9620785117149353,0.0379214882850647
2,2250,0.34115469455718994,0.22737908363342285,0.12470214813947678,0.01222747378051281,0.194921875,0.5770345330238342,0.8986238810394566,0.015590277777777784,1.0,0.0,0.6271306818181818,0.5940696022727272,0.239453125,0.72953125,0.0007552083333333333,0.016796875,0.8927869200706482,0.019870273768901825,0.5761829018592834,1.0,0.0,0.5078858137130737,0.0,0.4897554814815521,1.0,0.9636695384979248,0.036330461502075195
2,2260,0.3317812979221344,0.2218409776687622,0.12581592798233032,0.01721547357738018,0.1969921875,0.5654414892196655,0.8987400760406102,0.019127604166666673,1.0,0.0,0.45075757575757575,0.5676136363636364,0.28411458333333334,0.7333203125,0.0008854166666666666,0.012916666666666667,0.8915225267410278,0.022562483325600624,0.5752274990081787,1.0,0.0,0.5015162825584412,0.0,0.4889433979988098,1.0,0.9652568101882935,0.03474318981170654
2,2270,0.3170182704925537,0.23843583464622498,0.1644502878189087,0.02415648102760315,0.19088541666666667,0.61793452501297,0.9601260746849908,0.027118055555555562,1.0,0.0,0.4549005681818182,0.5682350852272727,0.36811197916666666,0.634140625,0.0007421875,0.0130078125,0.8915339708328247,0.023714104667305946,0.5743016004562378,1.0,0.0,0.4953440725803375,0.0,0.48815637826919556,1.0,0.9666057825088501,0.0333942174911499
2,2280,0.33993884921073914,0.2264951914548874,0.14361672103405,0.021916178986430168,0.18481770833333333,0.568692684173584,0.9289708318567682,0.018914930555555563,1.0,0.0,0.375,0.55625,0.33791666666666664,0.71734375,0.0009765625,0.01125,0.8909792304039001,0.024990353733301163,0.5736294388771057,1.0,0.0,0.4908628761768341,0.0,0.48758503794670105,1.0,0.9678166508674622,0.03218334913253784
2,2290,0.3342054784297943,0.22544631361961365,0.1317538470029831,0.027088111266493797,0.17555989583333334,0.5337631702423096,0.9068617787422278,0.02298177083333333,1.0,0.0,0.3613873106060605,0.5542080965909091,0.27188802083333335,0.7178645833333334,0.0040104166666666665,0.010950520833333333,0.8948491215705872,0.026031017303466797,0.5729995369911194,1.0,0.0,0.4866635203361511,0.0,0.4870496094226837,1.0,0.9689986705780029,0.03100132942199707
2,2300,0.3350275754928589,0.22636888921260834,0.1306067705154419,0.013352529145777225,0.14985677083333335,0.5544149279594421,0.9044388015453632,0.023945312500000003,1.0,0.0,0.2992424242424242,0.5448863636363637,0.23861979166666666,0.7248177083333334,0.0034375,0.009583333333333333,0.8984705805778503,0.027304785326123238,0.5759841799736023,1.0,0.0,0.5065611004829407,0.0,0.48958656191825867,1.0,0.969948947429657,0.030051052570343018
2,2310,0.3226805031299591,0.2215326428413391,0.11303842067718506,0.010616905055940151,0.14975260416666666,0.5126183032989502,0.8741283208895951,0.025104166666666674,1.0,0.0,0.4016335227272726,0.5602450284090909,0.22946614583333333,0.7247135416666667,0.0009505208333333334,0.0118359375,0.9021394848823547,0.028457438573241234,0.5748215913772583,1.0,0.0,0.49881064891815186,0.0,0.48859837651252747,1.0,0.9707760810852051,0.029223918914794922
2,2320,0.30970194935798645,0.21493767201900482,0.1225476861000061,0.008830771781504154,0.1466796875,0.5396126508712769,0.8852162449138907,0.031192383016472244,1.0,0.0,0.4170217803030302,0.5625532670454545,0.2093359375,0.7087109375,0.0006640625,0.012174479166666667,0.9031268358230591,0.02958136424422264,0.5739634037017822,1.0,0.0,0.49308937788009644,0.0,0.48786890506744385,1.0,0.9714970588684082,0.028502941131591797
2,2330,0.32267218828201294,0.22281965613365173,0.13160595297813416,0.008027475327253342,0.19990885416666668,0.49366647005081177,0.8793691975688447,0.054932260517343914,1.0,0.0,0.5265151515151515,0.5789772727272727,0.18463541666666666,0.7164322916666667,0.005208333333333333,0.014583333333333334,0.905824601650238,0.032637037336826324,0.5735321640968323,1.0,0.0,0.49021464586257935,0.0,0.4875023663043976,1.0,0.9721177220344543,0.027882277965545654
2,2340,0.30963388085365295,0.21174070239067078,0.1127363070845604,0.008206533268094063,0.20588541666666665,0.4692716896533966,0.8517343018456677,0.05048446167734902,1.0,0.0,0.4649621212121212,0.5697443181818181,0.21993489583333334,0.7211588541666667,0.0012890625,0.013229166666666667,0.9063300490379333,0.03329097479581833,0.572301983833313,1.0,0.0,0.4820132255554199,0.0,0.4864566922187805,1.0,0.9726412296295166,0.0273587703704834
2,2350,0.31708937883377075,0.21754741668701172,0.11273938417434692,0.007514430675655603,0.18420572916666667,0.5030567646026611,0.8335506773953459,0.07082560186009337,1.0,0.0,0.4282670454545454,0.5642400568181818,0.18971354166666668,0.72671875,0.002018229166666667,0.012421875,0.9047794342041016,0.03712991997599602,0.5713677406311035,1.0,0.0,0.47578465938568115,0.0,0.485662579536438,1.0,0.9730732440948486,0.026926755905151367
2,2360,0.322535902261734,0.2211257368326187,0.12375958263874054,0.007816906087100506,0.2096875,0.4653262197971344,0.8607646567429916,0.060705353035553675,1.0,0.0,0.4371448863636363,0.5655717329545454,0.15993489583333334,0.7248958333333333,0.0015364583333333333,0.0126171875,0.9049475193023682,0.03758316859602928,0.5709406733512878,1.0,0.0,0.47293806076049805,0.0,0.48529958724975586,1.0,0.9734416007995605,0.026558399200439453
2,2370,0.3095369338989258,0.2149108499288559,0.11383213847875595,0.009317420423030853,0.2111328125,0.5108638405799866,0.8759316050751598,0.024184027777777783,1.0,0.0,0.44839015151515144,0.5672585227272727,0.22794270833333333,0.7189192708333333,0.0011458333333333333,0.012864583333333334,0.9046188592910767,0.038001902401447296,0.5710506439208984,1.0,0.0,0.4736708700656891,0.0,0.48539304733276367,1.0,0.9737060070037842,0.02629399299621582
2,2380,0.3115779459476471,0.22418658435344696,0.12624704837799072,0.017597896978259087,0.2190625,0.5315297245979309,0.8956328588469417,0.026801215277777787,1.0,0.0,0.44779829545454547,0.5671697443181818,0.26131510416666665,0.6897786458333334,0.001171875,0.0128515625,0.9026638269424438,0.03805956616997719,0.5715241432189941,1.0,0.0,0.4768274426460266,0.0,0.4857955276966095,1.0,0.9738906025886536,0.026109397411346436
2,2390,0.3413142263889313,0.26057523488998413,0.20374684035778046,0.030765965580940247,0.24506510416666666,0.5772647261619568,0.9875672743055555,0.024865451388888897,1.0,0.0,0.4424715909090909,0.5663707386363637,0.43962239583333335,0.6576953125,0.0066015625,0.012734375,0.9016642570495605,0.0384472981095314,0.5725936889648438,1.0,0.0,0.4839578866958618,0.0,0.48670464754104614,1.0,0.9740419983863831,0.025958001613616943
2,2400,0.2925620973110199,0.2366660088300705,0.16713747382164001,0.022194694727659225,0.24278645833333334,0.5410565733909607,0.9647712764780745,0.02692274305555556,1.0,0.0,1.0,0.65,0.35778645833333333,0.6361848958333334,0.006393229166666667,0.025455729166666666,0.9016215801239014,0.03860623389482498,0.5737435817718506,1.0,0.0,0.49162381887435913,0.0,0.487682044506073,1.0,0.9741724729537964,0.025827527046203613
2,2410,0.3590775728225708,0.2517719864845276,0.16462776064872742,0.011042301543056965,0.20533854166666668,0.5565207004547119,0.9603070556811798,0.027356770833333335,1.0,0.0,0.45963541666666663,0.5689453125,0.381953125,0.70203125,0.0017447916666666666,0.013111979166666666,0.9020521640777588,0.038922663778066635,0.5743734836578369,1.0,0.0,0.4958231747150421,0.0,0.48821747303009033,1.0,0.9742691516876221,0.02573084831237793
2,2420,0.32749801874160767,0.24513792991638184,0.14674830436706543,0.02316449210047722,0.2416796875,0.5614928603172302,0.9284805038647774,0.030494791666666674,1.0,0.0,0.4762073863636364,0.5714311079545454,0.4105989583333333,0.6733333333333333,0.000859375,0.0134765625,0.904521107673645,0.03893382102251053,0.5742381811141968,1.0,0.0,0.49492132663726807,0.0,0.4881024658679962,1.0,0.9743757247924805,0.02562427520751953
2,2430,0.3272245228290558,0.23813797533512115,0.1714068502187729,0.007501994725316763,0.18432291666666667,0.5309911370277405,0.9314392361057464,0.0733271425208304,1.0,0.0,0.5839251893939393,0.5875887784090909,0.3729427083333333,0.6919140625,0.004674479166666667,0.015846354166666667,0.9062991738319397,0.038586243987083435,0.5735152959823608,1.0,0.0,0.4901019334793091,0.0,0.4874880015850067,1.0,0.9744987487792969,0.025501251220703125
2,2440,0.30243703722953796,0.21112583577632904,0.13046440482139587,0.009041556157171726,0.18484375,0.5199148654937744,0.9022230485973195,0.02789496527777778,1.0,0.0,0.4803503787878787,0.5720525568181818,0.3538671875,0.7057682291666667,0.0030989583333333333,0.013567708333333333,0.9082252979278564,0.03709269315004349,0.5714691281318665,1.0,0.0,0.4764610528945923,0.0,0.4857487678527832,1.0,0.9746425747871399,0.025357425212860107
2,2450,0.3175644874572754,0.2247125506401062,0.14848129451274872,0.0066961185075342655,0.174765625,0.5523983836174011,0.871489822576434,0.09695903940444311,1.0,0.0,0.40873579545454536,0.5613103693181818,0.401328125,0.70796875,0.0005859375,0.0119921875,0.9124481081962585,0.03582024574279785,0.5696893334388733,1.0,0.0,0.464595764875412,0.0,0.484235942363739,1.0,0.9748165607452393,0.025183439254760742
2,2460,0.33284714818000793,0.2349628508090973,0.12959985435009003,0.010016929358243942,0.21977864583333334,0.5492398142814636,0.9021531923510071,0.025108506944444442,1.0,0.0,0.5673532196969696,0.5851029829545454,0.4038541666666667,0.7150651041666667,0.0010807291666666667,0.015481770833333333,0.9165890216827393,0.03357379883527756,0.5686789751052856,1.0,0.0,0.4578598737716675,0.0,0.4833771288394928,1.0,0.9750257134437561,0.024974286556243896
2,2470,0.32466068863868713,0.2280227392911911,0.1243363693356514,0.01106688380241394,0.2121875,0.5804221630096436,0.8918395061727262,0.02792100694444445,1.0,0.0,0.46614583333333337,0.569921875,0.48388020833333334,0.6946484375,0.00020833333333333335,0.013255208333333334,0.9192625880241394,0.03171956539154053,0.5677573680877686,1.0,0.0,0.4517158269882202,0.0,0.4825937747955322,1.0,0.9752511978149414,0.024748802185058594
2,2480,0.3162112832069397,0.2372901439666748,0.14054791629314423,0.013949200510978699,0.203515625,0.5361329317092896,0.9190704387375432,0.028328993055555557,1.0,0.0,0.5211884469696969,0.5781782670454545,0.5305859375,0.6827994791666666,0.00036458333333333335,0.014466145833333333,0.9221669435501099,0.031646400690078735,0.566028356552124,1.0,0.0,0.4401887059211731,0.0,0.4811241030693054,1.0,0.9754894971847534,0.024510502815246582
2,2490,0.33608323335647583,0.24244533479213715,0.13361918926239014,0.01479384396225214,0.2447265625,0.568107008934021,0.9079807513799423,0.027057291666666674,1.0,0.0,0.5247395833333333,0.5787109375,0.62234375,0.6975911458333334,0.0007682291666666666,0.014544270833333333,0.92378830909729,0.031421735882759094,0.5645782947540283,1.0,0.0,0.43052172660827637,0.0,0.4798915684223175,1.0,0.975751519203186,0.024248480796813965
2,2500,0.3389969766139984,0.24755512177944183,0.13220995664596558,0.018187472596764565,0.25072916666666667,0.6135063767433167,0.9059648197940272,0.02631944444444445,1.0,0.0,0.5223721590909091,0.5783558238636364,0.61375,0.688125,0.00018229166666666667,0.0144921875,0.9208206534385681,0.03137420117855072,0.5630309581756592,1.0,0.0,0.42020654678344727,0.0,0.47857633233070374,1.0,0.9760106801986694,0.023989319801330566
2,2510,0.33385875821113586,0.24812743067741394,0.1379128098487854,0.016700314357876778,0.2249609375,0.5816816091537476,0.9134803854705941,0.030590277777777782,1.0,0.0,0.3874289772727273,0.5581143465909091,0.5356901041666666,0.6697395833333334,0.00020833333333333335,0.0115234375,0.9187507033348083,0.0311301127076149,0.5573744773864746,1.0,0.0,0.38249683380126953,0.0,0.47376832365989685,1.0,0.9762580394744873,0.023741960525512695
2,2520,0.35032904148101807,0.24662014842033386,0.14374518394470215,0.014190291985869408,0.22044270833333332,0.5822923183441162,0.9259764250730858,0.025338541666666672,1.0,0.0,0.38269412878787873,0.5574041193181818,0.58078125,0.7042708333333333,0.0005078125,0.011419270833333333,0.9172146320343018,0.031008169054985046,0.5548211336135864,1.0,0.0,0.3654739260673523,0.0,0.47159796953201294,1.0,0.9765006303787231,0.023499369621276855
2,2530,0.3460449278354645,0.2462862730026245,0.14129681885242462,0.021220309659838676,0.24424479166666666,0.6118628978729248,0.9225556942438468,0.02389322916666667,1.0,0.0,0.3158143939393939,0.5473721590909091,0.561875,0.6958203125,0.0002734375,0.009947916666666667,0.916737973690033,0.030446207150816917,0.5530709028244019,1.0,0.0,0.35380592942237854,0.0,0.4701102674007416,1.0,0.9767494797706604,0.0232505202293396
2,2540,0.3419000208377838,0.23888131976127625,0.13958239555358887,0.017996104434132576,0.2233203125,0.6276304721832275,0.9198171229240223,0.02356770833333334,1.0,0.0,0.24005681818181818,0.5360085227272727,0.5778385416666667,0.7111979166666667,0.0004166666666666667,0.00828125,0.9161543846130371,0.027925215661525726,0.5505639314651489,1.0,0.0,0.3370930254459381,0.0,0.4679793417453766,1.0,0.9770039319992065,0.022996068000793457
2,2550,0.3489290475845337,0.24612367153167725,0.1518111675977707,0.01775253377854824,0.23592447916666667,0.6197823882102966,0.9404143116718684,0.023763020833333336,1.0,0.0,0.2157907196969697,0.5323686079545454,0.5779947916666667,0.6960286458333333,0.0005208333333333333,0.0077473958333333336,0.9169557094573975,0.02754988521337509,0.5480316877365112,1.0,0.0,0.3202110230922699,0.0,0.46582695841789246,1.0,0.9772705435752869,0.022729456424713135
2,2560,0.3436242341995239,0.2434159517288208,0.14001600444316864,0.020615622401237488,0.22725260416666668,0.6276569366455078,0.9205096899444223,0.023650173611111117,1.0,0.0,0.2868134469696969,0.5430220170454545,0.6013151041666667,0.7019140625,0.0003255208333333333,0.009309895833333333,0.919226884841919,0.023982102051377296,0.5463575124740601,1.0,0.0,0.3090503215789795,0.0,0.46440389752388,1.0,0.9775696992874146,0.02243030071258545
2,2570,0.3488210439682007,0.23833566904067993,0.13733185827732086,0.01735551282763481,0.22455729166666666,0.6138176321983337,0.9169091290184576,0.021766493055555558,1.0,0.0,0.30812026515151514,0.5462180397727273,0.61859375,0.709453125,0.00015625,0.009778645833333334,0.9199815392494202,0.02384589985013008,0.543630838394165,1.0,0.0,0.29087185859680176,0.0,0.4620862305164337,1.0,0.9778825640678406,0.022117435932159424
2,2580,0.3397258520126343,0.24579468369483948,0.14941807091236115,0.024140996858477592,0.22040364583333333,0.5888341069221497,0.9369221814371582,0.022647569444444453,1.0,0.0,0.20632102272727268,0.5309481534090909,0.5195182291666667,0.6986979166666667,0.0005338541666666666,0.0075390625,0.9213277697563171,0.023556753993034363,0.5413605570793152,1.0,0.0,0.27573728561401367,0.0,0.46015650033950806,1.0,0.9782125949859619,0.021787405014038086
2,2590,0.35310354828834534,0.24452422559261322,0.1449732482433319,0.01932978443801403,0.2201171875,0.6342592239379883,0.9296822918989719,0.022083333333333337,1.0,0.0,0.2447916666666666,0.53671875,0.5525130208333333,0.6998046875,0.0004166666666666667,0.008385416666666666,0.9216464757919312,0.02313285320997238,0.5387184023857117,1.0,0.0,0.2581225037574768,0.0,0.4579106569290161,1.0,0.9785718321800232,0.021428167819976807
2,2600,0.34115493297576904,0.23979102075099945,0.14287959039211273,0.017116345465183258,0.20059895833333333,0.6341556310653687,0.92524725152896,0.023867187499999998,1.0,0.0,0.2258522727272727,0.533877840909091,0.6061067708333333,0.7001041666666666,0.0003255208333333333,0.00796875,0.9229212403297424,0.02287677675485611,0.5360550880432129,1.0,0.0,0.2403668463230133,0.0,0.4556468427181244,1.0,0.978958010673523,0.02104198932647705
2,2610,0.3434080481529236,0.23521049320697784,0.13993632793426514,0.016745757311582565,0.19407552083333332,0.6203427910804749,0.921301502081064,0.021796875000000007,1.0,0.0,0.20809659090909088,0.5312144886363637,0.61484375,0.7212630208333334,5.208333333333334e-05,0.007578125,0.9244335889816284,0.02273954078555107,0.5332902669906616,1.0,0.0,0.22193476557731628,0.0,0.4532967507839203,1.0,0.9793364405632019,0.020663559436798096
2,2620,0.34636133909225464,0.24333369731903076,0.14480945467948914,0.015093589201569557,0.19294270833333332,0.6526307463645935,0.9280487659853748,0.02479600694444445,1.0,0.0,0.10215435606060604,0.5153231534090909,0.5936848958333333,0.6925390625,3.90625e-05,0.005247395833333333,0.9255789518356323,0.022274306043982506,0.531476616859436,1.0,0.0,0.2098439782857895,0.0,0.4517551362514496,1.0,0.9797310829162598,0.020268917083740234
2,2630,0.34782180190086365,0.23483848571777344,0.13734708726406097,0.013001648709177971,0.1881640625,0.6266661286354065,0.9184713594831971,0.018693576388888893,1.0,0.0,0.2311789772727272,0.5346768465909091,0.6406119791666667,0.7117057291666666,0.00010416666666666667,0.0080859375,0.9265974164009094,0.02210358902812004,0.5299926996231079,1.0,0.0,0.19995152950286865,0.0,0.45049381256103516,1.0,0.9801245927810669,0.019875407218933105
2,2640,0.3413912057876587,0.23226837813854218,0.13826850056648254,0.01565989851951599,0.19954427083333334,0.6137132048606873,0.9191843201360133,0.020386284722222224,1.0,0.0,0.23295454545454544,0.5349431818181818,0.6053645833333333,0.7325390625,6.510416666666667e-05,0.008125,0.9280838966369629,0.021909309551119804,0.5288259387016296,1.0,0.0,0.1921728402376175,0.0,0.44950205087661743,1.0,0.9805124402046204,0.01948755979537964
2,2650,0.3408817946910858,0.239315465092659,0.13807936012744904,0.017305685207247734,0.2038671875,0.6255886554718018,0.9190508682605548,0.02001302083333334,1.0,0.0,0.12582859848484845,0.5188742897727273,0.6403515625,0.724375,0.00010416666666666667,0.005768229166666666,0.9288904666900635,0.021677415817975998,0.5286948680877686,1.0,0.0,0.19129915535449982,0.0,0.4493906497955322,1.0,0.9808859825134277,0.019114017486572266
2,2660,0.3489280045032501,0.23627600073814392,0.13875581324100494,0.014340328983962536,0.19489583333333332,0.6401219964027405,0.9191843503458887,0.02203559027777778,1.0,0.0,0.17436079545454544,0.5261541193181818,0.6475,0.7275520833333333,7.8125e-05,0.0068359375,0.9276601076126099,0.02131076343357563,0.5287498831748962,1.0,0.0,0.19166554510593414,0.0,0.4494374096393585,1.0,0.9812357425689697,0.018764257431030273
2,2670,0.3475489318370819,0.23537342250347137,0.138119176030159,0.014956843107938766,0.18782552083333334,0.6247774362564087,0.9180006274912093,0.02224826388888889,1.0,0.0,0.18560606060606058,0.5278409090909091,0.64359375,0.7147786458333333,0.00013020833333333333,0.007083333333333333,0.9279030561447144,0.021053239703178406,0.528420090675354,1.0,0.0,0.18946722149848938,0.0,0.44915708899497986,1.0,0.9815663695335388,0.01843363046646118
2,2680,0.33581671118736267,0.22934742271900177,0.1392478346824646,0.01648864336311817,0.18970052083333333,0.6181578040122986,0.9201103179882735,0.021848958333333335,1.0,0.0,0.14831912878787876,0.5222478693181818,0.6046354166666666,0.714765625,0.00029947916666666664,0.006263020833333333,0.9295085668563843,0.02098565548658371,0.5277225375175476,1.0,0.0,0.18481692671775818,0.0,0.44856417179107666,1.0,0.9818849563598633,0.01811504364013672
2,2690,0.34198206663131714,0.24005423486232758,0.14187274873256683,0.01986166089773178,0.21997395833333333,0.6290873885154724,0.9257634177269081,0.019427083333333338,1.0,0.0,0.1512784090909091,0.5226917613636364,0.63765625,0.7180598958333333,0.0002734375,0.006328125,0.932181715965271,0.020568370819091797,0.5277183055877686,1.0,0.0,0.18478873372077942,0.0,0.44856056571006775,1.0,0.9821518659591675,0.01784813404083252
2,2700,0.34392979741096497,0.23725977540016174,0.1478489488363266,0.01598295383155346,0.20434895833333333,0.6495051383972168,0.9347506850499372,0.021679687500000003,1.0,0.0,0.15187026515151514,0.5227805397727273,0.638125,0.7071744791666666,0.0001171875,0.006341145833333333,0.9350979328155518,0.020381323993206024,0.5273631811141968,1.0,0.0,0.18242131173610687,0.0,0.44825872778892517,1.0,0.9820293188095093,0.017970681190490723
2,2710,0.3477209508419037,0.23849785327911377,0.1501256376504898,0.01503519993275404,0.191953125,0.6471465229988098,0.9377246367931366,0.0234375,1.0,0.0,0.13529829545454544,0.5202947443181818,0.613515625,0.7204036458333334,7.8125e-05,0.0059765625,0.936295747756958,0.020456142723560333,0.5304408073425293,1.0,0.0,0.2029390037059784,0.0,0.4508746862411499,1.0,0.9805325269699097,0.019467473030090332
2,2720,0.3491884469985962,0.24198830127716064,0.149239182472229,0.02038327045738697,0.20670572916666666,0.6426576972007751,0.9375330756260798,0.020820312500000007,1.0,0.0,0.13352272727272727,0.5200284090909091,0.6045572916666667,0.7137109375,0.00029947916666666664,0.0059375,0.9387998580932617,0.020614251494407654,0.5322291254997253,1.0,0.0,0.21486066281795502,0.0,0.4523947834968567,1.0,0.9787462949752808,0.02125370502471924
2,2730,0.34284669160842896,0.24078156054019928,0.15532366931438446,0.020762771368026733,0.220078125,0.6502164602279663,0.9473633196516934,0.02175347222222223,1.0,0.0,0.17495265151515152,0.5262428977272727,0.5995833333333334,0.7016666666666667,0.0004557291666666667,0.006848958333333334,0.9403424263000488,0.020616941154003143,0.5350319743156433,1.0,0.0,0.2335464209318161,0.0,0.45477718114852905,1.0,0.9741206169128418,0.025879383087158203
2,2740,0.34819886088371277,0.23598752915859222,0.15853723883628845,0.015710264444351196,0.208046875,0.6378791332244873,0.9537717201567103,0.019813368055555558,1.0,0.0,0.1524621212121212,0.5228693181818181,0.6199739583333334,0.7298046875,6.510416666666667e-05,0.006354166666666667,0.9428675174713135,0.020919105038046837,0.5363932847976685,1.0,0.0,0.2426215410232544,0.0,0.4559343159198761,1.0,0.9658879041671753,0.03411209583282471
2,2750,0.3473409116268158,0.23577247560024261,0.14815232157707214,0.018473727628588676,0.21154947916666667,0.6355917453765869,0.9367549704894041,0.018697916666666668,1.0,0.0,0.22170928030303028,0.5332563920454545,0.6228645833333334,0.7186588541666666,0.00020833333333333335,0.007877604166666666,0.9451901316642761,0.021130330860614777,0.5376868844032288,1.0,0.0,0.25124573707580566,0.0,0.4570338726043701,1.0,0.9585648775100708,0.0414351224899292
2,2760,0.33890438079833984,0.2292783260345459,0.13426868617534637,0.015646610409021378,0.20296875,0.6158519983291626,0.9145768618074237,0.016063368055555555,1.0,0.0,0.22348484848484848,0.5335227272727273,0.628046875,0.7215494791666667,0.000234375,0.007916666666666667,0.9475339651107788,0.02135809324681759,0.5398766994476318,1.0,0.0,0.26584482192993164,0.0,0.458895206451416,1.0,0.9536756873130798,0.046324312686920166
2,2770,0.3473994731903076,0.2288835495710373,0.1414334625005722,0.015464488416910172,0.20138020833333334,0.6257629990577698,0.9256124581740452,0.0182421875,1.0,0.0,0.24064867424242425,0.5360973011363637,0.6299609375,0.736875,7.8125e-05,0.008294270833333334,0.9498143792152405,0.021486856043338776,0.5416523218154907,1.0,0.0,0.27768194675445557,0.0,0.46040448546409607,1.0,0.9465466737747192,0.05345332622528076
2,2780,0.33679088950157166,0.2239316701889038,0.1568356156349182,0.01874450594186783,0.20361979166666666,0.6559984087944031,0.9506251230402889,0.020347222222222225,1.0,0.0,0.21046401515151514,0.5315696022727273,0.6067447916666666,0.7283984375,0.00014322916666666667,0.0076302083333333335,0.9522834420204163,0.021836556494235992,0.5415000915527344,1.0,0.0,0.27666735649108887,0.0,0.4602750837802887,1.0,0.9372851252555847,0.06271487474441528
2,2790,0.4421440660953522,0.32983818650245667,0.24072308838367462,0.013512679375708103,0.15092447916666665,0.5093727707862854,0.9930577256944444,0.013884548611111115,1.0,0.0,0.20572916666666666,0.530859375,0.27197916666666666,0.5908333333333333,0.0055859375,0.007526041666666667,0.9553036689758301,0.022364210337400436,0.5422357320785522,1.0,0.0,0.28157129883766174,0.0,0.4609003961086273,1.0,0.9317225217819214,0.06827747821807861
2,2800,0.44000303745269775,0.30936184525489807,0.2574889659881592,0.009242018684744835,0.16799479166666667,0.42930084466934204,0.9909223090277777,0.018155381944444448,1.0,0.0,0.19507575757575757,0.5292613636363637,0.0004427083333333333,0.6626822916666667,0.007356770833333333,0.007291666666666667,0.9584714770317078,0.022173652425408363,0.5433306694030762,1.0,0.0,0.2888708710670471,0.0,0.46183109283447266,1.0,0.9233416318893433,0.07665836811065674
2,2810,0.3154807388782501,0.22903123497962952,0.15820783376693726,0.02618010900914669,0.2589453125,0.5611556768417358,0.9504017654239623,0.025438368055555563,1.0,0.0,0.6567234848484849,0.5985085227272727,0.37169270833333334,0.7,0.0005598958333333334,0.017447916666666667,0.9587494730949402,0.026239527389407158,0.5436350107192993,1.0,0.0,0.2909000813961029,0.0,0.46208977699279785,1.0,0.9157915115356445,0.08420848846435547
2,2820,0.3393056094646454,0.24545161426067352,0.17199070751667023,0.026905423030257225,0.25829427083333334,0.5993910431861877,0.9738872189705188,0.0251171875,1.0,0.0,0.4584517045454545,0.5687677556818181,0.4366276041666667,0.7110807291666666,0.0005208333333333333,0.0130859375,0.9614560604095459,0.025641394779086113,0.5451738238334656,1.0,0.0,0.3011589050292969,0.0,0.4633977711200714,1.0,0.8919175267219543,0.10808247327804565
2,2830,0.3378998339176178,0.2443482130765915,0.1639689803123474,0.02970794588327408,0.2523697916666667,0.6003111600875854,0.9604443667892717,0.024852430555555555,1.0,0.0,0.49455492424242414,0.5741832386363637,0.40990885416666667,0.7151953125,0.0004557291666666667,0.013880208333333333,0.9638300538063049,0.0258511770516634,0.5513629913330078,1.0,0.0,0.34241974353790283,0.0,0.46865856647491455,1.0,0.8680353164672852,0.13196468353271484
2,2840,0.34053486585617065,0.24638107419013977,0.17055583000183105,0.03544914349913597,0.26776041666666667,0.579282820224762,0.9714980272146373,0.02503906250000001,1.0,0.0,0.42175662878787884,0.5632634943181818,0.4059765625,0.7143619791666667,0.0003515625,0.012278645833333334,0.965258002281189,0.026972414925694466,0.5334466695785522,0.9523810148239136,0.0,0.38170769810676575,0.0,0.4534296691417694,1.0,0.8441466093063354,0.15585339069366455
2,2850,0.34150269627571106,0.24633122980594635,0.16840027272701263,0.03744462504982948,0.2724609375,0.5614842176437378,0.9679586680016966,0.024822048611111112,1.0,0.0,0.41406249999999994,0.562109375,0.4024348958333333,0.7158854166666667,0.00036458333333333335,0.012109375,0.9661246538162231,0.028698191046714783,0.5156909227371216,0.9047619700431824,0.0,0.42206665873527527,0.0,0.4383372962474823,1.0,0.8202483654022217,0.17975163459777832
2,2860,0.3417098820209503,0.2462504655122757,0.16857695579528809,0.037860456854104996,0.27346354166666664,0.5702748894691467,0.968270690950573,0.02479600694444445,1.0,0.0,0.43241003787878785,0.5648615056818181,0.40662760416666666,0.7158072916666667,0.0005338541666666666,0.012513020833333333,0.9677329063415527,0.030614526942372322,0.4974406361579895,0.8571429252624512,0.0,0.45912811160087585,0.0,0.42282456159591675,1.0,0.796344518661499,0.20365548133850098
2,2870,0.3416558802127838,0.24613958597183228,0.16785305738449097,0.03815443813800812,0.27145833333333336,0.558445155620575,0.9670738439070872,0.024739583333333336,1.0,0.0,0.42294034090909083,0.5634410511363637,0.40708333333333335,0.7166145833333334,0.0004296875,0.0123046875,0.9704242944717407,0.03260258212685585,0.47917765378952026,0.8095238208770752,0.0,0.49610501527786255,0.0,0.40730100870132446,1.0,0.7724473476409912,0.2275526523590088
2,2880,0.3556607663631439,0.26485610008239746,0.1709280014038086,0.022364195436239243,0.23588541666666665,0.6245439648628235,0.9698513800466163,0.029592013888888893,1.0,0.0,0.1642992424242424,0.5246448863636364,0.4881640625,0.67203125,0.00010416666666666667,0.006614583333333333,0.972602367401123,0.03446228802204132,0.46079206466674805,0.761904776096344,0.0,0.5322646498680115,0.0,0.3916732668876648,1.0,0.7485480904579163,0.25145190954208374
2,2890,0.36677664518356323,0.29619672894477844,0.2320833057165146,0.023743797093629837,0.22322916666666667,0.6851982474327087,0.9835351562499999,0.0329296875,1.0,0.0,0.25130208333333326,0.5376953125,0.4750390625,0.43963541666666667,0.0001953125,0.008528645833333333,0.96950364112854,0.04052896052598953,0.4426220953464508,0.7142857313156128,0.0,0.5698615908622742,0.0,0.37622877955436707,1.0,0.724638819694519,0.27536118030548096
2,2900,0.4819473326206207,0.3325181305408478,0.25504234433174133,0.012062657624483109,0.12770833333333334,0.5278276801109314,0.9922873263888888,0.015425347222222231,1.0,0.0,0.3045691287878788,0.5456853693181818,0.385546875,0.5720182291666667,0.0144921875,0.009700520833333334,0.9680551290512085,0.043425995856523514,0.4244859516620636,0.6666666865348816,0.0,0.6076839566230774,0.0,0.36081308126449585,0.9702141284942627,0.7007123231887817,0.29928767681121826
2,2910,0.6593272686004639,0.3561496436595917,0.23186388611793518,0.00849243625998497,0.1148828125,0.36477819085121155,0.9405881654101658,0.10706304593541757,1.0,0.0,0.1944839015151515,0.5291725852272727,0.09248697916666666,0.39428385416666667,0.0184765625,0.007278645833333333,0.9659222960472107,0.04769166186451912,0.4064258635044098,0.6190476417541504,0.0,0.6460136771202087,0.3121117353439331,0.34546199440956116,0.8579765558242798,0.6767675876617432,0.32323241233825684
2,2920,0.520331621170044,0.31607627868652344,0.29479482769966125,0.030517540872097015,0.23438802083333332,0.44990274310112,0.9945616319444444,0.010876736111111111,1.0,0.0,0.35073390151515144,0.5526100852272727,0.3096614583333333,0.5345963541666666,0.0425390625,0.010716145833333333,0.9206650257110596,0.04648031294345856,0.37792545557022095,0.5714285969734192,0.0,0.6147412061691284,0.0709957629442215,0.32123664021492004,0.8556402921676636,0.6528156399726868,0.34718436002731323
2,2930,0.37990960478782654,0.3024919331073761,0.24852654337882996,0.07402834296226501,0.25947916666666665,0.39848592877388,0.9873871527777777,0.025225694444444446,1.0,0.0,1.0,0.65,0.15165364583333332,0.33100260416666666,0.15553385416666668,0.025013020833333333,0.8742895126342773,0.04528425261378288,0.3508412837982178,0.523809552192688,0.0,0.5929101705551147,0.3090549111366272,0.3090549111366272,0.6450127959251404,0.6288487911224365,0.3711512088775635
2,2940,0.34981098771095276,0.32231155037879944,0.2779191732406616,0.04887974262237549,0.210625,0.22506889700889587,0.9773502604166666,0.04529947916666667,0.0,0.0,1.0,0.15,0.013489583333333333,0.0077083333333333335,0.16291666666666665,0.045950520833333335,0.8285540342330933,0.0441008061170578,0.3234992027282715,0.4761905074119568,0.0,0.5693598985671997,0.8172913789749146,0.8172913789749146,0.3717390298843384,0.6048725843429565,0.39512741565704346
2,2950,0.2981487512588501,0.28919389843940735,0.2505755126476288,0.03584372252225876,0.20834635416666666,0.22552450001239777,0.97197265625,0.05605468750000001,0.0,0.0,1.0,0.15,0.017942708333333335,0.009778645833333334,0.11220052083333333,0.05975260416666667,0.7822921872138977,0.04290846735239029,0.2966771423816681,0.4285714626312256,0.0,0.5492762923240662,0.3445017337799072,0.3445017337799072,0.4694367051124573,0.5808817744255066,0.4191182255744934
2,2960,0.27534353733062744,0.27035510540008545,0.225282683968544,0.03057270124554634,0.212734375,0.22755086421966553,0.9705295138888888,0.058940972222222235,0.0,0.0,1.0,0.15,0.018971354166666666,0.01,0.0873828125,0.07127604166666666,0.736198902130127,0.04172646626830101,0.2699100375175476,0.380952388048172,0.0,0.5295590162277222,0.29587066173553467,0.29587066173553467,0.6923028230667114,0.5568772554397583,0.4431227445602417
2,2970,0.2805343568325043,0.2721942365169525,0.23541250824928284,0.034333255141973495,0.2139453125,0.2374269813299179,0.9710937499999999,0.0578125,0.0,0.0,1.0,0.15,0.020052083333333335,0.009817708333333333,0.09514322916666666,0.0690625,0.6900907754898071,0.04054570570588112,0.24301187694072723,0.3333333432674408,0.0,0.5089680552482605,0.3471015989780426,0.3471015989780426,0.5333013534545898,0.5328590869903564,0.46714091300964355
2,2980,0.28183603286743164,0.27299585938453674,0.23647864162921906,0.03792040795087814,0.21647135416666666,0.19912473857402802,0.9713519965277777,0.05729600694444446,0.0,0.0,1.0,0.15,0.021158854166666668,0.011380208333333334,0.0965625,0.06876302083333333,0.6440396308898926,0.03936762735247612,0.21618133783340454,0.2857142984867096,0.0,0.48882800340652466,0.4198150336742401,0.4198150336742401,0.38163161277770996,0.5088272094726562,0.49117279052734375
2,2990,0.1665327399969101,0.24968764185905457,0.1560245156288147,0.019521763548254967,0.14604166666666665,0.32182493805885315,0.8855524054551736,0.14774739583333335,0.0,0.0,1.0,0.15,0.017591145833333332,0.011888020833333334,0.0460546875,0.06842447916666666,0.5978562831878662,0.03795848414301872,0.19119825959205627,0.2380952537059784,0.0,0.4810042679309845,0.25614625215530396,0.25614625215530396,0.7084841132164001,0.4847812056541443,0.5152187943458557
2,3000,0.29941868782043457,0.314676433801651,0.2687545716762543,0.04615921527147293,0.203125,0.26213201880455017,0.9626388888888888,0.07472222222222223,0.0,0.0,1.0,0.15,0.004479166666666667,0.0024088541666666668,0.143984375,0.05489583333333333,0.5510212779045105,0.036390405148267746,0.1655937135219574,0.190476194024086,0.0,0.4690374732017517,0.6862964630126953,0.6862964630126953,0.5007317066192627,0.460718035697937,0.539281964302063
2,3010,0.21149209141731262,0.2670038044452667,0.26480981707572937,0.029599351808428764,0.17322916666666666,0.2886488735675812,0.9461328124999999,0.10773437500000003,0.0,0.0,1.0,0.15,0.0155859375,0.0015234375,0.07876302083333334,0.07263020833333333,0.5037695169448853,0.03565586358308792,0.1396087110042572,0.1428571492433548,0.0,0.4545342028141022,0.40149515867233276,0.40149515867233276,0.5930197238922119,0.4366351068019867,0.5633648633956909
