video,frame,brightness,contrast,center_contrast,sharpness,edge_density,saturation,visibility_score,no_vision_score,brown_deposit_score,light_deposit_score,dark_structure_score,dirt_deposit_score,brown_fraction,yellow_fraction,light_deposit_fraction,dark_structure_fraction,visibility_score_smooth,no_vision_score_smooth,dirt_deposit_score_smooth,brown_deposit_score_smooth,light_deposit_score_smooth,dark_structure_score_smooth,feature_anomaly_score,anomaly_score,pipe_similarity_score,inspection_active_score,handling_score
7,0,0.3687056601047516,0.28419411182403564,0.29200485348701477,0.029475469142198563,0.22901041666666666,0.256016343832016,0.9979926215277777,0.0040147569444444475,0.45605468750000006,0.0,1.0,0.37802734375,0.238046875,0.007890625,0.150234375,0.040338541666666665,0.5028160810470581,0.01996884122490883,0.2632748484611511,0.4381433129310608,0.0,0.294687956571579,0.3661128878593445,0.3661128878593445,0.559939980506897,0.4710201919078827,0.5289797782897949
7,10,0.500087559223175,0.34915488958358765,0.3157590329647064,0.030185168609023094,0.18102864583333333,0.33467623591423035,0.9888433159722221,0.02231336805555556,0.22790527343749997,0.0,0.8330965909090908,0.2389171253551136,0.1653515625,0.007578125,0.09553385416666667,0.021328125,0.5499539971351624,0.020931145176291466,0.2907860279083252,0.4857623279094696,0.0,0.319365531206131,0.5920227766036987,0.5920227766036987,0.3646582365036011,0.4949082136154175,0.5050917863845825
7,20,0.3042183518409729,0.22991228103637695,0.18323366343975067,0.01420624554157257,0.22578125,0.3139725625514984,0.9959071180555554,0.008185763888888892,1.0,0.0,1.0,0.65,0.41680989583333333,0.023606770833333332,0.11130208333333333,0.048190104166666664,0.5975730419158936,0.020931145176291466,0.3166568875312805,0.5333813428878784,0.0,0.3331078588962555,9.08970832824707e-06,0.26915836334228516,0.8991703391075134,0.5187340378761292,0.48126596212387085
7,30,0.3514978587627411,0.21660275757312775,0.2495330572128296,0.017302846536040306,0.23703125,0.5826582312583923,0.9999999999999999,0.0,1.0,0.0,0.6957859848484848,0.6043678977272727,0.7479427083333333,0.7678385416666667,0.010091145833333334,0.018307291666666666,0.6449064612388611,0.021502407267689705,0.3430604338645935,0.5810004472732544,0.0,0.3504013419151306,0.0,0.29160138964653015,1.0,0.5425431132316589,0.45745688676834106
7,40,0.9022750854492188,0.18567919731140137,0.008197844959795475,0.015026956796646118,0.07963541666666667,0.2434287816286087,0.653187320904854,0.23124671825995813,0.5170491536458334,0.0,0.0,0.2585245768229167,0.0916015625,0.17385416666666667,0.002955729166666667,0.0008984375,0.692283034324646,0.021987486630678177,0.3701319098472595,0.6286194324493408,0.0,0.3721478283405304,0.6281870007514954,0.6281870007514954,0.530902624130249,0.5663220286369324,0.4336779713630676
7,50,0.41836172342300415,0.29309555888175964,0.20585300028324127,0.014845387078821659,0.23822916666666666,0.7465113401412964,0.9940928819444443,0.011814236111111119,1.0,0.0,0.24183238636363633,0.5362748579545454,0.5914973958333334,0.5815885416666666,0.0006119791666666667,0.0083203125,0.7396613359451294,0.022468842566013336,0.3971864879131317,0.6762385368347168,0.0,0.3937815725803375,0.0,0.3376085162162781,1.0,0.5900858640670776,0.40991413593292236
7,60,0.2891464829444885,0.2462368905544281,0.19627316296100616,0.03390277549624443,0.2209375,0.6522946953773499,0.9765842013888888,0.046831597222222215,1.0,0.0,0.5448626893939392,0.5817294034090909,0.5664192708333333,0.5650520833333333,0.0006380208333333333,0.014986979166666666,0.7870458364486694,0.02293800562620163,0.4239240288734436,0.7238576412200928,0.0,0.413301557302475,0.0,0.36033543944358826,1.0,0.6138143539428711,0.3861856460571289
7,70,0.31015318632125854,0.22721795737743378,0.21272411942481995,0.03614136576652527,0.24319010416666667,0.6095513105392456,0.9877625868055555,0.02447482638888889,1.0,0.0,0.47443181818181807,0.5711647727272727,0.6252213541666667,0.6769791666666667,0.0008333333333333334,0.0134375,0.834435760974884,0.023396216332912445,0.4505981206893921,0.7714766263961792,0.0,0.4323987364768982,0.0,0.3830084204673767,1.0,0.6374990940093994,0.3625009059906006
7,80,0.318942666053772,0.23032978177070618,0.21351277828216553,0.040958575904369354,0.257109375,0.6067152619361877,0.9887543402777776,0.02249131944444445,1.0,0.0,0.5176373106060604,0.5776455965909091,0.6312369791666667,0.6836067708333333,0.0008984375,0.014388020833333333,0.881473183631897,0.023726489394903183,0.477027028799057,0.8190956711769104,0.0,0.4498613476753235,0.0,0.405472993850708,1.0,0.661164402961731,0.33883559703826904
7,90,0.31895026564598083,0.23116806149482727,0.2157520353794098,0.040975190699100494,0.25190104166666666,0.6500692963600159,0.9878993055555555,0.02420138888888889,1.0,0.0,0.43477746212121215,0.5652166193181818,0.6262630208333333,0.682734375,0.0008723958333333333,0.012565104166666667,0.9279543161392212,0.023726489394903183,0.5029994249343872,0.8667147159576416,0.0,0.46428006887435913,0.0,0.4275495111942291,1.0,0.6846916675567627,0.3153083324432373
7,100,0.3188634216785431,0.2310333400964737,0.2158830761909485,0.04151945933699608,0.25220052083333333,0.6430314183235168,0.9881141493055554,0.023771701388888893,1.0,0.0,0.4460227272727271,0.5669034090909091,0.62390625,0.6836588541666667,0.0006640625,0.0128125,0.9739396572113037,0.024107053875923157,0.5288364291191101,0.9143338203430176,0.0,0.4777969419956207,0.0,0.44951099157333374,1.0,0.7083654403686523,0.29163455963134766
7,110,0.342379093170166,0.2527514398097992,0.2207949459552765,0.044270966202020645,0.26446614583333333,0.6034509539604187,0.9898958333333332,0.020208333333333342,1.0,0.0,0.5182291666666666,0.577734375,0.5841015625,0.6864453125,0.014596354166666667,0.014401041666666666,0.9740352630615234,0.02391587570309639,0.5362367033958435,0.94023597240448,0.0,0.4407918453216553,0.0,0.45580121874809265,1.0,0.7320499420166016,0.26795005798339844
7,120,0.355204313993454,0.21337296068668365,0.20104849338531494,0.022816281765699387,0.21045572916666666,0.6200851798057556,0.9999999999999999,0.0,1.0,0.0,0.28858901515151514,0.5432883522727273,0.5223567708333333,0.7694010416666667,0.00046875,0.009348958333333334,0.9729252457618713,0.02393977902829647,0.5501260757446289,0.9770023822784424,0.0,0.41083264350891113,0.0,0.46760717034339905,1.0,0.7556414604187012,0.24435853958129883
7,130,0.36014512181282043,0.2475254386663437,0.19199712574481964,0.04541807249188423,0.26522135416666665,0.5898260474205017,0.9940017361111111,0.011996527777777787,1.0,0.0,0.3631628787878788,0.5544744318181818,0.5623828125,0.7177083333333333,0.00020833333333333335,0.010989583333333334,0.967440128326416,0.028067076578736305,0.5440806746482849,0.9770023822784424,0.0,0.37053006887435913,0.0,0.46246859431266785,1.0,0.7793364524841309,0.22066354751586914
7,140,0.3641679286956787,0.24785348773002625,0.19175443053245544,0.049508754163980484,0.2779296875,0.5651344060897827,0.9949066840277777,0.010186631944444451,1.0,0.0,0.45667613636363635,0.5685014204545454,0.5337109375,0.7207552083333333,0.00010416666666666667,0.013046875,0.9617400169372559,0.033872995525598526,0.5408297181129456,0.9770023822784424,0.0,0.3488568663597107,0.0,0.45970526337623596,1.0,0.803030252456665,0.19696974754333496
7,150,0.36401602625846863,0.24773012101650238,0.19162823259830475,0.04960903152823448,0.276015625,0.575253427028656,0.9949457465277777,0.01010850694444445,1.0,0.0,0.45430871212121204,0.5681463068181818,0.5234765625,0.7208463541666666,7.8125e-05,0.012994791666666667,0.971982479095459,0.028852898627519608,0.5536289215087891,1.0,0.0,0.35752618312835693,0.0,0.47058460116386414,1.0,0.8267301321029663,0.1732698678970337
7,160,0.3618215322494507,0.24527789652347565,0.18936790525913239,0.04793037846684456,0.27481770833333335,0.589998185634613,0.9950737847222222,0.009852430555555562,1.0,0.0,0.4099195075757575,0.5614879261363637,0.540703125,0.7251432291666666,0.0001171875,0.012018229166666667,0.9671748280525208,0.032476820051670074,0.5540643930435181,1.0,0.0,0.3604290783405304,0.0,0.4709547460079193,1.0,0.8503986597061157,0.14960134029388428
7,170,0.3620162904262543,0.24550165235996246,0.1892789900302887,0.047883424907922745,0.27270833333333333,0.566819965839386,0.9951888020833333,0.009622395833333335,1.0,0.0,0.40104166666666663,0.56015625,0.541640625,0.7251171875,0.00010416666666666667,0.011822916666666667,0.9633126854896545,0.03432711958885193,0.5514644384384155,1.0,0.0,0.34309613704681396,0.0,0.46874478459358215,1.0,0.8740640878677368,0.12593591213226318
7,180,0.3605262339115143,0.23440417647361755,0.1748320758342743,0.04112756997346878,0.2752864583333333,0.5737151503562927,0.9877864002366352,0.006935763888888891,1.0,0.0,0.3667140151515151,0.5550071022727272,0.5892447916666667,0.749453125,0.0001953125,0.011067708333333334,0.959892749786377,0.03723611682653427,0.5496296882629395,1.0,0.0,0.33086445927619934,0.0,0.46718525886535645,1.0,0.8977723121643066,0.10222768783569336
7,190,0.36301106214523315,0.20797033607959747,0.1658790111541748,0.01888852007687092,0.20111979166666666,0.5841912031173706,0.9761029419532189,0.0,1.0,0.0,0.30279356060606055,0.5454190340909091,0.598515625,0.8333463541666667,9.114583333333334e-05,0.009661458333333333,0.9518736600875854,0.042773060500621796,0.5476089119911194,1.0,0.0,0.3173926770687103,0.0,0.4654676020145416,1.0,0.9215802550315857,0.0784197449684143
7,200,0.36676815152168274,0.1968032568693161,0.1635057032108307,0.01166659314185381,0.18760416666666666,0.5811120867729187,0.9656930884031149,0.007991857826709758,1.0,0.0,0.28385416666666663,0.542578125,0.584375,0.8558333333333333,0.0003385416666666667,0.009244791666666667,0.9461647272109985,0.045386478304862976,0.546784520149231,1.0,0.0,0.3118968605995178,0.0,0.46476686000823975,1.0,0.9454317092895508,0.05456829071044922
7,210,0.38843271136283875,0.21428228914737701,0.20538495481014252,0.015322478488087654,0.23626302083333334,0.5963642597198486,0.9999999999999999,0.0,1.0,0.0,0.2228929924242424,0.5334339488636364,0.6635026041666666,0.8388151041666667,0.00022135416666666666,0.007903645833333334,0.937995970249176,0.05088476464152336,0.5445355176925659,1.0,0.0,0.29690319299697876,0.0,0.46285519003868103,1.0,0.9533723592758179,0.04662764072418213
7,220,0.36478951573371887,0.1908738613128662,0.17041926085948944,0.017422590404748917,0.18333333333333332,0.6016417145729065,0.9655341640802529,0.022815346717834483,1.0,0.0,0.20395359848484848,0.5305930397727273,0.579765625,0.8716927083333333,0.0,0.007486979166666667,0.9298365712165833,0.05601266399025917,0.5417748689651489,1.0,0.0,0.2784992754459381,0.0,0.46050864458084106,1.0,0.9634705781936646,0.03652942180633545
7,230,0.3791709840297699,0.1875673085451126,0.15737292170524597,0.006908105220645666,0.14955729166666668,0.5819689035415649,0.8807186321622044,0.0948590084955823,1.0,0.0,0.15364583333333331,0.523046875,0.6033072916666666,0.8886067708333333,1.3020833333333334e-05,0.006380208333333333,0.9272875785827637,0.056511733680963516,0.5417114496231079,1.0,0.0,0.27807652950286865,0.0,0.4604547321796417,1.0,0.9668078422546387,0.03319215774536133
7,240,0.3811061680316925,0.20298725366592407,0.17266644537448883,0.005000883713364601,0.10388020833333333,0.5796060562133789,0.8802960053075098,0.12192427703156702,1.0,0.0,0.24064867424242425,0.5360973011363637,0.5387109375,0.85609375,1.3020833333333334e-05,0.008294270833333334,0.9227762222290039,0.05757089704275131,0.5421258211135864,1.0,0.0,0.2808385193347931,0.0,0.4608069658279419,1.0,0.9686176180839539,0.03138238191604614
7,250,0.3802432119846344,0.1975836455821991,0.1673085242509842,0.005071091931313276,0.12216145833333333,0.5684764385223389,0.8682796804555194,0.1258246686264146,1.0,0.0,0.1820549242424242,0.5273082386363637,0.5432682291666666,0.8689583333333334,2.604166666666667e-05,0.007005208333333333,0.9207677245140076,0.05875049903988838,0.5421723127365112,1.0,0.0,0.2811485528945923,0.0,0.460846483707428,1.0,0.975813627243042,0.024186372756958008
7,260,0.39285990595817566,0.1993716061115265,0.16249360144138336,0.006167862564325333,0.1414453125,0.5579902529716492,0.893132824174235,0.0879166382478505,1.0,0.0,0.30279356060606055,0.5454190340909091,0.49138020833333335,0.8863411458333333,0.0001953125,0.009661458333333333,0.9159919023513794,0.0612819641828537,0.5407391786575317,1.0,0.0,0.2715942859649658,0.0,0.45962831377983093,1.0,0.976969838142395,0.02303016185760498
7,270,0.41658201813697815,0.19124698638916016,0.16176040470600128,0.006907185539603233,0.15643229166666667,0.541730523109436,0.8954782847129158,0.08568785294163518,1.0,0.0,0.1808712121212121,0.5271306818181818,0.5346744791666667,0.9076432291666666,0.0005338541666666666,0.0069791666666666665,0.9098494052886963,0.06388992816209793,0.5384985208511353,1.0,0.0,0.2566569745540619,0.0,0.4577237665653229,1.0,0.9778726100921631,0.022127389907836914
7,280,0.4366151988506317,0.2062562108039856,0.1748238503932953,0.006193509325385094,0.17559895833333333,0.5340344309806824,0.9159442709338822,0.08556374007972276,1.0,0.0,0.21756628787878787,0.5326349431818181,0.4430338541666667,0.88359375,0.0030989583333333333,0.007786458333333334,0.9076844453811646,0.06642431765794754,0.5363636016845703,1.0,0.0,0.24242424964904785,0.0,0.4559090733528137,1.0,0.9785029888153076,0.021497011184692383
7,290,0.39762380719184875,0.16948890686035156,0.1423977017402649,0.006950344890356064,0.1958984375,0.5498141646385193,0.8203524082831996,0.1387672178992411,1.0,0.0,0.2347301136363636,0.5352095170454545,0.3853515625,0.93125,0.00014322916666666667,0.0081640625,0.9082660675048828,0.0660940483212471,0.5360212326049805,1.0,0.0,0.2401413768529892,0.0,0.4556180536746979,1.0,0.9788364171981812,0.021163582801818848
7,300,0.3977205157279968,0.1848330795764923,0.14133891463279724,0.007649763487279415,0.20872395833333332,0.5495765209197998,0.8680138493347459,0.07908304839781145,1.0,0.0,0.31936553030303033,0.5479048295454545,0.4156770833333333,0.9008854166666667,0.0010026041666666666,0.010026041666666667,0.9090755581855774,0.06646907329559326,0.5369851589202881,1.0,0.0,0.2465672343969345,0.0,0.4564374089241028,1.0,0.9788551926612854,0.0211448073387146
7,310,0.4182896018028259,0.18068791925907135,0.14172953367233276,0.0060166553594172,0.1601953125,0.528520941734314,0.8165694801918953,0.13923583113838262,1.0,0.0,0.131155303030303,0.5196732954545454,0.3193359375,0.9280729166666667,0.00028645833333333333,0.005885416666666666,0.9107092022895813,0.06608851253986359,0.5370569825172424,1.0,0.0,0.2470463514328003,0.0,0.4564984440803528,1.0,0.9785728454589844,0.021427154541015625
7,320,0.4098646640777588,0.1732146441936493,0.13611775636672974,0.00700147170573473,0.19407552083333332,0.5278446078300476,0.8185479781336341,0.127894130194696,1.0,0.0,0.1317471590909091,0.5197620738636364,0.3360677083333333,0.929375,0.00078125,0.0058984375,0.9105194807052612,0.06608851253986359,0.5374670028686523,1.0,0.0,0.24978016316890717,0.0,0.4568469524383545,1.0,0.9782596826553345,0.021740317344665527
7,330,0.4127441346645355,0.21008260548114777,0.15381892025470734,0.00865623913705349,0.2118359375,0.5628572106361389,0.946470704933604,0.01048051411422285,1.0,0.0,0.2797111742424242,0.5419566761363637,0.44971354166666666,0.8775260416666667,0.002994791666666667,0.009153645833333333,0.9119715094566345,0.06500206142663956,0.5382026433944702,1.0,0.0,0.25468412041664124,0.0,0.4574722647666931,1.0,0.9779337644577026,0.022066235542297363
7,340,0.38561517000198364,0.18630442023277283,0.1366606503725052,0.01094469428062439,0.22973958333333333,0.5508912205696106,0.8992653257113236,0.03423894941806793,1.0,0.0,0.42116477272727265,0.5631747159090909,0.47553385416666666,0.8938151041666667,0.0019401041666666666,0.012265625,0.9119396209716797,0.06537842750549316,0.539103090763092,1.0,0.0,0.2606872320175171,0.0,0.4582376480102539,1.0,0.9776278734207153,0.022372126579284668
7,350,0.3944133520126343,0.18601669371128082,0.16859227418899536,0.011652900837361813,0.2595703125,0.5524893999099731,0.9527280052808614,0.03495826572179797,1.0,0.0,0.4631865530303029,0.5694779829545454,0.5434505208333333,0.894140625,0.005807291666666666,0.013190104166666666,0.9122921228408813,0.06376119703054428,0.5400416254997253,1.0,0.0,0.2669439911842346,0.0,0.45903539657592773,1.0,0.9774024486541748,0.022597551345825195
7,360,0.3674941956996918,0.174692302942276,0.1476585566997528,0.015174126252532005,0.258046875,0.5888931155204773,0.8946529326072105,0.06326924264431004,1.0,0.0,0.25366950757575757,0.5380504261363637,0.6406770833333333,0.8947786458333333,0.0006901041666666667,0.008580729166666667,0.9165276885032654,0.057769544422626495,0.5411999821662903,1.0,0.0,0.27466630935668945,0.0,0.4600200057029724,1.0,0.9771255254745483,0.02287447452545166
7,370,0.4034600853919983,0.17415210604667664,0.13141389191150665,0.011014355346560478,0.257421875,0.5727847218513489,0.8660815676359029,0.06461973488330841,1.0,0.0,0.09623579545454546,0.5144353693181818,0.5147916666666666,0.9201692708333333,0.004895833333333334,0.0051171875,0.9162884950637817,0.055407702922821045,0.5414789915084839,1.0,0.0,0.27652645111083984,0.0,0.4602571427822113,1.0,0.9768838882446289,0.023116111755371094
7,380,0.392264723777771,0.17486216127872467,0.19551081955432892,0.010932263918220997,0.24592447916666665,0.6305292248725891,0.9497243225574493,0.06284459680318834,1.0,0.0,0.10215435606060604,0.5153231534090909,0.6720442708333333,0.9192578125,0.0086328125,0.005247395833333333,0.9201186299324036,0.05137403681874275,0.543005108833313,1.0,0.0,0.2867007255554199,0.0,0.4615543484687805,1.0,0.9767010807991028,0.023298919200897217
7,390,0.4661962389945984,0.2560802400112152,0.19954203069210052,0.014556214213371277,0.22971354166666666,0.5867788791656494,0.9999999999999999,0.0,1.0,0.0,0.31877367424242425,0.5478160511363637,0.44138020833333336,0.7984375,0.0005338541666666666,0.010013020833333334,0.9237369298934937,0.04806821793317795,0.5441128015518188,1.0,0.0,0.2940848469734192,0.0,0.462495893239975,1.0,0.9765533208847046,0.02344667911529541
7,400,0.3991439938545227,0.1968497782945633,0.1796472668647766,0.014644978567957878,0.2476171875,0.6154026985168457,0.9931026235910562,0.007875554263591777,1.0,0.0,0.43773674242424243,0.5656605113636364,0.6358333333333334,0.8868489583333333,0.0022135416666666666,0.012630208333333334,0.9291102886199951,0.04367785528302193,0.5473214387893677,1.0,0.0,0.3154761791229248,0.0,0.4652232229709625,1.0,0.9764722585678101,0.02352774143218994
7,410,0.4094659090042114,0.20382417738437653,0.1863572895526886,0.012846894562244415,0.2511848958333333,0.601633608341217,0.9999999999999999,0.0,1.0,0.0,0.29391571969696967,0.5440873579545454,0.4873177083333333,0.8659114583333334,0.0080078125,0.009466145833333333,0.9333450794219971,0.0409313440322876,0.5474736094474792,1.0,0.0,0.3164907991886139,0.0,0.4653525948524475,1.0,0.9764571189880371,0.02354288101196289
7,420,0.429421991109848,0.20752477645874023,0.17764611542224884,0.011187531054019928,0.24076822916666665,0.5548415184020996,0.9960165030222673,0.0,1.0,0.0,0.2803030303030303,0.5420454545454545,0.4031901041666667,0.8804166666666666,0.023125,0.009166666666666667,0.9411426782608032,0.035356372594833374,0.5487461090087891,1.0,0.0,0.32497408986091614,0.0,0.46643421053886414,1.0,0.9765076637268066,0.02349233627319336
7,430,0.400039941072464,0.21546076238155365,0.17765174806118011,0.009070350788533688,0.21061197916666666,0.6030744314193726,0.9960260351804587,0.0,1.0,0.0,0.306936553030303,0.5460404829545454,0.43376302083333335,0.8570963541666666,0.0030338541666666665,0.009752604166666666,0.9469959735870361,0.030377492308616638,0.5494817495346069,1.0,0.0,0.329878032207489,0.0,0.46705949306488037,1.0,0.9766286015510559,0.023371398448944092
7,440,0.3946751356124878,0.1822204291820526,0.16045483946800232,0.007087309379130602,0.19690104166666667,0.5484927296638489,0.8800483430202134,0.10276266548600868,1.0,0.0,0.2797111742424242,0.5419566761363637,0.4042057291666667,0.8993098958333333,0.0069140625,0.009153645833333333,0.9454095363616943,0.0307388287037611,0.5492323040962219,1.0,0.0,0.32821518182754517,0.0,0.4668474793434143,1.0,0.9767860770225525,0.02321392297744751
7,450,0.3635402023792267,0.18287555873394012,0.15735700726509094,0.007519035134464502,0.21376302083333334,0.5338736176490784,0.8876990029762374,0.08796247101684171,1.0,0.0,0.37204071969696967,0.5558061079545454,0.3796744791666667,0.8833723958333334,0.011197916666666667,0.011184895833333333,0.9392695426940918,0.03456449881196022,0.5476427674293518,1.0,0.0,0.31761813163757324,0.0,0.46549636125564575,1.0,0.9769847393035889,0.023015260696411133
7,460,0.3724985122680664,0.2001403123140335,0.1547243446111679,0.00962715595960617,0.23256510416666668,0.5164821147918701,0.957225813957361,0.0,1.0,0.0,0.3442234848484848,0.5516335227272727,0.29811197916666665,0.8541015625,0.019283854166666666,0.010572916666666666,0.9341390132904053,0.034603364765644073,0.5466958284378052,1.0,0.0,0.3113050162792206,0.0,0.4646914601325989,1.0,0.977274477481842,0.02272552251815796
7,470,0.358369916677475,0.18467283248901367,0.13199712336063385,0.011004717089235783,0.25192708333333336,0.5330146551132202,0.8881100275883308,0.03831791877746582,1.0,0.0,0.34185606060606055,0.5512784090909091,0.3614322916666667,0.8731640625,0.0155859375,0.010520833333333333,0.9388163685798645,0.032268866896629333,0.5468183755874634,1.0,0.0,0.3121223449707031,0.0,0.46479561924934387,1.0,0.9776352643966675,0.02236473560333252
7,480,0.34597542881965637,0.21511144936084747,0.1660558134317398,0.012997333891689777,0.24203125,0.5430614948272705,0.9759116944186708,0.0009809027777777832,1.0,0.0,0.39453125000000006,0.5591796875,0.3999479166666667,0.7964453125,0.015846354166666667,0.0116796875,0.9404282569885254,0.029901888221502304,0.5483656525611877,1.0,0.0,0.3224375545978546,0.0,0.46611082553863525,1.0,0.9780334830284119,0.021966516971588135
7,490,0.37917718291282654,0.29086461663246155,0.26176542043685913,0.025428470224142075,0.24815104166666666,0.5228821039199829,0.9919292534722222,0.01614149305555556,1.0,0.0,0.3726325757575757,0.5558948863636364,0.10819010416666666,0.6616276041666667,0.027473958333333333,0.011197916666666667,0.9377073049545288,0.027600012719631195,0.5503737330436707,1.0,0.0,0.33582478761672974,0.0,0.4678176939487457,1.0,0.978471577167511,0.021528422832489014
7,500,0.25755515694618225,0.19229401648044586,0.15769653022289276,0.02217882126569748,0.23998697916666667,0.527901828289032,0.9331913557419411,0.04656964629888536,1.0,0.0,0.6839488636363636,0.6025923295454545,0.4649609375,0.6548567708333334,0.0012109375,0.018046875,0.93282550573349,0.028188638389110565,0.5499594211578369,1.0,0.0,0.3330627679824829,0.0,0.46746551990509033,1.0,0.9790636301040649,0.02093636989593506
7,510,0.311332106590271,0.21867071092128754,0.16088303923606873,0.02294584922492504,0.20278645833333334,0.5641157031059265,0.9569450952456549,0.02140625000000001,1.0,0.0,0.3406723484848484,0.5511008522727272,0.591015625,0.7284114583333333,0.0017708333333333332,0.010494791666666666,0.9293402433395386,0.028387557715177536,0.5494351983070374,1.0,0.0,0.3295679986476898,0.0,0.4670199453830719,1.0,0.9795182347297668,0.020481765270233154
7,520,0.33275771141052246,0.2379532903432846,0.17491795122623444,0.02527552843093872,0.23423177083333332,0.5697398781776428,0.980318880600807,0.022161458333333342,1.0,0.0,0.3093039772727272,0.5463955965909091,0.5459114583333333,0.715,0.0005598958333333334,0.0098046875,0.9247023463249207,0.028975974768400192,0.5507287979125977,1.0,0.0,0.3381921947002411,0.0,0.4681195020675659,1.0,0.9799617528915405,0.020038247108459473
7,530,0.3253534436225891,0.24027293920516968,0.15230827033519745,0.01967668905854225,0.2194921875,0.6090729832649231,0.9414682360693939,0.02333767361111111,1.0,0.0,0.2347301136363636,0.5352095170454545,0.6351041666666667,0.7052864583333334,9.114583333333334e-05,0.0081640625,0.9216324090957642,0.02933146432042122,0.5513840913772583,1.0,0.0,0.34256064891815186,0.0,0.46867647767066956,1.0,0.9805071353912354,0.01949286460876465
7,540,0.3205864727497101,0.21452614665031433,0.13402022421360016,0.019539708271622658,0.23529947916666666,0.5877107977867126,0.9131537835516481,0.01806857638888889,1.0,0.0,0.2447916666666666,0.53671875,0.6694140625,0.7417708333333334,5.208333333333334e-05,0.008385416666666666,0.917779266834259,0.029331466183066368,0.5524917840957642,1.0,0.0,0.3499447703361511,0.0,0.469618022441864,1.0,0.980950117111206,0.019049882888793945
7,550,0.330507755279541,0.2045527994632721,0.10088956356048584,0.005676328204572201,0.1508203125,0.5851954221725464,0.7703258536663469,0.11457798495545458,1.0,0.0,0.19862689393939392,0.5297940340909091,0.6370572916666667,0.7698046875,1.3020833333333334e-05,0.007369791666666667,0.9210031628608704,0.024438004940748215,0.5540263056755066,1.0,0.0,0.3601754307746887,0.0,0.4709223806858063,1.0,0.98139488697052,0.01860511302947998
7,560,0.3319268822669983,0.22101004421710968,0.10378028452396393,0.008297529071569443,0.19772135416666667,0.6163831353187561,0.8449871887432826,0.035774435487381476,1.0,0.0,0.3306107954545454,0.5495916193181818,0.6635807291666667,0.7307161458333333,0.00018229166666666667,0.0102734375,0.9231234788894653,0.020249318331480026,0.5544195175170898,1.0,0.0,0.36279651522636414,0.0,0.4712566137313843,1.0,0.9818248748779297,0.018175125122070312
7,570,0.34057632088661194,0.23102949559688568,0.2165474146604538,0.009256929159164429,0.20703125,0.597689688205719,0.9928776041666666,0.014244791666666673,1.0,0.0,0.2708333333333333,0.540625,0.6453515625,0.7345572916666666,0.0024739583333333332,0.008958333333333334,0.9226446747779846,0.020249318331480026,0.5564867854118347,1.0,0.0,0.37657830119132996,0.0,0.4730137884616852,1.0,0.9823019504547119,0.017698049545288086
7,580,0.32514190673828125,0.22437188029289246,0.12527446448802948,0.010350069031119347,0.2045703125,0.623504102230072,0.8999309580652124,0.014913194444444444,1.0,0.0,0.3128551136363636,0.5469282670454545,0.6542708333333334,0.731796875,0.0015885416666666667,0.0098828125,0.9269746541976929,0.01842465251684189,0.5570151805877686,1.0,0.0,0.3801012635231018,0.0,0.47346290946006775,1.0,0.982779860496521,0.017220139503479004
7,590,0.3185648024082184,0.20224103331565857,0.12081293761730194,0.014453094452619553,0.22557291666666668,0.6021103858947754,0.8925846748779982,0.014505208333333337,1.0,0.0,0.38328598484848486,0.5574928977272727,0.723984375,0.7627994791666667,0.0005729166666666667,0.011432291666666667,0.9281216859817505,0.018377944827079773,0.5573449730873108,1.0,0.0,0.3822995722293854,0.0,0.4737432301044464,1.0,0.9832022786140442,0.01679772138595581
7,600,0.3431865870952606,0.2207632064819336,0.12307360023260117,0.010370920412242413,0.2021484375,0.6212118268013,0.8974824602226925,0.012361111111111111,1.0,0.0,0.2607717803030303,0.5391157670454545,0.6712760416666667,0.7560807291666667,0.0015364583333333333,0.008736979166666667,0.9285060167312622,0.017609301954507828,0.5565840005874634,1.0,0.0,0.37722650170326233,0.0,0.47309640049934387,1.0,0.9835174679756165,0.016482532024383545
7,610,0.36022862792015076,0.22304336726665497,0.13623648881912231,0.01235193107277155,0.21772135416666666,0.6271730065345764,0.9199121976917626,0.012052951388888893,1.0,0.0,0.36434659090909083,0.5546519886363637,0.7007942708333333,0.7674479166666667,0.0021875,0.011015625,0.9316874146461487,0.015391699969768524,0.5548676252365112,1.0,0.0,0.3657839298248291,0.0,0.471637487411499,1.0,0.9837679862976074,0.016232013702392578
7,620,0.32783636450767517,0.2174283117055893,0.12609900534152985,0.015957117080688477,0.24565104166666665,0.6030324697494507,0.9026045466997684,0.012356770833333336,1.0,0.0,0.47502367424242425,0.5712535511363637,0.6665494791666666,0.7524869791666666,0.0005859375,0.013450520833333333,0.9317261576652527,0.01451865490525961,0.5539290904998779,1.0,0.0,0.3595271706581116,0.0,0.4708397388458252,1.0,0.9839621782302856,0.016037821769714355
7,630,0.3406152129173279,0.21858517825603485,0.14175619184970856,0.011422214098274708,0.23677083333333335,0.6193892359733582,0.9315470703952333,0.007465277777777779,1.0,0.0,0.37204071969696967,0.5558061079545454,0.6731510416666666,0.7627994791666667,0.0014973958333333334,0.011184895833333333,0.9326633214950562,0.013463347218930721,0.5533879399299622,1.0,0.0,0.3559197187423706,0.0,0.4703797698020935,1.0,0.9840753078460693,0.015924692153930664
7,640,0.38628673553466797,0.24462977051734924,0.12983794510364532,0.012148724868893623,0.2561848958333333,0.6491521596908569,0.9151103686369383,0.0,1.0,0.0,0.46200284090909094,0.5693004261363637,0.6251692708333333,0.7383072916666666,0.0019401041666666666,0.0131640625,0.935450553894043,0.012352029792964458,0.5530497431755066,1.0,0.0,0.3536650240421295,0.0,0.4700922966003418,1.0,0.9841097593307495,0.01589024066925049
7,650,0.363191694021225,0.22385726869106293,0.14912427961826324,0.018075739964842796,0.271484375,0.6126203536987305,0.9477487808924455,0.0,1.0,0.0,0.49455492424242414,0.5741832386363637,0.6561458333333333,0.7901171875,0.005885416666666666,0.013880208333333333,0.9372467994689941,0.01229812204837799,0.5547788143157959,1.0,0.0,0.36519211530685425,0.0,0.471561998128891,1.0,0.9841423034667969,0.015857696533203125
7,660,0.3454841077327728,0.2168896198272705,0.1399526298046112,0.014210379682481289,0.27188802083333335,0.6205432415008545,0.9322275273616497,0.0,1.0,0.0,0.42708333333333326,0.5640625,0.7008723958333334,0.7844270833333333,0.0040885416666666665,0.012395833333333333,0.9475172758102417,0.006842026952654123,0.5555566549301147,1.0,0.0,0.37037789821624756,0.0,0.472223162651062,1.0,0.9842315316200256,0.015768468379974365
7,670,0.354581356048584,0.2050175964832306,0.14878253638744354,0.01463990192860365,0.282421875,0.5748687982559204,0.9471704461941352,0.0,1.0,0.0,0.6336410984848485,0.5950461647727273,0.6384114583333333,0.8140885416666667,0.006393229166666667,0.016940104166666668,0.9526928067207336,0.005138481967151165,0.555945634841919,1.0,0.0,0.3729708194732666,0.0,0.4725537896156311,1.0,0.9843501448631287,0.015649855136871338
7,680,0.39878255128860474,0.21573185920715332,0.1676138937473297,0.013596028089523315,0.27947916666666667,0.6133713126182556,0.9790388971108656,0.0,1.0,0.0,0.41583806818181807,0.5623757102272727,0.6629166666666667,0.8347265625,0.001953125,0.0121484375,0.9514718055725098,0.004655677825212479,0.5570743680000305,1.0,0.0,0.3804958462715149,0.0,0.4735132157802582,1.0,0.9844421148300171,0.01555788516998291
7,690,0.36258792877197266,0.21465736627578735,0.18248812854290009,0.014295496977865696,0.26712239583333336,0.5926034450531006,0.9999999999999999,0.0,1.0,0.0,0.4406960227272727,0.566104403409091,0.54671875,0.8029557291666667,0.012395833333333333,0.0126953125,0.9546555280685425,0.004221236798912287,0.5570574998855591,1.0,0.0,0.38038310408592224,0.0,0.4734988808631897,1.0,0.9845227003097534,0.015477299690246582
7,700,0.3927229046821594,0.21750785410404205,0.21388393640518188,0.01117170974612236,0.2598567708333333,0.5287094116210938,0.9999999999999999,0.0,1.0,0.0,0.2660984848484848,0.5399147727272727,0.27990885416666667,0.8429817708333334,0.01203125,0.008854166666666666,0.9571366310119629,0.003923411015421152,0.5566304922103882,1.0,0.0,0.3775365352630615,0.0,0.47313591837882996,1.0,0.9846183061599731,0.015381693840026855
7,710,0.39395976066589355,0.2525840997695923,0.18353572487831116,0.0189913772046566,0.2591015625,0.6407061815261841,0.9999999999999999,0.0,1.0,0.0,0.44365530303030304,0.5665482954545454,0.48509114583333335,0.748359375,0.0085546875,0.012760416666666666,0.9585467576980591,0.0037371926009655,0.557277262210846,1.0,0.0,0.38184863328933716,0.0,0.47368568181991577,1.0,0.9847397208213806,0.015260279178619385
7,720,0.40231746435165405,0.19877107441425323,0.15649168193340302,0.026055628433823586,0.2963151041666667,0.6520113945007324,0.9577588413311885,0.0030723139643669406,1.0,0.0,0.209280303030303,0.5313920454545454,0.5869661458333333,0.8692578125,0.011341145833333333,0.007604166666666667,0.958437442779541,0.0035929298028349876,0.5569517612457275,1.0,0.0,0.37967848777770996,0.0,0.4734089970588684,1.0,0.984867513179779,0.015132486820220947
7,730,0.4524243175983429,0.22744140028953552,0.22728952765464783,0.021889714524149895,0.2846875,0.6405482888221741,0.9999999999999999,0.0,1.0,0.0,0.23354640151515152,0.5350319602272727,0.6190885416666667,0.8351692708333334,0.004661458333333333,0.008138020833333334,0.9598469138145447,0.00347346905618906,0.5560766458511353,1.0,0.0,0.3738445043563843,0.0,0.4726651608943939,1.0,0.9850255846977234,0.014974415302276611
7,740,0.4867061376571655,0.23414672911167145,0.2042478621006012,0.023582138121128082,0.27694010416666665,0.6964345574378967,0.9999999999999999,0.0,1.0,0.0,0.18738162878787876,0.5281072443181818,0.6966145833333334,0.8200520833333333,0.0006510416666666666,0.007122395833333333,0.96005779504776,0.0035873495507985353,0.5556158423423767,1.0,0.0,0.37077248096466064,0.0,0.47227346897125244,1.0,0.9851968288421631,0.014803171157836914
7,750,0.3717610836029053,0.19322539865970612,0.15897780656814575,0.016817878931760788,0.266875,0.6116014122962952,0.950874777665505,0.016936503350734725,1.0,0.0,0.4868607954545454,0.5730291193181818,0.6811067708333334,0.866640625,0.0024609375,0.0137109375,0.9603530168533325,0.004097641911357641,0.5544195175170898,1.0,0.0,0.36279651522636414,0.0,0.4712566137313843,1.0,0.9853683710098267,0.01463162899017334
7,760,0.3660001754760742,0.21812628209590912,0.1717308908700943,0.01690831407904625,0.25875,0.5689005255699158,0.9860061230109288,0.0,1.0,0.0,0.30752840909090906,0.5461292613636364,0.46454427083333333,0.8101953125,0.017565104166666668,0.009765625,0.9591671824455261,0.004615375306457281,0.5531131625175476,1.0,0.0,0.354087769985199,0.0,0.47014620900154114,1.0,0.985493004322052,0.014506995677947998
7,770,0.354093074798584,0.23130841553211212,0.1526244878768921,0.011641011573374271,0.23395833333333332,0.6470482349395752,0.9536722102532019,0.0,1.0,0.0,0.385061553030303,0.5577592329545454,0.6120182291666667,0.7513411458333333,0.0037239583333333335,0.011471354166666666,0.9619172811508179,0.005145922303199768,0.5518110990524292,1.0,0.0,0.3454071879386902,0.0,0.4690394401550293,1.0,0.9855876564979553,0.014412343502044678
7,780,0.3742092549800873,0.22953972220420837,0.16185262799263,0.020836276933550835,0.2503515625,0.6701099872589111,0.9672361113678696,0.004105902777777781,1.0,0.0,0.4288589015151514,0.5643288352272727,0.7035286458333333,0.7654947916666667,0.0,0.012434895833333333,0.9618047475814819,0.005742814391851425,0.5491604208946228,1.0,0.0,0.3277360796928406,0.0,0.46678638458251953,1.0,0.9856492280960083,0.0143507719039917
7,790,0.3663111925125122,0.22757622599601746,0.16208644211292267,0.02027754858136177,0.24015625,0.6665831208229065,0.9667897829133221,0.005789930555555555,1.0,0.0,0.31048768939393934,0.5465731534090909,0.7163151041666667,0.7603776041666667,0.00010416666666666667,0.009830729166666666,0.9599649906158447,0.006354586221277714,0.5482007265090942,1.0,0.0,0.321338415145874,0.0,0.46597063541412354,1.0,0.985672116279602,0.01432788372039795
7,800,0.3549031615257263,0.221609428524971,0.1497536450624466,0.016691090539097786,0.23591145833333332,0.6254818439483643,0.9446884268471318,0.008250868055555555,1.0,0.0,0.32350852272727265,0.5485262784090909,0.7036197916666667,0.7675130208333333,0.00010416666666666667,0.0101171875,0.9590526819229126,0.007108761463314295,0.5462772250175476,1.0,0.0,0.3085148334503174,0.0,0.4643356502056122,1.0,0.9856811165809631,0.014318883419036865
7,810,0.3492719531059265,0.2144375443458557,0.1394163966178894,0.01779876835644245,0.22404947916666668,0.5537303686141968,0.927094795398223,0.008450520833333336,1.0,0.0,0.3513257575757575,0.5526988636363637,0.7052473958333333,0.7694401041666666,0.00036458333333333335,0.010729166666666666,0.9560030698776245,0.008216152898967266,0.5455965995788574,1.0,0.0,0.30397728085517883,0.0,0.46375712752342224,1.0,0.985669732093811,0.014330267906188965
7,820,0.37907105684280396,0.2437346875667572,0.13398541510105133,0.02606908604502678,0.24350260416666666,0.7003690600395203,0.9176174452671637,0.0090234375,1.0,0.0,0.31877367424242425,0.5478160511363637,0.6576041666666667,0.7439583333333334,0.0007421875,0.010013020833333334,0.952566385269165,0.00937314610928297,0.5441465377807617,1.0,0.0,0.2943103015422821,0.0,0.46252456307411194,1.0,0.9856369495391846,0.01436305046081543
7,830,0.35296952724456787,0.21508055925369263,0.1428479105234146,0.019283467903733253,0.2416796875,0.616020917892456,0.932203188054582,0.009848090277777777,1.0,0.0,0.35250946969696967,0.5528764204545454,0.704140625,0.7683854166666667,0.00018229166666666667,0.010755208333333334,0.9497044086456299,0.010363172739744186,0.5439351797103882,1.0,0.0,0.29290109872817993,0.0,0.4623449146747589,1.0,0.9856079816818237,0.01439201831817627
7,840,0.3589150607585907,0.22792349755764008,0.14507938921451569,0.0228712297976017,0.24700520833333334,0.6035786271095276,0.9359751963309754,0.009856770833333334,1.0,0.0,0.30752840909090906,0.5461292613636364,0.6989322916666667,0.7520963541666666,0.000234375,0.009765625,0.9450910091400146,0.011505905538797379,0.5439690351486206,1.0,0.0,0.29312658309936523,0.0,0.4623737037181854,1.0,0.9855856895446777,0.014414310455322266
7,850,0.3423237204551697,0.21407447755336761,0.1366676241159439,0.020505448803305626,0.2384765625,0.5832015872001648,0.9213102140487769,0.01071614583333334,1.0,0.0,0.29450757575757575,0.5441761363636364,0.7038151041666667,0.7637239583333333,2.604166666666667e-05,0.009479166666666667,0.9438415765762329,0.013465674594044685,0.543985903263092,1.0,0.0,0.2932393252849579,0.0,0.4623880386352539,1.0,0.9855614900588989,0.014438509941101074
7,860,0.3466482162475586,0.21463900804519653,0.13762167096138,0.014365113340318203,0.2219140625,0.649156928062439,0.9228466298641304,0.010872395833333336,1.0,0.0,0.3116714015151515,0.5467507102272727,0.6701953125,0.7618489583333333,0.00028645833333333333,0.009856770833333334,0.9456031918525696,0.013814515434205532,0.5416396260261536,1.0,0.0,0.27759742736816406,0.0,0.4603936970233917,1.0,0.9855223894119263,0.01447761058807373
7,870,0.3727235198020935,0.23232492804527283,0.17736996710300446,0.018135908991098404,0.24471354166666667,0.5736876130104065,0.9899784285696143,0.011141493055555556,1.0,0.0,0.2447916666666666,0.53671875,0.6987760416666666,0.7748567708333334,1.3020833333333334e-05,0.008385416666666666,0.9457168579101562,0.014920046553015709,0.5411999225616455,1.0,0.0,0.27466630935668945,0.0,0.46001994609832764,1.0,0.9853940606117249,0.014605939388275146
7,880,0.3487032949924469,0.21424579620361328,0.15109016001224518,0.015336266718804836,0.22309895833333335,0.5914208292961121,0.9448082942942269,0.012534722222222223,1.0,0.0,0.26254734848484845,0.5393821022727273,0.7052473958333333,0.7721354166666666,0.00015625,0.008776041666666666,0.9473879337310791,0.01599002815783024,0.5399739742279053,1.0,0.0,0.2664930522441864,0.0,0.4589778780937195,1.0,0.985216498374939,0.014783501625061035
7,890,0.3530270755290985,0.2165980041027069,0.14858032763004303,0.01414843276143074,0.224375,0.6502214670181274,0.9404046356474233,0.012847222222222225,1.0,0.0,0.28148674242424243,0.5422230113636364,0.6977213541666667,0.7704296875,0.00014322916666666667,0.009192708333333334,0.9484246969223022,0.01684134267270565,0.5381687879562378,1.0,0.0,0.2544586658477783,0.0,0.4574434757232666,1.0,0.9850295782089233,0.01497042179107666
7,900,0.3701637387275696,0.23755453526973724,0.17335817217826843,0.015653450042009354,0.21880208333333334,0.6636574268341064,0.980841146880745,0.015837673611111113,1.0,0.0,0.17140151515151514,0.5257102272727273,0.676171875,0.7571223958333333,0.00028645833333333333,0.0067708333333333336,0.9494287967681885,0.017720350995659828,0.5374754667282104,1.0,0.0,0.2498365342617035,0.0,0.4568541646003723,1.0,0.9848145246505737,0.01518547534942627
7,910,0.3384949564933777,0.22343628108501434,0.14902789890766144,0.013502183370292187,0.208671875,0.5784447193145752,0.9359580709078372,0.023255208333333333,1.0,0.0,0.17080965909090906,0.5256214488636364,0.6681640625,0.73875,0.00029947916666666664,0.0067578125,0.9496948719024658,0.020556114614009857,0.5361987352371216,1.0,0.0,0.24132508039474487,0.0,0.4557689428329468,1.0,0.9845771193504333,0.01542288064956665
7,920,0.33223187923431396,0.22896984219551086,0.14453215897083282,0.0108881751075387,0.1978515625,0.5680782794952393,0.927829062296794,0.02429687500000001,1.0,0.0,0.24064867424242425,0.5360973011363637,0.6272395833333333,0.7296614583333333,0.00018229166666666667,0.008294270833333334,0.9479628801345825,0.0225550327450037,0.5346556901931763,1.0,0.0,0.23103806376457214,0.0,0.4544573426246643,1.0,0.9843409061431885,0.015659093856811523
7,930,0.34409618377685547,0.24118871986865997,0.1265755295753479,0.012677798047661781,0.1940625,0.5925586819648743,0.8976579341317854,0.023862847222222226,1.0,0.0,0.17968749999999997,0.526953125,0.6478776041666666,0.7152213541666667,0.00010416666666666667,0.006953125,0.9483957886695862,0.02341420203447342,0.5337129831314087,1.0,0.0,0.22475311160087585,0.0,0.45365604758262634,1.0,0.9841322898864746,0.01586771011352539
7,940,0.3253960609436035,0.2191043645143509,0.12984219193458557,0.009038521908223629,0.18122395833333332,0.5634455680847168,0.9031188576649397,0.023997395833333338,1.0,0.0,0.23828124999999994,0.5357421875,0.656484375,0.732421875,0.00013020833333333333,0.0082421875,0.947675347328186,0.024237820878624916,0.5325588583946228,1.0,0.0,0.21705898642539978,0.0,0.4526750445365906,1.0,0.9839267134666443,0.016073286533355713
7,950,0.3537886440753937,0.24695782363414764,0.18732216954231262,0.008511395193636417,0.19291666666666665,0.5739227533340454,0.9737617502831992,0.04115516855444527,1.0,0.0,0.189749053030303,0.5284623579545454,0.6437369791666666,0.7197265625,5.208333333333334e-05,0.007174479166666667,0.9448803663253784,0.02673901617527008,0.5316499471664429,1.0,0.0,0.2109995037317276,0.0,0.45190247893333435,1.0,0.9837397336959839,0.016260266304016113
7,960,0.36750924587249756,0.2629321813583374,0.205539271235466,0.011877579614520073,0.192421875,0.6063432097434998,0.987868923611111,0.024262152777777782,1.0,0.0,0.1583806818181818,0.5237571022727273,0.6293229166666666,0.7057161458333333,1.3020833333333334e-05,0.006484375,0.9432597160339355,0.028998587280511856,0.5306141376495361,1.0,0.0,0.2040945291519165,0.0,0.45102202892303467,1.0,0.9835873246192932,0.016412675380706787
7,970,0.32395118474960327,0.23523741960525513,0.18265582621097565,0.0104721300303936,0.17569010416666667,0.5638571381568909,0.9883919270833332,0.023216145833333333,1.0,0.0,0.24597537878787876,0.5368963068181818,0.5606640625,0.7122265625,0.0003385416666666667,0.008411458333333333,0.9424697160720825,0.02979595772922039,0.5295065641403198,1.0,0.0,0.19671040773391724,0.0,0.45008060336112976,1.0,0.9834777116775513,0.01652228832244873
7,980,0.3394436836242676,0.2411089390516281,0.19315612316131592,0.01451873779296875,0.19927083333333334,0.5709279775619507,0.9887651909722222,0.022469618055555557,1.0,0.0,0.21342329545454541,0.5320134943181818,0.562734375,0.7271354166666667,0.0003385416666666667,0.0076953125,0.9373303055763245,0.03168487548828125,0.5289950370788574,1.0,0.0,0.19330018758773804,0.0,0.4496457874774933,1.0,0.9833760261535645,0.016623973846435547
7,990,0.3401777744293213,0.24106736481189728,0.1937091201543808,0.013245724141597748,0.2037109375,0.5224736332893372,0.9890082465277776,0.021983506944444446,1.0,0.0,0.17613636363636362,0.5264204545454545,0.5434765625,0.7272786458333333,0.00022135416666666666,0.006875,0.9363086223602295,0.032396890223026276,0.5282806158065796,1.0,0.0,0.18853715062141418,0.0,0.4490385353565216,1.0,0.9833072423934937,0.016692757606506348
7,1000,0.3288772702217102,0.24344097077846527,0.19078049063682556,0.009052273817360401,0.17899739583333332,0.5521519184112549,0.9878754340277777,0.024249131944444446,1.0,0.0,0.21342329545454541,0.5320134943181818,0.5237109375,0.7080078125,5.208333333333334e-05,0.0076953125,0.935519814491272,0.0331624299287796,0.527633786201477,1.0,0.0,0.18422506749629974,0.0,0.4484887421131134,1.0,0.9832671880722046,0.01673281192779541
7,1010,0.3355885148048401,0.23970061540603638,0.20643126964569092,0.007634250912815332,0.1721875,0.6159464716911316,0.9502763540972137,0.06780188612690383,1.0,0.0,0.1447679924242424,0.5217151988636364,0.6487630208333334,0.7126171875,1.3020833333333334e-05,0.006184895833333333,0.9331457018852234,0.033896349370479584,0.5277436971664429,1.0,0.0,0.1849578469991684,0.0,0.44858214259147644,1.0,0.9832532405853271,0.01674675941467285
7,1020,0.33031290769577026,0.23476245999336243,0.13615010678768158,0.008149311877787113,0.17178385416666667,0.6309830546379089,0.8907230547956745,0.050427800982100195,1.0,0.0,0.13529829545454544,0.5202947443181818,0.6790755208333333,0.7170052083333334,6.510416666666667e-05,0.0059765625,0.9338573813438416,0.03425928205251694,0.5280057787895203,1.0,0.0,0.18670521676540375,0.0,0.44880491495132446,1.0,0.9832743406295776,0.016725659370422363
7,1030,0.34118297696113586,0.2477889060974121,0.14468836784362793,0.009259234182536602,0.18225260416666667,0.6568521857261658,0.9267088671627207,0.02706597222222223,1.0,0.0,0.1867897727272727,0.528018465909091,0.6438411458333333,0.6861979166666666,0.0001171875,0.007109375,0.93499755859375,0.03457839787006378,0.5278155207633972,1.0,0.0,0.18543696403503418,0.0,0.44864320755004883,1.0,0.9833334684371948,0.016666531562805176
7,1040,0.33024361729621887,0.24081525206565857,0.13901787996292114,0.009062773548066616,0.1782421875,0.6480792760848999,0.9170735944030631,0.027144097222222233,1.0,0.0,0.1909327651515151,0.5286399147727273,0.6575390625,0.6908984375,5.208333333333334e-05,0.007200520833333333,0.9376293420791626,0.03501138836145401,0.5281707048416138,1.0,0.0,0.18780440092086792,0.0,0.4489451050758362,1.0,0.983413577079773,0.01658642292022705
7,1050,0.3241605758666992,0.23776206374168396,0.13391822576522827,0.007830820046365261,0.16578125,0.6533435583114624,0.877279160773261,0.06238184140485313,1.0,0.0,0.18027935606060605,0.527041903409091,0.6665234375,0.6873828125,1.3020833333333334e-05,0.006966145833333334,0.9407179355621338,0.03541317582130432,0.5280184745788574,1.0,0.0,0.18678978085517883,0.0,0.4488157033920288,1.0,0.9835250377655029,0.01647496223449707
7,1060,0.326949805021286,0.2415437400341034,0.13746747374534607,0.0079935472458601,0.17549479166666668,0.654373288154602,0.8872781682367968,0.05816717407608095,1.0,0.0,0.1495028409090909,0.5224254261363637,0.6569921875,0.6813020833333333,9.114583333333334e-05,0.0062890625,0.9398901462554932,0.03497849404811859,0.5284539461135864,1.0,0.0,0.1896926909685135,0.0,0.44918587803840637,1.0,0.9836350083351135,0.016364991664886475
7,1070,0.3286823630332947,0.24042420089244843,0.13276554644107819,0.009478481486439705,0.17661458333333332,0.6743126511573792,0.9062561771502862,0.0276171875,1.0,0.0,0.1566051136363636,0.5234907670454545,0.6589713541666666,0.6839322916666667,3.90625e-05,0.0064453125,0.9378523230552673,0.03529554232954979,0.5290161967277527,1.0,0.0,0.19344112277030945,0.0,0.44966378808021545,1.0,0.9837305545806885,0.016269445419311523
7,1080,0.3194977939128876,0.2340877652168274,0.13033048808574677,0.008267361670732498,0.1721484375,0.6458566188812256,0.8820516415058087,0.050808756651109455,1.0,0.0,0.17317708333333331,0.5259765625,0.6672916666666666,0.6940494791666667,0.0,0.006809895833333334,0.935795783996582,0.035691745579242706,0.5288301706314087,1.0,0.0,0.19220101833343506,0.0,0.44950565695762634,1.0,0.9838275909423828,0.016172409057617188
7,1090,0.3303334414958954,0.24340949952602386,0.1428295224905014,0.010747542604804039,0.1795703125,0.6679972410202026,0.9233526254005923,0.02748697916666667,1.0,0.0,0.16252367424242423,0.5243785511363637,0.6548177083333333,0.6796614583333334,2.604166666666667e-05,0.006575520833333333,0.9334119558334351,0.03616318479180336,0.5289570093154907,1.0,0.0,0.19304654002189636,0.0,0.449613481760025,1.0,0.9839257597923279,0.01607424020767212
7,1100,0.3279389441013336,0.24365587532520294,0.14354170858860016,0.012500787153840065,0.19768229166666668,0.6434759497642517,0.923839547440537,0.028923611111111122,1.0,0.0,0.1909327651515151,0.5286399147727273,0.6573567708333333,0.68578125,0.00010416666666666667,0.007200520833333333,0.932389497756958,0.036702413111925125,0.5293120741844177,1.0,0.0,0.1954139769077301,0.0,0.4499152898788452,1.0,0.9840288162231445,0.01597118377685547
7,1110,0.3250264525413513,0.2473837435245514,0.14845110476016998,0.010828135535120964,0.19513020833333333,0.6594193577766418,0.9309845619018261,0.03125,1.0,0.0,0.1867897727272727,0.528018465909091,0.6419791666666667,0.6643098958333333,7.8125e-05,0.007109375,0.9314557313919067,0.037062451243400574,0.5289992690086365,1.0,0.0,0.1933283805847168,0.0,0.4496493935585022,1.0,0.9841251969337463,0.015874803066253662
7,1120,0.3371729552745819,0.25723931193351746,0.16011075675487518,0.011454204097390175,0.194921875,0.6338843107223511,0.9509029126065409,0.030876736111111122,1.0,0.0,0.20750473484848483,0.5311257102272727,0.6381770833333333,0.6538411458333333,1.3020833333333334e-05,0.007565104166666667,0.932449221611023,0.03532250225543976,0.5293036699295044,1.0,0.0,0.19535759091377258,0.0,0.44990813732147217,1.0,0.9842197299003601,0.015780270099639893
7,1130,0.3428991734981537,0.2566218972206116,0.16066092252731323,0.011490478180348873,0.19529947916666668,0.6474929451942444,0.9517731984863934,0.03099826388888889,1.0,0.0,0.2140151515151515,0.5321022727272727,0.6483463541666666,0.6604296875,2.604166666666667e-05,0.0077083333333333335,0.9365389347076416,0.03438901901245117,0.5295277237892151,1.0,0.0,0.19685132801532745,0.0,0.45009857416152954,1.0,0.9843385815620422,0.015661418437957764
7,1140,0.34015750885009766,0.2563968598842621,0.1619196981191635,0.011102131567895412,0.19885416666666667,0.6462175846099854,0.9529247014644817,0.03295572916666667,1.0,0.0,0.2294034090909091,0.5344105113636364,0.6466927083333334,0.6653125,7.8125e-05,0.008046875,0.9385434985160828,0.03449029475450516,0.5291768312454224,1.0,0.0,0.19451209902763367,0.0,0.4498003125190735,1.0,0.9844642281532288,0.01553577184677124
7,1150,0.3418978452682495,0.2589702904224396,0.17066222429275513,0.010534357279539108,0.19524739583333334,0.6403461694717407,0.9679801624249189,0.03243489583333334,1.0,0.0,0.2169744318181818,0.5325461647727273,0.6430859375,0.6548828125,2.604166666666667e-05,0.0077734375,0.9416233897209167,0.03415547311306,0.5289359092712402,1.0,0.0,0.19290563464164734,0.0,0.44959554076194763,1.0,0.9846042394638062,0.015395760536193848
7,1160,0.3324078321456909,0.24392153322696686,0.16368643939495087,0.011781287379562855,0.19786458333333334,0.6412500739097595,0.9563789810380364,0.03202690972222223,1.0,0.0,0.2507102272727273,0.5376065340909091,0.6616536458333333,0.6755598958333333,7.8125e-05,0.008515625,0.9465529322624207,0.03212158381938934,0.5289950370788574,1.0,0.0,0.19330018758773804,0.0,0.4496457874774933,1.0,0.984774112701416,0.015225887298583984
7,1170,0.34261366724967957,0.25546759366989136,0.15667924284934998,0.009351509623229504,0.18869791666666666,0.6368035078048706,0.945074033839071,0.030920138888888893,1.0,0.0,0.23709753787878787,0.5355646306818181,0.6404557291666667,0.6686067708333333,3.90625e-05,0.008216145833333334,0.9514596462249756,0.030273715034127235,0.5291852951049805,1.0,0.0,0.1945684552192688,0.0,0.4498075246810913,1.0,0.9849452376365662,0.015054762363433838
7,1180,0.32951244711875916,0.24545526504516602,0.15693828463554382,0.009159757755696774,0.18096354166666667,0.6307456493377686,0.9452042525242537,0.031536458333333336,1.0,0.0,0.21993371212121213,0.5329900568181818,0.658515625,0.6738802083333333,2.604166666666667e-05,0.007838541666666667,0.9551470875740051,0.029912851750850677,0.5293754935264587,1.0,0.0,0.19583672285079956,0.0,0.44996917247772217,1.0,0.9851056337356567,0.014894366264343262
7,1190,0.3284970223903656,0.2460920512676239,0.15334372222423553,0.009203808382153511,0.19147135416666666,0.6547902822494507,0.93870448023845,0.03236979166666667,1.0,0.0,0.2311789772727272,0.5346768465909091,0.6551302083333334,0.6671875,1.3020833333333334e-05,0.0080859375,0.9596111178398132,0.028446180745959282,0.5293670892715454,1.0,0.0,0.19578035175800323,0.0,0.4499620497226715,1.0,0.9852859973907471,0.01471400260925293
7,1200,0.332704097032547,0.24695627391338348,0.17065735161304474,0.009167658165097237,0.191796875,0.617953360080719,0.9675357184348962,0.03330729166666667,1.0,0.0,0.2258522727272727,0.533877840909091,0.6660807291666667,0.6663671875,1.3020833333333334e-05,0.00796875,0.9620627164840698,0.028049767017364502,0.5296460390090942,1.0,0.0,0.19764047861099243,0.0,0.450199156999588,1.0,0.9854609966278076,0.014539003372192383
7,1210,0.3475850820541382,0.2608475089073181,0.1706472784280777,0.00967348087579012,0.18380208333333334,0.6591896414756775,0.968267369423157,0.03180989583333334,1.0,0.0,0.16962594696969696,0.5254438920454545,0.6179296875,0.6560807291666667,0.00010416666666666667,0.0067317708333333335,0.9649608135223389,0.02757895179092884,0.5295488834381104,1.0,0.0,0.19699224829673767,0.0,0.4501165747642517,1.0,0.985634446144104,0.014365553855895996
7,1220,0.3477584421634674,0.2600342035293579,0.17218255996704102,0.009750818833708763,0.1840234375,0.6525505185127258,0.9711389756814027,0.031263020833333335,1.0,0.0,0.18738162878787876,0.5281072443181818,0.629609375,0.6596223958333334,6.510416666666667e-05,0.007122395833333333,0.9669565558433533,0.026942379772663116,0.5299335718154907,1.0,0.0,0.19955694675445557,0.0,0.4504435360431671,1.0,0.9858115911483765,0.014188408851623535
7,1230,0.3412727415561676,0.25732100009918213,0.17528514564037323,0.0103653185069561,0.19703125,0.6576699614524841,0.9766086893102042,0.03082465277777778,1.0,0.0,0.16666666666666666,0.525,0.634453125,0.6621744791666667,3.90625e-05,0.006666666666666667,0.9689556360244751,0.02611607313156128,0.5311214923858643,1.0,0.0,0.20747655630111694,0.0,0.4514532685279846,1.0,0.9859805107116699,0.014019489288330078
7,1240,0.3421107232570648,0.2539188265800476,0.1701909899711609,0.010829572565853596,0.19388020833333333,0.6738973259925842,0.9688037827076057,0.02919270833333334,1.0,0.0,0.13766571969696967,0.5206498579545454,0.6528255208333333,0.6737239583333333,2.604166666666667e-05,0.006028645833333333,0.968760073184967,0.025149017572402954,0.5323094129562378,1.0,0.0,0.21539615094661713,0.0,0.4524630010128021,1.0,0.9861258268356323,0.013874173164367676
7,1250,0.3547995388507843,0.25117141008377075,0.17515921592712402,0.012209945358335972,0.199765625,0.6808423399925232,0.9817514802655605,0.020112847222222223,1.0,0.0,0.15719696969696967,0.5235795454545454,0.6851041666666666,0.6953645833333333,5.208333333333334e-05,0.006458333333333333,0.9683932662010193,0.0240780021995306,0.5329477787017822,1.0,0.0,0.21965187788009644,0.0,0.4530056118965149,1.0,0.9862410426139832,0.013758957386016846
7,1260,0.35539865493774414,0.2444828897714615,0.17446602880954742,0.012449046596884727,0.20391927083333333,0.7625165581703186,0.9807997485409435,0.019670138888888897,1.0,0.0,0.1885653409090909,0.5282848011363637,0.6942057291666667,0.706171875,6.510416666666667e-05,0.0071484375,0.9661568999290466,0.024154355749487877,0.5337425470352173,1.0,0.0,0.2249504029750824,0.0,0.45368117094039917,1.0,0.986307680606842,0.013692319393157959
7,1270,0.36146438121795654,0.24509350955486298,0.1803017109632492,0.011903100647032261,0.20466145833333332,0.7546524405479431,0.9903190104166666,0.019361979166666675,1.0,0.0,0.17613636363636362,0.5264204545454545,0.691953125,0.7062760416666667,0.0,0.006875,0.9649786353111267,0.023081067949533463,0.5354843139648438,1.0,0.0,0.23656205832958221,0.0,0.4551616907119751,1.0,0.986365556716919,0.013634443283081055
7,1280,0.3554131090641022,0.24200303852558136,0.1762840747833252,0.012799249030649662,0.20381510416666668,0.7607198357582092,0.983691979921781,0.020039062500000003,1.0,0.0,0.18323863636363635,0.5274857954545454,0.6985546875,0.7044661458333333,2.604166666666667e-05,0.00703125,0.9645072221755981,0.022110499441623688,0.5373740196228027,1.0,0.0,0.24916014075279236,0.0,0.4567679166793823,1.0,0.986415684223175,0.013584315776824951
7,1290,0.3586435914039612,0.24333500862121582,0.1716088056564331,0.012414840050041676,0.19346354166666666,0.7645100355148315,0.9757951769869551,0.02000868055555556,1.0,0.0,0.1719933712121212,0.5257990056818181,0.7056770833333333,0.7102994791666667,5.208333333333334e-05,0.006783854166666666,0.9656420946121216,0.02136831171810627,0.538663387298584,1.0,0.0,0.25775614380836487,0.0,0.4578638970851898,1.0,0.9864676594734192,0.01353234052658081
7,1300,0.36488184332847595,0.24783967435359955,0.1707930862903595,0.012084485962986946,0.20177083333333334,0.6853237152099609,0.9748379059123178,0.019162326388888894,1.0,0.0,0.20158617424242423,0.5302379261363637,0.6912890625,0.7159375,1.3020833333333334e-05,0.007434895833333333,0.9666966199874878,0.020271874964237213,0.5400289297103882,1.0,0.0,0.2668594419956207,0.0,0.4590246081352234,1.0,0.9865205883979797,0.013479411602020264
7,1310,0.36219537258148193,0.24582526087760925,0.17658226191997528,0.012481736950576305,0.20104166666666667,0.7588451504707336,0.9846979063902145,0.01903645833333334,1.0,0.0,0.17732007575757572,0.5265980113636364,0.6908854166666667,0.7085677083333334,0.0,0.0069010416666666664,0.9658282995223999,0.0192105732858181,0.5408955812454224,1.0,0.0,0.27263709902763367,0.0,0.45976126194000244,1.0,0.9865714311599731,0.013428568840026855
7,1320,0.3606470227241516,0.24333658814430237,0.169267475605011,0.013409252278506756,0.2130859375,0.6920420527458191,0.9728962941862579,0.017881944444444447,1.0,0.0,0.24064867424242425,0.5360973011363637,0.6995182291666666,0.7100260416666667,0.0,0.008294270833333334,0.9642175436019897,0.018094293773174286,0.5423836708068848,1.0,0.0,0.28255772590637207,0.0,0.461026132106781,1.0,0.9866183400154114,0.013381659984588623
7,1330,0.3871177136898041,0.26051121950149536,0.17979082465171814,0.013250359334051609,0.22571614583333333,0.7319611310958862,0.9928838581712836,0.01352430555555556,1.0,0.0,0.37381628787878785,0.5560724431818181,0.6294921875,0.6757291666666667,0.00015625,0.011223958333333334,0.9652992486953735,0.017190897837281227,0.5437829494476318,1.0,0.0,0.29188650846481323,0.0,0.46221551299095154,1.0,0.9866546988487244,0.013345301151275635
7,1340,0.37189048528671265,0.2320883423089981,0.1522344946861267,0.011201043613255024,0.21345052083333332,0.6554224491119385,0.9476671696931889,0.010690104166666669,1.0,0.0,0.3803267045454546,0.5570490056818181,0.6749348958333333,0.7558333333333334,0.0020572916666666665,0.0113671875,0.9661405086517334,0.016268279403448105,0.5462307333946228,1.0,0.0,0.3082048296928406,0.0,0.4642961323261261,1.0,0.9866524934768677,0.013347506523132324
7,1350,0.35117921233177185,0.23222483694553375,0.15072239935398102,0.010894977487623692,0.20279947916666666,0.6331155300140381,0.9452210863533183,0.010464409722222227,1.0,0.0,0.31877367424242425,0.5478160511363637,0.6705859375,0.7529557291666666,0.0025911458333333333,0.010013020833333334,0.9672203660011292,0.01568957418203354,0.5505428314208984,1.0,0.0,0.3369520902633667,0.0,0.4679614305496216,1.0,0.9866162538528442,0.013383746147155762
7,1360,0.3681149482727051,0.242109477519989,0.14901727437973022,0.008177232928574085,0.19446614583333333,0.6049352288246155,0.92101646007471,0.03403835498927246,1.0,0.0,0.32824337121212116,0.5492365056818181,0.6607942708333333,0.7517708333333334,0.002955729166666667,0.010221354166666667,0.9680099487304688,0.014890550635755062,0.5522422790527344,1.0,0.0,0.3482819199562073,0.0,0.4694059491157532,1.0,0.9864571690559387,0.01354283094406128
7,1370,0.3434240520000458,0.2271086573600769,0.14240583777427673,0.01093717385083437,0.23263020833333334,0.6113969683647156,0.9316351864684341,0.009487847222222227,1.0,0.0,0.49455492424242414,0.5741832386363637,0.7086197916666667,0.742265625,0.0019010416666666668,0.013880208333333333,0.965313732624054,0.013968344777822495,0.5534894466400146,1.0,0.0,0.35659611225128174,0.0,0.4704660475254059,1.0,0.9863508343696594,0.013649165630340576
7,1380,0.3400297164916992,0.22732539474964142,0.14480790495872498,0.014466575346887112,0.24901041666666668,0.7051824927330017,0.9351750496310047,0.010538194444444447,1.0,0.0,0.5016571969696969,0.5752485795454545,0.705625,0.7270833333333333,0.0005078125,0.014036458333333333,0.9620784521102905,0.013046344742178917,0.5549479126930237,1.0,0.0,0.3663194477558136,0.0,0.47170573472976685,1.0,0.9862045049667358,0.01379549503326416
7,1390,0.3519303500652313,0.2472744733095169,0.1664169430732727,0.012432222254574299,0.24307291666666667,0.7279024124145508,0.9690380278611794,0.015950520833333336,1.0,0.0,0.4004498106060606,0.5600674715909091,0.6572265625,0.6917708333333333,0.00037760416666666666,0.011809895833333334,0.9591817855834961,0.012379596009850502,0.5564148426055908,1.0,0.0,0.376099169254303,0.0,0.47295263409614563,1.0,0.9860330820083618,0.013966917991638184
7,1400,0.3715631663799286,0.2449599802494049,0.1596255600452423,0.012346920557320118,0.23947916666666666,0.6798943281173706,0.9608478695103246,0.00934461805555556,1.0,0.0,0.4223484848484848,0.5633522727272727,0.6842447916666666,0.7310677083333333,0.00046875,0.012291666666666666,0.9566329717636108,0.011454703286290169,0.5580002069473267,1.0,0.0,0.38666802644729614,0.0,0.47430017590522766,1.0,0.9858264923095703,0.014173507690429688
7,1410,0.3672005832195282,0.23735205829143524,0.15329809486865997,0.011452318169176579,0.22563802083333334,0.7552873492240906,0.9493021779080741,0.011019965277777787,1.0,0.0,0.3471827651515151,0.5520774147727272,0.701171875,0.7442447916666667,0.0005338541666666666,0.010638020833333333,0.9549094438552856,0.010542212054133415,0.5583045482635498,1.0,0.0,0.38869723677635193,0.0,0.47455888986587524,1.0,0.9856032133102417,0.0143967866897583
7,1420,0.36693546175956726,0.235986590385437,0.14373308420181274,0.013912084512412548,0.24583333333333332,0.7157079577445984,0.9344411916406745,0.00836805555555556,1.0,0.0,0.3779592803030303,0.5566938920454545,0.6958723958333334,0.7447916666666666,0.0012369791666666666,0.011315104166666666,0.9524939060211182,0.009635713882744312,0.5589599013328552,1.0,0.0,0.3930656909942627,0.0,0.47511592507362366,1.0,0.9853557348251343,0.014644265174865723
7,1430,0.37563323974609375,0.26801761984825134,0.20172756910324097,0.02400367707014084,0.2617578125,0.7117919921875,0.9938541666666666,0.012291666666666673,1.0,0.0,0.38328598484848486,0.5574928977272727,0.6051822916666667,0.6585677083333333,0.0023828125,0.011432291666666667,0.9513733386993408,0.008784192614257336,0.5586766004562378,1.0,0.0,0.3911774158477783,0.0,0.4748751223087311,1.0,0.9850889444351196,0.014911055564880371
7,1440,0.33961349725723267,0.24659694731235504,0.18158048391342163,0.01346435397863388,0.24555989583333335,0.5966485738754272,0.9942751736111111,0.011449652777777784,1.0,0.0,0.5093513257575758,0.5764026988636364,0.6115885416666667,0.6844270833333334,0.003372395833333333,0.014205729166666667,0.9484058022499084,0.008491836488246918,0.5572941899299622,1.0,0.0,0.3819613456726074,0.0,0.47370007634162903,1.0,0.9848020076751709,0.015197992324829102
7,1450,0.34076404571533203,0.26177605986595154,0.18604925274848938,0.01786121539771557,0.24908854166666666,0.627230703830719,0.9914800347222221,0.017039930555555555,1.0,0.0,0.7413589015151515,0.6112038352272727,0.5656770833333333,0.6197395833333333,0.005143229166666667,0.019309895833333333,0.9465709924697876,0.010166575200855732,0.5546519756317139,1.0,0.0,0.36434656381607056,0.0,0.4714542031288147,1.0,0.984515368938446,0.015484631061553955
7,1460,0.3702775239944458,0.2363215684890747,0.18588748574256897,0.012978301383554935,0.2508203125,0.6846305131912231,0.9983333333333333,0.003333333333333337,1.0,0.0,0.395123106060606,0.5592684659090909,0.693359375,0.7459114583333334,0.005013020833333334,0.011692708333333333,0.9426873922348022,0.012995523400604725,0.5527242422103882,1.0,0.0,0.35149484872817993,0.0,0.46981561183929443,1.0,0.9842398762702942,0.01576012372970581
7,1470,0.3648715317249298,0.2328777313232422,0.1352860927581787,0.012045646086335182,0.24473958333333334,0.7264776825904846,0.9241784010993109,0.00030381944444444575,1.0,0.0,0.3631628787878788,0.5544744318181818,0.7122395833333334,0.7408723958333333,0.0019270833333333334,0.010989583333333334,0.9408273696899414,0.013592044822871685,0.55119389295578,1.0,0.0,0.3412923812866211,0.0,0.4685148298740387,1.0,0.9840037226676941,0.015996277332305908
7,1480,0.37310972809791565,0.23196958005428314,0.13413305580615997,0.012195438146591187,0.23932291666666666,0.6715071797370911,0.9223790175181169,0.0,1.0,0.0,0.3803267045454546,0.5570490056818181,0.6982421875,0.7459114583333334,0.001171875,0.0113671875,0.9381316900253296,0.01544595044106245,0.5483064651489258,1.0,0.0,0.32204297184944153,0.0,0.4660605192184448,1.0,0.9838001728057861,0.016199827194213867
7,1490,0.35441461205482483,0.2296079695224762,0.13620275259017944,0.01411640178412199,0.2290234375,0.7597172260284424,0.922862918112013,0.006037326388888894,1.0,0.0,0.3886126893939393,0.5582919034090909,0.6996354166666666,0.7018619791666667,0.0007291666666666667,0.011549479166666666,0.9364073276519775,0.015903674066066742,0.5453176498413086,1.0,0.0,0.30211713910102844,0.0,0.46352002024650574,1.0,0.9836143255233765,0.016385674476623535
7,1500,0.37311455607414246,0.23309586942195892,0.13424095511436462,0.016975795850157738,0.23994791666666668,0.7605890035629272,0.9222686475973864,0.0005859375000000038,1.0,0.0,0.39393939393939387,0.5590909090909091,0.6986458333333333,0.7209244791666667,0.0004166666666666667,0.011666666666666667,0.9339017868041992,0.01569024845957756,0.5431531071662903,1.0,0.0,0.28768715262413025,0.0,0.461680144071579,1.0,0.9834497570991516,0.01655024290084839
7,1510,0.3944892883300781,0.21935607492923737,0.1437440663576126,0.015664923936128616,0.24118489583333333,0.7678977251052856,0.9386438046051905,0.0,1.0,0.0,0.2441998106060606,0.5366299715909091,0.76453125,0.7808854166666667,0.0005729166666666667,0.008372395833333334,0.9322285652160645,0.015471084043383598,0.5411661863327026,1.0,0.0,0.27444082498550415,0.0,0.4599912762641907,1.0,0.9832525849342346,0.01674741506576538
7,1520,0.4127388894557953,0.21097062528133392,0.14098326861858368,0.01210074219852686,0.2416796875,0.7681118845939636,0.9339716853545262,0.0,1.0,0.0,0.2690577651515151,0.5403586647727272,0.79296875,0.8244401041666667,0.00018229166666666667,0.008919270833333333,0.9303115606307983,0.01494632475078106,0.5399316549301147,1.0,0.0,0.26621121168136597,0.0,0.45894190669059753,1.0,0.98305344581604,0.01694655418395996
7,1530,0.4289930760860443,0.20418186485767365,0.1500789225101471,0.015397901646792889,0.25634114583333334,0.7736770510673523,0.9493643304017872,0.0,1.0,0.0,0.20099431818181815,0.5301491477272727,0.7961067708333334,0.8151432291666667,5.208333333333334e-05,0.007421875,0.9300903081893921,0.014547845348715782,0.5385197401046753,1.0,0.0,0.2567979097366333,0.0,0.45774179697036743,1.0,0.9828330874443054,0.01716691255569458
7,1540,0.43047383427619934,0.19704607129096985,0.1424616277217865,0.017658071592450142,0.25946614583333333,0.7726766467094421,0.930565666418809,0.007384821772575423,1.0,0.0,0.18027935606060605,0.527041903409091,0.8244270833333334,0.84421875,0.00024739583333333335,0.006966145833333334,0.9280040860176086,0.013962527737021446,0.5374755263328552,1.0,0.0,0.2498365342617035,0.0,0.4568542242050171,1.0,0.9825738072395325,0.01742619276046753
7,1550,0.43165862560272217,0.181656152009964,0.14798685908317566,0.015663253143429756,0.24209635416666667,0.771189272403717,0.909136219391456,0.045859619975090034,1.0,0.0,0.010416666666666661,0.5015625,0.8652604166666666,0.8923828125,0.00029947916666666664,0.0032291666666666666,0.9241755604743958,0.01341730635613203,0.535315215587616,1.0,0.0,0.23543471097946167,0.0,0.45501795411109924,1.0,0.9822947978973389,0.017705202102661133
7,1560,0.4270472228527069,0.1720510721206665,0.13246919214725494,0.018417412415146828,0.24033854166666666,0.7804498076438904,0.8636653924905336,0.06987231969833375,1.0,0.0,0.04888731060606058,0.5073330965909091,0.8920703125,0.9077213541666667,5.208333333333334e-05,0.004075520833333333,0.9245812892913818,0.012605881318449974,0.5314301252365112,1.0,0.0,0.20953397452831268,0.0,0.4517156183719635,1.0,0.9820035696029663,0.01799643039703369
7,1570,0.41781914234161377,0.18137387931346893,0.13225936889648438,0.01886107586324215,0.22981770833333334,0.7696351408958435,0.8819559213748346,0.04656530171632767,1.0,0.0,0.11399147727272724,0.5170987215909091,0.8666276041666666,0.8911848958333334,0.00024739583333333335,0.0055078125,0.9212456941604614,0.012447151355445385,0.5303351879119873,1.0,0.0,0.2022344022989273,0.0,0.45078492164611816,1.0,0.9816854596138,0.01831454038619995
7,1580,0.40881145000457764,0.18063205480575562,0.12904082238674164,0.02106875367462635,0.2250390625,0.7658822536468506,0.8750255013429201,0.04841986298561097,1.0,0.0,0.09031723484848483,0.5135475852272727,0.8632942708333333,0.879765625,6.510416666666667e-05,0.0049869791666666665,0.9203163981437683,0.012432683259248734,0.5291599035263062,1.0,0.0,0.19439935684204102,0.0,0.44978591799736023,1.0,0.9813737273216248,0.018626272678375244
7,1590,0.4090479612350464,0.1919398456811905,0.1298224925994873,0.020872944965958595,0.22721354166666666,0.7585620284080505,0.898963909607667,0.020150385797023804,1.0,0.0,0.0832149621212121,0.5124822443181818,0.8373828125,0.8479817708333334,9.114583333333334e-05,0.004830729166666666,0.9200351238250732,0.012432683259248734,0.528525710105896,1.0,0.0,0.19017180800437927,0.0,0.4492468535900116,1.0,0.9810892343521118,0.018910765647888184
7,1600,0.4157881736755371,0.19541257619857788,0.1360340118408203,0.016400478780269623,0.22610677083333333,0.7484127879142761,0.9164211724354671,0.01146855950355533,1.0,0.0,0.09741950757575756,0.5146129261363637,0.8460807291666667,0.8477604166666667,9.114583333333334e-05,0.005143229166666667,0.9192250370979309,0.012145191431045532,0.5275830030441284,1.0,0.0,0.18388687074184418,0.0,0.44844555854797363,1.0,0.9808262586593628,0.019173741340637207
7,1610,0.3991036117076874,0.19810311496257782,0.1383439004421234,0.014548873528838158,0.20690104166666667,0.761749267578125,0.9257112922118259,0.004742212593555489,1.0,0.0,0.14417613636363635,0.5216264204545454,0.8360026041666667,0.8415755208333333,0.0,0.006171875,0.919064998626709,0.012117289938032627,0.5266698598861694,1.0,0.0,0.17779919505119324,0.0,0.4476693868637085,1.0,0.9805843830108643,0.019415616989135742
7,1620,0.38353168964385986,0.2015630453824997,0.12625348567962646,0.011784857138991356,0.19908854166666667,0.7543651461601257,0.9090443603809063,0.0,1.0,0.0,0.17436079545454544,0.5261541193181818,0.8073958333333333,0.8211458333333334,0.0,0.0068359375,0.9182201623916626,0.01218673400580883,0.5266107320785522,1.0,0.0,0.17740464210510254,0.0,0.44761914014816284,1.0,0.9803546667098999,0.019645333290100098
7,1630,0.3895977735519409,0.20454351603984833,0.13851532340049744,0.017116466537117958,0.22705729166666666,0.7459863424301147,0.9297951626777649,0.0,1.0,0.0,0.18027935606060605,0.527041903409091,0.8224088541666666,0.8168229166666666,2.604166666666667e-05,0.006966145833333334,0.917343020439148,0.012291314080357552,0.5264881253242493,1.0,0.0,0.1765872985124588,0.0,0.44751492142677307,1.0,0.9801439046859741,0.01985609531402588
7,1640,0.3839816153049469,0.21312525868415833,0.150480255484581,0.013683395460247993,0.20975260416666666,0.7396748065948486,0.9500435092815985,0.0,1.0,0.0,0.23709753787878787,0.5355646306818181,0.8084635416666667,0.8039453125,1.3020833333333334e-05,0.008216145833333334,0.9164555668830872,0.012503162026405334,0.5265642404556274,1.0,0.0,0.17709460854530334,0.0,0.44757962226867676,1.0,0.9799447655677795,0.02005523443222046
7,1650,0.37365207076072693,0.22444377839565277,0.1291082203388214,0.012654261663556099,0.2009375,0.7524322867393494,0.9138754498041594,0.0,1.0,0.0,0.20691287878787876,0.5310369318181818,0.7673307291666667,0.7512760416666666,2.604166666666667e-05,0.007552083333333333,0.9166613221168518,0.01240985281765461,0.5267163515090942,1.0,0.0,0.17810922861099243,0.0,0.4477089047431946,1.0,0.9797638654708862,0.02023613452911377
7,1660,0.38304129242897034,0.22752931714057922,0.1869385689496994,0.014488305896520615,0.2226171875,0.7415631413459778,0.9999999999999999,0.0,1.0,0.0,0.19744318181818177,0.5296164772727273,0.759296875,0.7494401041666666,2.604166666666667e-05,0.00734375,0.9178493618965149,0.010676003992557526,0.5284665822982788,1.0,0.0,0.18977724015712738,0.0,0.44919660687446594,1.0,0.97960364818573,0.02039635181427002
7,1670,0.3755386769771576,0.2079322338104248,0.13762444257736206,0.014222887344658375,0.215546875,0.7435059547424316,0.9282875182078435,0.0,1.0,0.0,0.24183238636363633,0.5362748579545454,0.8142057291666667,0.8120833333333334,2.604166666666667e-05,0.0083203125,0.9209100008010864,0.007889838889241219,0.5297940373420715,1.0,0.0,0.19862690567970276,0.0,0.4503249526023865,1.0,0.9794721603393555,0.02052783966064453
7,1680,0.37086060643196106,0.20682141184806824,0.12366466224193573,0.015452906489372253,0.20895833333333333,0.7393537163734436,0.9046632745632758,0.0,1.0,0.0,0.19862689393939392,0.5297940340909091,0.8085286458333333,0.8005208333333333,1.3020833333333334e-05,0.007369791666666667,0.9249087572097778,0.006345805712044239,0.5305211544036865,1.0,0.0,0.2034744918346405,0.0,0.4509429931640625,1.0,0.9793579578399658,0.02064204216003418
7,1690,0.3746083080768585,0.2128644734621048,0.13064275681972504,0.01410796120762825,0.211171875,0.7496811747550964,0.9164723576949193,0.0,1.0,0.0,0.29154829545454547,0.5437322443181818,0.7896484375,0.7934765625,0.0,0.0094140625,0.9270490407943726,0.004643809981644154,0.5316034555435181,1.0,0.0,0.2106894850730896,0.0,0.45186296105384827,1.0,0.9792762994766235,0.020723700523376465
7,1700,0.3754526376724243,0.22054749727249146,0.12436585128307343,0.014007196761667728,0.2077734375,0.7503313422203064,0.905849902171355,0.0,1.0,0.0,0.25662878787878785,0.5384943181818181,0.7700911458333334,0.7781770833333334,2.604166666666667e-05,0.008645833333333333,0.9317003488540649,0.004004208371043205,0.5344866514205933,1.0,0.0,0.2299107164144516,0.0,0.4543136656284332,1.0,0.9792309403419495,0.020769059658050537
7,1710,0.36705106496810913,0.22118127346038818,0.13208286464214325,0.014579345472157001,0.21904947916666667,0.7474523186683655,0.91890946324055,0.0,1.0,0.0,0.2660984848484848,0.5399147727272727,0.77078125,0.7712890625,0.0,0.008854166666666666,0.9298179149627686,0.008899579755961895,0.5353997945785522,1.0,0.0,0.23599839210510254,0.0,0.45508983731269836,1.0,0.9791727662086487,0.02082723379135132
7,1720,0.3646607995033264,0.22448711097240448,0.1336904913187027,0.01547254528850317,0.20640625,0.7235532402992249,0.9209008955649841,0.0014583333333333393,1.0,0.0,0.23591382575757575,0.5353870738636364,0.75171875,0.7560026041666666,0.0,0.008190104166666667,0.928957998752594,0.008673761039972305,0.5368286967277527,1.0,0.0,0.24552445113658905,0.0,0.4563044011592865,1.0,0.9791427850723267,0.02085721492767334
7,1730,0.3565431237220764,0.22299543023109436,0.1307477355003357,0.014443489722907543,0.20427083333333335,0.7285192012786865,0.9155519236458672,0.0021961805555555567,1.0,0.0,0.25189393939393934,0.5377840909090909,0.7515885416666667,0.7485807291666666,3.90625e-05,0.008541666666666666,0.9253908395767212,0.011390496045351028,0.5370612144470215,1.0,0.0,0.24707454442977905,0.0,0.4565020501613617,1.0,0.9791277647018433,0.02087223529815674
7,1740,0.3609372079372406,0.23323506116867065,0.14038121700286865,0.011786967515945435,0.19322916666666667,0.7366155982017517,0.9307284364129744,0.004448784722222229,1.0,0.0,0.21164772727272724,0.5317471590909091,0.734765625,0.7432942708333333,0.0,0.00765625,0.9211246371269226,0.013062562793493271,0.5382956266403198,1.0,0.0,0.25530415773391724,0.0,0.4575513005256653,1.0,0.9791350364685059,0.02086496353149414
7,1750,0.3560040295124054,0.23525303602218628,0.14312656223773956,0.013727221637964249,0.2065625,0.7192133665084839,0.9348861240219866,0.005425347222222229,1.0,0.0,0.20158617424242423,0.5302379261363637,0.7305338541666667,0.7256380208333333,1.3020833333333334e-05,0.007434895833333333,0.9190996885299683,0.013062561862170696,0.5394624471664429,1.0,0.0,0.2630828320980072,0.0,0.4585430920124054,1.0,0.979178249835968,0.020821750164031982
7,1760,0.35315924882888794,0.2302647829055786,0.14384189248085022,0.014423309825360775,0.2120703125,0.7367722392082214,0.934084964144943,0.009448784722222225,1.0,0.0,0.2554450757575757,0.5383167613636364,0.7268489583333333,0.732109375,0.0,0.008619791666666666,0.9184020757675171,0.013062561862170696,0.5403375625610352,1.0,0.0,0.2689168453216553,0.0,0.4592869281768799,1.0,0.9792376756668091,0.020762324333190918
7,1770,0.34657394886016846,0.22770926356315613,0.14077508449554443,0.015067552216351032,0.21041666666666667,0.7125325202941895,0.9279379501505794,0.011362847222222222,1.0,0.0,0.2347301136363636,0.5352095170454545,0.7300911458333333,0.7270703125,0.0,0.0081640625,0.9151115417480469,0.013062561862170696,0.5418679118156433,1.0,0.0,0.2791193127632141,0.0,0.460587739944458,1.0,0.9793986678123474,0.020601332187652588
7,1780,0.3494284451007843,0.23448356986045837,0.16404584050178528,0.01803615689277649,0.22169270833333332,0.718189001083374,0.9659303406568674,0.014140625000000002,1.0,0.0,0.2157907196969697,0.5323686079545454,0.7097005208333333,0.7150390625,3.90625e-05,0.0077473958333333336,0.9138278365135193,0.013062561862170696,0.542442798614502,1.0,0.0,0.28295230865478516,0.0,0.46107637882232666,1.0,0.9794598817825317,0.02054011821746826
7,1790,0.3506675064563751,0.23036319017410278,0.136456698179245,0.017378315329551697,0.21645833333333334,0.7217873334884644,0.9199723596858163,0.012677951388888886,1.0,0.0,0.24183238636363633,0.5362748579545454,0.7174088541666667,0.7313411458333333,0.0,0.0083203125,0.9154324531555176,0.013062561862170696,0.543005108833313,1.0,0.0,0.2867007255554199,0.0,0.4615543484687805,1.0,0.9795358180999756,0.020464181900024414
7,1800,0.36946359276771545,0.24495157599449158,0.1943575143814087,0.015466123819351196,0.25104166666666666,0.6911602020263672,0.996640625,0.006718750000000006,1.0,0.0,0.4868607954545454,0.5730291193181818,0.6886067708333333,0.705703125,7.8125e-05,0.0137109375,0.9163296222686768,0.013062560930848122,0.54338139295578,1.0,0.0,0.2892090678215027,0.0,0.46187418699264526,1.0,0.9796155691146851,0.02038443088531494
7,1810,0.401974618434906,0.22862081229686737,0.1666736900806427,0.005251899361610413,0.1339453125,0.6146745085716248,0.8768889855980649,0.1142713609265118,1.0,0.0,0.22526041666666663,0.5337890625,0.6450260416666667,0.8072265625,9.114583333333334e-05,0.007955729166666667,0.917600154876709,0.013062560930848122,0.5428994297981262,1.0,0.0,0.28599613904953003,0.0,0.461464524269104,1.0,0.9796916246414185,0.020308375358581543
7,1820,0.344388484954834,0.21036051213741302,0.12543192505836487,0.011153099127113819,0.22958333333333333,0.6713820099830627,0.9076540270218482,0.0,1.0,0.0,0.3442234848484848,0.5516335227272727,0.7433072916666666,0.7828255208333333,0.00037760416666666666,0.010572916666666666,0.9182420969009399,0.013062560930848122,0.5432714223861694,1.0,0.0,0.28847628831863403,0.0,0.46178072690963745,1.0,0.9797664880752563,0.020233511924743652
7,1830,0.40477484464645386,0.21175964176654816,0.11165530979633331,0.007128712255507708,0.2320703125,0.6050493121147156,0.8341344740901554,0.05705145562476499,1.0,0.0,0.20691287878787876,0.5310369318181818,0.7008984375,0.8427604166666667,0.0011197916666666667,0.007552083333333333,0.919281542301178,0.012993115931749344,0.5436773300170898,1.0,0.0,0.29118192195892334,0.0,0.4621257483959198,1.0,0.9798662662506104,0.02013373374938965
7,1840,0.36570262908935547,0.20480744540691376,0.10383434593677521,0.007848281413316727,0.23369791666666667,0.5897898077964783,0.8402045107793629,0.03511337154522173,1.0,0.0,0.35310132575757575,0.5529651988636364,0.6984244791666666,0.8212109375,0.00018229166666666667,0.010768229166666667,0.920357346534729,0.012888537719845772,0.5438632965087891,1.0,0.0,0.29242199659347534,0.0,0.46228381991386414,1.0,0.9799657464027405,0.02003425359725952
7,1850,0.3558579981327057,0.21592968702316284,0.1253519058227539,0.01637563295662403,0.2581380208333333,0.6798954010009766,0.9075186098538911,0.0,1.0,0.0,0.4004498106060606,0.5600674715909091,0.7466145833333333,0.7861588541666666,0.0001171875,0.011809895833333334,0.9204161167144775,0.012676689773797989,0.5447046160697937,1.0,0.0,0.2980305552482605,0.0,0.4629989266395569,1.0,0.9800602793693542,0.019939720630645752
7,1860,0.3826049864292145,0.21758756041526794,0.12045250833034515,0.012770064175128937,0.24825520833333334,0.6563483476638794,0.8992273217898149,0.0,1.0,0.0,0.3294270833333333,0.5494140625,0.7266145833333333,0.8076041666666667,0.0005078125,0.010247395833333334,0.9211885929107666,0.012418340891599655,0.5442099571228027,1.0,0.0,0.29473304748535156,0.0,0.4625784754753113,1.0,0.9801552295684814,0.019844770431518555
7,1870,0.35367974638938904,0.2147882878780365,0.1391669362783432,0.015307152643799782,0.25548177083333334,0.7062386274337769,0.9308978921633501,0.0,1.0,0.0,0.41169507575757563,0.5617542613636364,0.7575390625,0.7831901041666667,5.208333333333334e-05,0.012057291666666666,0.9209346175193787,0.0125096645206213,0.5428022146224976,1.0,0.0,0.28534790873527527,0.0,0.4613818824291229,1.0,0.9802529811859131,0.019747018814086914
7,1880,0.37667137384414673,0.21894338726997375,0.12169533222913742,0.015560467727482319,0.249453125,0.6899006366729736,0.9013305622339248,0.0,1.0,0.0,0.3223248106060606,0.5483487215909091,0.7464453125,0.7941276041666666,0.00010416666666666667,0.010091145833333334,0.9214497804641724,0.011968577280640602,0.5415804386138916,1.0,0.0,0.277202844619751,0.0,0.4603433907032013,1.0,0.9803173542022705,0.019682645797729492
7,1890,0.3888300657272339,0.22664260864257812,0.143575519323349,0.0199178084731102,0.2539192708333333,0.7262415289878845,0.9383585711625907,0.0,1.0,0.0,0.27734375,0.5416015625,0.7547916666666666,0.7751953125,0.00029947916666666664,0.0091015625,0.9230722188949585,0.011295214295387268,0.5420792698860168,1.0,0.0,0.2805284857749939,0.0,0.46076738834381104,1.0,0.9803350567817688,0.0196649432182312
7,1900,0.3827839195728302,0.22499333322048187,0.14177612960338593,0.023450329899787903,0.25049479166666666,0.7390766143798828,0.9353134500980377,0.0,1.0,0.0,0.3442234848484848,0.5516335227272727,0.7580989583333333,0.7638671875,0.0001953125,0.010572916666666666,0.9268830418586731,0.010691502131521702,0.5410350561141968,1.0,0.0,0.2735671401023865,0.0,0.4598798155784607,1.0,0.9803088903427124,0.019691109657287598
7,1910,0.3839224576950073,0.2277200073003769,0.14013220369815826,0.023689186200499535,0.25930989583333336,0.7422155737876892,0.932531421643037,0.0,1.0,0.0,0.18915719696969693,0.5283735795454545,0.7491666666666666,0.7410677083333334,0.00022135416666666666,0.007161458333333333,0.9227212071418762,0.011591682210564613,0.5382617712020874,1.0,0.0,0.2550787031650543,0.0,0.45752251148223877,1.0,0.980252742767334,0.019747257232666016
7,1920,0.3937012851238251,0.21722207963466644,0.14004965126514435,0.014778386801481247,0.25731770833333334,0.7111697793006897,0.9323917175256288,0.0,1.0,0.0,0.3181818181818182,0.5477272727272727,0.7799088541666667,0.8049348958333333,0.00014322916666666667,0.01,0.9243258833885193,0.007998920977115631,0.5369682312011719,1.0,0.0,0.24645450711250305,0.0,0.4564230144023895,1.0,0.9802276492118835,0.019772350788116455
7,1930,0.39137959480285645,0.21755757927894592,0.14615747332572937,0.018155187368392944,0.2662890625,0.7232249975204468,0.9427280317820036,0.0,1.0,0.0,0.2927320075757575,0.5439098011363637,0.7926171875,0.8020572916666666,9.114583333333334e-05,0.009440104166666666,0.9255529642105103,0.009223129600286484,0.5354673862457275,1.0,0.0,0.23644933104515076,0.0,0.45514729619026184,1.0,0.9802163243293762,0.01978367567062378
7,1940,0.39688771963119507,0.21161675453186035,0.14344818890094757,0.016773026436567307,0.26239583333333333,0.7435615062713623,0.9381430889092958,0.0,1.0,0.0,0.2779356060606061,0.541690340909091,0.7951953125,0.8146875,3.90625e-05,0.009114583333333334,0.928511381149292,0.0075787706300616264,0.5351334810256958,1.0,0.0,0.23422282934188843,0.0,0.45486345887184143,1.0,0.9802272915840149,0.019772708415985107
7,1950,0.40518611669540405,0.20710018277168274,0.13979628682136536,0.01772107370197773,0.26044270833333333,0.7364416718482971,0.9319629469284644,0.0,1.0,0.0,0.3294270833333333,0.5494140625,0.808671875,0.8291927083333334,1.3020833333333334e-05,0.010247395833333334,0.9323334693908691,0.00709083117544651,0.5331549644470215,1.0,0.0,0.22103288769721985,0.0,0.45318174362182617,1.0,0.9802578091621399,0.019742190837860107
7,1960,0.41748300194740295,0.20620307326316833,0.15110918879508972,0.015642279759049416,0.261328125,0.7467378973960876,0.951107857960921,0.0,1.0,0.0,0.13233901515151514,0.5198508522727273,0.8219401041666666,0.8286458333333333,0.0,0.005911458333333334,0.9320231676101685,0.008680564351379871,0.5314639806747437,1.0,0.0,0.2097594290971756,0.0,0.45174440741539,1.0,0.980294406414032,0.019705593585968018
7,1970,0.4131077826023102,0.19545336067676544,0.14327138662338257,0.01877947337925434,0.2596614583333333,0.7701744437217712,0.928750606408486,0.011366598308086428,1.0,0.0,0.05835700757575757,0.5087535511363637,0.8406510416666667,0.8556119791666666,5.208333333333334e-05,0.004283854166666667,0.9324297904968262,0.010370999574661255,0.5296249389648438,1.0,0.0,0.19749954342842102,0.0,0.4501812160015106,1.0,0.9803174734115601,0.01968252658843994
7,1980,0.41481631994247437,0.20034834742546082,0.14381156861782074,0.017867309972643852,0.26131510416666665,0.7654538154602051,0.9387580391993889,0.0,1.0,0.0,0.06368371212121211,0.5095525568181818,0.8286848958333334,0.859375,5.208333333333334e-05,0.004401041666666667,0.9312006235122681,0.012233683839440346,0.5266842246055603,1.0,0.0,0.17789502441883087,0.0,0.44768160581588745,1.0,0.980338990688324,0.019661009311676025
7,1990,0.43590933084487915,0.23649881780147552,0.1925540715456009,0.023198729380965233,0.2737890625,0.7062149047851562,0.9999999999999999,0.0,1.0,0.0,0.2856297348484848,0.5428444602272727,0.7352473958333333,0.7773046875,0.000703125,0.009283854166666666,0.9330196380615234,0.013073762878775597,0.524663507938385,1.0,0.0,0.16442325711250305,0.0,0.4459640085697174,1.0,0.980377733707428,0.01962226629257202
7,2000,0.41714414954185486,0.20157599449157715,0.19501234591007233,0.020783713087439537,0.2805989583333333,0.7447317242622375,0.9999999999999999,0.0,1.0,0.0,0.09564393939393938,0.514346590909091,0.8349479166666667,0.8637109375,0.0021744791666666666,0.005104166666666667,0.9334127306938171,0.013154521584510803,0.5232980251312256,1.0,0.0,0.1553199291229248,0.0,0.4448033273220062,1.0,0.9804072380065918,0.019592761993408203
7,2010,0.41881728172302246,0.18975098431110382,0.1384832262992859,0.018807416781783104,0.27598958333333334,0.7264013886451721,0.9092428131286915,0.02562253922224046,1.0,0.0,0.09860321969696967,0.5147904829545454,0.8719010416666667,0.8857942708333333,0.0004296875,0.005169270833333333,0.9327678680419922,0.014850430190563202,0.5213660001754761,1.0,0.0,0.14244002103805542,0.0,0.44316110014915466,1.0,0.9804239869117737,0.01957601308822632
7,2020,0.4368739724159241,0.18447065353393555,0.14551767706871033,0.024452760815620422,0.2989453125,0.7323514819145203,0.9105866067226115,0.03882336616516116,1.0,0.0,0.044152462121212106,0.5066228693181818,0.8548567708333333,0.8936458333333334,0.0008854166666666666,0.0039713541666666664,0.9330219626426697,0.016307353973388672,0.5200977325439453,1.0,0.0,0.13398495316505432,0.0,0.44208309054374695,1.0,0.9804528951644897,0.019547104835510254
7,2030,0.4309738278388977,0.1897166520357132,0.1528121829032898,0.024561136960983276,0.286875,0.7532113790512085,0.9334231520616091,0.025708369910717052,1.0,0.0,0.13411458333333334,0.5201171875,0.8494140625,0.8654296875,0.00014322916666666667,0.005950520833333334,0.9362413883209229,0.016307353973388672,0.5179628133773804,1.0,0.0,0.11975221335887909,0.0,0.4402683973312378,1.0,0.9804885387420654,0.01951146125793457
7,2040,0.4252142906188965,0.19099202752113342,0.12934502959251404,0.020148582756519318,0.27759114583333333,0.7347403168678284,0.8962602589680598,0.022519931197166485,1.0,0.0,0.16015624999999997,0.5240234375,0.8445703125,0.85828125,0.00016927083333333334,0.0065234375,0.9354592561721802,0.016814133152365685,0.5160815715789795,1.0,0.0,0.10721050202846527,0.0,0.438669353723526,1.0,0.9805034399032593,0.019496560096740723
7,2050,0.425485759973526,0.19005334377288818,0.14476028084754944,0.02116795815527439,0.2843098958333333,0.7689878940582275,0.9204702397493215,0.02486664056777958,1.0,0.0,0.0761126893939394,0.511416903409091,0.8485546875,0.8602864583333333,0.0003515625,0.004674479166666667,0.9338953495025635,0.017348334193229675,0.5147498846054077,1.0,0.0,0.09833266586065292,0.0,0.43753740191459656,1.0,0.9803059101104736,0.019694089889526367
7,2060,0.43374353647232056,0.1866462379693985,0.13728275895118713,0.01666613481938839,0.2820703125,0.7565276026725769,0.901001760317729,0.033384405076503754,1.0,0.0,0.16370738636363633,0.5245561079545454,0.8590755208333334,0.8688541666666667,0.000390625,0.0066015625,0.9343034029006958,0.01756209507584572,0.5129194259643555,1.0,0.0,0.08612915128469467,0.0,0.43598151206970215,1.0,0.9800915718078613,0.019908428192138672
7,2070,0.4268357455730438,0.18580034375190735,0.14228001236915588,0.02353777177631855,0.28485677083333333,0.7701452374458313,0.9077668622823861,0.03549914062023165,1.0,0.0,0.07196969696969696,0.5107954545454545,0.8724088541666667,0.8499869791666667,6.510416666666667e-05,0.004583333333333333,0.9366315603256226,0.01756209507584572,0.5126657485961914,1.0,0.0,0.08443813025951385,0.0,0.4357658922672272,1.0,0.9798471927642822,0.020152807235717773
7,2080,0.42439156770706177,0.18435345590114594,0.142404705286026,0.024997759610414505,0.28110677083333335,0.7821812033653259,0.9050841053632589,0.03911636024713517,1.0,0.0,0.0,0.5,0.876171875,0.8451953125,0.00010416666666666667,0.0026041666666666665,0.9360228180885315,0.01928425207734108,0.5123528838157654,1.0,0.0,0.08235254883766174,0.0,0.43549996614456177,1.0,0.9795289635658264,0.020471036434173584
7,2090,0.4257381558418274,0.19294333457946777,0.1526077538728714,0.023259950801730156,0.2803776041666667,0.764240026473999,0.9395305603284102,0.017641663551330577,1.0,0.0,0.039417613636363626,0.5059126420454545,0.8509635416666667,0.8379557291666667,0.0011197916666666667,0.0038671875,0.9337502717971802,0.02120697684586048,0.5121161937713623,1.0,0.0,0.08077426254749298,0.0,0.43529877066612244,1.0,0.9793573617935181,0.020642638206481934
7,2100,0.4163804352283478,0.19932162761688232,0.14925533533096313,0.02199799194931984,0.27421875,0.7694419622421265,0.9466138227169331,0.0016959309577942226,1.0,0.0,0.08617424242424243,0.5129261363636364,0.8456770833333334,0.8302864583333334,0.00016927083333333334,0.004895833333333334,0.9297044277191162,0.02202407270669937,0.5101292133331299,1.0,0.0,0.06752795726060867,0.0,0.43360984325408936,1.0,0.9792056679725647,0.020794332027435303
7,2110,0.4251272976398468,0.18575435876846313,0.15060974657535553,0.023650821298360825,0.2839453125,0.7685290575027466,0.9217713655875278,0.03561410307884219,1.0,0.0,0.07374526515151514,0.5110617897727273,0.867421875,0.8682552083333334,0.00022135416666666666,0.004622395833333333,0.9297044277191162,0.02202407270669937,0.5095796585083008,1.0,0.0,0.0638640895485878,0.0,0.4331427216529846,1.0,0.979047954082489,0.020952045917510986
7,2120,0.42758724093437195,0.1877618432044983,0.15774796903133392,0.0202485304325819,0.2686588541666667,0.7698187828063965,0.9378664032312539,0.030595391988754286,1.0,0.0,0.01160037878787879,0.5017400568181818,0.866328125,0.86953125,0.00036458333333333335,0.0032552083333333335,0.9310340881347656,0.022197594866156578,0.50887531042099,1.0,0.0,0.05916869640350342,0.0,0.4325440227985382,1.0,0.9789127111434937,0.021087288856506348
7,2130,0.4285440146923065,0.20843881368637085,0.18198025226593018,0.027219681069254875,0.2764453125,0.7765185832977295,0.9999999999999999,0.0,1.0,0.0,0.01929450757575758,0.5028941761363637,0.8124869791666667,0.7807552083333333,0.00020833333333333335,0.003424479166666667,0.9321451187133789,0.021303871646523476,0.5085599422454834,1.0,0.0,0.05706619471311569,0.0,0.4322759509086609,1.0,0.9787753224372864,0.021224677562713623
7,2140,0.42485305666923523,0.19574305415153503,0.14148317277431488,0.02515859156847,0.29266927083333333,0.7636885643005371,0.9263037853057566,0.010642364621162458,1.0,0.0,0.029356060606060604,0.5044034090909091,0.8430989583333334,0.7680598958333333,9.114583333333334e-05,0.0036458333333333334,0.9313856363296509,0.02187827229499817,0.5076019763946533,1.0,0.0,0.05067978799343109,0.0,0.4314616918563843,1.0,0.9786498546600342,0.02135014533996582
7,2150,0.4192839562892914,0.19551271200180054,0.12934434413909912,0.017697995528578758,0.2788802083333333,0.7484439015388489,0.9053004679313071,0.01121821999549869,1.0,0.0,0.09150094696969698,0.5137251420454545,0.8359765625,0.8207942708333333,0.00020833333333333335,0.005013020833333334,0.9304673671722412,0.02391035482287407,0.5064579844474792,1.0,0.0,0.04305329918861389,0.0,0.43048930168151855,1.0,0.9683840870857239,0.03161591291427612
7,2160,0.4127205014228821,0.1982044130563736,0.14698149263858795,0.023761766031384468,0.28313802083333334,0.7501922845840454,0.9405313521165114,0.004488967359066054,1.0,0.0,0.07315340909090907,0.5109730113636364,0.8453255208333333,0.7977864583333333,0.0,0.004609375,0.9302871227264404,0.02602940797805786,0.5059143304824829,1.0,0.0,0.039428889751434326,0.0,0.43002718687057495,1.0,0.9682741165161133,0.03172588348388672
7,2170,0.42151501774787903,0.21046629548072815,0.19363491237163544,0.01977577619254589,0.27825520833333334,0.7453790307044983,0.9999999999999999,0.0,1.0,0.0,0.09682765151515149,0.5145241477272727,0.8148307291666667,0.7679166666666667,0.0004296875,0.005130208333333333,0.9281905889511108,0.028079409152269363,0.5047450065612793,1.0,0.0,0.031633295118808746,0.0,0.4290332794189453,1.0,0.9670717716217041,0.0329282283782959
7,2180,0.4162202477455139,0.18098723888397217,0.15281373262405396,0.01744631491601467,0.2786328125,0.7468027472496033,0.9159669483624971,0.047531902790069594,1.0,0.0,0.014559659090909083,0.5021839488636364,0.8811197916666667,0.875,0.0012369791666666666,0.0033203125,0.9253698587417603,0.029871100559830666,0.5042309761047363,1.0,0.0,0.028206169605255127,0.0,0.4285963475704193,1.0,0.9599996209144592,0.04000037908554077
7,2190,0.42022213339805603,0.18384911119937897,0.13469955325126648,0.016674652695655823,0.2576171875,0.742678165435791,0.8910359279009011,0.04037722200155258,1.0,0.0,0.03053977272727271,0.504580965909091,0.86875,0.8758984375,0.00026041666666666666,0.003671875,0.926682710647583,0.029330816119909286,0.5042757391929626,1.0,0.0,0.02850491553544998,0.0,0.4286344051361084,1.0,0.9531856179237366,0.04681438207626343
7,2200,0.41988804936408997,0.19313639402389526,0.13790573179721832,0.020202873274683952,0.2579427083333333,0.7693119049072266,0.9150363341661599,0.017159014940261882,1.0,0.0,0.007457386363636369,0.5011186079545454,0.8516276041666667,0.8414322916666667,5.208333333333334e-05,0.0031640625,0.9268577098846436,0.02951192483305931,0.5041742920875549,1.0,0.0,0.027828508988022804,0.0,0.4285481572151184,1.0,0.945449948310852,0.05455005168914795
7,2210,0.41022902727127075,0.20244358479976654,0.1823805272579193,0.016908109188079834,0.2545442708333333,0.755872368812561,0.9999999999999999,0.0,1.0,0.0,0.018702651515151502,0.5028053977272727,0.8297395833333333,0.8159765625,0.00010416666666666667,0.003411458333333333,0.9262655973434448,0.031032519415020943,0.5035587549209595,1.0,0.0,0.02372497320175171,0.0,0.42802494764328003,1.0,0.9397304058074951,0.06026959419250488
7,2220,0.4158181846141815,0.18829339742660522,0.15670526027679443,0.018152888864278793,0.25701822916666667,0.7734269499778748,0.937164927629324,0.029266506433486952,1.0,0.0,0.0,0.5,0.8544661458333334,0.859140625,6.510416666666667e-05,0.002864583333333333,0.9288496971130371,0.029336610808968544,0.5045691728591919,1.0,0.0,0.030460860580205917,0.0,0.428883820772171,1.0,0.9349974393844604,0.06500256061553955
7,2230,0.42299285531044006,0.19197793304920197,0.15043270587921143,0.017509369179606438,0.24032552083333333,0.7939074635505676,0.9339189068170693,0.020055167376995125,1.0,0.0,0.0,0.5,0.858671875,0.856328125,5.208333333333334e-05,0.0025,0.9300076961517334,0.027879687026143074,0.5060403347015381,1.0,0.0,0.04026876017451286,0.0,0.43013429641723633,1.0,0.9298969507217407,0.07010304927825928
7,2240,0.4204012155532837,0.1848916858434677,0.14908979833126068,0.019902750849723816,0.24544270833333334,0.804003894329071,0.9174737996321457,0.037770785391330726,1.0,0.0,0.0,0.5,0.873515625,0.8710286458333333,1.3020833333333334e-05,0.0019010416666666668,0.9279424548149109,0.028544163331389427,0.5076509714126587,1.0,0.0,0.05100671947002411,0.0,0.4315033257007599,1.0,0.924597978591919,0.07540202140808105
7,2250,0.41961970925331116,0.17392253875732422,0.13812291622161865,0.017177661880850792,0.21743489583333334,0.80657958984375,0.87697616650508,0.06519365310668947,1.0,0.0,0.0,0.5,0.8866927083333334,0.8830598958333333,0.0,0.0015234375,0.9131691455841064,0.04212328791618347,0.48902392387390137,0.9592285752296448,0.0,0.06273110210895538,0.0,0.41567033529281616,1.0,0.9190975427627563,0.08090245723724365
7,2260,0.43236759305000305,0.1722532957792282,0.16356046497821808,0.017704280093312263,0.2511848958333333,0.7997854351997375,0.9166858399831331,0.06936676055192947,1.0,0.0,0.0,0.5,0.889296875,0.8885026041666667,7.8125e-05,0.0005338541666666666,0.9140419960021973,0.04158908873796463,0.4883703589439392,0.9592285752296448,0.0,0.058373916894197464,0.0,0.4151148200035095,1.0,0.9124635457992554,0.08753645420074463
7,2270,0.43268513679504395,0.16942623257637024,0.13161855936050415,0.01939753256738186,0.24502604166666667,0.7981030941009521,0.8569761809935935,0.0764344185590744,1.0,0.0,0.0,0.5,0.8949609375,0.902265625,3.90625e-05,0.0009375,0.916496992111206,0.042129091918468475,0.4942339360713959,0.9592285752296448,0.0,0.09746459871530533,0.0,0.4200988709926605,1.0,0.906170129776001,0.09382987022399902
7,2280,0.42610299587249756,0.17075014114379883,0.12506364285945892,0.024932989850640297,0.25569010416666665,0.7826817631721497,0.8485310625112973,0.07312464714050294,1.0,0.0,0.0,0.5,0.8940885416666666,0.9040755208333333,0.0,0.0022786458333333335,0.9053241610527039,0.052572403103113174,0.5006852149963379,0.9592285752296448,0.0,0.14047281444072723,0.0,0.4255824387073517,1.0,0.8994232416152954,0.10057675838470459
7,2290,0.4258827865123749,0.18889182806015015,0.153331458568573,0.039863795042037964,0.28770833333333334,0.7825585007667542,0.9326522783132699,0.027770429849624655,1.0,0.0,0.006273674242424241,0.5009410511363637,0.8418098958333333,0.8479427083333333,5.208333333333334e-05,0.0031380208333333334,0.9089515209197998,0.0510573647916317,0.49773266911506653,0.939245879650116,0.0,0.1873985379934311,0.0,0.42307278513908386,1.0,0.8924964666366577,0.10750353336334229
7,2300,0.4250229299068451,0.1914220154285431,0.1565772444009781,0.04412936419248581,0.301640625,0.7791292667388916,0.9432055213818183,0.021444961428642287,1.0,0.0,0.025213068181818184,0.5037819602272727,0.8334635416666667,0.8427083333333333,1.3020833333333334e-05,0.0035546875,0.9136925339698792,0.0500301830470562,0.49236705899238586,0.914665162563324,0.0,0.23356333374977112,0.0,0.4185120165348053,1.0,0.868561863899231,0.13143813610076904
7,2310,0.43720540404319763,0.1865486353635788,0.1570039689540863,0.025424206629395485,0.27436197916666666,0.7865544557571411,0.9341809104956112,0.03362841159105302,1.0,0.0,0.0,0.5,0.8484505208333334,0.8691536458333333,1.3020833333333334e-05,0.0021744791666666666,0.9170010089874268,0.05068795755505562,0.49574804306030273,0.9072479009628296,0.0,0.28082725405693054,0.0,0.42138585448265076,1.0,0.8446540236473083,0.15534597635269165
7,2320,0.3660186231136322,0.21914449334144592,0.16583962738513947,0.01695697009563446,0.24122395833333332,0.7485308647155762,0.9760362924979283,0.0,1.0,0.0,0.21519886363636362,0.5322798295454545,0.7549609375,0.7565885416666667,0.00010416666666666667,0.007734375,0.9165495038032532,0.0515909418463707,0.5027573108673096,0.9072479009628296,0.0,0.32755568623542786,0.0,0.4273437261581421,1.0,0.8207460641860962,0.1792539358139038
7,2330,0.4014187753200531,0.20721189677715302,0.15765473246574402,0.017021458595991135,0.25850260416666665,0.7300458550453186,0.9621849318651051,0.0,1.0,0.0,0.21756628787878787,0.5326349431818181,0.7883203125,0.8238541666666667,0.0,0.007786458333333334,0.9190546870231628,0.05117117613554001,0.5096472501754761,0.9067422151565552,0.0,0.37517476081848145,0.0,0.4332001805305481,1.0,0.7968305349349976,0.20316946506500244
7,2340,0.3448276221752167,0.2354549765586853,0.15849503874778748,0.014429816044867039,0.20360677083333334,0.7174745798110962,0.9566299921223241,0.013953993055555558,1.0,0.0,0.2447916666666666,0.53671875,0.6784375,0.6867447916666667,7.8125e-05,0.008385416666666666,0.9217414855957031,0.05113609507679939,0.5167901515960693,0.9067421555519104,0.0,0.42279380559921265,0.0,0.43927162885665894,1.0,0.7729060053825378,0.22709399461746216
7,2350,0.7762578725814819,0.3478440046310425,0.0782049372792244,0.009880226105451584,0.028190104166666667,0.34433236718177795,0.6160634301819353,0.295803952991453,0.14379882812499994,0.0,0.27556818181818177,0.11323464133522723,0.024609375,0.12140625,0.0030989583333333333,0.0090625,0.9251960515975952,0.05028800666332245,0.5239330530166626,0.9067422151565552,0.0,0.47041285037994385,0.8724785447120667,0.8724785447120667,0.27985870838165283,0.7489874958992004,0.25101250410079956
7,2360,0.4328392446041107,0.21177373826503754,0.13487322628498077,0.009408949874341488,0.13678385416666666,0.8495438098907471,0.9236316137130444,0.0,1.0,0.0,0.0,0.5,0.8385416666666666,0.8615104166666666,0.0032682291666666667,0.0025130208333333333,0.9306586980819702,0.04797472059726715,0.5259731411933899,0.8965367078781128,0.0,0.518031895160675,0.0,0.4470771849155426,1.0,0.7250795364379883,0.2749204635620117
7,2370,0.39998146891593933,0.30645298957824707,0.2888046205043793,0.009484833106398582,0.1791015625,0.4067653715610504,0.9920855034722221,0.015828993055555556,1.0,0.0,0.8940577651515151,0.6341086647727272,0.012083333333333333,0.5630078125,0.1334765625,0.022669270833333335,0.934191107749939,0.04554145410656929,0.52993243932724,0.890169620513916,0.0,0.5656509399414062,0.19683979451656342,0.4504425823688507,0.9076923131942749,0.7011778354644775,0.29882216453552246
7,2380,0.18570517003536224,0.20522795617580414,0.13305388391017914,0.0050702751614153385,0.11946614583333333,0.4737622141838074,0.7653706505786404,0.21930955215874645,1.0,0.0,1.0,0.65,0.19622395833333334,0.33763020833333335,0.018151041666666666,0.029791666666666668,0.9405431747436523,0.04281875863671303,0.5331400632858276,0.8822990655899048,0.0,0.6132700443267822,0.49849382042884827,0.49849382042884827,0.4225142002105713,0.6772940158843994,0.3227059841156006
7,2390,0.3578210473060608,0.3012654185295105,0.2625962793827057,0.04587975889444351,0.2551041666666667,0.265372097492218,0.9921419270833333,0.015716145833333334,0.5803629557291667,0.0,1.0,0.4401814778645834,0.20376302083333334,0.081953125,0.1262890625,0.054388020833333335,0.947303295135498,0.04024209827184677,0.5366014242172241,0.8749361038208008,0.0,0.6608890295028687,0.5236467123031616,0.5236467123031616,0.4388050436973572,0.6534316539764404,0.34656834602355957
7,2400,0.3361012637615204,0.29603490233421326,0.263069748878479,0.04368167370557785,0.2532421875,0.23828589916229248,0.9905967881944444,0.018806423611111116,0.48380533854166674,0.0,1.0,0.3919026692708334,0.17928385416666667,0.07553385416666666,0.14759114583333333,0.07555989583333333,0.9028912782669067,0.03891969844698906,0.512747049331665,0.8273169994354248,0.0,0.6605902910232544,0.5899619460105896,0.5899619460105896,0.38590896129608154,0.6295599937438965,0.3704400062561035
7,2410,0.30257099866867065,0.2708102762699127,0.2669496238231659,0.03642848879098892,0.2538932291666667,0.35073623061180115,0.9845138888888888,0.03097222222222223,0.8442382812500001,0.0,1.0,0.572119140625,0.266171875,0.103984375,0.1070703125,0.07307291666666667,0.8579767346382141,0.037898510694503784,0.4887574315071106,0.7796980142593384,0.0,0.6593896746635437,0.3326793611049652,0.4154438376426697,0.5736621022224426,0.60568767786026,0.39431232213974
7,2420,0.3573770225048065,0.29376259446144104,0.2456916868686676,0.0397629477083683,0.25341145833333334,0.39039891958236694,0.9905186631944444,0.018962673611111112,1.0,0.0,1.0,0.65,0.31345052083333336,0.10731770833333333,0.09151041666666666,0.04796875,0.813491940498352,0.036297157406806946,0.4649478793144226,0.7320789098739624,0.0,0.6593896746635437,0.24327874183654785,0.39520570635795593,0.6758248805999756,0.5818227529525757,0.4181772470474243
7,2430,0.34960612654685974,0.287296861410141,0.2481665164232254,0.04030493274331093,0.258046875,0.3415354788303375,0.9897743055555555,0.020451388888888894,0.9893798828125003,0.0,1.0,0.6446899414062501,0.31018229166666667,0.10641927083333333,0.08805989583333333,0.04893229166666667,0.7670140266418457,0.036297157406806946,0.43960124254226685,0.6844598650932312,0.0,0.6491420865058899,0.29119616746902466,0.373661071062088,0.6687626242637634,0.5579379200935364,0.4420620799064636
7,2440,0.3506834805011749,0.28759875893592834,0.24863846600055695,0.04027454927563667,0.25440104166666666,0.3438161611557007,0.9903407118055555,0.01931857638888889,1.0,0.0,1.0,0.65,0.31399739583333336,0.10893229166666667,0.0846484375,0.047565104166666664,0.7211956977844238,0.036297157406806946,0.4142376780509949,0.6368408203125,0.0,0.6387817859649658,0.2834668755531311,0.35210204124450684,0.6770066022872925,0.534042477607727,0.46595752239227295
7,2450,0.3479838967323303,0.28662335872650146,0.24875818192958832,0.03887004032731056,0.2555338541666667,0.3611977994441986,0.99001953125,0.019960937499999998,1.0,0.0,1.0,0.65,0.3166015625,0.10975260416666667,0.0823046875,0.04864583333333333,0.6756418943405151,0.035632677376270294,0.3886796534061432,0.5892218351364136,0.0,0.6271250247955322,0.25694191455841064,0.3303777277469635,0.6826338171958923,0.5101611614227295,0.4898388385772705
7,2460,0.3576478958129883,0.2920340299606323,0.24967850744724274,0.03571949154138565,0.248359375,0.3636977970600128,0.9916927083333332,0.016614583333333332,0.785685221354167,0.0,1.0,0.5428426106770835,0.2786588541666667,0.07276041666666666,0.0842578125,0.049166666666666664,0.6463055610656738,0.021546777337789536,0.3832875192165375,0.5823742151260376,0.0,0.6140027642250061,0.2999999225139618,0.32579439878463745,0.6006448268890381,0.4864855408668518,0.5135144591331482
7,2470,0.3533201217651367,0.2820945978164673,0.25279465317726135,0.03833518177270889,0.2607421875,0.38976332545280457,0.9908658854166665,0.01826822916666667,0.8662923177083335,0.0,1.0,0.5831461588541668,0.3018359375,0.07537760416666667,0.08705729166666666,0.04837239583333333,0.602323055267334,0.021546775475144386,0.3594779968261719,0.5347551703453064,0.0,0.6140027642250061,0.23664802312850952,0.3055562973022461,0.6507272720336914,0.46282583475112915,0.5371741652488708
7,2480,0.3544965982437134,0.2914589047431946,0.2503242492675781,0.038086794316768646,0.25671875,0.35870328545570374,0.9903710937499999,0.0192578125,0.8347167968750001,0.0,1.0,0.5673583984375,0.2960286458333333,0.07108072916666666,0.083203125,0.053411458333333335,0.5550808906555176,0.020793015137314796,0.32928234338760376,0.4871361255645752,0.0,0.5714285969734192,0.2854580283164978,0.2854580283164978,0.6381785869598389,0.43919074535369873,0.5608092546463013
7,2490,0.35504573583602905,0.29234927892684937,0.2505726218223572,0.039986591786146164,0.2595572916666667,0.2969312369823456,0.9904926215277777,0.019014756944444447,0.8453776041666667,0.0,1.0,0.5726888020833334,0.2963671875,0.07415364583333334,0.0851953125,0.052044270833333336,0.5186346769332886,0.010349702090024948,0.2983299493789673,0.439517080783844,0.0,0.523809552192688,0.3679887056350708,0.3679887056350708,0.6389101147651672,0.41563135385513306,0.5843686461448669
