video,frame,brightness,contrast,center_contrast,sharpness,edge_density,saturation,visibility_score,no_vision_score,brown_deposit_score,light_deposit_score,dark_structure_score,dirt_deposit_score,brown_fraction,yellow_fraction,light_deposit_fraction,dark_structure_fraction,visibility_score_smooth,no_vision_score_smooth,dirt_deposit_score_smooth,brown_deposit_score_smooth,light_deposit_score_smooth,dark_structure_score_smooth,feature_anomaly_score,anomaly_score,pipe_similarity_score,inspection_active_score,handling_score
6,0,0.33765649795532227,0.29538023471832275,0.2569868266582489,0.03497835248708725,0.20463541666666665,0.22267302870750427,0.9809917534722221,0.03801649305555556,0.455810546875,0.0,1.0,0.3779052734375,0.22989583333333333,0.015963541666666668,0.1836328125,0.0369921875,0.5166577696800232,0.010355902835726738,0.29954981803894043,0.4928191602230072,0.0,0.3542681336402893,0.6758472919464111,0.6758472919464111,0.1532406210899353,0.47485554218292236,0.5251444578170776
6,10,0.3113061785697937,0.26961857080459595,0.27156680822372437,0.022106437012553215,0.19274739583333333,0.32001549005508423,0.9861957465277778,0.027608506944444444,0.8933919270833335,0.0,1.0,0.5966959635416668,0.3703515625,0.015533854166666666,0.13098958333333333,0.038033854166666665,0.563714325428009,0.011480862274765968,0.3305021822452545,0.540438175201416,0.0,0.4018871784210205,0.390379935503006,0.390379935503006,0.6687687635421753,0.49875134229660034,0.5012486577033997
6,20,0.29204678535461426,0.24098901450634003,0.1760648638010025,0.027241360396146774,0.2244140625,0.43318939208984375,0.9795059033234914,0.02766927083333334,1.0,0.0,1.0,0.65,0.36428385416666664,0.080234375,0.07490885416666666,0.036458333333333336,0.6050527095794678,0.013371807523071766,0.3580978810787201,0.588057279586792,0.0,0.4271284341812134,0.0,0.30438321828842163,1.0,0.5226415395736694,0.47735846042633057
6,30,0.35912343859672546,0.23505017161369324,0.2536700665950775,0.029838381335139275,0.26739583333333333,0.6487194299697876,0.9999999999999999,0.0,1.0,0.0,0.24834280303030298,0.5372514204545454,0.5152994791666666,0.7156380208333334,0.008802083333333334,0.008463541666666666,0.6519696712493896,0.014775991439819336,0.3837827444076538,0.6356763243675232,0.0,0.4396306872367859,0.0,0.32621535658836365,1.0,0.5465562343597412,0.4534437656402588
6,40,0.48350900411605835,0.25956156849861145,0.2556598484516144,0.06199558824300766,0.3172786458333333,0.6956415772438049,0.9999999999999999,0.0,1.0,0.0,0.04947916666666665,0.507421875,0.6489192708333333,0.689609375,0.008020833333333333,0.0040885416666666665,0.6988927125930786,0.016167979687452316,0.40996646881103516,0.6832953691482544,0.0,0.4554586410522461,0.17926953732967377,0.3484715223312378,0.9309241771697998,0.5697884559631348,0.43021154403686523
6,50,0.6067842841148376,0.28492283821105957,0.2289849817752838,0.05877907946705818,0.2897135416666667,0.6376888751983643,0.9949652777777777,0.010069444444444447,1.0,0.0,0.0,0.5,0.4427083333333333,0.5441145833333333,0.0130859375,0.0021223958333333333,0.7458136081695557,0.017564307898283005,0.43608254194259644,0.7309143543243408,0.0,0.4708355963230133,0.12962467968463898,0.3706701695919037,0.9425439834594727,0.5936291217803955,0.4063708782196045
6,60,0.48169758915901184,0.28114116191864014,0.2642784118652344,0.04689877852797508,0.2850390625,0.5900722742080688,0.9999999999999999,0.0,1.0,0.0,0.1418087121212121,0.5212713068181818,0.512578125,0.6634635416666667,0.0471875,0.006119791666666667,0.7927618622779846,0.018905868753790855,0.46213942766189575,0.7785334587097168,0.0,0.4858179986476898,0.0,0.39281851053237915,1.0,0.6175486445426941,0.3824513554573059
6,70,0.26703980565071106,0.216117262840271,0.15944164991378784,0.026000013574957848,0.238671875,0.5985004901885986,0.9442627654523931,0.04189236111111112,1.0,0.0,1.0,0.65,0.2917708333333333,0.5979166666666667,0.000234375,0.0339453125,0.839715838432312,0.0202360600233078,0.4880906343460083,0.8261525630950928,0.0,0.5000958442687988,0.0,0.4148770570755005,1.0,0.6414685249328613,0.35853147506713867
6,80,0.314281165599823,0.2381250262260437,0.18200603127479553,0.037436410784721375,0.26483072916666667,0.6121349930763245,0.9872222222222221,0.025555555555555554,1.0,0.0,1.0,0.65,0.4078125,0.6455338541666666,0.00024739583333333335,0.0258984375,0.8866672515869141,0.021571211516857147,0.5140883326530457,0.8737715482711792,0.0,0.5146836638450623,0.0,0.4369750916957855,1.0,0.6653876900672913,0.33461230993270874
6,90,0.32334697246551514,0.24375095963478088,0.19198091328144073,0.04375363886356354,0.27578125,0.6226831674575806,0.9879904513888889,0.024019097222222223,1.0,0.0,1.0,0.65,0.42755208333333333,0.6474348958333334,0.0004427083333333333,0.029765625,0.9336338043212891,0.022876188158988953,0.5399887561798096,0.9213906526565552,0.0,0.5286232829093933,0.0,0.4589904546737671,1.0,0.6893049478530884,0.3106950521469116
6,100,0.3208080530166626,0.2401123195886612,0.18612955510616302,0.0408247709274292,0.2715885416666667,0.5804215669631958,0.9886783854166665,0.022643229166666667,1.0,0.0,1.0,0.65,0.42973958333333334,0.6535286458333334,0.00040364583333333333,0.0283203125,0.9798658490180969,0.024185091257095337,0.5663542747497559,0.9690096378326416,0.0,0.5456631183624268,0.0,0.48140114545822144,1.0,0.7132214307785034,0.2867785692214966
6,110,0.32340335845947266,0.24311260879039764,0.19085465371608734,0.04227856174111366,0.2677994791666667,0.5755946636199951,0.9881879340277777,0.023624131944444453,1.0,0.0,1.0,0.65,0.43859375,0.6524479166666667,0.0004427083333333333,0.028255208333333334,0.9765046834945679,0.023385241627693176,0.5739675760269165,0.99492347240448,0.0,0.5100389719009399,0.0,0.487872451543808,1.0,0.7371320128440857,0.2628679871559143
6,120,0.2797299027442932,0.195085808634758,0.12021975219249725,0.008379650302231312,0.16,0.5839837789535522,0.8681058732189869,0.03970986367705557,1.0,0.0,0.5300662878787878,0.5795099431818181,0.4143880208333333,0.692265625,0.00014322916666666667,0.014661458333333334,0.9683076739311218,0.023073775693774223,0.5707225799560547,1.0,0.0,0.47148382663726807,0.0,0.4851142168045044,1.0,0.7610584497451782,0.23894155025482178
6,130,0.32697880268096924,0.2410891056060791,0.18997132778167725,0.031741730868816376,0.21821614583333335,0.6485458612442017,0.9852560763888888,0.029487847222222224,1.0,0.0,0.26254734848484845,0.5393821022727273,0.24229166666666666,0.6886848958333334,0.0021875,0.008776041666666666,0.9582386016845703,0.024005267769098282,0.5645503401756287,1.0,0.0,0.43033573031425476,0.0,0.4798678159713745,1.0,0.7850300073623657,0.21496999263763428
6,140,0.3231625258922577,0.23900990188121796,0.19581963121891022,0.037790119647979736,0.24106770833333332,0.5581771731376648,0.9853841145833333,0.029231770833333337,1.0,0.0,0.33238636363636365,0.5498579545454545,0.2594401041666667,0.6907421875,0.0026171875,0.0103125,0.9433199763298035,0.0305196400731802,0.563835859298706,1.0,0.0,0.4255726933479309,0.0,0.47926050424575806,1.0,0.8090660572052002,0.1909339427947998
6,150,0.3229529857635498,0.2391999363899231,0.19711437821388245,0.037621304392814636,0.24180989583333334,0.5533421039581299,0.9853385416666666,0.02932291666666667,1.0,0.0,0.3229166666666666,0.5484375,0.25091145833333334,0.6899739583333333,0.0020833333333333333,0.010104166666666666,0.9379926323890686,0.031177503988146782,0.5648758411407471,1.0,0.0,0.43250584602355957,0.0,0.4801444709300995,1.0,0.8331913352012634,0.16680866479873657
6,160,0.3256717920303345,0.24070438742637634,0.19741781055927277,0.038109276443719864,0.248359375,0.546870231628418,0.9859136284722221,0.02817274305555556,1.0,0.0,0.31463068181818177,0.5471946022727273,0.2578255208333333,0.6941927083333334,0.00203125,0.009921875,0.936159610748291,0.031510669738054276,0.5693300366401672,1.0,0.0,0.4622001349925995,0.0,0.4839305579662323,1.0,0.8573318123817444,0.14266818761825562
6,170,0.325832724571228,0.24078334867954254,0.19649888575077057,0.03833369165658951,0.25069010416666665,0.5371143817901611,0.986032986111111,0.027934027777777783,1.0,0.0,0.2998342803030303,0.5449751420454545,0.2535677083333333,0.6941666666666667,0.0018098958333333333,0.009596354166666666,0.9351946115493774,0.03225657716393471,0.5717650651931763,1.0,0.0,0.47843390703201294,0.0,0.48600032925605774,1.0,0.8814643621444702,0.11853563785552979
6,180,0.3254774808883667,0.2407054454088211,0.1966893970966339,0.03834874555468559,0.2502734375,0.5423080325126648,0.9859809027777777,0.028038194444444442,1.0,0.0,0.3063446969696969,0.5459517045454545,0.2532552083333333,0.6936458333333333,0.0016927083333333334,0.009739583333333333,0.9372132420539856,0.030987562611699104,0.5684718489646912,1.0,0.0,0.45647886395454407,0.0,0.4832010865211487,1.0,0.9040722250938416,0.09592777490615845
6,190,0.32670706510543823,0.2388771027326584,0.1849895864725113,0.035044580698013306,0.24190104166666668,0.5577383637428284,0.9862977430555555,0.027404513888888895,1.0,0.0,0.2927320075757575,0.5439098011363637,0.2660416666666667,0.6950520833333333,0.0012760416666666666,0.009440104166666666,0.9360123872756958,0.030448541045188904,0.5636736154556274,1.0,0.0,0.42449045181274414,0.0,0.4791225790977478,1.0,0.9281790256500244,0.07182097434997559
6,200,0.3217940330505371,0.23319029808044434,0.17090941965579987,0.031708974391222,0.2395703125,0.5522031784057617,0.9708724513726358,0.02748697916666667,1.0,0.0,0.3578361742424242,0.5536754261363637,0.2745182291666667,0.6969791666666667,0.0010286458333333332,0.010872395833333333,0.9332694411277771,0.03014637529850006,0.5596404671669006,1.0,0.0,0.39760327339172363,0.0,0.4756944179534912,1.0,0.9484902620315552,0.051509737968444824
6,210,0.33353009819984436,0.22209255397319794,0.13332878053188324,0.02696973830461502,0.232734375,0.530020534992218,0.9104081272569476,0.021219618055555556,1.0,0.0,0.25189393939393934,0.5377840909090909,0.18337239583333334,0.7423567708333333,0.000625,0.008541666666666666,0.9308489561080933,0.029845450073480606,0.5556285381317139,1.0,0.0,0.37085700035095215,0.0,0.4722842574119568,1.0,0.9614966511726379,0.03850334882736206
6,220,0.34493646025657654,0.20894277095794678,0.07634919881820679,0.01644912175834179,0.1958203125,0.49015238881111145,0.8140570976795295,0.021067708333333338,1.0,0.0,0.1903409090909091,0.5285511363636364,0.39829427083333335,0.7674609375,0.0008203125,0.0071875,0.9298633337020874,0.029674114659428596,0.5520774126052856,1.0,0.0,0.3471827507019043,0.0,0.46926581859588623,1.0,0.9679242968559265,0.032075703144073486
6,230,0.3187426030635834,0.18804700672626495,0.062193986028432846,0.014139105565845966,0.18319010416666667,0.49112722277641296,0.7680559446694506,0.04723057346211541,1.0,0.0,0.13589015151515152,0.5203835227272727,0.62203125,0.7812630208333333,0.0016145833333333333,0.005989583333333334,0.9335123300552368,0.02876840904355049,0.5513080358505249,1.0,0.0,0.3420533537864685,0.0018025562167167664,0.46861183643341064,1.0,0.9700547456741333,0.0299452543258667
6,240,0.3217112123966217,0.18091024458408356,0.06033525988459587,0.006577661726623774,0.1459375,0.502994179725647,0.6867085183186006,0.13680185961155952,1.0,0.0,0.14831912878787876,0.5222478693181818,0.5500520833333333,0.7905989583333334,0.0019010416666666668,0.006263020833333333,0.9337488412857056,0.02829531952738762,0.5540981888771057,1.0,0.0,0.3606545329093933,0.06920404732227325,0.47098347544670105,0.9438287615776062,0.971892237663269,0.028107762336730957
6,250,0.3018686771392822,0.20119991898536682,0.11797406524419785,0.00943321269005537,0.1924609375,0.5240511298179626,0.8881254814068477,0.013815104166666668,1.0,0.0,0.19507575757575757,0.5292613636363637,0.2960286458333333,0.7783854166666667,0.0014192708333333334,0.007291666666666667,0.9338721632957458,0.028048750013113022,0.5553791522979736,1.0,0.0,0.3691941797733307,0.0,0.4720723032951355,0.9936105012893677,0.9742609262466431,0.025739073753356934
6,260,0.292101114988327,0.20924796164035797,0.15932154655456543,0.009380316361784935,0.211015625,0.520168125629425,0.9564727080581534,0.017065972222222225,1.0,0.0,0.6235795454545455,0.5935369318181818,0.19329427083333334,0.7161979166666667,0.005703125,0.01671875,0.9339531660079956,0.027886714786291122,0.5585328936576843,1.0,0.0,0.39021915197372437,0.0,0.4747529625892639,1.0,0.9761784672737122,0.023821532726287842
6,270,0.33244797587394714,0.23502665758132935,0.17265264689922333,0.013192126527428627,0.23321614583333333,0.5191117525100708,0.9797339865794549,0.015664062500000003,1.0,0.0,0.482717803030303,0.5724076704545454,0.17678385416666667,0.7220442708333333,0.008020833333333333,0.013619791666666667,0.9339900016784668,0.0278131365776062,0.5592346787452698,1.0,0.0,0.3948976695537567,0.0,0.475349485874176,1.0,0.9770886898040771,0.02291131019592285
6,280,0.3309864401817322,0.23009294271469116,0.17661777138710022,0.013413753360509872,0.24227864583333333,0.5068039894104004,0.9866547007234687,0.015243055555555564,1.0,0.0,0.5389441287878787,0.5808416193181818,0.30365885416666666,0.7350130208333333,0.013541666666666667,0.014856770833333333,0.9339213371276855,0.02795037254691124,0.5597800016403198,1.0,0.0,0.39853334426879883,0.0,0.47581300139427185,1.0,0.9776904582977295,0.022309541702270508
6,290,0.33506786823272705,0.22173497080802917,0.16175346076488495,0.010651780292391777,0.22790364583333333,0.5034195184707642,0.9620031857388651,0.014236111111111116,1.0,0.0,0.32824337121212116,0.5492365056818181,0.2686588541666667,0.7455208333333333,0.007903645833333334,0.010221354166666667,0.933748185634613,0.02829676680266857,0.563703179359436,1.0,0.0,0.4246877431869507,0.0,0.47914770245552063,1.0,0.9779857397079468,0.022014260292053223
6,300,0.31208351254463196,0.21037383377552032,0.1440880000591278,0.013077180832624435,0.216328125,0.5358173847198486,0.930389040698353,0.01767361111111112,1.0,0.0,0.4353693181818181,0.5653053977272727,0.33416666666666667,0.7289192708333333,0.0060546875,0.012578125,0.9336736798286438,0.028445784002542496,0.5634284019470215,1.0,0.0,0.42285579442977905,0.0,0.47891414165496826,1.0,0.9779785871505737,0.02202141284942627
6,310,0.320279598236084,0.2262936383485794,0.14809735119342804,0.012001183815300465,0.21385416666666668,0.545314371585846,0.9378490096585362,0.016323784722222227,1.0,0.0,0.4383285984848484,0.5657492897727272,0.40640625,0.7226432291666667,0.004153645833333333,0.012643229166666667,0.9328022599220276,0.02864254079759121,0.564548671245575,1.0,0.0,0.4303244352340698,0.0,0.4798663854598999,1.0,0.977672815322876,0.022327184677124023
6,320,0.3237321078777313,0.2320413440465927,0.16670562326908112,0.013898388482630253,0.22173177083333334,0.5246279835700989,0.9674888031604961,0.020026041666666675,1.0,0.0,0.5028409090909091,0.5754261363636364,0.35259114583333334,0.7086979166666667,0.0128125,0.0140625,0.9356021881103516,0.02917846292257309,0.5656352043151855,1.0,0.0,0.43756765127182007,0.0,0.4807899296283722,1.0,0.9773762822151184,0.022623717784881592
6,330,0.29933130741119385,0.2192951738834381,0.15345710515975952,0.010933450423181057,0.201796875,0.5618898272514343,0.9447362028024135,0.020690104166666667,1.0,0.0,0.4223484848484848,0.5633522727272727,0.38904947916666666,0.6828645833333333,0.0033333333333333335,0.012291666666666666,0.9432047605514526,0.029679041355848312,0.5675714015960693,1.0,0.0,0.4504757523536682,0.0,0.4824357032775879,1.0,0.9771195650100708,0.0228804349899292
6,340,0.327973335981369,0.23653429746627808,0.18886172771453857,0.019578320905566216,0.24559895833333334,0.4955528676509857,0.9902235243055555,0.019552951388888892,1.0,0.0,0.6531723484848484,0.5979758522727272,0.311953125,0.7044921875,0.0346875,0.017369791666666665,0.9534912109375,0.028946997597813606,0.570040225982666,1.0,0.0,0.4669349789619446,0.0,0.48453420400619507,1.0,0.9769148230552673,0.023085176944732666
6,350,0.3375392258167267,0.25919148325920105,0.20890571177005768,0.017302539199590683,0.23955729166666667,0.4793284237384796,0.9879730902777777,0.02405381944444445,1.0,0.0,0.5117187499999999,0.5767578125,0.11098958333333334,0.6778125,0.05098958333333333,0.0142578125,0.9661534428596497,0.024015996605157852,0.5738576650619507,1.0,0.0,0.49238479137420654,0.0,0.48777902126312256,1.0,0.9768015146255493,0.023198485374450684
6,360,0.3179011046886444,0.24041634798049927,0.19751715660095215,0.019667459651827812,0.24529947916666667,0.47382110357284546,0.9870399305555555,0.02592013888888889,1.0,0.0,0.7644412878787878,0.6146661931818181,0.21805989583333332,0.680078125,0.047174479166666665,0.019817708333333333,0.9689387083053589,0.02475157007575035,0.576212465763092,1.0,0.0,0.5080830454826355,0.0,0.48978060483932495,1.0,0.9767212271690369,0.023278772830963135
6,370,0.35301119089126587,0.27944982051849365,0.23425456881523132,0.017613083124160767,0.22212239583333335,0.4711931347846985,0.9866861979166666,0.026627604166666676,1.0,0.0,0.4128787878787878,0.5619318181818181,0.13225260416666668,0.6551171875,0.03588541666666667,0.012083333333333333,0.9678258299827576,0.02521391399204731,0.5771087408065796,1.0,0.0,0.514057993888855,0.04249144345521927,0.4905424416065216,1.0,0.976651668548584,0.023348331451416016
6,380,0.44086161255836487,0.3513534963130951,0.2766467332839966,0.026775022968649864,0.21096354166666667,0.44043269753456116,0.9845920138888888,0.030815972222222234,1.0,0.0,0.37618371212121215,0.5564275568181818,0.0256640625,0.5249348958333333,0.04247395833333333,0.011276041666666667,0.965653657913208,0.025710565969347954,0.5767662525177002,1.0,0.0,0.5117751359939575,0.3265967071056366,0.4902513325214386,0.8761579394340515,0.9765914678573608,0.02340853214263916
6,390,0.2859022915363312,0.24987955391407013,0.2058233618736267,0.020290233194828033,0.21838541666666667,0.5286187529563904,0.98234375,0.0353125,1.0,0.0,0.8555871212121212,0.6283380681818181,0.307265625,0.5765234375,0.017916666666666668,0.021822916666666668,0.9640015363693237,0.026211557909846306,0.5752570629119873,1.0,0.0,0.5017135739326477,0.0,0.48896852135658264,1.0,0.9765249490737915,0.023475050926208496
6,400,0.47505807876586914,0.37078335881233215,0.2896852195262909,0.01665985770523548,0.18411458333333333,0.41142749786376953,0.9847330729166666,0.030533854166666676,1.0,0.0,0.25426136363636365,0.5381392045454545,0.03626302083333333,0.47701822916666664,0.017578125,0.00859375,0.9627773761749268,0.026778273284435272,0.5752232074737549,1.0,0.0,0.5014880895614624,0.520106852054596,0.520106852054596,0.6894897818565369,0.9764567017555237,0.02354329824447632
6,410,0.3029383420944214,0.23809973895549774,0.16131679713726044,0.022509807720780373,0.245390625,0.5311753749847412,0.9525728102728851,0.03161892361111111,1.0,0.0,0.5146780303030302,0.5772017045454545,0.3651302083333333,0.6606640625,0.0005598958333333334,0.014322916666666666,0.9628076553344727,0.026895668357610703,0.573650598526001,1.0,0.0,0.49100378155708313,0.0,0.48760300874710083,1.0,0.976412296295166,0.023587703704833984
6,420,0.3002264201641083,0.2348576784133911,0.17139920592308044,0.016963046044111252,0.22938802083333334,0.5358962416648865,0.9692078308570078,0.032473958333333344,1.0,0.0,0.4040009469696969,0.5606001420454545,0.3458072916666667,0.665234375,0.0026041666666666665,0.011888020833333334,0.9616683721542358,0.02720341458916664,0.572238564491272,1.0,0.0,0.4815904498100281,0.0,0.4864027798175812,1.0,0.9763988852500916,0.023601114749908447
6,430,0.30468207597732544,0.2422536015510559,0.17379474639892578,0.02124234475195408,0.23859375,0.5192852020263672,0.9737088710426266,0.03157986111111112,1.0,0.0,0.46141098484848475,0.5692116477272727,0.2911458333333333,0.6605859375,0.00171875,0.013151041666666667,0.9600875973701477,0.02746734395623207,0.5704333782196045,1.0,0.0,0.4695560336112976,0.0,0.4848683774471283,1.0,0.9764097332954407,0.023590266704559326
6,440,0.3123224079608917,0.2412402480840683,0.20645619928836823,0.021790746599435806,0.2462890625,0.5389686226844788,0.9840711805555555,0.031857638888888894,1.0,0.0,0.48153409090909083,0.5722301136363637,0.33459635416666667,0.6714583333333334,0.003893229166666667,0.01359375,0.9584859609603882,0.027713295072317123,0.5693258047103882,1.0,0.0,0.4621719419956207,0.0,0.4839269518852234,1.0,0.9764068126678467,0.02359318733215332
6,450,0.2956578731536865,0.24120047688484192,0.16182519495487213,0.02078302577137947,0.2430078125,0.5306597352027893,0.9526172035881597,0.03325086805555556,1.0,0.0,0.6827651515151515,0.6024147727272727,0.31979166666666664,0.6391927083333333,0.0010026041666666666,0.018020833333333333,0.9539428949356079,0.027993138879537582,0.566501796245575,1.0,0.0,0.4433452785015106,0.0,0.48152655363082886,1.0,0.9771089553833008,0.02289104461669922
6,460,0.305518239736557,0.2458711564540863,0.15710002183914185,0.025955012068152428,0.242265625,0.5526295900344849,0.9466151144158127,0.029262152777777786,1.0,0.0,0.5247395833333333,0.5787109375,0.31546875,0.6459505208333334,0.0016536458333333334,0.014544270833333333,0.9495381712913513,0.028001198545098305,0.564489483833313,1.0,0.0,0.4299298822879791,0.0,0.4798160791397095,1.0,0.9772284030914307,0.022771596908569336
6,470,0.292090505361557,0.2339383065700531,0.1483805775642395,0.021079707890748978,0.24358072916666668,0.5641652345657349,0.9331026213800805,0.026775173611111116,1.0,0.0,0.7490530303030302,0.6123579545454545,0.35575520833333335,0.6556380208333333,0.000859375,0.019479166666666665,0.9456318616867065,0.02786768414080143,0.56089186668396,1.0,0.0,0.40594562888145447,0.0,0.47675809264183044,1.0,0.977294385433197,0.02270561456680298
6,480,0.28525257110595703,0.23331324756145477,0.14877988398075104,0.02231389656662941,0.23826822916666668,0.6111325025558472,0.9341190825058863,0.02609375,1.0,0.0,0.43477746212121215,0.5652166193181818,0.295703125,0.6601171875,0.0013151041666666667,0.012565104166666667,0.9414348602294922,0.02776765078306198,0.5599998235702515,1.0,0.0,0.39999890327453613,0.0,0.4759998619556427,1.0,0.9773826599121094,0.022617340087890625
6,490,0.29793307185173035,0.224222794175148,0.15922442078590393,0.021954510360956192,0.2505338541666667,0.5834246277809143,0.9519593830393929,0.02576388888888889,1.0,0.0,0.3276515151515151,0.5491477272727272,0.39782552083333333,0.6919270833333333,0.0015494791666666667,0.010208333333333333,0.9374544620513916,0.027514882385730743,0.5591331720352173,1.0,0.0,0.3942212462425232,0.0,0.47526320815086365,1.0,0.97749263048172,0.02250736951828003
6,500,0.3118167519569397,0.2334984838962555,0.15007919073104858,0.021296361461281776,0.2465234375,0.5909808278083801,0.9362962079251933,0.026137152777777783,1.0,0.0,0.32350852272727265,0.5485262784090909,0.4416015625,0.68609375,0.0011458333333333333,0.0101171875,0.9341468811035156,0.027082713320851326,0.5551635026931763,1.0,0.0,0.36775681376457214,0.0,0.4718889892101288,1.0,0.9776243567466736,0.022375643253326416
6,510,0.33399683237075806,0.23366820812225342,0.14519211649894714,0.019178254529833794,0.24438802083333333,0.5919836163520813,0.9310249065537739,0.020138888888888894,1.0,0.0,0.21519886363636362,0.5322798295454545,0.4596484375,0.7172786458333333,0.00018229166666666667,0.007734375,0.9308108687400818,0.02692749723792076,0.555518627166748,1.0,0.0,0.3701242506504059,0.0,0.47219085693359375,1.0,0.9777740240097046,0.02222597599029541
6,520,0.33048489689826965,0.2282904088497162,0.135869562625885,0.01900215446949005,0.24494791666666665,0.6629533171653748,0.9139244922002157,0.022786458333333336,1.0,0.0,0.24064867424242425,0.5360973011363637,0.4703645833333333,0.7261979166666667,0.00013020833333333333,0.008294270833333334,0.9292184114456177,0.026723090559244156,0.5542926788330078,1.0,0.0,0.36195099353790283,0.0,0.4711487889289856,1.0,0.9779399633407593,0.022060036659240723
6,530,0.3299216330051422,0.22974339127540588,0.1487264335155487,0.014444074593484402,0.2300390625,0.5825963616371155,0.9342912146780226,0.0255685763888889,1.0,0.0,0.2501183712121212,0.5375177556818181,0.44026041666666665,0.7202083333333333,1.3020833333333334e-05,0.008502604166666667,0.9275691509246826,0.026490990072488785,0.5537177324295044,1.0,0.0,0.3581180274486542,0.0,0.47066009044647217,1.0,0.9781028032302856,0.021897196769714355
6,540,0.32624340057373047,0.22524522244930267,0.13510799407958984,0.01306242123246193,0.22798177083333335,0.5391838550567627,0.9111013956966563,0.025855034722222225,1.0,0.0,0.26728219696969696,0.5400923295454545,0.43377604166666667,0.7217057291666666,0.00013020833333333333,0.008880208333333334,0.9255954623222351,0.02633887343108654,0.5525847673416138,1.0,0.0,0.3505648374557495,0.0,0.4696970582008362,1.0,0.9782283306121826,0.021771669387817383
6,550,0.3213708698749542,0.2172853946685791,0.12536178529262543,0.012728644534945488,0.2281640625,0.5645775198936462,0.8948204852067506,0.025429687500000006,1.0,0.0,0.2578125,0.538671875,0.4365625,0.7245833333333334,0.00013020833333333333,0.008671875,0.922975480556488,0.026120617985725403,0.5515574216842651,1.0,0.0,0.34371620416641235,0.0,0.4688238203525543,1.0,0.9782968163490295,0.02170318365097046
6,560,0.32428646087646484,0.21597953140735626,0.12539075314998627,0.010750372894108295,0.22296875,0.5767126679420471,0.8954728063457033,0.024223090277777776,1.0,0.0,0.22999526515151514,0.5344992897727273,0.4562630208333333,0.731484375,3.90625e-05,0.008059895833333334,0.9226872324943542,0.02582072652876377,0.5490335822105408,1.0,0.0,0.32689058780670166,0.0,0.46667855978012085,1.0,0.9782817363739014,0.021718263626098633
6,570,0.33456793427467346,0.22159413993358612,0.13069868087768555,0.012283748015761375,0.23125,0.5766707062721252,0.9050088386861688,0.02311631944444445,1.0,0.0,0.2607717803030303,0.5391157670454545,0.5240234375,0.7364583333333333,0.00013020833333333333,0.008736979166666667,0.9224449396133423,0.02573247440159321,0.5478371381759644,1.0,0.0,0.31891459226608276,0.0,0.46566158533096313,1.0,0.9782363772392273,0.021763622760772705
6,580,0.32890692353248596,0.2198324203491211,0.12729771435260773,0.011439613066613674,0.21942708333333333,0.5823529958724976,0.8985480617356096,0.024526909722222226,1.0,0.0,0.28799715909090906,0.5431995738636364,0.5410677083333333,0.7294921875,6.510416666666667e-05,0.0093359375,0.9226248264312744,0.02553716115653515,0.5445058941841125,1.0,0.0,0.2967059016227722,0.0,0.4628300368785858,1.0,0.9781895875930786,0.021810412406921387
6,590,0.3204078674316406,0.22096315026283264,0.12903815507888794,0.012303715571761131,0.21557291666666667,0.587415874004364,0.9010029715758104,0.025507812500000004,1.0,0.0,0.2548532196969696,0.5382279829545454,0.516484375,0.7194401041666667,5.208333333333334e-05,0.008606770833333333,0.9239261150360107,0.02504071593284607,0.5430600643157959,1.0,0.0,0.28706711530685425,0.0,0.4616010785102844,1.0,0.9796460866928101,0.02035391330718994
6,600,0.3172352910041809,0.21709774434566498,0.13627448678016663,0.011464170180261135,0.2175390625,0.5748178958892822,0.912884488044641,0.02623697916666667,1.0,0.0,0.2998342803030303,0.5449751420454545,0.5341015625,0.7127213541666667,0.0,0.009596354166666666,0.9231231212615967,0.026195060461759567,0.5428487062454224,1.0,0.0,0.28565794229507446,0.0,0.461421400308609,1.0,0.979561448097229,0.020438551902770996
6,610,0.3037809133529663,0.20647719502449036,0.1376403421163559,0.009485665708780289,0.2062109375,0.583962619304657,0.9146772723422092,0.02727430555555556,1.0,0.0,0.3039772727272727,0.545596590909091,0.5427083333333333,0.7127213541666667,0.0,0.0096875,0.9241186380386353,0.02547457441687584,0.5428275465965271,1.0,0.0,0.28551703691482544,0.0,0.46140342950820923,1.0,0.9832401275634766,0.016759872436523438
6,620,0.32150745391845703,0.22051070630550385,0.14028845727443695,0.010465572588145733,0.21875,0.5641855001449585,0.9191326563276796,0.027326388888888886,1.0,0.0,0.3430397727272727,0.551455965909091,0.57171875,0.7110546875,0.0002734375,0.010546875,0.9267443418502808,0.025088291615247726,0.5437872409820557,1.0,0.0,0.291914701461792,0.0,0.4622191786766052,1.0,0.9831043481826782,0.016895651817321777
6,630,0.32531341910362244,0.22188052535057068,0.14949285984039307,0.009751636534929276,0.2118359375,0.5910627245903015,0.9345726188431439,0.027599826388888887,1.0,0.0,0.32350852272727265,0.5485262784090909,0.5802213541666666,0.7124869791666667,0.00010416666666666667,0.0101171875,0.929602324962616,0.02457283064723015,0.5448610186576843,1.0,0.0,0.29907333850860596,0.0,0.4631318747997284,1.0,0.9829407930374146,0.01705920696258545
6,640,0.32174667716026306,0.22348973155021667,0.1483595371246338,0.010325754061341286,0.21376302083333334,0.5891755223274231,0.9322618929545085,0.028385416666666677,1.0,0.0,0.30279356060606055,0.5454190340909091,0.5639973958333333,0.7071744791666666,0.0002734375,0.009661458333333333,0.9310828447341919,0.023892026394605637,0.5453472137451172,1.0,0.0,0.3023144602775574,0.0,0.46354514360427856,1.0,0.9827735424041748,0.017226457595825195
6,650,0.31926122307777405,0.2238457202911377,0.1461338996887207,0.00960058905184269,0.2126171875,0.5927184820175171,0.9290509851569804,0.02727430555555556,1.0,0.0,0.3377130681818181,0.5506569602272727,0.5966015625,0.7101822916666667,9.114583333333334e-05,0.0104296875,0.9345027208328247,0.023165134713053703,0.5459263324737549,1.0,0.0,0.3061756193637848,0.0,0.46403738856315613,1.0,0.9826167225837708,0.017383277416229248
6,660,0.32004106044769287,0.2239403873682022,0.1563875824213028,0.009769025258719921,0.2112109375,0.5805892944335938,0.9465639615975893,0.02695312500000001,1.0,0.0,0.3294270833333333,0.5494140625,0.5764192708333333,0.7030338541666666,0.0001171875,0.010247395833333334,0.9383864998817444,0.022301625460386276,0.5466788411140442,1.0,0.0,0.31119227409362793,0.0,0.46467703580856323,1.0,0.9824780225753784,0.017521977424621582
6,670,0.32900139689445496,0.23080118000507355,0.1535453051328659,0.00985641684383154,0.21255208333333334,0.5736326575279236,0.9415260892953629,0.027408854166666677,1.0,0.0,0.35724431818181807,0.5535866477272727,0.5565104166666667,0.7055989583333333,0.0001953125,0.010859375,0.9421564340591431,0.021341597661376,0.5474778413772583,1.0,0.0,0.31651899218559265,0.0,0.46535617113113403,1.0,0.9823471307754517,0.01765286922454834
6,680,0.3295005261898041,0.22309871017932892,0.14940111339092255,0.009281646460294724,0.20998697916666667,0.5887967944145203,0.9368804632598517,0.022673611111111117,1.0,0.0,0.2826704545454545,0.5424005681818181,0.5992708333333333,0.7295703125,3.90625e-05,0.00921875,0.9454398155212402,0.020240820944309235,0.5478963851928711,1.0,0.0,0.31930917501449585,0.0,0.46571195125579834,1.0,0.982230544090271,0.017769455909729004
6,690,0.3289928734302521,0.21489283442497253,0.16184845566749573,0.010693179443478584,0.20940104166666668,0.6295338273048401,0.96144780050995,0.015668402777777778,1.0,0.0,0.23236268939393936,0.534854403409091,0.6257291666666667,0.7466015625,3.90625e-05,0.008111979166666667,0.9484071731567383,0.019072871655225754,0.54776531457901,1.0,0.0,0.3184354603290558,0.0,0.46560052037239075,1.0,0.9820979833602905,0.017902016639709473
6,700,0.3426764905452728,0.21154244244098663,0.16504177451133728,0.007740790024399757,0.21115885416666666,0.6263585686683655,0.9350951060033947,0.05000513136992609,1.0,0.0,0.2980587121212121,0.5447088068181818,0.6307421875,0.762578125,0.00010416666666666667,0.009557291666666667,0.9511804580688477,0.017858214676380157,0.5478498935699463,1.0,0.0,0.31899917125701904,0.0,0.46567243337631226,1.0,0.9818544983863831,0.018145501613616943
6,710,0.33769550919532776,0.2126680314540863,0.15796233713626862,0.010168570093810558,0.2098828125,0.6479732394218445,0.9572020213930017,0.011006944444444444,1.0,0.0,0.3205492424242424,0.5480823863636364,0.59984375,0.76015625,3.90625e-05,0.010052083333333333,0.953479528427124,0.016608834266662598,0.5476385354995728,1.0,0.0,0.31758996844291687,0.0,0.46549275517463684,1.0,0.9814471006393433,0.01855289936065674
6,720,0.3411015272140503,0.22503484785556793,0.17537842690944672,0.010674580000340939,0.21654947916666667,0.6344701051712036,0.9861654214471834,0.012026909722222222,1.0,0.0,0.3495501893939394,0.552432528409091,0.5889192708333333,0.7447135416666667,0.0003255208333333333,0.010690104166666667,0.9547086358070374,0.015381395816802979,0.5477145910263062,1.0,0.0,0.3180972933769226,0.0,0.46555742621421814,1.0,0.9810003042221069,0.018999695777893066
6,730,0.33365553617477417,0.2176986038684845,0.1681361347436905,0.010148024186491966,0.216484375,0.6727779507637024,0.9739417867884678,0.011961805555555559,1.0,0.0,0.3909801136363636,0.5586470170454545,0.5581510416666666,0.7428645833333334,5.208333333333334e-05,0.0116015625,0.9562755227088928,0.014080138877034187,0.546970546245575,1.0,0.0,0.3131369352340698,0.0,0.46492499113082886,1.0,0.980810284614563,0.01918971538543701
6,740,0.3269047737121582,0.21431228518486023,0.16287456452846527,0.009973447769880295,0.20998697916666667,0.6324511766433716,0.9653826431229584,0.011271701388888888,1.0,0.0,0.3181818181818182,0.5477272727272727,0.5384895833333333,0.7415755208333333,1.3020833333333334e-05,0.01,0.9570325613021851,0.012765861116349697,0.546661913394928,1.0,0.0,0.31107956171035767,0.0,0.46466264128685,1.0,0.9807243347167969,0.019275665283203125
6,750,0.3330589830875397,0.22117364406585693,0.17303577065467834,0.011406373232603073,0.2258984375,0.7073155641555786,0.9829192422190284,0.010590277777777778,1.0,0.0,0.34836647727272724,0.5522549715909091,0.52390625,0.7393489583333334,0.0006510416666666666,0.0106640625,0.9577547311782837,0.011560662649571896,0.5457995533943176,1.0,0.0,0.3053300976753235,0.0,0.4639296233654022,1.0,0.980654239654541,0.019345760345458984
6,760,0.33021900057792664,0.21297161281108856,0.16819840669631958,0.011146190576255322,0.22303385416666666,0.635789692401886,0.9763800693984724,0.0072960069444444435,1.0,0.0,0.3631628787878788,0.5544744318181818,0.5339583333333333,0.7546484375,0.00028645833333333333,0.010989583333333334,0.9585886597633362,0.01129076536744833,0.5448187589645386,1.0,0.0,0.2987914979457855,0.0,0.4630959630012512,1.0,0.9806066751480103,0.019393324851989746
6,770,0.34208646416664124,0.21247126162052155,0.16621564328670502,0.012489313259720802,0.2248046875,0.6996645927429199,0.9746413771005777,0.004062500000000006,1.0,0.0,0.34185606060606055,0.5512784090909091,0.5776302083333333,0.7633463541666666,1.3020833333333334e-05,0.010520833333333333,0.9562667608261108,0.011660630814731121,0.543685793876648,1.0,0.0,0.29123827815055847,0.0,0.46213293075561523,1.0,0.9805654287338257,0.019434571266174316
6,780,0.34162044525146484,0.20909252762794495,0.16461268067359924,0.012723259627819061,0.21942708333333333,0.6924589276313782,0.9739599211399371,0.0,1.0,0.0,0.31936553030303033,0.5479048295454545,0.5879296875,0.7755208333333333,5.208333333333334e-05,0.010026041666666667,0.9549956321716309,0.012350254692137241,0.5422314405441284,1.0,0.0,0.281543105840683,0.0,0.46089673042297363,1.0,0.9805573225021362,0.01944267749786377
6,790,0.3507382571697235,0.2056119292974472,0.15687310695648193,0.012037936598062515,0.22553385416666666,0.7204757928848267,0.960862181003277,0.0,1.0,0.0,0.26964962121212116,0.5404474431818181,0.6064453125,0.7873046875,1.3020833333333334e-05,0.008932291666666667,0.9520840048789978,0.013821618631482124,0.5410435199737549,1.0,0.0,0.273623526096344,0.0,0.45988699793815613,1.0,0.980577290058136,0.019422709941864014
6,800,0.35175567865371704,0.20497626066207886,0.15591511130332947,0.012008068151772022,0.2263671875,0.6915788054466248,0.9592409575902497,0.0,1.0,0.0,0.2666903409090909,0.5400035511363637,0.6137369791666667,0.7943880208333334,5.208333333333334e-05,0.0088671875,0.9462796449661255,0.016573842614889145,0.5397541522979736,1.0,0.0,0.2650275230407715,0.0,0.458791047334671,1.0,0.9805790185928345,0.019420981407165527
6,810,0.35539132356643677,0.2154039442539215,0.15705269575119019,0.013106475584208965,0.22173177083333334,0.6745176315307617,0.9611661005020141,0.0,1.0,0.0,0.27024147727272724,0.5405362215909091,0.6095182291666666,0.7839192708333333,6.510416666666667e-05,0.0089453125,0.9419847726821899,0.01908065751194954,0.5378137230873108,1.0,0.0,0.2520912289619446,0.0,0.4571416676044464,1.0,0.9806503057479858,0.01934969425201416
6,820,0.35183826088905334,0.19940076768398285,0.14554189145565033,0.013130671344697475,0.23006510416666667,0.6752554178237915,0.9404878132159892,0.0014980807900428993,1.0,0.0,0.31463068181818177,0.5471946022727273,0.6352213541666667,0.7943619791666666,1.3020833333333334e-05,0.009921875,0.9385055303573608,0.021815579384565353,0.5355240702629089,1.0,0.0,0.23682698607444763,0.0,0.45519548654556274,1.0,0.9808019399642944,0.019198060035705566
6,830,0.35991573333740234,0.20274032652378082,0.1516587883234024,0.014869979582726955,0.238984375,0.6749101877212524,0.9520379494703733,0.0,1.0,0.0,0.23887310606060602,0.5358309659090909,0.6449479166666666,0.805703125,6.510416666666667e-05,0.008255208333333333,0.9337251782417297,0.024420104920864105,0.533279299736023,1.0,0.0,0.22186148166656494,0.0,0.45328742265701294,1.0,0.9809778928756714,0.019022107124328613
6,840,0.3677648603916168,0.20263344049453735,0.15073207020759583,0.013216209597885609,0.2244140625,0.700516939163208,0.9504696572743928,0.0,1.0,0.0,0.2803030303030303,0.5420454545454545,0.6524088541666667,0.8084635416666667,3.90625e-05,0.009166666666666667,0.9319523572921753,0.025721102952957153,0.5312500596046448,1.0,0.0,0.2083333432674408,0.0,0.4515625536441803,1.0,0.9811760783195496,0.01882392168045044
6,850,0.368805468082428,0.1987694948911667,0.15038928389549255,0.013379799202084541,0.2341796875,0.710635781288147,0.9474285471439362,0.0030762627720833046,1.0,0.0,0.1820549242424242,0.5273082386363637,0.6474088541666667,0.8194791666666666,0.00010416666666666667,0.007005208333333333,0.9319409728050232,0.025628939270973206,0.5301043391227722,1.0,0.0,0.20069557428359985,0.0,0.4505887031555176,1.0,0.9813860058784485,0.018613994121551514
6,860,0.38931477069854736,0.19135741889476776,0.15863753855228424,0.012414702214300632,0.2344140625,0.6857966184616089,0.9465629799549397,0.02160645276308064,1.0,0.0,0.2004024621212121,0.5300603693181818,0.6597526041666667,0.8628255208333333,0.00048177083333333335,0.007408854166666667,0.9302898645401001,0.025721076875925064,0.5286839008331299,1.0,0.0,0.19122587144374847,0.0,0.4493813216686249,1.0,0.9815844893455505,0.018415510654449463
6,870,0.37202122807502747,0.18611188232898712,0.13602441549301147,0.011588523164391518,0.20834635416666666,0.6709403395652771,0.8978035447230704,0.0347202941775322,1.0,0.0,0.17080965909090906,0.5256214488636364,0.6253776041666667,0.8598307291666667,0.0010546875,0.0067578125,0.927548885345459,0.0266941636800766,0.5274325013160706,1.0,0.0,0.18288353085517883,0.0,0.44831764698028564,1.0,0.9817736744880676,0.018226325511932373
6,880,0.39245763421058655,0.18324361741542816,0.14947651326656342,0.014878126792609692,0.23928385416666667,0.6986438632011414,0.9148321034358097,0.0418909564614296,1.0,0.0,0.15364583333333331,0.523046875,0.6998567708333333,0.8771614583333334,0.0005208333333333333,0.006380208333333333,0.9259607791900635,0.02650071308016777,0.5264686346054077,1.0,0.0,0.17645764350891113,0.0,0.4474983513355255,1.0,0.9819642901420593,0.018035709857940674
6,890,0.4090217649936676,0.17857110500335693,0.13189654052257538,0.017197728157043457,0.2564973958333333,0.6896505951881409,0.8757363555064567,0.0535722374916077,1.0,0.0,0.1163589015151515,0.5174538352272727,0.7449609375,0.9121354166666666,0.0005989583333333333,0.005559895833333333,0.9231584072113037,0.028494704514741898,0.5255131721496582,1.0,0.0,0.17008815705776215,0.0,0.4466862082481384,1.0,0.9821492433547974,0.017850756645202637
6,900,0.4176841974258423,0.17061395943164825,0.1199214980006218,0.012409563176333904,0.23408854166666668,0.6874635815620422,0.8395566077874256,0.07346510142087939,1.0,0.0,0.05184659090909091,0.5077769886363637,0.7461458333333333,0.9299479166666667,0.0008984375,0.004140625,0.9198898077011108,0.03126120567321777,0.5247564911842346,1.0,0.0,0.16504329442977905,0.007798932492733002,0.4460430443286896,1.0,0.9823427200317383,0.01765727996826172
6,910,0.4100046455860138,0.15894070267677307,0.13687583804130554,0.01723104901611805,0.2529427083333333,0.7083447575569153,0.8449020543465248,0.10264824330806735,1.0,0.0,0.02639678030303029,0.5039595170454545,0.7810416666666666,0.9397916666666667,0.00022135416666666666,0.0035807291666666665,0.9168663024902344,0.0339401438832283,0.5238771438598633,1.0,0.0,0.15918108820915222,0.0,0.4452955722808838,1.0,0.9825540781021118,0.017445921897888184
6,920,0.42419129610061646,0.172623872756958,0.14388975501060486,0.015023037791252136,0.24665364583333332,0.7105201482772827,0.8841381001472471,0.06844031810760501,1.0,0.0,0.0,0.5,0.7238151041666666,0.9237890625,0.0005598958333333334,0.0027604166666666667,0.9164528846740723,0.03504927456378937,0.5221438407897949,1.0,0.0,0.14762580394744873,0.06343729794025421,0.4438222646713257,0.9803683757781982,0.9827848672866821,0.01721513271331787
6,930,0.4059070944786072,0.17331121861934662,0.14404627680778503,0.014218932949006557,0.2428125,0.7153738737106323,0.8857776749134064,0.06672195345163347,1.0,0.0,0.03527462121212121,0.5052911931818181,0.737734375,0.9098567708333334,0.0003515625,0.0037760416666666667,0.9166901111602783,0.036200426518917084,0.5207318663597107,1.0,0.0,0.13821248710155487,0.0,0.4426220953464508,1.0,0.9830209612846375,0.01697903871536255
6,940,0.40486079454421997,0.18428689241409302,0.16117294132709503,0.015686945989727974,0.25287760416666666,0.6995955109596252,0.9367126086125007,0.039282768964767456,1.0,0.0,0.10688920454545454,0.5160333806818181,0.7119791666666667,0.8954166666666666,0.0003255208333333333,0.0053515625,0.9173568487167358,0.036200426518917084,0.5206388831138611,1.0,0.0,0.13759243488311768,0.0,0.44254305958747864,1.0,0.9832625985145569,0.016737401485443115
6,950,0.3885680139064789,0.19626548886299133,0.16381698846817017,0.015189796686172485,0.24967447916666666,0.692242443561554,0.9651443428259628,0.009336277842521695,1.0,0.0,0.15778882575757575,0.5236683238636364,0.678515625,0.8636197916666667,0.00022135416666666666,0.006471354166666667,0.9180530905723572,0.036200426518917084,0.5209516882896423,1.0,0.0,0.13967803120613098,0.0,0.44280895590782166,1.0,0.9835057258605957,0.016494274139404297
6,960,0.3834129273891449,0.19498993456363678,0.1553385853767395,0.016544653102755547,0.243828125,0.7086485028266907,0.9482451674571403,0.012525163590908089,1.0,0.0,0.1495028409090909,0.5224254261363637,0.6688541666666666,0.8609244791666667,0.00014322916666666667,0.0062890625,0.9191532135009766,0.036053936928510666,0.5223552584648132,1.0,0.0,0.1490350067615509,0.0,0.4440019726753235,1.0,0.9837508201599121,0.01624917984008789
6,970,0.3913096487522125,0.1889076679944992,0.14513850212097168,0.0193217433989048,0.26274739583333334,0.6879549622535706,0.9188189549629505,0.027730830013751998,1.0,0.0,0.18797348484848483,0.5281960227272727,0.7170833333333333,0.8725911458333333,0.0003515625,0.007135416666666667,0.9196027517318726,0.035025060176849365,0.5236742496490479,1.0,0.0,0.15782828629016876,0.0,0.4451231360435486,1.0,0.9839981198310852,0.016001880168914795
6,980,0.4023168385028839,0.20138852298259735,0.14530949294567108,0.018902132287621498,0.2618229166666667,0.6892285943031311,0.9412929880619049,0.0,1.0,0.0,0.20691287878787876,0.5310369318181818,0.6831640625,0.8596484375,0.0006901041666666667,0.007552083333333333,0.9241697788238525,0.033371709287166595,0.525390625,1.0,0.0,0.1692708432674408,0.0,0.44658204913139343,1.0,0.9842727184295654,0.01572728157043457
6,990,0.39439013600349426,0.18325045704841614,0.14963273704051971,0.016584131866693497,0.25515625,0.7016368508338928,0.9151101613961733,0.041873857378959684,1.0,0.0,0.18560606060606058,0.5278409090909091,0.7220963541666666,0.8828776041666667,0.0003385416666666667,0.007083333333333333,0.9282252788543701,0.031376905739307404,0.5267434120178223,1.0,0.0,0.17828959226608276,0.0,0.4477319121360779,1.0,0.984557569026947,0.015442430973052979
6,1000,0.3906412422657013,0.17676138877868652,0.14377567172050476,0.016956886276602745,0.2579036458333333,0.7018733024597168,0.8922200681613041,0.0580965280532837,1.0,0.0,0.16370738636363633,0.5245561079545454,0.7468229166666667,0.8951171875,0.00028645833333333333,0.0066015625,0.9329406023025513,0.028825843706727028,0.5300198197364807,1.0,0.0,0.20013189315795898,0.0,0.45051684975624084,1.0,0.9848617911338806,0.015138208866119385
6,1010,0.40803980827331543,0.17749693989753723,0.14499087631702423,0.014409051276743412,0.25114583333333335,0.6862607598304749,0.8957476704854231,0.056257650256156956,1.0,0.0,0.14358428030303028,0.5215376420454545,0.7016015625,0.9085026041666666,0.0023828125,0.006158854166666667,0.9400538206100464,0.025428779423236847,0.5334609746932983,1.0,0.0,0.22307336330413818,0.0,0.4534418284893036,1.0,0.9852136373519897,0.014786362648010254
6,1020,0.42549437284469604,0.1906832903623581,0.16293348371982574,0.016330963000655174,0.245390625,0.6919509172439575,0.9524847839428828,0.023291774094104777,1.0,0.0,0.02758049242424242,0.5041370738636364,0.6615364583333333,0.9139322916666667,0.0038541666666666668,0.0036067708333333334,0.9470291137695312,0.020576730370521545,0.5369783639907837,1.0,0.0,0.24652215838432312,0.0,0.45643162727355957,1.0,0.9855989217758179,0.014401078224182129
6,1030,0.38578659296035767,0.18973109126091003,0.15991413593292236,0.01589200459420681,0.24544270833333334,0.6978123188018799,0.9454707202544578,0.025672271847724935,1.0,0.0,0.11695075757575758,0.5175426136363637,0.685625,0.8804036458333333,0.0014322916666666666,0.005572916666666667,0.9525155425071716,0.017379257827997208,0.5412548780441284,1.0,0.0,0.2750326991081238,0.0,0.46006664633750916,1.0,0.9860115647315979,0.0139884352684021
6,1040,0.38019129633903503,0.21472561359405518,0.1599324345588684,0.016275309026241302,0.2300390625,0.6824140548706055,0.9660395046380849,0.0,1.0,0.0,0.2258522727272727,0.533877840909091,0.5954427083333333,0.814140625,0.0015885416666666667,0.00796875,0.9579547047615051,0.014202022925019264,0.5449962615966797,1.0,0.0,0.2999752163887024,0.0,0.46324682235717773,1.0,0.9864575266838074,0.013542473316192627
6,1050,0.3611159324645996,0.20863178372383118,0.15937121212482452,0.01177454274147749,0.22959635416666666,0.6671183109283447,0.9650897435958569,0.0,1.0,0.0,0.32410037878787873,0.5486150568181818,0.5884765625,0.7952734375,0.0015234375,0.010130208333333333,0.9609236121177673,0.012420907616615295,0.5483402609825134,1.0,0.0,0.32226845622062683,0.0,0.46608924865722656,1.0,0.9869152307510376,0.013084769248962402
6,1060,0.3633098006248474,0.21413950622081757,0.16258607804775238,0.015532941557466984,0.24309895833333334,0.6425758004188538,0.9705302859269654,0.0,1.0,0.0,0.37855113636363624,0.5567826704545454,0.5869401041666666,0.7948177083333333,0.0017578125,0.011328125,0.9625834226608276,0.011976323090493679,0.550876796245575,1.0,0.0,0.3391786217689514,0.0,0.4682452976703644,1.0,0.9873711466789246,0.01262885332107544
6,1070,0.3446505069732666,0.20536917448043823,0.1540021449327469,0.015480716712772846,0.2328125,0.6544616222381592,0.956003629886187,0.0,1.0,0.0,0.385061553030303,0.5577592329545454,0.6067057291666667,0.7964713541666667,0.0025911458333333333,0.011471354166666666,0.9650479555130005,0.011379886418581009,0.5536796450614929,1.0,0.0,0.3578643798828125,0.0,0.47062772512435913,1.0,0.9878352284431458,0.012164771556854248
6,1080,0.3615974485874176,0.2206532061100006,0.17628324031829834,0.01839359663426876,0.251796875,0.6877160668373108,0.9937100990001971,0.0,1.0,0.0,0.4111032196969696,0.5616654829545454,0.5695182291666666,0.7836458333333334,0.004830729166666666,0.012044270833333334,0.9689067602157593,0.010073218494653702,0.5560809373855591,1.0,0.0,0.37387266755104065,0.0,0.4726687967777252,1.0,0.988315761089325,0.011684238910675049
6,1090,0.36492905020713806,0.23194840550422668,0.18883338570594788,0.017494849860668182,0.23201822916666667,0.6594865918159485,0.9999999999999999,0.0,1.0,0.0,0.3430397727272727,0.551455965909091,0.5662109375,0.7486979166666666,0.006953125,0.010546875,0.9717023372650146,0.010073218494653702,0.5584990978240967,1.0,0.0,0.38999372720718384,0.0,0.4747242331504822,1.0,0.9888026714324951,0.011197328567504883
6,1100,0.34585362672805786,0.22374777495861053,0.16508439183235168,0.02140028402209282,0.26712239583333336,0.687674880027771,0.9747582015624413,0.0,1.0,0.0,0.5750473484848485,0.5862571022727273,0.6005989583333333,0.7374088541666667,0.001979166666666667,0.015651041666666667,0.9757446646690369,0.008079225197434425,0.5597842335700989,1.0,0.0,0.3985615372657776,0.0,0.47581660747528076,1.0,0.9893274307250977,0.010672569274902344
6,1110,0.34113895893096924,0.23127137124538422,0.17408935725688934,0.020536093041300774,0.24611979166666667,0.6903793215751648,0.9889340057637956,0.0021267361111111105,1.0,0.0,0.5336174242424242,0.5800426136363637,0.5152734375,0.718046875,0.0022526041666666666,0.014739583333333334,0.9808467626571655,0.005373280495405197,0.561251163482666,1.0,0.0,0.4083412289619446,0.0,0.47706350684165955,1.0,0.9899818897247314,0.010018110275268555
6,1120,0.33928218483924866,0.2317400723695755,0.17513056099414825,0.02333778142929077,0.2601171875,0.6481751799583435,0.9913818067465072,0.0007552083333333313,1.0,0.0,0.5188210227272726,0.5778231534090909,0.4571614583333333,0.7180729166666666,0.000546875,0.0144140625,0.9857847094535828,0.002747254678979516,0.5626970529556274,1.0,0.0,0.41798004508018494,0.0,0.4782924950122833,1.0,0.9908134937286377,0.009186506271362305
6,1130,0.34337884187698364,0.24099498987197876,0.18800759315490723,0.021325120702385902,0.2541796875,0.6334864497184753,0.999353298611111,0.0012934027777777766,1.0,0.0,0.5987215909090908,0.5898082386363637,0.4709765625,0.7163151041666667,0.0023177083333333335,0.016171875,0.9879764318466187,0.0017799049383029342,0.565233588218689,1.0,0.0,0.4348902106285095,0.0,0.48044857382774353,1.0,0.991697371006012,0.008302628993988037
6,1140,0.3350377380847931,0.2314590960741043,0.18023750185966492,0.02309396117925644,0.25817708333333333,0.6662611365318298,0.9999999999999999,0.0,1.0,0.0,0.5590672348484848,0.5838600852272727,0.4746875,0.7295182291666666,0.001171875,0.015299479166666666,0.9905357956886292,0.0006320271641016006,0.5669752955436707,1.0,0.0,0.44650185108184814,0.0,0.4819290041923523,1.0,0.9923273324966431,0.007672667503356934
6,1150,0.34220340847969055,0.24287422001361847,0.2151748239994049,0.017766624689102173,0.24330729166666668,0.677299976348877,0.999060329861111,0.0018793402777777801,1.0,0.0,0.5750473484848485,0.5862571022727273,0.4621484375,0.7088671875,0.004192708333333333,0.015651041666666667,0.992091178894043,0.0007556217024102807,0.568087100982666,1.0,0.0,0.45391416549682617,0.0,0.4828740358352661,1.0,0.9928547143936157,0.007145285606384277
6,1160,0.33309510350227356,0.22078168392181396,0.1859297901391983,0.018582306802272797,0.257109375,0.6509304046630859,0.9999999999999999,0.0,1.0,0.0,0.512902462121212,0.5769353693181818,0.45381510416666665,0.7505989583333333,0.0002734375,0.014283854166666667,0.9936884641647339,0.0008858300279825926,0.568649411201477,1.0,0.0,0.45766258239746094,0.0,0.48335200548171997,1.0,0.9933708906173706,0.0066291093826293945
6,1170,0.3465256690979004,0.22177259624004364,0.18994006514549255,0.021112287417054176,0.2685416666666667,0.651122510433197,0.9999999999999999,0.0,1.0,0.0,0.541903409090909,0.5812855113636364,0.4307421875,0.7604036458333333,0.00015625,0.014921875,0.9950302243232727,0.0010090111754834652,0.5699430704116821,1.0,0.0,0.4662867486476898,0.0,0.48445162177085876,1.0,0.9938728213310242,0.00612717866897583
6,1180,0.34141770005226135,0.22255578637123108,0.18476970493793488,0.022575944662094116,0.27263020833333335,0.6328245997428894,0.9998546006944443,0.00029079861111111494,1.0,0.0,0.5241477272727272,0.5786221590909091,0.4033072916666667,0.7608203125,0.00010416666666666667,0.01453125,0.9970799088478088,0.0010997437639161944,0.5710591077804565,1.0,0.0,0.4737272262573242,0.0,0.4854002594947815,1.0,0.9943625330924988,0.005637466907501221
6,1190,0.3365027606487274,0.21804146468639374,0.18112289905548096,0.023950623348355293,0.27282552083333333,0.5726513266563416,0.9999999999999999,0.0,1.0,0.0,0.5454545454545454,0.5818181818181818,0.40498697916666665,0.763828125,0.0004296875,0.015,0.9972862005233765,0.0012861690483987331,0.5724415183067322,1.0,0.0,0.4829432964324951,0.0,0.48657530546188354,1.0,0.9948132038116455,0.005186796188354492
6,1200,0.34472548961639404,0.22599667310714722,0.20134571194648743,0.0286579392850399,0.26359375,0.6206210851669312,0.9999999999999999,0.0,1.0,0.0,0.3655303030303029,0.5548295454545454,0.34610677083333335,0.7663411458333333,7.8125e-05,0.011041666666666667,0.9971076250076294,0.0016433119308203459,0.5738196969032288,1.0,0.0,0.49213114380836487,0.0,0.4877467453479767,1.0,0.9952273964881897,0.004772603511810303
6,1210,0.3324877619743347,0.2141604721546173,0.19096864759922028,0.026238013058900833,0.26153645833333333,0.6120166182518005,0.9993641493055555,0.001271701388888889,1.0,0.0,0.3690814393939394,0.555362215909091,0.3156640625,0.7659765625,0.0,0.011119791666666667,0.9981414675712585,0.0019795801490545273,0.5728515386581421,1.0,0.0,0.4856770634651184,0.0,0.48692381381988525,1.0,0.9956445693969727,0.004355430603027344
6,1220,0.3425770103931427,0.21899430453777313,0.20055170357227325,0.02613428793847561,0.25994791666666667,0.677181601524353,0.9994444444444444,0.0011111111111111092,1.0,0.0,0.34599905303030304,0.5518998579545454,0.3850390625,0.7641536458333333,6.510416666666667e-05,0.010611979166666667,0.9984617829322815,0.0022916668094694614,0.5721117854118347,1.0,0.0,0.4807449281215668,0.0,0.48629504442214966,1.0,0.9959926605224609,0.0040073394775390625
6,1230,0.34790894389152527,0.22838623821735382,0.2043134570121765,0.02604655735194683,0.258828125,0.675549328327179,0.9985112847222222,0.0029774305555555587,1.0,0.0,0.38269412878787873,0.5574041193181818,0.40264322916666667,0.7462109375,2.604166666666667e-05,0.011419270833333333,0.998579204082489,0.0028416418936103582,0.5722935199737549,1.0,0.0,0.4819568693637848,0.0,0.4864495098590851,1.0,0.996245801448822,0.0037541985511779785
6,1240,0.34094077348709106,0.21942143142223358,0.20362980663776398,0.0242094025015831,0.260078125,0.6764094829559326,0.999216579861111,0.001566840277777778,1.0,0.0,0.36079545454545453,0.5541193181818181,0.46889322916666665,0.76078125,1.3020833333333334e-05,0.0109375,0.9983858466148376,0.0032283400651067495,0.5715537071228027,1.0,0.0,0.47702473402023315,0.0,0.4858206510543823,1.0,0.9964496493339539,0.0035503506660461426
6,1250,0.3368644416332245,0.22242188453674316,0.18667803704738617,0.022727034986019135,0.2542578125,0.6863839030265808,0.9987022569444444,0.00259548611111111,1.0,0.0,0.3815104166666666,0.5572265625,0.44817708333333334,0.7477864583333333,1.3020833333333334e-05,0.011393229166666666,0.9981786608695984,0.003642733208835125,0.5705856084823608,1.0,0.0,0.4705706834793091,0.0,0.48499777913093567,1.0,0.9966037273406982,0.003396272659301758
6,1260,0.3344302773475647,0.22029651701450348,0.1893877387046814,0.023248154670000076,0.24490885416666666,0.690331220626831,0.9986328124999999,0.0027343750000000024,1.0,0.0,0.40281723484848475,0.5604225852272727,0.4740625,0.7467838541666667,3.90625e-05,0.011861979166666667,0.9980320930480957,0.003935805521905422,0.5699895024299622,1.0,0.0,0.4665968120098114,0.0,0.4844910800457001,1.0,0.9967290759086609,0.0032709240913391113
6,1270,0.3462699353694916,0.2280789166688919,0.18704228103160858,0.02194150537252426,0.2588671875,0.6836578249931335,0.9987065972222221,0.002586805555555553,1.0,0.0,0.5596590909090908,0.5839488636363637,0.5450130208333334,0.7330208333333333,3.90625e-05,0.0153125,0.997843325138092,0.004313409328460693,0.5697780847549438,1.0,0.0,0.46518760919570923,0.0,0.48431137204170227,1.0,0.9968368411064148,0.003163158893585205
6,1280,0.3415316641330719,0.22514784336090088,0.1824265420436859,0.023562556132674217,0.2580859375,0.6498817205429077,0.9990473090277777,0.0019053819444444509,1.0,0.0,0.541311553030303,0.5811967329545454,0.5482161458333333,0.7382161458333333,6.510416666666667e-05,0.014908854166666667,0.9976032972335815,0.0047933198511600494,0.5691820383071899,1.0,0.0,0.46121370792388916,0.0,0.48380473256111145,1.0,0.9969199895858765,0.003080010414123535
6,1290,0.3396762013435364,0.2292904406785965,0.19337213039398193,0.022248197346925735,0.264296875,0.64076167345047,0.9980425347222222,0.003914930555555557,1.0,0.0,0.6046401515151514,0.5906960227272727,0.54734375,0.7293619791666667,0.0,0.01630208333333333,0.9973363876342773,0.005327174440026283,0.5683830976486206,1.0,0.0,0.4558870196342468,0.0,0.4831256568431854,1.0,0.9969722628593445,0.0030277371406555176
6,1300,0.33086472749710083,0.22365032136440277,0.18216434121131897,0.02103342115879059,0.25842447916666667,0.7075503468513489,0.9962499999999999,0.007499999999999999,1.0,0.0,0.5359848484848484,0.5803977272727272,0.5557291666666667,0.7312760416666667,3.90625e-05,0.014791666666666667,0.9970252513885498,0.005949487444013357,0.5670809745788574,1.0,0.0,0.44720643758773804,0.0,0.4820188283920288,1.0,0.9970040321350098,0.0029959678649902344
6,1310,0.32874658703804016,0.22641140222549438,0.19733774662017822,0.023128189146518707,0.2604166666666667,0.7073152661323547,0.9964691840277777,0.007061631944444444,1.0,0.0,0.43951231060606055,0.5659268465909091,0.526875,0.7246354166666666,7.8125e-05,0.012669270833333333,0.9965915679931641,0.006816923152655363,0.5663115978240967,1.0,0.0,0.44207704067230225,0.0,0.4813648760318756,1.0,0.9970031976699829,0.00299680233001709
6,1320,0.3357183635234833,0.23019437491893768,0.19164907932281494,0.021732697263360023,0.2606380208333333,0.65227872133255,0.9956597222222221,0.008680555555555563,1.0,0.0,0.43004261363636354,0.5645063920454545,0.5351953125,0.7136067708333333,0.00015625,0.0124609375,0.9960421919822693,0.007915632799267769,0.5659353137016296,1.0,0.0,0.4395686984062195,0.0,0.48104503750801086,1.0,0.9969624280929565,0.003037571907043457
6,1330,0.3359282910823822,0.23172487318515778,0.1985611468553543,0.02513093873858452,0.25140625,0.6901257634162903,0.9938476562499999,0.012304687500000005,1.0,0.0,0.5442708333333333,0.581640625,0.5006640625,0.709296875,0.00024739583333333335,0.014973958333333334,0.9954091310501099,0.009181753732264042,0.5658338069915771,1.0,0.0,0.43889230489730835,0.0,0.4809587597846985,1.0,0.9968851208686829,0.0031148791313171387
6,1340,0.33097970485687256,0.22682051360607147,0.19117969274520874,0.02330990880727768,0.25266927083333335,0.6190710663795471,0.99529296875,0.009414062500000007,1.0,0.0,0.4951467803030303,0.5742720170454545,0.4585416666666667,0.7285807291666667,2.604166666666667e-05,0.013893229166666667,0.9948095679283142,0.010380910709500313,0.5656351447105408,1.0,0.0,0.43756765127182007,0.0,0.4807898998260498,1.0,0.9967939853668213,0.003206014633178711
6,1350,0.33907535672187805,0.22415600717067719,0.1932079792022705,0.01999148353934288,0.2469140625,0.6732136011123657,0.9956488715277777,0.00870225694444445,1.0,0.0,0.42353219696969696,0.5635298295454545,0.48658854166666665,0.7362760416666667,2.604166666666667e-05,0.012317708333333333,0.9940965175628662,0.011807002127170563,0.5669330358505249,1.0,0.0,0.4462200105190277,0.0,0.4818930923938751,1.0,0.996684730052948,0.003315269947052002
6,1360,0.33501145243644714,0.22356358170509338,0.18184572458267212,0.020267264917492867,0.24915364583333333,0.6667856574058533,0.9959830729166665,0.00803385416666667,1.0,0.0,0.49159564393939387,0.5737393465909091,0.48977864583333336,0.735078125,0.0,0.013815104166666667,0.99345862865448,0.013082630932331085,0.5685606002807617,1.0,0.0,0.4570707082748413,0.0,0.48327651619911194,1.0,0.9965607523918152,0.0034392476081848145
6,1370,0.32968494296073914,0.22234609723091125,0.19036021828651428,0.021468589082360268,0.25734375,0.6792455315589905,0.9960351562499999,0.007929687500000004,1.0,0.0,0.4833096590909091,0.5724964488636364,0.48270833333333335,0.7325,0.0,0.0136328125,0.9928033947944641,0.014393187128007412,0.5697231888771057,1.0,0.0,0.4648212194442749,0.0,0.4842647314071655,1.0,0.9964165687561035,0.0035834312438964844
6,1380,0.32473668456077576,0.22873008251190186,0.18577519059181213,0.02133299596607685,0.2408984375,0.6317634582519531,0.9949609374999999,0.010078125000000004,1.0,0.0,0.4584517045454545,0.5687677556818181,0.4775520833333333,0.7184505208333334,0.0,0.0130859375,0.9921693801879883,0.01566137559711933,0.5693638920783997,1.0,0.0,0.4624255895614624,0.0,0.4839593172073364,1.0,0.9962548017501831,0.0037451982498168945
6,1390,0.3251841962337494,0.22600677609443665,0.19420526921749115,0.01964917592704296,0.23983072916666667,0.7018226981163025,0.9942491319444444,0.011501736111111115,1.0,0.0,0.41228693181818177,0.5618430397727272,0.483203125,0.7237239583333334,2.604166666666667e-05,0.0120703125,0.9915133118629456,0.016973379999399185,0.5686324834823608,1.0,0.0,0.4575498402118683,0.0,0.4833376109600067,1.0,0.9960715770721436,0.003928422927856445
6,1400,0.3196864724159241,0.22413401305675507,0.19137224555015564,0.01939726248383522,0.24631510416666666,0.7083619236946106,0.9934657118055554,0.013068576388888892,1.0,0.0,0.3631628787878788,0.5544744318181818,0.4928385416666667,0.7215625,0.0,0.010989583333333334,0.9908925890922546,0.018214905634522438,0.5676432847976685,1.0,0.0,0.4509549140930176,0.0,0.48249679803848267,1.0,0.9958818554878235,0.004118144512176514
6,1410,0.32294926047325134,0.23272813856601715,0.18568477034568787,0.02169274166226387,0.2451171875,0.6497786641120911,0.9908919270833333,0.018216145833333336,1.0,0.0,0.2578125,0.538671875,0.520078125,0.7167447916666667,0.00013020833333333333,0.008671875,0.9903565645217896,0.019286956638097763,0.5668061971664429,1.0,0.0,0.4453745186328888,0.0,0.48178526759147644,1.0,0.9956927299499512,0.004307270050048828
6,1420,0.3143324851989746,0.23351365327835083,0.18460962176322937,0.023907076567411423,0.24494791666666665,0.6230050921440125,0.9878276909722221,0.02434461805555556,1.0,0.0,0.31640624999999994,0.5474609375,0.5180208333333334,0.699765625,0.0003255208333333333,0.0099609375,0.9895604848861694,0.020420800894498825,0.5664341449737549,1.0,0.0,0.4428943395614624,0.0,0.4814690351486206,1.0,0.9954960346221924,0.004503965377807617
6,1430,0.3015672564506531,0.23042607307434082,0.19472993910312653,0.0216693002730608,0.240234375,0.6146535277366638,0.986150173611111,0.027699652777777778,1.0,0.0,0.33179450757575757,0.5497691761363637,0.49127604166666666,0.675546875,0.0003125,0.010299479166666667,0.9888907074928284,0.021441180258989334,0.5664045810699463,1.0,0.0,0.44269707798957825,0.0,0.4814439117908478,1.0,0.9953000545501709,0.0046999454498291016
6,1440,0.3060104250907898,0.23639421164989471,0.20112793147563934,0.02188890241086483,0.23098958333333333,0.6235963702201843,0.9859201388888887,0.028159722222222225,1.0,0.0,0.35487689393939387,0.5532315340909091,0.48147135416666664,0.670859375,0.0008333333333333334,0.010807291666666666,0.9879151582717896,0.022291667759418488,0.5656690001487732,1.0,0.0,0.43779313564300537,0.0,0.48081865906715393,1.0,0.9951053261756897,0.004894673824310303
6,1450,0.30072447657585144,0.23683510720729828,0.20102126896381378,0.02419889159500599,0.23966145833333333,0.5923647284507751,0.9842426215277778,0.031514756944444444,1.0,0.0,0.5424952651515151,0.5813742897727273,0.4577734375,0.6595052083333334,0.00022135416666666666,0.014934895833333333,0.9868477582931519,0.023266781121492386,0.5648192763328552,1.0,0.0,0.4321282207965851,0.0,0.48009639978408813,1.0,0.9949156045913696,0.005084395408630371
6,1460,0.3068106472492218,0.23893241584300995,0.20022182166576385,0.020220594480633736,0.23919270833333334,0.58739173412323,0.9853081597222222,0.029383680555555566,1.0,0.0,0.609375,0.59140625,0.3975911458333333,0.6527213541666667,0.00046875,0.01640625,0.9862068295478821,0.024228878319263458,0.5655379295349121,1.0,0.0,0.4369194507598877,0.0,0.4807072579860687,1.0,0.9947314262390137,0.005268573760986328
6,1470,0.30982401967048645,0.2439504712820053,0.19539158046245575,0.02095801755785942,0.23959635416666666,0.5763444900512695,0.9848719618055555,0.030256076388888886,1.0,0.0,0.5655776515151515,0.5848366477272727,0.4427213541666667,0.6442708333333333,0.00024739583333333335,0.015442708333333333,0.9855280518531799,0.02517278492450714,0.5652969479560852,1.0,0.0,0.43531298637390137,0.0,0.4805024266242981,1.0,0.9945501089096069,0.005449891090393066
6,1480,0.32217860221862793,0.24995353817939758,0.19510674476623535,0.02217261865735054,0.24204427083333332,0.5866222977638245,0.985390625,0.029218750000000012,1.0,0.0,0.5093513257575758,0.5764026988636364,0.4583984375,0.6568619791666667,0.00024739583333333335,0.014205729166666667,0.9845709204673767,0.026104290038347244,0.5645697712898254,1.0,0.0,0.43046537041664124,0.0,0.4798843264579773,1.0,0.9943689107894897,0.005631089210510254
6,1490,0.30485713481903076,0.2371617704629898,0.19052477180957794,0.022312883287668228,0.2405859375,0.6094004511833191,0.985271267361111,0.029457465277777786,1.0,0.0,0.4389204545454546,0.5658380681818181,0.48899739583333335,0.66484375,0.00018229166666666667,0.01265625,0.9842004179954529,0.026845239102840424,0.5641554594039917,1.0,0.0,0.4277033805847168,0.0,0.4795321524143219,1.0,0.9941878914833069,0.005812108516693115
6,1500,0.2951175570487976,0.22971093654632568,0.19261883199214935,0.019857017323374748,0.23716145833333332,0.5723434090614319,0.9850065104166665,0.029986979166666674,1.0,0.0,0.46614583333333337,0.569921875,0.44470052083333333,0.6673046875,0.00015625,0.013255208333333334,0.9838768243789673,0.02749256044626236,0.5636947154998779,1.0,0.0,0.42463135719299316,0.0,0.4791405200958252,1.0,0.9940052628517151,0.005994737148284912
6,1510,0.2991480231285095,0.22688041627407074,0.18325695395469666,0.02240808680653572,0.2412109375,0.5910570025444031,0.9849934895833332,0.030013020833333345,1.0,0.0,0.41879734848484834,0.5628196022727272,0.44890625,0.6782942708333334,5.208333333333334e-05,0.012213541666666666,0.983599066734314,0.02804790809750557,0.5629295110702515,1.0,0.0,0.41953012347221375,0.0,0.47849008440971375,1.0,0.9938222765922546,0.006177723407745361
6,1520,0.2984098196029663,0.2278004139661789,0.1771562099456787,0.022610574960708618,0.23390625,0.5948029160499573,0.9797512342990974,0.03087239583333334,1.0,0.0,0.3874289772727273,0.5581143465909091,0.444921875,0.6788151041666667,0.00014322916666666667,0.0115234375,0.9833910465240479,0.028463955968618393,0.5627054572105408,1.0,0.0,0.41803640127182007,0.0,0.47829964756965637,1.0,0.9936442375183105,0.006355762481689453
6,1530,0.30067744851112366,0.22973878681659698,0.17801980674266815,0.02156113088130951,0.23951822916666668,0.5763242840766907,0.9815946502461393,0.030108506944444446,1.0,0.0,0.4258996212121211,0.5638849431818181,0.47674479166666667,0.67703125,0.000234375,0.012369791666666666,0.9833905696868896,0.028464987874031067,0.5618937611579895,1.0,0.0,0.41262513399124146,0.0,0.4776097238063812,1.0,0.9934781789779663,0.006521821022033691
6,1540,0.30486756563186646,0.2287728488445282,0.1731712520122528,0.022182567045092583,0.23440104166666667,0.5997880101203918,0.9733611919737268,0.030164930555555566,1.0,0.0,0.44128787878787873,0.5661931818181818,0.4593359375,0.6811458333333333,0.00010416666666666667,0.012708333333333334,0.9835623502731323,0.028121279552578926,0.5609933137893677,1.0,0.0,0.4066220223903656,0.0,0.47684434056282043,1.0,0.9933221340179443,0.006677865982055664
6,1550,0.3035900890827179,0.22899214923381805,0.17280440032482147,0.02308669127523899,0.23626302083333334,0.632229208946228,0.972877084791151,0.029891493055555565,1.0,0.0,0.37618371212121215,0.5564275568181818,0.46731770833333336,0.6841015625,0.0001953125,0.011276041666666667,0.9834150075912476,0.027609746903181076,0.5608072876930237,1.0,0.0,0.4053819477558136,0.0,0.4766862094402313,1.0,0.9931744933128357,0.006825506687164307
6,1560,0.3079385459423065,0.23550477623939514,0.1780170500278473,0.02172413282096386,0.24264322916666667,0.5970079302787781,0.9821911135086646,0.02890625000000001,1.0,0.0,0.5241477272727272,0.5786221590909091,0.48565104166666667,0.6774739583333333,0.00020833333333333335,0.01453125,0.9821999073028564,0.02685701847076416,0.5593403577804565,1.0,0.0,0.3956022262573242,0.0,0.47543931007385254,1.0,0.9930388927459717,0.00696110725402832
6,1570,0.3084179759025574,0.23616045713424683,0.1774330735206604,0.024418585002422333,0.23959635416666666,0.6038015484809875,0.9817280191845363,0.02785590277777779,1.0,0.0,0.45785984848484845,0.5686789772727272,0.49140625,0.682578125,0.000234375,0.013072916666666667,0.9800747632980347,0.02594163455069065,0.5577930212020874,1.0,0.0,0.38528701663017273,0.0,0.47412407398223877,1.0,0.9929186105728149,0.007081389427185059
6,1580,0.3044202923774719,0.23426131904125214,0.17390203475952148,0.024123497307300568,0.23756510416666668,0.6012848019599915,0.975934706793891,0.027491319444444454,1.0,0.0,0.3815104166666666,0.5572265625,0.49276041666666665,0.6811979166666666,0.0002734375,0.011393229166666666,0.9780696034431458,0.024942543357610703,0.5566262006759644,1.0,0.0,0.37750834226608276,0.0,0.47313228249549866,1.0,0.9928187727928162,0.007181227207183838
6,1590,0.31381016969680786,0.24248355627059937,0.19765497744083405,0.026715165004134178,0.24598958333333334,0.6138978004455566,0.9871809895833332,0.025638020833333344,1.0,0.0,0.4004498106060606,0.5600674715909091,0.50453125,0.6759114583333333,0.00018229166666666667,0.011809895833333334,0.9761362075805664,0.023869255557656288,0.5562373399734497,1.0,0.0,0.3749154508113861,0.0,0.47280174493789673,1.0,0.9927344918251038,0.00726550817489624
6,1600,0.31446951627731323,0.2317596673965454,0.18047532439231873,0.028058744966983795,0.250390625,0.6362934112548828,0.9874522569444444,0.025095486111111117,1.0,0.0,0.34777462121212116,0.5521661931818181,0.5372526041666666,0.7013932291666667,0.0006510416666666666,0.010651041666666666,0.9747555255889893,0.022768065333366394,0.5564698576927185,1.0,0.0,0.3764655590057373,0.0,0.4729993939399719,1.0,0.992671549320221,0.007328450679779053
6,1610,0.31920716166496277,0.2384842038154602,0.19299615919589996,0.029059860855340958,0.2437109375,0.6228938698768616,0.987634548611111,0.02473090277777778,1.0,0.0,0.25603693181818177,0.5384055397727273,0.5368359375,0.6945442708333334,0.0003515625,0.0086328125,0.9740802049636841,0.021587716415524483,0.5563430190086365,1.0,0.0,0.3756200671195984,0.0,0.47289156913757324,1.0,0.9926221966743469,0.007377803325653076
6,1620,0.3201746940612793,0.2398710697889328,0.19016404449939728,0.03217886760830879,0.2436328125,0.6457238793373108,0.9865234374999999,0.02695312500000001,1.0,0.0,0.22644412878787878,0.5339666193181818,0.5520182291666667,0.6912760416666667,0.0004166666666666667,0.007981770833333334,0.9731955528259277,0.020286666229367256,0.5564994215965271,1.0,0.0,0.37666285037994385,0.0,0.47302451729774475,1.0,0.992585301399231,0.007414698600769043
6,1630,0.32274720072746277,0.24035950005054474,0.202033132314682,0.02952798828482628,0.23940104166666668,0.6327890753746033,0.9878168402777777,0.02436631944444445,1.0,0.0,0.20276988636363633,0.5304154829545454,0.5424609375,0.69,0.00048177083333333335,0.0074609375,0.9729464054107666,0.018859541043639183,0.5567277669906616,1.0,0.0,0.3781847357749939,0.0,0.4732186198234558,1.0,0.9925661087036133,0.007433891296386719
6,1640,0.31518906354904175,0.23216015100479126,0.1807359755039215,0.02917436510324478,0.24216145833333333,0.6430113315582275,0.9897591145833332,0.020481770833333343,1.0,0.0,0.20572916666666666,0.530859375,0.517578125,0.705546875,0.0003515625,0.007526041666666667,0.972493052482605,0.017453083768486977,0.556867241859436,1.0,0.0,0.3791148066520691,0.0,0.47333717346191406,1.0,0.9925609827041626,0.007439017295837402
6,1650,0.32800158858299255,0.232525035738945,0.17499618232250214,0.03226970136165619,0.247734375,0.6385985016822815,0.9828232334923539,0.01741753472222222,1.0,0.0,0.32883522727272724,0.5493252840909091,0.5218880208333333,0.720390625,0.0003125,0.010234375,0.9723846912384033,0.016016658395528793,0.5571209192276001,1.0,0.0,0.3808058500289917,0.0,0.47355279326438904,1.0,0.992570161819458,0.007429838180541992
6,1660,0.32298389077186584,0.21735092997550964,0.160252183675766,0.028560472652316093,0.26104166666666667,0.6439845561981201,0.9587268858893305,0.015707465277777777,1.0,0.0,0.33712121212121204,0.5505681818181818,0.572265625,0.7357682291666666,0.00016927083333333334,0.010416666666666666,0.9723602533340454,0.014593254774808884,0.557657778263092,1.0,0.0,0.3843851685523987,0.0,0.47400912642478943,1.0,0.9925966262817383,0.007403373718261719
6,1670,0.3245299756526947,0.2096613496541977,0.14794965088367462,0.02682935632765293,0.2613020833333333,0.6226038336753845,0.9406806525104067,0.01016059027777778,1.0,0.0,0.3927556818181817,0.5589133522727272,0.5715104166666667,0.7471223958333333,0.00013020833333333333,0.011640625,0.9720031023025513,0.013216765597462654,0.5568503141403198,1.0,0.0,0.37900209426879883,0.0,0.4733227789402008,1.0,0.9926320314407349,0.007367968559265137
6,1680,0.3310854732990265,0.21270744502544403,0.14891822636127472,0.025960834696888924,0.265703125,0.636374294757843,0.9427624885750632,0.009275173611111114,1.0,0.0,0.4022253787878788,0.5603338068181818,0.5825651041666666,0.7473567708333333,0.00018229166666666667,0.011848958333333333,0.9711536765098572,0.011890294030308723,0.5566093325614929,1.0,0.0,0.3773956298828125,0.0,0.4731179475784302,1.0,0.9926809668540955,0.007319033145904541
6,1690,0.33489757776260376,0.21194282174110413,0.1493501216173172,0.026097550988197327,0.26470052083333334,0.6457037329673767,0.9447911312946906,0.006679687500000003,1.0,0.0,0.4549005681818182,0.5682350852272727,0.5421223958333333,0.7551171875,7.8125e-05,0.0130078125,0.970242440700531,0.010581184178590775,0.5567657947540283,1.0,0.0,0.37843841314315796,0.0,0.4732509255409241,1.0,0.9927467107772827,0.007253289222717285
6,1700,0.33239999413490295,0.21621106564998627,0.1560337394475937,0.026831556111574173,0.26578125,0.6434634923934937,0.9562754802724235,0.006332465277777782,1.0,0.0,0.4714725378787878,0.5707208806818181,0.5563411458333334,0.7457291666666667,0.00029947916666666664,0.013372395833333333,0.9689913392066956,0.009360326454043388,0.5566516518592834,1.0,0.0,0.37767744064331055,0.0,0.4731539189815521,1.0,0.9928289651870728,0.007171034812927246
6,1710,0.33714157342910767,0.21756474673748016,0.16429604589939117,0.026655327528715134,0.2687630208333333,0.624680757522583,0.9708242512870039,0.005199652777777777,1.0,0.0,0.44839015151515144,0.5672585227272727,0.558203125,0.7463671875,0.00018229166666666667,0.012864583333333334,0.9679043889045715,0.008165302686393261,0.5572350025177002,1.0,0.0,0.3815667927265167,0.0,0.4736497700214386,1.0,0.9929261207580566,0.007073879241943359
6,1720,0.34213247895240784,0.21887663006782532,0.1609504222869873,0.029057735577225685,0.2676692708333333,0.6306608319282532,0.9664167669899443,0.0026909722222222265,1.0,0.0,0.4406960227272727,0.566104403409091,0.5573046875,0.755859375,0.0003515625,0.0126953125,0.9674599766731262,0.006987640634179115,0.5581355094909668,1.0,0.0,0.3875699043273926,0.0,0.4744151830673218,1.0,0.9930366277694702,0.006963372230529785
6,1730,0.3450814187526703,0.2207307666540146,0.1652105450630188,0.02922171913087368,0.270234375,0.6464138627052307,0.9745203027562198,0.0009027777777777801,1.0,0.0,0.41938920454545453,0.5629083806818181,0.563515625,0.7603645833333333,0.0002734375,0.0122265625,0.9679242968559265,0.005704158451408148,0.5592600107192993,1.0,0.0,0.3950667381286621,0.0,0.47537103295326233,1.0,0.9931535720825195,0.006846427917480469
6,1740,0.3422625660896301,0.2167433202266693,0.16366641223430634,0.02731083519756794,0.2684505208333333,0.6603677272796631,0.9720720854478005,0.000572916666666673,1.0,0.0,0.44543087121212116,0.5668146306818181,0.5674088541666666,0.7653776041666667,0.00014322916666666667,0.012799479166666667,0.9679611921310425,0.004543857648968697,0.5605113506317139,1.0,0.0,0.40340912342071533,0.0,0.4764346480369568,1.0,0.9932677149772644,0.006732285022735596
6,1750,0.3397102952003479,0.21064232289791107,0.16291555762290955,0.030187012627720833,0.26848958333333334,0.6698282957077026,0.9710878667464623,0.0,1.0,0.0,0.4767992424242424,0.5715198863636364,0.5722916666666666,0.777890625,0.00015625,0.013489583333333333,0.9678729176521301,0.003568535204976797,0.5615133047103882,1.0,0.0,0.41008859872817993,0.0,0.47728630900382996,1.0,0.9933802485466003,0.006619751453399658
6,1760,0.3510127663612366,0.21427808701992035,0.16366910934448242,0.030046435073018074,0.28194010416666665,0.6790090203285217,0.9723631081214318,0.0,1.0,0.0,0.45134943181818177,0.5677024147727272,0.6135286458333333,0.7823307291666667,0.00010416666666666667,0.0129296875,0.9682392477989197,0.0027391286566853523,0.5616062879562378,1.0,0.0,0.4107086658477783,0.0,0.4773653447628021,1.0,0.993488609790802,0.006511390209197998
6,1770,0.34854474663734436,0.21555133163928986,0.16504444181919098,0.028138980269432068,0.27596354166666665,0.6650118827819824,0.9746905938478617,0.0,1.0,0.0,0.4111032196969696,0.5616654829545454,0.6228385416666666,0.7790364583333333,0.00015625,0.012044270833333334,0.9692862033843994,0.001991154160350561,0.5619403123855591,1.0,0.0,0.41293516755104065,0.0,0.4776492714881897,1.0,0.9935972690582275,0.006402730941772461
6,1780,0.3365280330181122,0.20956826210021973,0.1586620807647705,0.033253833651542664,0.2730989583333333,0.6701451539993286,0.9638896751403808,0.0,1.0,0.0,0.424124053030303,0.5636186079545454,0.6116796875,0.7720442708333334,0.0001953125,0.012330729166666667,0.9712786078453064,0.0015073164831846952,0.5613442063331604,1.0,0.0,0.40896129608154297,0.0,0.4771426022052765,1.0,0.9937217235565186,0.006278276443481445
6,1790,0.3453402817249298,0.20845556259155273,0.15447135269641876,0.030125752091407776,0.27708333333333335,0.6587491631507874,0.9567976737939393,0.0,1.0,0.0,0.40340909090909094,0.5605113636363637,0.6019661458333333,0.7906510416666667,0.00018229166666666667,0.011875,0.972515344619751,0.0010656415252014995,0.5607650279998779,1.0,0.0,0.40510010719299316,0.0,0.47665029764175415,1.0,0.993859052658081,0.006140947341918945
6,1800,0.3450477719306946,0.20626918971538544,0.15690095722675323,0.03155629336833954,0.2828515625,0.6699698567390442,0.9609093122298901,0.0,1.0,0.0,0.38446969696969685,0.5576704545454545,0.6110286458333334,0.7870052083333333,2.604166666666667e-05,0.011458333333333333,0.9746925830841064,0.0007475612219423056,0.5597165822982788,1.0,0.0,0.398110568523407,0.0,0.4757591187953949,1.0,0.9940134286880493,0.005986571311950684
6,1810,0.35043516755104065,0.20647920668125153,0.1590973436832428,0.032750632613897324,0.28735677083333333,0.6612161993980408,0.9646262739254877,0.0,1.0,0.0,0.42945075757575757,0.5644176136363637,0.614453125,0.7920703125,6.510416666666667e-05,0.012447916666666666,0.975692093372345,0.0004460152122192085,0.5587104558944702,1.0,0.0,0.3914029002189636,0.0,0.4749039113521576,1.0,0.9941695928573608,0.00583040714263916
6,1820,0.3668806850910187,0.2117435485124588,0.16717785596847534,0.031818583607673645,0.284453125,0.6757405400276184,0.9783009870235736,0.0,1.0,0.0,0.3821022727272727,0.557315340909091,0.6240364583333333,0.8023828125,0.00018229166666666667,0.01140625,0.976671576499939,0.00019841270113829523,0.5578015446662903,1.0,0.0,0.38534340262413025,0.0,0.474131315946579,1.0,0.9943258762359619,0.005674123764038086
6,1830,0.37357211112976074,0.21460433304309845,0.17779943346977234,0.03201896697282791,0.2877734375,0.6800898909568787,0.9962759643334608,0.0,1.0,0.0,0.3838778409090909,0.5575816761363637,0.635078125,0.8005598958333333,0.00022135416666666666,0.0114453125,0.9782707691192627,7.027116225799546e-05,0.557036280632019,1.0,0.0,0.38024216890335083,0.0,0.47348085045814514,1.0,0.9944795370101929,0.005520462989807129
6,1840,0.37737712264060974,0.2216445654630661,0.17325818538665771,0.03116588667035103,0.27869791666666666,0.6817386150360107,0.9885907752697284,0.0,1.0,0.0,0.3779592803030303,0.5566938920454545,0.615859375,0.7948828125,0.000234375,0.011315104166666666,0.9794841408729553,2.7281745133223012e-05,0.5563346147537231,1.0,0.0,0.37556368112564087,0.0,0.4728844463825226,1.0,0.9946251511573792,0.00537484884262085
6,1850,0.3770938515663147,0.21667695045471191,0.17285338044166565,0.03636567294597626,0.285390625,0.6794646978378296,0.9879057207474341,0.0,1.0,0.0,0.34599905303030304,0.5518998579545454,0.6245833333333334,0.8040755208333333,0.00010416666666666667,0.010611979166666667,0.9805037975311279,0.0,0.5553706884384155,1.0,0.0,0.36913782358169556,0.0,0.4720650911331177,1.0,0.9947606921195984,0.005239307880401611
6,1860,0.3748251795768738,0.21840928494930267,0.17439644038677216,0.035110216587781906,0.28239583333333335,0.6805034279823303,0.9905170529622297,0.0,1.0,0.0,0.34185606060606055,0.5512784090909091,0.628125,0.8050651041666667,9.114583333333334e-05,0.010520833333333333,0.9818806052207947,0.0,0.554106593132019,1.0,0.0,0.36071091890335083,0.0,0.4709906280040741,1.0,0.994891881942749,0.0051081180572509766
6,1870,0.37944385409355164,0.2151760309934616,0.1686023622751236,0.03469644486904144,0.2949348958333333,0.6842963695526123,0.9807116900040552,0.0,1.0,0.0,0.3838778409090909,0.5575816761363637,0.6615494791666666,0.8149348958333333,0.00029947916666666664,0.0114453125,0.9823177456855774,0.0,0.5528595447540283,1.0,0.0,0.35239672660827637,0.0,0.46993061900138855,1.0,0.9950134754180908,0.00498652458190918
6,1880,0.3950327932834625,0.21785926818847656,0.16967171430587769,0.031944263726472855,0.29408854166666665,0.6944676041603088,0.9825213626714854,0.0,1.0,0.0,0.3093039772727272,0.5463955965909091,0.6659114583333333,0.818046875,0.00010416666666666667,0.0098046875,0.9834951162338257,0.0,0.5520309209823608,1.0,0.0,0.3468727469444275,0.0,0.46922630071640015,1.0,0.9951330423355103,0.004866957664489746
6,1890,0.37954390048980713,0.21114926040172577,0.1615249365568161,0.029962049797177315,0.2891666666666667,0.6866328716278076,0.9687345080192272,0.0,1.0,0.0,0.32114109848484845,0.5481711647727273,0.6589192708333333,0.8157682291666667,9.114583333333334e-05,0.010065104166666667,0.9848968386650085,0.0,0.5505639910697937,1.0,0.0,0.3370930254459381,0.0,0.46797940135002136,1.0,0.9952502250671387,0.004749774932861328
6,1900,0.3898521959781647,0.22213506698608398,0.17439386248588562,0.03486937656998634,0.287109375,0.6836071610450745,0.9905126903607294,0.0,1.0,0.0,0.30812026515151514,0.5462180397727273,0.6516666666666666,0.8131119791666667,0.0001953125,0.009778645833333334,0.9869540929794312,0.0,0.5498325824737549,1.0,0.0,0.3322172462940216,0.0,0.46735769510269165,1.0,0.9953649640083313,0.004635035991668701
6,1910,0.38085663318634033,0.21118026971817017,0.16656561195850372,0.0345989428460598,0.2887109375,0.6916576027870178,0.9772648817759294,0.0,1.0,0.0,0.3306107954545454,0.5495916193181818,0.6653515625,0.8176041666666667,7.8125e-05,0.0102734375,0.9888155460357666,0.0,0.5493803024291992,1.0,0.0,0.3292016386985779,0.0,0.46697327494621277,1.0,0.9954783916473389,0.004521608352661133
6,1920,0.3863736093044281,0.2191992849111557,0.17491447925567627,0.03650200739502907,0.2907942708333333,0.6977138519287109,0.9913937341249907,0.0,1.0,0.0,0.32114109848484845,0.5481711647727273,0.6644921875,0.812578125,0.0001171875,0.010065104166666667,0.9905000925064087,0.0,0.5486065745353699,1.0,0.0,0.32404404878616333,0.0,0.4663155972957611,1.0,0.9955851435661316,0.004414856433868408
6,1930,0.3868328332901001,0.21830438077449799,0.18400490283966064,0.034345436841249466,0.2878645833333333,0.7058241963386536,0.9999999999999999,0.0,1.0,0.0,0.3335700757575757,0.5500355113636364,0.6574739583333333,0.8152734375,0.0001171875,0.010338541666666666,0.9911946654319763,0.0,0.5479851365089417,1.0,0.0,0.3199010491371155,0.0,0.4657873809337616,1.0,0.9956774115562439,0.0043225884437561035
6,1940,0.3921745717525482,0.2185479998588562,0.1836606115102768,0.03415698930621147,0.29001302083333336,0.6870784163475037,0.9999999999999999,0.0,1.0,0.0,0.32114109848484845,0.5481711647727273,0.6599479166666666,0.8172526041666667,9.114583333333334e-05,0.010065104166666667,0.9907190203666687,0.0,0.548014760017395,1.0,0.0,0.32009831070899963,0.0,0.4658125638961792,1.0,0.995756208896637,0.004243791103363037
6,1950,0.3927604556083679,0.21225973963737488,0.1761510968208313,0.03632355481386185,0.2950260416666667,0.691872239112854,0.9934864715429453,0.0,1.0,0.0,0.31048768939393934,0.5465731534090909,0.6688932291666667,0.8277083333333334,5.208333333333334e-05,0.009830729166666666,0.9907698631286621,0.0,0.5476934313774109,1.0,0.0,0.3179563283920288,0.0,0.46553942561149597,1.0,0.9958182573318481,0.0041817426681518555
6,1960,0.39956602454185486,0.2172948122024536,0.1897902637720108,0.03597811609506607,0.29299479166666664,0.6943670511245728,0.9999999999999999,0.0,1.0,0.0,0.2998342803030303,0.5449751420454545,0.6475260416666667,0.8213541666666667,0.0002734375,0.009596354166666666,0.990142822265625,0.0,0.5475116968154907,1.0,0.0,0.31674444675445557,0.0,0.46538496017456055,1.0,0.9958675503730774,0.004132449626922607
6,1970,0.3894610106945038,0.2183975875377655,0.16909341514110565,0.03337130695581436,0.2889583333333333,0.6655927300453186,0.9815427025464863,0.0,1.0,0.0,0.2767518939393939,0.5415127840909091,0.6374479166666667,0.8183333333333334,0.00016927083333333334,0.009088541666666667,0.9892745614051819,0.0,0.5477864742279053,1.0,0.0,0.3185763955116272,0.0,0.4656185209751129,1.0,0.9959077835083008,0.004092216491699219
6,1980,0.39770638942718506,0.20885324478149414,0.1796545386314392,0.03601790592074394,0.2964322916666667,0.681637704372406,0.9994153730685894,0.0,1.0,0.0,0.2950994318181818,0.5442649147727273,0.6642838541666667,0.8355078125,0.00010416666666666667,0.0094921875,0.9901071786880493,0.0,0.5478456616401672,1.0,0.0,0.3189709782600403,0.0,0.46566882729530334,1.0,0.995932400226593,0.004067599773406982
6,1990,0.40067195892333984,0.20258843898773193,0.1760563850402832,0.029901383444666862,0.29087239583333335,0.7066773772239685,0.9933261900681715,0.0,1.0,0.0,0.21874999999999997,0.5328125,0.6715104166666667,0.8547005208333334,0.00015625,0.0078125,0.990613579750061,0.0,0.5481838583946228,1.0,0.0,0.321225643157959,0.0,0.46595630049705505,1.0,0.9959291219711304,0.004070878028869629
6,2000,0.4003162682056427,0.20318292081356049,0.18762511014938354,0.03325190395116806,0.295,0.6984837055206299,0.9999999999999999,0.0,1.0,0.0,0.3010179924242424,0.5451526988636364,0.6946744791666667,0.8483463541666667,0.00022135416666666666,0.009622395833333333,0.9919049739837646,0.0,0.5491266250610352,1.0,0.0,0.3275105953216553,0.0,0.4667576551437378,1.0,0.9959046244621277,0.0040953755378723145
6,2010,0.4006313681602478,0.2192562222480774,0.19311560690402985,0.034549444913864136,0.2884375,0.7029666304588318,0.9999999999999999,0.0,1.0,0.0,0.32114109848484845,0.5481711647727273,0.6601302083333334,0.8078645833333333,0.00016927083333333334,0.010065104166666667,0.9912706613540649,0.0,0.5500524640083313,1.0,0.0,0.3336828351020813,0.0,0.4675446152687073,1.0,0.9958541393280029,0.00414586067199707
6,2020,0.3878571391105652,0.22525376081466675,0.1812210977077484,0.041364122182130814,0.295078125,0.6905330419540405,0.9999999999999999,0.0,1.0,0.0,0.32114109848484845,0.5481711647727273,0.6105989583333333,0.7800260416666667,0.00024739583333333335,0.010065104166666667,0.9910669922828674,0.0,0.5510754585266113,1.0,0.0,0.3405032753944397,0.0,0.46841415762901306,1.0,0.9957954287528992,0.00420457124710083
6,2030,0.38654908537864685,0.2204912304878235,0.17579805850982666,0.03689439222216606,0.2860416666666667,0.6899476051330566,0.9928890220935528,0.0,1.0,0.0,0.2950994318181818,0.5442649147727273,0.6418359375,0.8039713541666667,0.00024739583333333335,0.0094921875,0.9902887940406799,0.0,0.5521788597106934,1.0,0.0,0.3478592038154602,0.0,0.46935203671455383,1.0,0.9957305788993835,0.004269421100616455
6,2040,0.373287558555603,0.21354645490646362,0.17189763486385345,0.03475342318415642,0.29151041666666666,0.6759777069091797,0.9862883051542134,0.0,1.0,0.0,0.3880208333333333,0.558203125,0.6179296875,0.8098958333333334,0.00022135416666666666,0.011536458333333333,0.9892799854278564,0.0,0.5532569289207458,1.0,0.0,0.35504597425460815,0.0,0.4702683985233307,1.0,0.9956454038619995,0.004354596138000488
6,2050,0.377529501914978,0.21681956946849823,0.17388916015625,0.03808975964784622,0.28458333333333335,0.6706674098968506,0.9896585787259614,0.0,1.0,0.0,0.3329782196969697,0.5499467329545454,0.5999869791666667,0.8038411458333333,0.00028645833333333333,0.010325520833333334,0.9877414703369141,0.0,0.553874135017395,1.0,0.0,0.35916081070899963,0.0,0.4707930386066437,1.0,0.9955477714538574,0.004452228546142578
6,2060,0.3731129467487335,0.2131723165512085,0.16507185995578766,0.03429684787988663,0.2922005208333333,0.6825538873672485,0.9747369937713329,0.0,1.0,0.0,0.3205492424242424,0.5480823863636364,0.6139973958333333,0.800625,0.000234375,0.010052083333333333,0.9875108599662781,2.7901787689188495e-05,0.5546435117721558,1.0,0.0,0.3642902374267578,0.0,0.4714469909667969,1.0,0.9954372644424438,0.004562735557556152
6,2070,0.37051358819007874,0.21067389845848083,0.16362130641937256,0.03452375531196594,0.2915755208333333,0.6758049726486206,0.9722822108635535,0.0,1.0,0.0,0.3803267045454546,0.5570490056818181,0.6090625,0.8022786458333333,0.00015625,0.0113671875,0.9865235090255737,0.0001548032450955361,0.5553326606750488,1.0,0.0,0.3688841462135315,0.0,0.4720327854156494,1.0,0.9953125715255737,0.0046874284744262695
6,2080,0.37690892815589905,0.2180582731962204,0.17893464863300323,0.03572995960712433,0.29032552083333335,0.6794816851615906,0.9981970976866209,0.0,1.0,0.0,0.39216382575757575,0.5588245738636364,0.6023567708333334,0.7952734375,0.00026041666666666666,0.011627604166666666,0.9864480495452881,0.00033461477141827345,0.5564360022544861,1.0,0.0,0.376240074634552,0.0,0.4729706048965454,1.0,0.9951852560043335,0.004814743995666504
6,2090,0.38067561388015747,0.22002902626991272,0.17595535516738892,0.03618726134300232,0.292890625,0.673355758190155,0.9931552164371197,0.0,1.0,0.0,0.3566524621212121,0.5534978693181818,0.6074088541666667,0.7981901041666667,0.00028645833333333333,0.010846354166666667,0.9858942031860352,0.0006797701353207231,0.5572899580001831,1.0,0.0,0.38193318247795105,0.0,0.4736964702606201,1.0,0.9950416088104248,0.004958391189575195
6,2100,0.3727705776691437,0.22736084461212158,0.1775510162115097,0.03814607486128807,0.28326822916666666,0.6640269160270691,0.9958555658964011,0.0,1.0,0.0,0.4531249999999999,0.56796875,0.6151432291666666,0.7769010416666666,0.0001953125,0.01296875,0.9854723811149597,0.0016280176350846887,0.5593783855438232,1.0,0.0,0.3958559036254883,0.0,0.4754716455936432,1.0,0.9948872327804565,0.005112767219543457
6,2110,0.3522975444793701,0.21125876903533936,0.16652236878871918,0.03186618164181709,0.28725260416666665,0.6785886883735657,0.9771917010270631,0.0,1.0,0.0,0.43773674242424243,0.5656605113636364,0.6125911458333333,0.7919661458333334,0.00013020833333333333,0.012630208333333334,0.9849146604537964,0.0026574903167784214,0.5592854022979736,1.0,0.0,0.3952358365058899,0.0,0.475392609834671,1.0,0.9947147965431213,0.005285203456878662
6,2120,0.3482840359210968,0.21520619094371796,0.16403786838054657,0.03685383126139641,0.2866666666666667,0.6716926097869873,0.9729871618747711,0.0,1.0,0.0,0.4738399621212121,0.5710759943181818,0.6152994791666667,0.7825911458333333,0.00040364583333333333,0.013424479166666666,0.9836533069610596,0.003757440485060215,0.559065580368042,1.0,0.0,0.393770307302475,0.0,0.47520574927330017,1.0,0.994530200958252,0.005469799041748047
6,2130,0.3478584587574005,0.21161843836307526,0.16525770723819733,0.035570718348026276,0.2890234375,0.673824667930603,0.9750515045569493,0.0,1.0,0.0,0.4756155303030302,0.5713423295454545,0.6215234375,0.780859375,0.0001171875,0.013463541666666667,0.9817834496498108,0.004961557686328888,0.5592389106750488,1.0,0.0,0.3949258327484131,0.0,0.47535309195518494,1.0,0.9943333864212036,0.005666613578796387
6,2140,0.3509679436683655,0.21940936148166656,0.16748172044754028,0.034095145761966705,0.2880729166666667,0.6670020818710327,0.9788152192189142,0.0,1.0,0.0,0.4844933712121211,0.5726740056818181,0.6281380208333334,0.7707552083333333,0.00016927083333333334,0.013658854166666666,0.9810665845870972,0.006254340056329966,0.5590359568595886,1.0,0.0,0.39357298612594604,0.0,0.47518056631088257,1.0,0.9941359162330627,0.005864083766937256
6,2150,0.3496747314929962,0.21646298468112946,0.16090790927410126,0.03684307262301445,0.28561197916666664,0.6845341920852661,0.9676903080023253,0.0,1.0,0.0,0.40755208333333337,0.5611328125,0.6301692708333333,0.778046875,3.90625e-05,0.011966145833333334,0.9793524742126465,0.007572544738650322,0.5587062239646912,1.0,0.0,0.39137470722198486,0.0,0.4749003052711487,1.0,0.9939401149749756,0.006059885025024414
6,2160,0.3514240086078644,0.2228773832321167,0.17346273362636566,0.03424208238720894,0.28078125,0.6593733429908752,0.9886439650792341,0.0005859375000000038,1.0,0.0,0.4182054924242424,0.5627308238636364,0.6403255208333334,0.7642317708333334,0.0001953125,0.012200520833333334,0.9780784249305725,0.00890418328344822,0.5586597323417664,1.0,0.0,0.39106467366218567,0.0,0.4748607873916626,1.0,0.9937542676925659,0.006245732307434082
6,2170,0.35611221194267273,0.23096831142902374,0.16853556036949158,0.035825613886117935,0.2783072916666667,0.6673176884651184,0.9792661753475157,0.002664930555555556,1.0,0.0,0.3963068181818182,0.5594460227272727,0.6300390625,0.7533333333333333,9.114583333333334e-05,0.01171875,0.9778525829315186,0.010257730260491371,0.5588034391403198,1.0,0.0,0.39202290773391724,0.0,0.47498294711112976,1.0,0.9935789704322815,0.006421029567718506
6,2180,0.34882068634033203,0.2241957187652588,0.16927294433116913,0.030550139024853706,0.27541666666666664,0.6604546904563904,0.9799585003424913,0.0037760416666666654,1.0,0.0,0.4312263257575757,0.5646839488636364,0.6151953125,0.7543880208333333,0.0003515625,0.012486979166666667,0.977152407169342,0.011583374813199043,0.5586808323860168,1.0,0.0,0.3912056088447571,0.0,0.47487872838974,1.0,0.9934066534042358,0.00659334659576416
6,2190,0.3439362347126007,0.22393164038658142,0.17492353916168213,0.030648501589894295,0.2743229166666667,0.6498234868049622,0.9877849343291714,0.007248263888888894,1.0,0.0,0.4146543560606061,0.562198153409091,0.593203125,0.7408203125,0.00015625,0.012122395833333334,0.9752878546714783,0.012872644700109959,0.5581693053245544,1.0,0.0,0.3877953588962555,0.0,0.4744439125061035,1.0,0.993237316608429,0.006762683391571045
6,2200,0.3348866105079651,0.23791037499904633,0.1767050176858902,0.02986149489879608,0.261640625,0.6374095678329468,0.9844672788615919,0.01991319444444445,1.0,0.0,0.5111268939393939,0.5766690340909091,0.5374739583333333,0.7111588541666667,0.0006380208333333333,0.014244791666666666,0.9737614393234253,0.014215649105608463,0.5581101179122925,1.0,0.0,0.3874008059501648,0.0,0.4743936061859131,1.0,0.9930715560913086,0.006928443908691406
6,2210,0.33510544896125793,0.23897366225719452,0.1794670820236206,0.03085634857416153,0.25298177083333334,0.620780348777771,0.9882886770036485,0.02161892361111111,1.0,0.0,0.28799715909090906,0.5431995738636364,0.50171875,0.7189453125,0.0002734375,0.0093359375,0.9723232984542847,0.015516906045377254,0.5580129027366638,1.0,0.0,0.38675257563591003,0.0,0.4743109941482544,1.0,0.9929060339927673,0.007093966007232666
6,2220,0.3306550979614258,0.23775336146354675,0.1711718738079071,0.03189443051815033,0.25018229166666667,0.6007739305496216,0.9735106149697915,0.023098958333333336,1.0,0.0,0.2903645833333333,0.5435546875,0.5241927083333333,0.7191666666666666,0.0005598958333333334,0.009388020833333333,0.9726225137710571,0.016835525631904602,0.5578014850616455,1.0,0.0,0.38534340262413025,0.0,0.4741312861442566,1.0,0.9927486777305603,0.007251322269439697
6,2230,0.32534468173980713,0.23549872636795044,0.16426773369312286,0.029960842803120613,0.25440104166666666,0.6002215147018433,0.960732935544772,0.02528645833333334,1.0,0.0,0.34540719696969696,0.5518110795454545,0.5339583333333333,0.7178645833333334,0.0005078125,0.010598958333333333,0.9732274413108826,0.018198370933532715,0.5576662421226501,1.0,0.0,0.3844415247440338,0.0,0.47401630878448486,1.0,0.9925925731658936,0.007407426834106445
6,2240,0.3209310472011566,0.24240295588970184,0.17492282390594482,0.02982425130903721,0.23932291666666666,0.6272859573364258,0.9778336370908296,0.027148437500000008,1.0,0.0,0.2666903409090909,0.5400035511363637,0.5185026041666667,0.6955338541666667,0.0003125,0.0088671875,0.9720633625984192,0.01946077309548855,0.5575817227363586,1.0,0.0,0.38387784361839294,0.0,0.4739444851875305,1.0,0.9924407601356506,0.007559239864349365
6,2250,0.319859117269516,0.23816262185573578,0.15880660712718964,0.029884010553359985,0.249140625,0.603164553642273,0.9502931123819107,0.027682291666666664,1.0,0.0,0.34185606060606055,0.5512784090909091,0.5170052083333333,0.6973697916666667,0.00046875,0.010520833333333333,0.9717352390289307,0.020673569291830063,0.556613564491272,1.0,0.0,0.37742379307746887,0.0,0.4731215536594391,1.0,0.9923040270805359,0.007695972919464111
6,2260,0.3141274154186249,0.23270413279533386,0.16634157299995422,0.029147539287805557,0.24701822916666666,0.6093742251396179,0.9629035340618882,0.027964409722222222,1.0,0.0,0.326467803030303,0.5489701704545454,0.531640625,0.6976041666666667,0.00015625,0.010182291666666666,0.9711357355117798,0.021889466792345047,0.5559287071228027,1.0,0.0,0.37285804748535156,0.0,0.47253942489624023,1.0,0.9921791553497314,0.007820844650268555
6,2270,0.31727954745292664,0.23575639724731445,0.1706669181585312,0.028626620769500732,0.24666666666666667,0.6107776761054993,0.9699933142234117,0.02842447916666667,1.0,0.0,0.3406723484848484,0.5511008522727272,0.5252864583333333,0.6947526041666666,0.0001171875,0.010494791666666666,0.9706538915634155,0.023055968806147575,0.5551254749298096,1.0,0.0,0.36750316619873047,0.0,0.47185665369033813,1.0,0.992064356803894,0.007935643196105957
6,2280,0.3124180734157562,0.22905130684375763,0.16315853595733643,0.02779092825949192,0.25169270833333335,0.5986753106117249,0.9575797900175437,0.027838541666666675,1.0,0.0,0.3631628787878788,0.5544744318181818,0.5313151041666667,0.6983203125,0.00014322916666666667,0.010989583333333334,0.9710679650306702,0.024075521156191826,0.5542207956314087,1.0,0.0,0.36147189140319824,0.0,0.4710876941680908,1.0,0.9919573068618774,0.008042693138122559
6,2290,0.3204154372215271,0.23423819243907928,0.1637963503599167,0.02936716377735138,0.24569010416666667,0.6096547245979309,0.9590411126817393,0.027074652777777788,1.0,0.0,0.3205492424242424,0.5480823863636364,0.5656510416666667,0.69453125,0.00013020833333333333,0.010052083333333333,0.969970703125,0.02510458044707775,0.553142786026001,1.0,0.0,0.3542850613594055,0.0,0.47017139196395874,1.0,0.9918498992919922,0.008150100708007812
6,2300,0.31695201992988586,0.2342880368232727,0.16534672677516937,0.03141321614384651,0.2545572916666667,0.5702233910560608,0.9611005905041328,0.02820312500000001,1.0,0.0,0.34836647727272724,0.5522549715909091,0.5105598958333334,0.7001041666666666,0.00016927083333333334,0.0106640625,0.9699662923812866,0.025931507349014282,0.5527538657188416,1.0,0.0,0.3516921401023865,0.0,0.46984079480171204,1.0,0.9917473196983337,0.00825268030166626
6,2310,0.30773401260375977,0.23277539014816284,0.1677790731191635,0.02933523803949356,0.25438802083333334,0.6014487743377686,0.965655236987986,0.027326388888888886,1.0,0.0,0.43951231060606055,0.5659268465909091,0.5123958333333334,0.6903645833333333,0.00020833333333333335,0.012669270833333333,0.9691161513328552,0.026129506528377533,0.5517054200172424,1.0,0.0,0.3447026014328003,0.0,0.4689496159553528,1.0,0.9916483163833618,0.008351683616638184
6,2320,0.31700143218040466,0.23834672570228577,0.17841662466526031,0.02944299951195717,0.2543489583333333,0.5802680253982544,0.9834749556300986,0.02769097222222222,1.0,0.0,0.40814393939393934,0.5612215909090909,0.496953125,0.6858203125,0.00016927083333333334,0.011979166666666667,0.9690651893615723,0.026317378506064415,0.5521239042282104,1.0,0.0,0.3474927842617035,0.0,0.4693053364753723,1.0,0.9915565848350525,0.00844341516494751
6,2330,0.3141182065010071,0.23597313463687897,0.18273214995861053,0.029028568416833878,0.2539973958333333,0.5970831513404846,0.9856901041666666,0.028619791666666672,1.0,0.0,0.4549005681818182,0.5682350852272727,0.5309244791666666,0.6881640625,0.00036458333333333335,0.0130078125,0.9687741994857788,0.02636946178972721,0.5523775815963745,1.0,0.0,0.3491837978363037,0.0,0.4695209562778473,1.0,0.9914706945419312,0.008529305458068848
6,2340,0.3235725462436676,0.24131175875663757,0.15864552557468414,0.02955547347664833,0.25994791666666667,0.5990794897079468,0.9506064503315167,0.02651041666666667,1.0,0.0,0.46377840909090906,0.5695667613636364,0.5566927083333333,0.6884635416666667,0.00022135416666666666,0.013203125,0.9693684577941895,0.026396535336971283,0.5517350435256958,1.0,0.0,0.34489989280700684,0.0,0.4689747989177704,1.0,0.9914029836654663,0.008597016334533691
6,2350,0.32183054089546204,0.239760160446167,0.17093488574028015,0.031327467411756516,0.2529166666666667,0.6118446588516235,0.9719246624066279,0.02546875000000001,1.0,0.0,0.3489583333333333,0.55234375,0.5508723958333334,0.695234375,0.00029947916666666664,0.010677083333333334,0.9691076278686523,0.026241939514875412,0.5516800880432129,1.0,0.0,0.3445335030555725,0.0,0.46892809867858887,1.0,0.9913464784622192,0.008653521537780762
6,2360,0.32104822993278503,0.23684285581111908,0.16101236641407013,0.03325611352920532,0.25069010416666665,0.6066805124282837,0.9551001545404777,0.02553385416666667,1.0,0.0,0.3116714015151515,0.5467507102272727,0.5560677083333333,0.7010286458333334,6.510416666666667e-05,0.009856770833333334,0.9707993865013123,0.0262741819024086,0.5522084832191467,1.0,0.0,0.348056435585022,0.0,0.46937721967697144,1.0,0.9913067817687988,0.008693218231201172
6,2370,0.3231108486652374,0.24140514433383942,0.17472083866596222,0.03251466900110245,0.2507421875,0.5833652019500732,0.9785248020265855,0.025082465277777785,1.0,0.0,0.30575284090909094,0.5458629261363637,0.5352604166666667,0.6938151041666667,0.00018229166666666667,0.0097265625,0.9718978404998779,0.026278521865606308,0.5526777505874634,1.0,0.0,0.3511848449707031,0.0,0.46977609395980835,1.0,0.9912793636322021,0.008720636367797852
6,2380,0.31421029567718506,0.24152271449565887,0.20358891785144806,0.028645379468798637,0.24516927083333334,0.6988874077796936,0.9879622395833333,0.024075520833333336,1.0,0.0,0.26964962121212116,0.5404474431818181,0.49759114583333336,0.6842317708333333,0.00022135416666666666,0.008932291666666667,0.9714823961257935,0.026172703132033348,0.5526523590087891,1.0,0.0,0.35101574659347534,0.0,0.46975451707839966,1.0,0.9912543296813965,0.008745670318603516
6,2390,0.3108876049518585,0.23464518785476685,0.1620410978794098,0.03299795836210251,0.25143229166666664,0.6084814667701721,0.9569148694348131,0.025386284722222232,1.0,0.0,0.2803030303030303,0.5420454545454545,0.49872395833333333,0.6951822916666667,0.00010416666666666667,0.009166666666666667,0.9728051424026489,0.026173941791057587,0.5524029731750488,1.0,0.0,0.3493528962135315,0.0,0.469542533159256,1.0,0.9912413358688354,0.00875866413116455
6,2400,0.3181959390640259,0.23748813569545746,0.1809844672679901,0.03146471828222275,0.26169270833333336,0.6074139475822449,0.987693142361111,0.02461371527777778,1.0,0.0,0.3602035984848485,0.5540305397727273,0.5303255208333333,0.6995052083333333,2.604166666666667e-05,0.010924479166666667,0.9739216566085815,0.026223134249448776,0.5524747967720032,1.0,0.0,0.34983202815055847,0.0,0.46960359811782837,1.0,0.9912470579147339,0.008752942085266113
6,2410,0.3165135383605957,0.23343485593795776,0.16738468408584595,0.03231830522418022,0.2581380208333333,0.5838825702667236,0.9666154135598076,0.024071180555555557,1.0,0.0,0.36434659090909083,0.5546519886363637,0.5617317708333334,0.7036979166666667,0.0001953125,0.011015625,0.975186824798584,0.02605448290705681,0.5520731806755066,1.0,0.0,0.34715455770492554,0.0,0.4692622125148773,1.0,0.9912701845169067,0.008729815483093262
6,2420,0.32358819246292114,0.241186261177063,0.1862768530845642,0.03278626129031181,0.2598046875,0.6103345155715942,0.9872178819444444,0.02556423611111111,1.0,0.0,0.34659090909090906,0.5519886363636364,0.5483333333333333,0.6958072916666667,0.00022135416666666666,0.010625,0.9758831262588501,0.02606336958706379,0.5507246255874634,1.0,0.0,0.33816400170326233,0.0,0.4681159555912018,1.0,0.9913089275360107,0.008691072463989258
6,2430,0.32589226961135864,0.24115444719791412,0.16788390278816223,0.031228600069880486,0.25677083333333334,0.5899560451507568,0.9673994813209925,0.024192708333333333,1.0,0.0,0.32587594696969696,0.5488813920454545,0.559140625,0.7022005208333333,0.0001171875,0.010169270833333334,0.9759461879730225,0.02619233727455139,0.5499171018600464,1.0,0.0,0.33278095722198486,0.0,0.4674295485019684,1.0,0.9913527965545654,0.00864720344543457
6,2440,0.32902202010154724,0.24286088347434998,0.1718100905418396,0.03252888098359108,0.24748697916666668,0.6171963214874268,0.9732126358635405,0.025855034722222225,1.0,0.0,0.2554450757575757,0.5383167613636364,0.5179427083333333,0.6954817708333333,6.510416666666667e-05,0.008619791666666666,0.975901186466217,0.026282448321580887,0.5485601425170898,1.0,0.0,0.32373398542404175,0.0,0.4662761390209198,1.0,0.9914023876190186,0.008597612380981445
6,2450,0.32113000750541687,0.23475074768066406,0.17072653770446777,0.032449591904878616,0.25057291666666665,0.6076139807701111,0.9723554935618344,0.023901909722222225,1.0,0.0,0.2589962121212121,0.5388494318181818,0.5395833333333333,0.7047916666666667,0.00010416666666666667,0.008697916666666666,0.9774848222732544,0.026556920260190964,0.5481500029563904,1.0,0.0,0.3210001587867737,0.0,0.46592751145362854,1.0,0.9914702773094177,0.008529722690582275
6,2460,0.3190769851207733,0.23601441085338593,0.18146954476833344,0.034242354333400726,0.2627864583333333,0.6194009184837341,0.9858203124999999,0.028359375000000006,1.0,0.0,0.41583806818181807,0.5623757102272727,0.5797005208333333,0.6951953125,3.90625e-05,0.0121484375,0.9780328273773193,0.026921916753053665,0.5476850271224976,1.0,0.0,0.31790000200271606,0.0,0.4655322730541229,1.0,0.9915514588356018,0.008448541164398193
6,2470,0.3227532207965851,0.24175703525543213,0.1843232661485672,0.037556830793619156,0.2673828125,0.5815638899803162,0.9859722222222221,0.028055555555555556,1.0,0.0,0.39216382575757575,0.5588245738636364,0.5726953125,0.6900651041666667,3.90625e-05,0.011627604166666666,0.9794978499412537,0.027052124962210655,0.5478752255439758,1.0,0.0,0.31916823983192444,0.0,0.46569395065307617,1.0,0.9916479587554932,0.008352041244506836
6,2480,0.3244686424732208,0.23729072511196136,0.16485466063022614,0.029552942141890526,0.2518229166666667,0.6209277510643005,0.961268297209699,0.026202256944444446,1.0,0.0,0.33712121212121204,0.5505681818181818,0.6148567708333333,0.6997005208333333,5.208333333333334e-05,0.010416666666666666,0.9798105955123901,0.027277614921331406,0.5478625297546387,1.0,0.0,0.31908369064331055,0.0,0.4656831622123718,1.0,0.9917526245117188,0.00824737548828125
6,2490,0.3219697177410126,0.2521176040172577,0.17958009243011475,0.03363427892327309,0.2524609375,0.6225787401199341,0.9853570955227583,0.02786458333333333,1.0,0.0,0.32824337121212116,0.5492365056818181,0.6229166666666667,0.6436458333333334,3.90625e-05,0.010221354166666667,0.9797003865242004,0.02749793417751789,0.547642707824707,1.0,0.0,0.31761816143989563,0.0,0.465496301651001,1.0,0.9918557405471802,0.008144259452819824
6,2500,0.31075242161750793,0.2450210154056549,0.17795634269714355,0.03517964854836464,0.2504166666666667,0.6284225583076477,0.9824876835814907,0.028107638888888894,1.0,0.0,0.3306107954545454,0.5495916193181818,0.6209114583333334,0.6517578125,0.0001171875,0.0102734375,0.9798284769058228,0.02759135328233242,0.5475201606750488,1.0,0.0,0.3168008327484131,0.0,0.465392142534256,1.0,0.9919706583023071,0.008029341697692871
6,2510,0.3131357729434967,0.24448144435882568,0.18140357732772827,0.0344235859811306,0.251875,0.6414541602134705,0.9876692708333332,0.024661458333333344,1.0,0.0,0.29214015151515155,0.5438210227272727,0.6157552083333333,0.6451692708333333,0.00020833333333333335,0.009427083333333334,0.979713499546051,0.02782118320465088,0.5468056201934814,1.0,0.0,0.31203779578208923,0.0,0.46478480100631714,1.0,0.9920980930328369,0.007901906967163086
6,2520,0.3135431408882141,0.2510461211204529,0.17647436261177063,0.034981176257133484,0.23770833333333333,0.6829204559326172,0.980277026310945,0.027513020833333342,1.0,0.0,0.2507102272727273,0.5376065340909091,0.5709114583333333,0.6239973958333334,0.0001953125,0.008515625,0.980022668838501,0.028027860447764397,0.545934796333313,1.0,0.0,0.3062319755554199,0.0,0.46404460072517395,1.0,0.9922388792037964,0.007761120796203613
6,2530,0.32926636934280396,0.2588905394077301,0.19284121692180634,0.037838175892829895,0.2455859375,0.6638416051864624,0.9848003472222221,0.03039930555555556,1.0,0.0,0.2950994318181818,0.5442649147727273,0.5935677083333334,0.6315104166666666,0.00016927083333333334,0.0094921875,0.979338526725769,0.028189070522785187,0.5459094047546387,1.0,0.0,0.30606287717819214,0.0,0.46402299404144287,1.0,0.9923837184906006,0.007616281509399414
6,2540,0.3209075927734375,0.2526927590370178,0.1862582564353943,0.03610612824559212,0.23790364583333334,0.6587637662887573,0.9847439236111111,0.030512152777777787,1.0,0.0,0.26491477272727265,0.5397372159090909,0.6009635416666667,0.6270182291666667,0.00015625,0.008828125,0.9801208972930908,0.02857721596956253,0.5456557869911194,1.0,0.0,0.30437183380126953,0.0,0.46380743384361267,1.0,0.9925342798233032,0.007465720176696777
6,2550,0.31298884749412537,0.2506960332393646,0.20019137859344482,0.03695167973637581,0.2454296875,0.6574877500534058,0.9838628472222222,0.03227430555555556,1.0,0.0,0.4063683712121212,0.5609552556818181,0.5961458333333334,0.6219270833333334,0.00028645833333333333,0.011940104166666667,0.980750322341919,0.028638392686843872,0.5460235476493835,1.0,0.0,0.30682381987571716,0.0,0.4641200304031372,1.0,0.9926779270172119,0.007322072982788086
6,2560,0.30315881967544556,0.24306005239486694,0.1934201568365097,0.03636918589472771,0.24184895833333334,0.6645728349685669,0.9834331597222221,0.03313368055555556,1.0,0.0,0.28385416666666663,0.542578125,0.6002994791666667,0.6278255208333333,0.0002734375,0.009244791666666667,0.9813780784606934,0.02887752279639244,0.5460447072982788,1.0,0.0,0.3069647550582886,0.0,0.464138001203537,1.0,0.9928163290023804,0.007183670997619629
6,2570,0.3261604905128479,0.2523021697998047,0.19079551100730896,0.034979917109012604,0.24565104166666665,0.6501487493515015,0.9858658854166666,0.028268229166666672,1.0,0.0,0.3383049242424242,0.5507457386363637,0.6083333333333333,0.6424739583333333,0.00013020833333333333,0.010442708333333333,0.9814877510070801,0.02865823358297348,0.5455754399299622,1.0,0.0,0.3038363456726074,0.0,0.4637391269207001,1.0,0.9929388165473938,0.007061183452606201
6,2580,0.32297462224960327,0.2497289925813675,0.18702812492847443,0.03470904007554054,0.24936197916666666,0.6588839888572693,0.9850911458333332,0.02981770833333333,1.0,0.0,0.3039772727272727,0.545596590909091,0.6124739583333333,0.6471614583333334,0.00020833333333333335,0.0096875,0.980751633644104,0.027801960706710815,0.5457910299301147,1.0,0.0,0.30527371168136597,0.0,0.463922381401062,1.0,0.9930529594421387,0.006947040557861328
6,2590,0.32547977566719055,0.24824364483356476,0.18027149140834808,0.0379524864256382,0.25322916666666667,0.65921550989151,0.9856488715277777,0.02870225694444445,1.0,0.0,0.23887310606060602,0.5358309659090909,0.620859375,0.6452083333333334,0.00018229166666666667,0.008255208333333333,0.9811985492706299,0.0270027294754982,0.5459643602371216,1.0,0.0,0.30642926692962646,0.0,0.4640697240829468,1.0,0.9931660294532776,0.006833970546722412
6,2600,0.32957082986831665,0.2481488436460495,0.16421039402484894,0.036880481988191605,0.25299479166666666,0.6695605516433716,0.9596050832108554,0.02734809027777779,1.0,0.0,0.26313920454545453,0.5394708806818181,0.6154166666666666,0.6701432291666667,0.00020833333333333335,0.0087890625,0.9813816547393799,0.025777943432331085,0.5468860268592834,1.0,0.0,0.31257328391075134,0.0,0.4648531377315521,1.0,0.9932661056518555,0.006733894348144531
6,2610,0.32851114869117737,0.2569848895072937,0.20094741880893707,0.03954353183507919,0.25109375,0.6756202578544617,0.9852799479166666,0.02944010416666667,1.0,0.0,0.2601799242424242,0.5390269886363637,0.5948567708333333,0.6400390625,0.00010416666666666667,0.008723958333333334,0.9816448092460632,0.024439483880996704,0.5469790697097778,1.0,0.0,0.31319332122802734,0.0,0.46493223309516907,1.0,0.9933582544326782,0.006641745567321777
6,2620,0.32839056849479675,0.250095397233963,0.17250308394432068,0.03680599108338356,0.24997395833333333,0.6734669804573059,0.9731071821237222,0.028411458333333334,1.0,0.0,0.2424242424242424,0.5363636363636364,0.6124869791666666,0.6501822916666666,0.0004166666666666667,0.008333333333333333,0.9817695021629333,0.023265130817890167,0.5474863052368164,1.0,0.0,0.3165753483772278,0.0,0.46536338329315186,1.0,0.9934415817260742,0.006558418273925781
6,2630,0.3313949704170227,0.25447502732276917,0.17251159250736237,0.04093613103032112,0.2553125,0.652422308921814,0.9728524840081858,0.02894965277777778,1.0,0.0,0.3430397727272727,0.551455965909091,0.5969010416666667,0.6355078125,0.00109375,0.010546875,0.9818700551986694,0.021954985335469246,0.548259973526001,1.0,0.0,0.3217329680919647,0.0,0.46602100133895874,1.0,0.9935204386711121,0.0064795613288879395
6,2640,0.32908427715301514,0.25914138555526733,0.2112429291009903,0.03324171528220177,0.2483984375,0.6715735793113708,0.9838281249999999,0.032343750000000004,1.0,0.0,0.2903645833333333,0.5435546875,0.5864322916666667,0.6198697916666667,0.00015625,0.009388020833333333,0.9822941422462463,0.02050739899277687,0.5488602519035339,1.0,0.0,0.32573503255844116,0.0,0.4665312170982361,1.0,0.9936023354530334,0.006397664546966553
6,2650,0.3302993178367615,0.25764021277427673,0.19465729594230652,0.034566450864076614,0.249921875,0.6765627861022949,0.9864301215277778,0.02713975694444445,1.0,0.0,0.306936553030303,0.5460404829545454,0.6079166666666667,0.63140625,0.0005078125,0.009752604166666666,0.9830206632614136,0.019054438918828964,0.549113929271698,1.0,0.0,0.3274260461330414,0.0,0.46674686670303345,1.0,0.9936865568161011,0.006313443183898926
6,2660,0.3208589255809784,0.25625088810920715,0.19933341443538666,0.03614841401576996,0.24665364583333332,0.6765813231468201,0.9855381944444443,0.028923611111111122,1.0,0.0,0.2619554924242424,0.5392933238636364,0.612890625,0.6186328125,0.0003255208333333333,0.008763020833333333,0.9837890863418579,0.017517566680908203,0.5479090809822083,1.0,0.0,0.31939375400543213,0.0,0.4657227396965027,1.0,0.9937617778778076,0.006238222122192383
6,2670,0.31619176268577576,0.2468879371881485,0.18525388836860657,0.037441398948431015,0.25873697916666666,0.647296130657196,0.988122829861111,0.02375434027777778,1.0,0.0,0.35014204545454547,0.5525213068181818,0.6293098958333333,0.625625,0.0005338541666666666,0.010703125,0.9845778942108154,0.015939772129058838,0.5480400919914246,1.0,0.0,0.3202674388885498,0.0,0.4658340811729431,1.0,0.9938321113586426,0.006167888641357422
6,2680,0.3400283455848694,0.24483181536197662,0.16555245220661163,0.03740605339407921,0.26803385416666664,0.701935350894928,0.9705134113731547,0.010073784722222222,1.0,0.0,0.4223484848484848,0.5633522727272727,0.6503515625,0.68578125,0.00016927083333333334,0.012291666666666666,0.9844335317611694,0.014593667350709438,0.5474947690963745,1.0,0.0,0.3166317343711853,0.0,0.4653705656528473,1.0,0.9938914775848389,0.006108522415161133
6,2690,0.3427024781703949,0.2492453157901764,0.16544127464294434,0.03390764072537422,0.25884114583333334,0.6995351910591125,0.9706529556991708,0.009418402777777779,1.0,0.0,0.3613873106060605,0.5542080965909091,0.6585026041666666,0.6709505208333333,0.00010416666666666667,0.010950520833333333,0.9836172461509705,0.013173776678740978,0.5477356910705566,1.0,0.0,0.31823819875717163,0.0,0.46557533740997314,1.0,0.9939541220664978,0.006045877933502197
6,2700,0.3595540225505829,0.2463786005973816,0.17425431311130524,0.04142558574676514,0.2723697916666667,0.7174542546272278,0.9892044812695592,0.0021440972222222243,1.0,0.0,0.4572679924242423,0.5685901988636364,0.6658463541666667,0.6971875,0.0002734375,0.013059895833333333,0.9835081100463867,0.011807002127170563,0.5471523404121399,1.0,0.0,0.31434884667396545,0.0,0.46507951617240906,1.0,0.9940225481987,0.005977451801300049
6,2710,0.3843701183795929,0.2484777718782425,0.1729171723127365,0.03858388960361481,0.27838541666666666,0.6963744163513184,0.988013676221554,0.0,1.0,0.0,0.34363162878787873,0.5515447443181818,0.6662890625,0.7075260416666667,0.00014322916666666667,0.010559895833333333,0.9846956133842468,0.010504712350666523,0.5462011098861694,1.0,0.0,0.30800753831863403,0.0,0.4642709493637085,1.0,0.9940914511680603,0.005908548831939697
6,2720,0.3748655319213867,0.2423747330904007,0.17426051199436188,0.04329823702573776,0.2866796875,0.7044093608856201,0.9902870202981507,0.0,1.0,0.0,0.3631628787878788,0.5544744318181818,0.6802213541666666,0.7064583333333333,0.0003515625,0.010989583333333334,0.9853965640068054,0.009102802723646164,0.5446834564208984,1.0,0.0,0.2978896200656891,0.0,0.4629809558391571,1.0,0.9941593408584595,0.005840659141540527
6,2730,0.375434547662735,0.23956462740898132,0.1695929616689682,0.042228102684020996,0.2889713541666667,0.7104549407958984,0.9823880889782538,0.0,1.0,0.0,0.35901988636363635,0.5538529829545454,0.6855859375,0.7118229166666666,0.00014322916666666667,0.0108984375,0.9853867292404175,0.007749876007437706,0.5431615710258484,1.0,0.0,0.2877435088157654,0.0,0.4616873562335968,1.0,0.9942224025726318,0.005777597427368164
6,2740,0.37691909074783325,0.23099805414676666,0.17628149688243866,0.042650096118450165,0.2911458333333333,0.7224943041801453,0.9937071485702808,0.0,1.0,0.0,0.37914299242424243,0.5568714488636364,0.7096354166666666,0.75,0.0002734375,0.011341145833333333,0.9854657649993896,0.006371321156620979,0.5418341159820557,1.0,0.0,0.2788938581943512,0.0,0.46055901050567627,1.0,0.9942914843559265,0.005708515644073486
6,2750,0.3937951624393463,0.23829177021980286,0.1850564181804657,0.04608944430947304,0.29217447916666667,0.7337175607681274,0.9999999999999999,0.0,1.0,0.0,0.3004261363636363,0.5450639204545454,0.6902213541666666,0.7175520833333333,9.114583333333334e-05,0.009609375,0.9843067526817322,0.004831142723560333,0.5413183569908142,1.0,0.0,0.27545544505119324,0.0,0.46012061834335327,1.0,0.9943563938140869,0.005643606185913086
6,2760,0.39367830753326416,0.23976454138755798,0.1841551810503006,0.04472144693136215,0.2876432291666667,0.729302167892456,0.9999999999999999,0.0,1.0,0.0,0.23768939393939387,0.5356534090909091,0.6890494791666667,0.7184375,7.8125e-05,0.008229166666666666,0.9827229976654053,0.003538773162290454,0.5407222509384155,1.0,0.0,0.27148157358169556,0.0,0.4596139192581177,1.0,0.9944215416908264,0.005578458309173584
6,2770,0.39959651231765747,0.22800253331661224,0.1833074390888214,0.041607607156038284,0.2964583333333333,0.7304814457893372,0.9999999999999999,0.0,1.0,0.0,0.30220170454545453,0.5453302556818181,0.7419270833333333,0.74765625,0.00015625,0.0096484375,0.9812413454055786,0.0021614583674818277,0.5399612784385681,1.0,0.0,0.2664085030555725,0.0,0.45896708965301514,1.0,0.9944924712181091,0.005507528781890869
6,2780,0.4078367054462433,0.2161043882369995,0.16985537111759186,0.04026234894990921,0.3069140625,0.7233749628067017,0.9828321665066938,0.0,1.0,0.0,0.2619554924242424,0.5392933238636364,0.772890625,0.7999348958333333,0.00018229166666666667,0.008763020833333333,0.9805096983909607,0.0010302993468940258,0.5392552614212036,1.0,0.0,0.2617018222808838,0.0,0.4583669900894165,1.0,0.9945670366287231,0.0054329633712768555
6,2790,0.4046351909637451,0.22489355504512787,0.16106197237968445,0.04593484848737717,0.30190104166666665,0.7159338593482971,0.9679510301810045,0.0,1.0,0.0,0.3377130681818181,0.5506569602272727,0.7570703125,0.7736197916666666,0.00022135416666666666,0.0104296875,0.9797803163528442,0.0005505952285602689,0.5381983518600464,1.0,0.0,0.25465595722198486,0.0,0.45746859908103943,1.0,0.9946471452713013,0.0053528547286987305
6,2800,0.4171516001224518,0.22345371544361115,0.1701645851135254,0.04304806888103485,0.30809895833333334,0.7489736676216125,0.9833554517305815,0.0,1.0,0.0,0.15719696969696967,0.5235795454545454,0.7636067708333333,0.7848567708333334,0.00020833333333333335,0.006458333333333333,0.9787907004356384,0.00010209986794507131,0.5368075370788574,1.0,0.0,0.24538353085517883,0.0,0.4562864303588867,1.0,0.9947304725646973,0.005269527435302734
6,2810,0.412581205368042,0.22595974802970886,0.17086678743362427,0.03925514966249466,0.2988151041666667,0.7585707306861877,0.9845437941184411,0.0,1.0,0.0,0.12997159090909088,0.5194957386363637,0.7373307291666666,0.7834114583333334,0.0001171875,0.005859375,0.9785454869270325,0.0,0.5351630449295044,1.0,0.0,0.23442009091377258,0.0,0.45488861203193665,1.0,0.9948191046714783,0.0051808953285217285
6,2820,0.41697898507118225,0.22381071746349335,0.18126191198825836,0.04375087842345238,0.3003125,0.7589888572692871,0.9999999999999999,0.0,1.0,0.0,0.04770359848484847,0.5071555397727273,0.7473307291666667,0.7943359375,0.00013020833333333333,0.0040494791666666665,0.9784426093101501,0.0,0.5342033505439758,1.0,0.0,0.22802241146564484,0.0,0.45407286286354065,1.0,0.9949074983596802,0.005092501640319824
6,2830,0.42560744285583496,0.21406130492687225,0.1639862209558487,0.045508090406656265,0.3053385416666667,0.7489802837371826,0.972899758540667,0.0,1.0,0.0,0.029356060606060604,0.5044034090909091,0.7966145833333333,0.8259505208333333,0.00015625,0.0036458333333333334,0.9783744812011719,0.0,0.5322967767715454,1.0,0.0,0.21531160175800323,0.0,0.45245227217674255,1.0,0.9949812889099121,0.005018711090087891
6,2840,0.4040944278240204,0.2185208648443222,0.16493958234786987,0.04029028117656708,0.29748697916666667,0.7430891394615173,0.9745131393579335,0.0,1.0,0.0,0.15719696969696967,0.5235795454545454,0.783671875,0.7931119791666666,9.114583333333334e-05,0.006458333333333333,0.9789021015167236,0.0,0.5307748317718506,1.0,0.0,0.20516550540924072,0.0,0.4511586129665375,1.0,0.9950295090675354,0.0049704909324646
6,2850,0.4103638231754303,0.22641512751579285,0.15606103837490082,0.0414937399327755,0.3002734375,0.720718502998352,0.9594879110959859,0.0,1.0,0.0,0.2181581439393939,0.5327237215909091,0.7577213541666666,0.7785416666666667,9.114583333333334e-05,0.007799479166666666,0.9792017936706543,0.0,0.5294770002365112,1.0,0.0,0.1965131312608719,0.0,0.45005545020103455,1.0,0.9950535893440247,0.004946410655975342
6,2860,0.39819467067718506,0.22708991169929504,0.15232890844345093,0.04757644608616829,0.29825520833333335,0.7314589619636536,0.9531719989043016,0.0,1.0,0.0,0.22348484848484848,0.5335227272727273,0.752109375,0.7719401041666667,0.00015625,0.007916666666666667,0.979198694229126,0.0,0.5288258790969849,1.0,0.0,0.1921728551387787,0.0,0.44950202107429504,1.0,0.9950512647628784,0.004948735237121582
6,2870,0.4042838513851166,0.2213001549243927,0.1530677080154419,0.03766040503978729,0.29234375,0.7365446090698242,0.9544222751030554,0.0,1.0,0.0,0.1554214015151515,0.5233132102272727,0.7535546875,0.8042838541666667,5.208333333333334e-05,0.006419270833333333,0.9788013696670532,0.0,0.5285511016845703,1.0,0.0,0.19034090638160706,0.0,0.4492684602737427,1.0,0.995015025138855,0.0049849748611450195
6,2880,0.4030609428882599,0.2302926480770111,0.1639026701450348,0.045625001192092896,0.2945703125,0.7109171152114868,0.9727583648608281,0.0,1.0,0.0,0.25130208333333326,0.5376953125,0.7237369791666667,0.7663932291666666,0.00015625,0.008528645833333333,0.9784051179885864,0.0,0.5276042222976685,1.0,0.0,0.1840277910232544,0.0,0.4484635889530182,1.0,0.9949496984481812,0.005050301551818848
6,2890,0.4050116539001465,0.2170831710100174,0.15352600812911987,0.04127702862024307,0.3055338541666667,0.735138475894928,0.9551978599108183,0.0,1.0,0.0,0.27438446969696967,0.5411576704545454,0.76234375,0.7985416666666667,7.8125e-05,0.009036458333333334,0.9791791439056396,0.0,0.5271179676055908,1.0,0.0,0.18078666925430298,0.0,0.44805029034614563,1.0,0.994871199131012,0.005128800868988037
6,2900,0.42506980895996094,0.206381157040596,0.15037836134433746,0.04368790239095688,0.3166015625,0.7433040142059326,0.9498710730442633,0.0,1.0,0.0,0.16666666666666666,0.525,0.8021354166666667,0.8370703125,0.0004557291666666667,0.006666666666666667,0.9799171090126038,0.0,0.5259427428245544,1.0,0.0,0.1729516237974167,0.02505093812942505,0.44705134630203247,1.0,0.99477618932724,0.00522381067276001
6,2910,0.4041620194911957,0.2213907539844513,0.17057761549949646,0.03908615931868553,0.2993359375,0.7359009981155396,0.984054426229917,0.0,1.0,0.0,0.22703598484848486,0.5340553977272727,0.7620572916666667,0.7890625,0.00014322916666666667,0.007994791666666667,0.9800946712493896,0.0,0.5263781547546387,1.0,0.0,0.17585453391075134,0.0,0.44742143154144287,1.0,0.9946627020835876,0.0053372979164123535
6,2920,0.40104302763938904,0.2370578795671463,0.17164066433906555,0.04390748217701912,0.2868880208333333,0.7387624979019165,0.9858534319584186,0.0,1.0,0.0,0.209280303030303,0.5313920454545454,0.719375,0.7483723958333334,0.00013020833333333333,0.007604166666666667,0.979719877243042,0.0,0.5270503163337708,1.0,0.0,0.18033573031425476,0.0,0.4479927718639374,1.0,0.9945194721221924,0.005480527877807617
6,2930,0.40255722403526306,0.23825238645076752,0.17341497540473938,0.03755594789981842,0.2812369791666667,0.7406214475631714,0.9888561122234051,0.0,1.0,0.0,0.09623579545454546,0.5144353693181818,0.74609375,0.7400911458333334,0.0003125,0.0051171875,0.9791516661643982,0.0,0.5285595655441284,1.0,0.0,0.19039729237556458,0.0,0.4492756426334381,1.0,0.994353175163269,0.005646824836730957
6,2940,0.3919209837913513,0.23465541005134583,0.17613956332206726,0.03672735393047333,0.2785416666666667,0.7105669975280762,0.9934669533142676,0.0,1.0,0.0,0.14595170454545453,0.5218927556818181,0.7439713541666667,0.7535546875,0.00018229166666666667,0.0062109375,0.9793996810913086,0.0,0.529941976070404,1.0,0.0,0.19961333274841309,0.0,0.45045068860054016,1.0,0.9941819906234741,0.005818009376525879
6,2950,0.3845781087875366,0.23877835273742676,0.18319810926914215,0.03962905704975128,0.27975260416666664,0.7247269749641418,0.9999999999999999,0.0,1.0,0.0,0.19744318181818177,0.5296164772727273,0.7095442708333334,0.7473177083333333,0.00018229166666666667,0.00734375,0.9793398976325989,0.0,0.5307029485702515,1.0,0.0,0.20468637347221375,0.0,0.4510975182056427,1.0,0.9940094947814941,0.005990505218505859
6,2960,0.3831125795841217,0.23792745172977448,0.17996171116828918,0.03716209903359413,0.2775,0.7203144431114197,0.9999352035155663,0.0,1.0,0.0,0.209280303030303,0.5313920454545454,0.6940364583333334,0.7376302083333334,0.00026041666666666666,0.007604166666666667,0.9799751043319702,0.0,0.5308424830436707,1.0,0.0,0.20561644434928894,0.0,0.4512161314487457,1.0,0.9938388466835022,0.006161153316497803
6,2970,0.3853749632835388,0.23833072185516357,0.17506976425647736,0.03701840713620186,0.2776822916666667,0.7261999249458313,0.9916565241263463,0.0,1.0,0.0,0.19921874999999997,0.5298828125,0.6863151041666666,0.7440234375,0.00020833333333333335,0.0073828125,0.9814568758010864,0.0,0.531408965587616,1.0,0.0,0.20939303934574127,0.0,0.4516976475715637,1.0,0.9936645030975342,0.00633549690246582
6,2980,0.3989306688308716,0.23717884719371796,0.17508377134799957,0.03483417630195618,0.28088541666666667,0.7445313334465027,0.9916802284350762,0.0,1.0,0.0,0.16962594696969696,0.5254438920454545,0.6974869791666667,0.7494010416666667,9.114583333333334e-05,0.0067317708333333335,0.9822503328323364,0.0,0.5321868062019348,1.0,0.0,0.21457883715629578,0.0,0.45235881209373474,1.0,0.9934788942337036,0.006521105766296387
6,2990,0.3956328332424164,0.23070937395095825,0.17945946753025055,0.03635285794734955,0.2869140625,0.7449506521224976,0.9990852527435009,0.0,1.0,0.0,0.19389204545454544,0.5290838068181818,0.7141015625,0.7675260416666667,0.0001171875,0.007265625,0.9827752113342285,0.0,0.5340511798858643,1.0,0.0,0.22700780630111694,0.0,0.45394352078437805,1.0,0.9932813048362732,0.006718695163726807
6,3000,0.3860422670841217,0.22873927652835846,0.1702200472354889,0.03813096135854721,0.28436197916666667,0.7382911443710327,0.983449310706212,0.0,1.0,0.0,0.17317708333333331,0.5259765625,0.7118619791666667,0.7586979166666666,9.114583333333334e-05,0.006809895833333334,0.9840644598007202,0.0,0.5351630449295044,1.0,0.0,0.23442009091377258,0.0,0.45488861203193665,1.0,0.993060290813446,0.006939709186553955
6,3010,0.3906455338001251,0.2375861555337906,0.1723681539297104,0.04312968626618385,0.283125,0.7239832878112793,0.9870845681887407,0.0,1.0,0.0,0.2181581439393939,0.5327237215909091,0.6808984375,0.7349088541666666,0.00016927083333333334,0.007799479166666666,0.9856055974960327,0.0,0.5374628305435181,1.0,0.0,0.2497519999742508,0.0,0.45684340596199036,1.0,0.9928301572799683,0.007169842720031738
6,3020,0.38809534907341003,0.23367710411548615,0.16621549427509308,0.04070073366165161,0.2857161458333333,0.742363691329956,0.9766723749270806,0.0,1.0,0.0,0.22407670454545447,0.5336115056818181,0.7064453125,0.7306510416666666,2.604166666666667e-05,0.0079296875,0.9863648414611816,0.0,0.5392003059387207,1.0,0.0,0.26133546233177185,0.0,0.4583202600479126,1.0,0.9925826787948608,0.00741732120513916
6,3030,0.3923080563545227,0.23381640017032623,0.17294912040233612,0.041605036705732346,0.2901171875,0.7303465008735657,0.9880677422193379,0.0,1.0,0.0,0.2589962121212121,0.5388494318181818,0.696953125,0.7389192708333333,0.00010416666666666667,0.008697916666666666,0.9845631122589111,0.0,0.5411491990089417,1.0,0.0,0.2743281126022339,0.0,0.45997682213783264,1.0,0.9923158288002014,0.007684171199798584
6,3040,0.38400527834892273,0.22958716750144958,0.16706295311450958,0.039289187639951706,0.2829817708333333,0.718877375125885,0.9781065360399394,0.0,1.0,0.0,0.2228929924242424,0.5334339488636364,0.7214453125,0.7528776041666667,0.00018229166666666667,0.007903645833333334,0.9809941053390503,0.0,0.5441676378250122,1.0,0.0,0.29445120692253113,0.0,0.46254250407218933,1.0,0.9920443892478943,0.007955610752105713
6,3050,0.36089685559272766,0.22785744071006775,0.16419850289821625,0.04316972196102142,0.2746875,0.7257217168807983,0.9732590049046735,0.0,1.0,0.0,0.2637310606060606,0.5395596590909091,0.6942708333333333,0.7394270833333333,0.0001953125,0.008802083333333334,0.9780412316322327,0.0,0.5472537875175476,1.0,0.0,0.315025269985199,0.0,0.46516573429107666,1.0,0.9917798638343811,0.008220136165618896
6,3060,0.3678673803806305,0.22873198986053467,0.16394340991973877,0.036302708089351654,0.26921875,0.7329373359680176,0.9728273090949425,0.0,1.0,0.0,0.23768939393939387,0.5356534090909091,0.7013411458333333,0.7372005208333333,0.00010416666666666667,0.008229166666666666,0.975166916847229,0.0003600363852456212,0.5496846437454224,1.0,0.0,0.33123084902763367,0.0,0.46723195910453796,1.0,0.9915214776992798,0.008478522300720215
6,3070,0.3738681674003601,0.23166833817958832,0.17071637511253357,0.039236366748809814,0.28057291666666667,0.7354848384857178,0.9842892501904413,0.0,1.0,0.0,0.30279356060606055,0.5454190340909091,0.6899348958333333,0.7521484375,0.0001953125,0.009661458333333333,0.971135139465332,0.0007556217606179416,0.5522127151489258,1.0,0.0,0.34808462858200073,0.0,0.46938082575798035,1.0,0.9912641048431396,0.008735895156860352
6,3080,0.3661835789680481,0.22676153481006622,0.162913978099823,0.03658550977706909,0.2734505208333333,0.7170267701148987,0.9710851937073927,0.0,1.0,0.0,0.2643229166666667,0.5396484375,0.6889713541666667,0.7515494791666667,6.510416666666667e-05,0.008815104166666667,0.9679373502731323,0.0011472802143543959,0.5548802614212036,1.0,0.0,0.3658685088157654,0.0,0.471648246049881,1.0,0.9910256862640381,0.008974313735961914
6,3090,0.363981157541275,0.22439981997013092,0.17041584849357605,0.03521089255809784,0.28588541666666667,0.6960611939430237,0.9837806666814363,0.0,1.0,0.0,0.5123106060606061,0.576846590909091,0.7061588541666667,0.751484375,0.00013020833333333333,0.014270833333333333,0.96636962890625,0.0015866815811023116,0.5574167966842651,1.0,0.0,0.38277870416641235,0.0,0.4738042950630188,1.0,0.9908025860786438,0.009197413921356201
6,3100,0.35928186774253845,0.22696860134601593,0.1695239245891571,0.038426149636507034,0.28095052083333333,0.6984826922416687,0.982271256997035,0.0,1.0,0.0,0.43004261363636354,0.5645063920454545,0.69921875,0.7377213541666666,0.00036458333333333335,0.0124609375,0.9635754823684692,0.0020345570519566536,0.5598899126052856,1.0,0.0,0.3992660939693451,0.0,0.4759064316749573,1.0,0.9905741214752197,0.009425878524780273
6,3110,0.36155426502227783,0.23044192790985107,0.1695021092891693,0.033332888036966324,0.27880208333333334,0.7134944200515747,0.9822343387970557,0.0,1.0,0.0,0.48863636363636354,0.5732954545454545,0.6730338541666666,0.7326822916666667,0.0001953125,0.01375,0.9611959457397461,0.0025529102422297,0.5630859136581421,1.0,0.0,0.4205729365348816,0.0,0.47862303256988525,1.0,0.990343451499939,0.009656548500061035
6,3120,0.38958847522735596,0.27341848611831665,0.24836230278015137,0.027977123856544495,0.25971354166666666,0.6000580787658691,0.9999999999999999,0.0,1.0,0.0,0.47028882575757563,0.5705433238636364,0.4298046875,0.648515625,0.0214453125,0.013346354166666666,0.9583327770233154,0.003322379197925329,0.5660620927810669,1.0,0.0,0.4404141902923584,0.0,0.48115280270576477,1.0,0.9901202917098999,0.009879708290100098
6,3130,0.35712310671806335,0.22675763070583344,0.14928299188613892,0.015655849128961563,0.253671875,0.6802574396133423,0.9480173708842351,0.0,1.0,0.0,0.48212594696969696,0.5723188920454545,0.6764973958333333,0.7509114583333333,0.0021614583333333334,0.013606770833333334,0.9561288356781006,0.004131738096475601,0.5689199566841125,1.0,0.0,0.45946627855300903,0.0,0.4835819900035858,1.0,0.9899094104766846,0.01009058952331543
6,3140,0.3407635986804962,0.21754834055900574,0.12912693619728088,0.021506795659661293,0.2602734375,0.7059178948402405,0.9139071227953984,0.0,1.0,0.0,0.5188210227272726,0.5778231534090909,0.6759114583333333,0.7473567708333333,0.0027604166666666667,0.0144140625,0.9562374353408813,0.0050510503351688385,0.5716763138771057,1.0,0.0,0.4778420329093933,0.0,0.4859248697757721,1.0,0.9897170662879944,0.010282933712005615
6,3150,0.3353671133518219,0.21819554269313812,0.13949643075466156,0.026775836944580078,0.25528645833333335,0.659607470035553,0.9314554982001965,0.0,1.0,0.0,0.5780066287878788,0.5867009943181818,0.6621484375,0.7481380208333334,0.0001171875,0.015716145833333334,0.9569305181503296,0.005749834701418877,0.5728389024734497,1.0,0.0,0.4855925440788269,0.0,0.4869130849838257,1.0,0.9895133376121521,0.0104866623878479
6,3160,0.3208498954772949,0.212416410446167,0.14656676352024078,0.02203851006925106,0.24915364583333333,0.6931551098823547,0.9396402947821169,0.007560763888888888,1.0,0.0,0.5377604166666666,0.5806640625,0.6648828125,0.7291666666666666,0.00024739583333333335,0.014830729166666667,0.9571863412857056,0.0070041753351688385,0.5756967067718506,1.0,0.0,0.5046446919441223,0.0,0.48934221267700195,1.0,0.989295244216919,0.010704755783081055
6,3170,0.32565486431121826,0.21249954402446747,0.13238497078418732,0.017461780458688736,0.2512890625,0.6919693946838379,0.9152670739552914,0.008307291666666671,1.0,0.0,0.5632102272727272,0.5844815340909091,0.6627213541666667,0.7298958333333333,6.510416666666667e-05,0.015390625,0.9560749530792236,0.008369295857846737,0.5772439241409302,1.0,0.0,0.5149598717689514,0.0,0.49065735936164856,1.0,0.989065945148468,0.010934054851531982
6,3180,0.3215222656726837,0.21173934638500214,0.1378188580274582,0.02046630159020424,0.25212239583333335,0.6776782274246216,0.9245041157751002,0.008224826388888894,1.0,0.0,0.5726799242424242,0.5859019886363637,0.6374479166666667,0.7375,7.8125e-05,0.015598958333333333,0.9538440704345703,0.009767692536115646,0.5779711008071899,1.0,0.0,0.5198074579238892,0.0,0.49127545952796936,1.0,0.9888293147087097,0.011170685291290283
6,3190,0.3382014036178589,0.21732459962368011,0.15835586190223694,0.023845167830586433,0.2522786458333333,0.6771864891052246,0.9587577433260077,0.009227430555555555,1.0,0.0,0.5247395833333333,0.5787109375,0.6332421875,0.7451302083333333,0.000234375,0.014544270833333333,0.9521520137786865,0.011187789961695671,0.5788631439208984,1.0,0.0,0.5257542133331299,0.0,0.4920336902141571,1.0,0.9885983467102051,0.011401653289794922
6,3200,0.32073116302490234,0.21046173572540283,0.14756591618061066,0.022297754883766174,0.24880208333333334,0.6634567379951477,0.9404088594872728,0.00940538194444445,1.0,0.0,0.5401278409090908,0.5810191761363637,0.5538151041666667,0.741171875,0.0001171875,0.0148828125,0.9483083486557007,0.012488013133406639,0.5786474943161011,1.0,0.0,0.5243167877197266,0.0,0.4918503761291504,1.0,0.9883760213851929,0.011623978614807129
6,3210,0.32368505001068115,0.21655255556106567,0.14390859007835388,0.02130456641316414,0.256328125,0.6562744975090027,0.9334795210300347,0.010885416666666668,1.0,0.0,0.6206202651515151,0.5930930397727273,0.5336067708333333,0.7298307291666667,0.0003255208333333333,0.016653645833333335,0.9464942812919617,0.013712383806705475,0.5779330730438232,1.0,0.0,0.5195537805557251,0.0,0.4912431240081787,1.0,0.9881566762924194,0.011843323707580566
6,3220,0.3088027834892273,0.21873058378696442,0.14161238074302673,0.022024409845471382,0.2541015625,0.6398763060569763,0.9269569095587119,0.016158854166666674,1.0,0.0,0.6348248106060607,0.5952237215909091,0.5083072916666667,0.7043619791666667,0.0004296875,0.016966145833333335,0.9438793659210205,0.0147879458963871,0.5767451524734497,1.0,0.0,0.5116342306137085,0.0,0.4902333915233612,1.0,0.9879239201545715,0.012076079845428467
6,3230,0.31209975481033325,0.2206769734621048,0.1438879668712616,0.018477996811270714,0.2531640625,0.6554090976715088,0.930389064662477,0.01699652777777778,1.0,0.0,0.6241714015151515,0.5936257102272727,0.5520052083333333,0.6996614583333334,0.00020833333333333335,0.016731770833333333,0.9410490989685059,0.015916211530566216,0.5752190351486206,1.0,0.0,0.5014599561691284,0.0,0.488936185836792,1.0,0.9876857995986938,0.012314200401306152
6,3240,0.33108431100845337,0.2551227807998657,0.18382874131202698,0.026454215869307518,0.2508854166666667,0.6382574439048767,0.9903472222222222,0.019305555555555562,1.0,0.0,0.6448863636363636,0.5967329545454545,0.5167057291666667,0.6440885416666666,0.005729166666666666,0.0171875,0.940753698348999,0.017260251566767693,0.5743904113769531,1.0,0.0,0.49593594670295715,0.0,0.4882318675518036,1.0,0.987454891204834,0.012545108795166016
6,3250,0.3781745433807373,0.27923017740249634,0.23863466084003448,0.025883452966809273,0.2366015625,0.5837958455085754,0.9926627604166666,0.01467447916666667,1.0,0.0,0.385653409090909,0.5578480113636364,0.36618489583333336,0.674765625,0.039075520833333335,0.011484375,0.9429618120193481,0.018606150522828102,0.5735617876052856,1.0,0.0,0.4904119372367859,0.0,0.4875275194644928,1.0,0.9872331023216248,0.012766897678375244
6,3260,0.3102111518383026,0.24607707560062408,0.17515623569488525,0.021511834114789963,0.246328125,0.6450960636138916,0.9786322874900623,0.026341145833333343,1.0,0.0,0.6638257575757576,0.5995738636363637,0.5488932291666667,0.631171875,0.002434895833333333,0.017604166666666667,0.9447811841964722,0.01988157257437706,0.5726951360702515,1.0,0.0,0.48463428020477295,0.0,0.48679086565971375,1.0,0.9870197772979736,0.012980222702026367
6,3270,0.30438554286956787,0.24200698733329773,0.15862113237380981,0.019077789038419724,0.23912760416666667,0.6708757281303406,0.9494866105022592,0.02866753472222222,1.0,0.0,0.45430871212121204,0.5681463068181818,0.5537760416666667,0.6427994791666667,0.000625,0.012994791666666667,0.9453184604644775,0.02083064615726471,0.5721624493598938,1.0,0.0,0.48108312487602234,0.0,0.4863381087779999,1.0,0.9868118166923523,0.013188183307647705
6,3280,0.3016035854816437,0.23965397477149963,0.15170937776565552,0.021110495552420616,0.23071614583333333,0.6652781963348389,0.9374404026504255,0.029366319444444452,1.0,0.0,0.40459280303030304,0.5606889204545454,0.5673697916666667,0.6448697916666667,0.0004947916666666667,0.011901041666666667,0.9484315514564514,0.02184172533452511,0.5710252523422241,1.0,0.0,0.4735017418861389,0.0,0.485371470451355,1.0,0.9866218566894531,0.013378143310546875
6,3290,0.3021763563156128,0.23614777624607086,0.15072934329509735,0.019344065338373184,0.22598958333333333,0.647106945514679,0.93555401819384,0.02982204861111112,1.0,0.0,0.38920454545454547,0.5583806818181818,0.5966536458333334,0.6457552083333333,0.0001171875,0.0115625,0.9509325623512268,0.02276971936225891,0.5686113834381104,1.0,0.0,0.4574089050292969,0.0,0.4833196997642517,1.0,0.9864362478256226,0.013563752174377441
6,3300,0.305886447429657,0.22721002995967865,0.13078676164150238,0.019666297361254692,0.2232421875,0.668365478515625,0.9030637144125426,0.027304687500000004,1.0,0.0,0.48212594696969696,0.5723188920454545,0.6295442708333333,0.6702213541666666,0.00028645833333333333,0.013606770833333334,0.9511833190917969,0.0237045306712389,0.5676178932189941,1.0,0.0,0.450785756111145,0.0,0.482475221157074,1.0,0.9862396717071533,0.01376032829284668
6,3310,0.316008061170578,0.2335246056318283,0.15460917353630066,0.018509702757000923,0.22102864583333334,0.6538978815078735,0.944175006283654,0.025711805555555564,1.0,0.0,0.33001893939393934,0.5495028409090909,0.6221354166666667,0.6825,2.604166666666667e-05,0.010260416666666666,0.9519006609916687,0.02450789511203766,0.5659353137016296,1.0,0.0,0.4395686984062195,0.0,0.48104503750801086,1.0,0.9860439896583557,0.013956010341644287
6,3320,0.30956780910491943,0.2309771627187729,0.14372679591178894,0.017995720729231834,0.2172265625,0.6540744304656982,0.9273211749190958,0.02258680555555556,1.0,0.0,0.3223248106060606,0.5483487215909091,0.6194140625,0.6891015625,0.00026041666666666666,0.010091145833333334,0.9536285400390625,0.025319114327430725,0.5652462244033813,1.0,0.0,0.434974730014801,0.0,0.4804593026638031,1.0,0.9858490228652954,0.01415097713470459
6,3330,0.3137369155883789,0.23493780195713043,0.15187859535217285,0.01586044207215309,0.20670572916666666,0.7345203757286072,0.9405631424015405,0.023693576388888887,1.0,0.0,0.25662878787878785,0.5384943181818181,0.6089583333333334,0.6589583333333333,2.604166666666667e-05,0.008645833333333333,0.9555333852767944,0.0260176919400692,0.5628026723861694,1.0,0.0,0.41868460178375244,0.0,0.47838228940963745,1.0,0.9856544733047485,0.014345526695251465
6,3340,0.3097558915615082,0.22740522027015686,0.15395717322826385,0.015173107385635376,0.213984375,0.6821128129959106,0.9418151107303097,0.028224826388888898,1.0,0.0,0.3661221590909091,0.5549183238636364,0.6122395833333333,0.6766145833333334,2.604166666666667e-05,0.0110546875,0.9582111835479736,0.026482515037059784,0.5608031153678894,1.0,0.0,0.40535375475883484,0.0,0.4766826629638672,1.0,0.9854575395584106,0.014542460441589355
6,3350,0.3160800039768219,0.23406241834163666,0.16487759351730347,0.016681764274835587,0.22213541666666667,0.7311648726463318,0.9602762907386844,0.028263888888888894,1.0,0.0,0.40281723484848475,0.5604225852272727,0.6170442708333334,0.6696223958333334,2.604166666666667e-05,0.011861979166666667,0.9567042589187622,0.02681134268641472,0.5581312775611877,1.0,0.0,0.3875417113304138,0.0,0.47441160678863525,1.0,0.9852383136749268,0.014761686325073242
6,3360,0.3061272203922272,0.22679109871387482,0.169987753033638,0.015773151069879532,0.21927083333333333,0.6180734038352966,0.9696642703582079,0.026783854166666673,1.0,0.0,0.45667613636363635,0.5685014204545454,0.48516927083333333,0.6902473958333334,0.00010416666666666667,0.013046875,0.95452880859375,0.027397487312555313,0.5586639642715454,1.0,0.0,0.39109283685684204,0.0,0.4748643934726715,1.0,0.9850006699562073,0.014999330043792725
6,3370,0.3108573853969574,0.2285120040178299,0.15912219882011414,0.015345939435064793,0.218828125,0.7497237920761108,0.9509226767425862,0.027491319444444454,1.0,0.0,0.4631865530303029,0.5694779829545454,0.5576171875,0.68046875,5.208333333333334e-05,0.013190104166666666,0.9533506631851196,0.027424562722444534,0.5581185817718506,1.0,0.0,0.3874571919441223,0.0,0.4744008183479309,1.0,0.9847521781921387,0.015247821807861328
6,3380,0.3058411777019501,0.23296906054019928,0.17728862166404724,0.014792435802519321,0.21893229166666667,0.7158287763595581,0.9806415483075329,0.029539930555555562,1.0,0.0,0.4040009469696969,0.5606001420454545,0.6201692708333333,0.65703125,6.510416666666667e-05,0.011888020833333334,0.9535638689994812,0.027282366529107094,0.5586385726928711,1.0,0.0,0.39092373847961426,0.0,0.47484278678894043,1.0,0.984499454498291,0.015500545501708984
6,3390,0.30503085255622864,0.23364615440368652,0.1746116727590561,0.012977908365428448,0.2043359375,0.6926042437553406,0.977024955555924,0.027712673611111113,1.0,0.0,0.2347301136363636,0.5352095170454545,0.5866536458333333,0.6592317708333333,5.208333333333334e-05,0.0081640625,0.9553447365760803,0.027440890669822693,0.5577676892280579,1.0,0.0,0.38511794805526733,0.0,0.47410255670547485,1.0,0.9842492341995239,0.015750765800476074
6,3400,0.30240535736083984,0.2414284199476242,0.1672676056623459,0.01459398865699768,0.21147135416666665,0.6697477698326111,0.9640236176486707,0.028858506944444445,1.0,0.0,0.385653409090909,0.5578480113636364,0.5676302083333333,0.642421875,3.90625e-05,0.011484375,0.9574776887893677,0.02789248526096344,0.5590486526489258,1.0,0.0,0.3936575651168823,0.0,0.4751913547515869,1.0,0.9839932918548584,0.0160067081451416
6,3410,0.3101784884929657,0.24901773035526276,0.16145235300064087,0.012213612906634808,0.20819010416666667,0.6801707148551941,0.9554736534754436,0.026276041666666666,1.0,0.0,0.3045691287878788,0.5456853693181818,0.5787369791666667,0.6330989583333333,3.90625e-05,0.009700520833333334,0.9592764973640442,0.027969783172011375,0.5623334646224976,1.0,0.0,0.41555625200271606,0.0,0.4779834449291229,1.0,0.98374342918396,0.01625657081604004
6,3420,0.30739083886146545,0.2545633018016815,0.17038266360759735,0.014719832688570023,0.21368489583333333,0.6603942513465881,0.969764004171404,0.02792100694444445,1.0,0.0,0.5241477272727272,0.5786221590909091,0.5433723958333333,0.6254036458333333,0.0001171875,0.01453125,0.9586973190307617,0.02817729115486145,0.5657281875610352,1.0,0.0,0.43818768858909607,0.0,0.48086896538734436,1.0,0.9834975004196167,0.0165024995803833
6,3430,0.28955158591270447,0.24218572676181793,0.16958463191986084,0.012204091064631939,0.20208333333333334,0.6854367256164551,0.9669594959519867,0.03082899305555556,1.0,0.0,0.2927320075757575,0.5439098011363637,0.5284244791666667,0.61890625,0.0001171875,0.009440104166666666,0.9587101936340332,0.028471602126955986,0.5687423944473267,1.0,0.0,0.45828261971473694,0.0,0.48343104124069214,1.0,0.9832625389099121,0.01673746109008789
6,3440,0.29411572217941284,0.2362516075372696,0.18084874749183655,0.011618826538324356,0.20717447916666668,0.6694484353065491,0.98662109375,0.026757812500000006,1.0,0.0,0.3442234848484848,0.5516335227272727,0.5030989583333333,0.6374348958333333,1.3020833333333334e-05,0.010572916666666666,0.9580931067466736,0.028497230261564255,0.5709999799728394,1.0,0.0,0.4733326733112335,0.0,0.48534998297691345,1.0,0.9830413460731506,0.016958653926849365
6,3450,0.3013079762458801,0.2368936389684677,0.16334150731563568,0.0130226481705904,0.20569010416666667,0.682403028011322,0.9587032359379988,0.026210937500000003,1.0,0.0,0.2708333333333333,0.540625,0.5430598958333334,0.6561979166666667,0.0001171875,0.008958333333333334,0.9559602737426758,0.028362268581986427,0.5745257139205933,1.0,0.0,0.4968378245830536,0.0,0.4883468747138977,1.0,0.9828183054924011,0.017181694507598877
6,3460,0.2961445748806,0.24176731705665588,0.156641885638237,0.014032919891178608,0.21169270833333334,0.6572627425193787,0.9469791299155634,0.026983506944444454,1.0,0.0,0.4602272727272726,0.5690340909090909,0.4988020833333333,0.633828125,3.90625e-05,0.013125,0.9543739557266235,0.02827029675245285,0.5782712697982788,1.0,0.0,0.5218085050582886,0.0,0.4915305972099304,1.0,0.9825872778892517,0.01741272211074829
6,3470,0.2994341254234314,0.24746446311473846,0.16070394217967987,0.014818881638348103,0.21791666666666668,0.654740571975708,0.9538902718083471,0.026909722222222234,1.0,0.0,0.5874763257575758,0.5881214488636364,0.4487890625,0.6188802083333333,0.00013020833333333333,0.01592447916666667,0.9522137641906738,0.028253968805074692,0.5817378759384155,1.0,0.0,0.5449190735816956,0.0,0.49447721242904663,1.0,0.9823417663574219,0.017658233642578125
6,3480,0.308200478553772,0.24990446865558624,0.16038496792316437,0.014939508400857449,0.214296875,0.6559712886810303,0.9539646185259533,0.025681423611111115,1.0,0.0,0.5271070075757575,0.5790660511363637,0.48046875,0.6260416666666667,0.0003515625,0.014596354166666667,0.9509633779525757,0.028210358694195747,0.584933876991272,1.0,0.0,0.5662258863449097,0.0,0.4971938133239746,1.0,0.982089638710022,0.017910361289978027
6,3490,0.31356900930404663,0.2533371150493622,0.1747915893793106,0.022621020674705505,0.213671875,0.6451910138130188,0.9748381103919103,0.032695312500000004,1.0,0.0,0.2826704545454545,0.5424005681818181,0.3800130208333333,0.6197526041666667,0.007096354166666667,0.00921875,0.9482605457305908,0.028068989515304565,0.5886794924736023,1.0,0.0,0.591196596622467,0.0,0.5003775954246521,1.0,0.9818148612976074,0.018185138702392578
6,3500,0.28434091806411743,0.2505180537700653,0.18491922318935394,0.03209984302520752,0.231875,0.6254019737243652,0.9803472222222221,0.039305555555555566,1.0,0.0,0.5685369318181818,0.5852805397727272,0.405859375,0.5523828125,0.0012760416666666666,0.0155078125,0.9447817206382751,0.028213871642947197,0.5927675366401672,1.0,0.0,0.6184501647949219,0.0,0.5038524270057678,1.0,0.9815216064453125,0.0184783935546875
6,3510,0.27758461236953735,0.22438541054725647,0.1535869538784027,0.019586438313126564,0.23416666666666666,0.6246452927589417,0.9408370231766987,0.028927951388888897,1.0,0.0,0.941998106060606,0.6412997159090909,0.421796875,0.6106119791666667,0.00078125,0.023723958333333333,0.9419951438903809,0.0283132866024971,0.5962129831314087,1.0,0.0,0.6414197683334351,0.0,0.5067810416221619,1.0,0.9812297821044922,0.018770217895507812
6,3520,0.28832685947418213,0.23801684379577637,0.1487095057964325,0.01866845041513443,0.22390625,0.613430917263031,0.9320121337409712,0.03006944444444445,1.0,0.0,0.8052793560606061,0.620791903409091,0.46348958333333334,0.6152864583333333,0.0004557291666666667,0.020716145833333335,0.9396188855171204,0.028531331568956375,0.6003516912460327,1.0,0.0,0.6690115928649902,0.0,0.5102989673614502,1.0,0.9809357523918152,0.019064247608184814
6,3530,0.28372910618782043,0.22379839420318604,0.14571282267570496,0.02322493866086006,0.24119791666666668,0.6336949467658997,0.9275918655110221,0.02876736111111111,1.0,0.0,0.7443181818181818,0.6116477272727272,0.465078125,0.6342578125,0.000234375,0.019375,0.9365649223327637,0.028671253472566605,0.6028713583946228,1.0,0.0,0.6858090162277222,0.0,0.5124406814575195,1.0,0.9806333780288696,0.01936662197113037
6,3540,0.2891392409801483,0.22201719880104065,0.14438027143478394,0.01672196015715599,0.22313802083333334,0.6589014530181885,0.9276045739345062,0.024231770833333333,1.0,0.0,0.5726799242424242,0.5859019886363637,0.46484375,0.6540755208333333,0.0003125,0.015598958333333333,0.9336464405059814,0.028659267351031303,0.6071707606315613,1.0,0.0,0.714471697807312,0.0,0.5160951614379883,1.0,0.9803212881088257,0.019678711891174316
6,3550,0.28118133544921875,0.21688340604305267,0.12665337324142456,0.019785244017839432,0.2453515625,0.6301694512367249,0.8970257806777954,0.025390625,1.0,0.0,0.8597301136363636,0.6289595170454545,0.4868619791666667,0.6492578125,0.00022135416666666666,0.0219140625,0.9297935962677002,0.02884073369204998,0.6110093593597412,1.0,0.0,0.7400624752044678,0.0,0.5193579792976379,1.0,0.9799941182136536,0.020005881786346436
6,3560,0.2853798568248749,0.22273992002010345,0.14462223649024963,0.02455628663301468,0.2670703125,0.6270992159843445,0.9269637060369181,0.026332465277777786,1.0,0.0,0.9272017045454545,0.6390802556818181,0.4685286458333333,0.6353776041666667,9.114583333333334e-05,0.0233984375,0.9272723197937012,0.02904452010989189,0.6154398322105408,1.0,0.0,0.7695989012718201,0.0,0.5231238603591919,1.0,0.9796770811080933,0.02032291889190674
6,3570,0.28530028462409973,0.22247327864170074,0.14308083057403564,0.026306094601750374,0.27026041666666667,0.6309038400650024,0.9243009194757186,0.02644097222222222,1.0,0.0,0.941998106060606,0.6412997159090909,0.4652734375,0.635546875,1.3020833333333334e-05,0.023723958333333333,0.9253278970718384,0.0292123444378376,0.6184033155441284,1.0,0.0,0.7893556356430054,0.0,0.5256428122520447,1.0,0.9793750643730164,0.020624935626983643
6,3580,0.28547799587249756,0.22257035970687866,0.1433355212211609,0.027094338089227676,0.2730989583333333,0.6279881000518799,0.9246646601114517,0.026575520833333338,1.0,0.0,0.9106297348484848,0.6365944602272727,0.46391927083333334,0.6348307291666667,2.604166666666667e-05,0.023033854166666666,0.9230290055274963,0.029381822794675827,0.6205678582191467,1.0,0.0,0.8037856817245483,0.0,0.5274826884269714,1.0,0.9790802597999573,0.020919740200042725
6,3590,0.2854924499988556,0.22260494530200958,0.14287123084068298,0.027578627690672874,0.273046875,0.6283151507377625,0.9238811080679935,0.02657118055555556,1.0,0.0,0.9283854166666666,0.6392578125,0.46791666666666665,0.6355729166666667,2.604166666666667e-05,0.023424479166666668,0.9207535982131958,0.029611237347126007,0.6229141354560852,1.0,0.0,0.8194275498390198,0.0,0.5294770002365112,1.0,0.9787840247154236,0.021215975284576416
6,3600,0.2834670841693878,0.21983058750629425,0.13234147429466248,0.028498340398073196,0.26,0.6397994160652161,0.9039695061781466,0.03075520833333334,1.0,0.0,0.8070549242424242,0.6210582386363637,0.5011328125,0.6540364583333333,0.00024739583333333335,0.020755208333333334,0.9174934029579163,0.02949528954923153,0.6270909905433655,1.0,0.0,0.8472729921340942,0.0,0.5330273509025574,1.0,0.9784773588180542,0.0215226411819458
6,3610,0.28261327743530273,0.2201688289642334,0.13330569863319397,0.03063623420894146,0.273359375,0.6127879619598389,0.9055057843322428,0.03094618055555556,1.0,0.0,0.8680160984848484,0.6302024147727272,0.4941276041666667,0.6453645833333334,1.3020833333333334e-05,0.022096354166666665,0.9139646291732788,0.029063329100608826,0.6290990114212036,1.0,0.0,0.860660195350647,0.0,0.5347341895103455,1.0,0.9781587719917297,0.021841228008270264
6,3620,0.28233426809310913,0.21936535835266113,0.1333172768354416,0.030873361974954605,0.2719270833333333,0.631441593170166,0.9055709511296361,0.030855034722222226,1.0,0.0,0.8839962121212122,0.6325994318181818,0.49203125,0.645078125,1.3020833333333334e-05,0.022447916666666668,0.9123209118843079,0.02913959138095379,0.6281732320785522,1.0,0.0,0.8544880151748657,0.0,0.5339472889900208,1.0,0.9778293371200562,0.022170662879943848
6,3630,0.28222137689590454,0.21950680017471313,0.13335447013378143,0.03072446584701538,0.2728776041666667,0.600668728351593,0.90563172349563,0.03085937500000001,1.0,0.0,0.8768939393939394,0.631534090909091,0.49020833333333336,0.6460677083333334,1.3020833333333334e-05,0.022291666666666668,0.9111009836196899,0.02915778011083603,0.6279364824295044,1.0,0.0,0.8529096841812134,0.0,0.5337460041046143,1.0,0.9775038957595825,0.02249610424041748
6,3640,0.2825686037540436,0.2194342166185379,0.1332952380180359,0.03065568581223488,0.2738671875,0.6071577072143555,0.9056725435583001,0.03057725694444445,1.0,0.0,0.8946496212121211,0.6341974431818181,0.4907421875,0.6458463541666667,7.8125e-05,0.022682291666666667,0.9100990891456604,0.029241692274808884,0.6283718943595886,1.0,0.0,0.855812668800354,0.0,0.5341161489486694,1.0,0.977179229259491,0.022820770740509033
6,3650,0.28277257084846497,0.21960316598415375,0.13331472873687744,0.03056461364030838,0.27296875,0.5904329419136047,0.905709868129502,0.030568576388888893,1.0,0.0,0.8816287878787878,0.6322443181818181,0.4932421875,0.6448046875,5.208333333333334e-05,0.022395833333333334,0.9090909361839294,0.029532697051763535,0.6301517486572266,1.0,0.0,0.8676779270172119,0.0,0.5356289744377136,1.0,0.9768582582473755,0.02314174175262451
6,3660,0.2829921543598175,0.21964101493358612,0.1333189308643341,0.03069976717233658,0.27119791666666665,0.5995562672615051,0.905756041922121,0.030490451388888895,1.0,0.0,0.8910984848484849,0.6336647727272727,0.48993489583333333,0.6459635416666667,3.90625e-05,0.022604166666666668,0.9095367193222046,0.029762938618659973,0.6298642158508301,1.0,0.0,0.8657614588737488,0.0,0.5353845953941345,1.0,0.9765499830245972,0.023450016975402832
6,3670,0.2830216884613037,0.2196824997663498,0.13355472683906555,0.03070206381380558,0.2723046875,0.593182384967804,0.9061464007084186,0.030507812500000005,1.0,0.0,0.8751183712121211,0.6312677556818181,0.49026041666666664,0.6468489583333333,6.510416666666667e-05,0.022252604166666665,0.9085508584976196,0.029956184327602386,0.6289933323860168,1.0,0.0,0.8599556088447571,0.0,0.534644365310669,1.0,0.9762513041496277,0.023748695850372314
6,3680,0.2830416262149811,0.21959123015403748,0.13322879374027252,0.030882228165864944,0.2724739583333333,0.602574348449707,0.9056143528681535,0.030468750000000003,1.0,0.0,0.8905066287878787,0.6335759943181818,0.4913020833333333,0.6470052083333333,3.90625e-05,0.022591145833333333,0.9076718091964722,0.030129382386803627,0.627716600894928,1.0,0.0,0.8514441251754761,0.0,0.5335591435432434,1.0,0.9759657382965088,0.02403426170349121
6,3690,0.2830589711666107,0.21974344551563263,0.13357272744178772,0.03107735700905323,0.2730208333333333,0.5867000222206116,0.9061812035446493,0.03049913194444445,1.0,0.0,0.8555871212121212,0.6283380681818181,0.4918619791666667,0.6471223958333333,3.90625e-05,0.021822916666666668,0.9067633152008057,0.030301546677947044,0.6268584728240967,1.0,0.0,0.8457228541374207,0.0,0.5328297019004822,1.0,0.975688099861145,0.02431190013885498
6,3700,0.28341832756996155,0.21982866525650024,0.13361594080924988,0.03131198510527611,0.2735416666666667,0.5922943949699402,0.9063736914977049,0.030260416666666675,1.0,0.0,0.8674242424242423,0.6301136363636364,0.48790364583333334,0.6473307291666667,2.604166666666667e-05,0.022083333333333333,0.9059185981750488,0.030470196157693863,0.6258565187454224,1.0,0.0,0.839043378829956,0.0,0.5319780707359314,1.0,0.9754268527030945,0.024573147296905518
6,3710,0.28337082266807556,0.219744011759758,0.13353101909160614,0.031451866030693054,0.2732161458333333,0.5991601347923279,0.9062429986550258,0.030234375000000004,1.0,0.0,0.8496685606060607,0.6274502840909091,0.4904427083333333,0.6471614583333334,2.604166666666667e-05,0.021692708333333335,0.9060153961181641,0.03042886033654213,0.6259071826934814,1.0,0.0,0.8393815755844116,0.0,0.5320211052894592,1.0,0.9751874804496765,0.024812519550323486
6,3720,0.2831898033618927,0.21989375352859497,0.1336633712053299,0.031286899000406265,0.2733333333333333,0.5900142192840576,0.9063194097107293,0.030529513888888887,1.0,0.0,0.8123816287878788,0.6218572443181818,0.46795572916666667,0.647578125,3.90625e-05,0.020872395833333335,0.906029462814331,0.03037657029926777,0.6255267858505249,1.0,0.0,0.8368450403213501,0.0,0.5316978096961975,1.0,0.974965512752533,0.02503448724746704
6,3730,0.2835056781768799,0.219896137714386,0.1336841583251953,0.031613826751708984,0.27080729166666667,0.6035721898078918,0.9063936504135784,0.0304513888888889,1.0,0.0,0.7721354166666665,0.6158203124999999,0.4677604166666667,0.6486067708333333,2.604166666666667e-05,0.019986979166666665,0.9060306549072266,0.030326761305332184,0.6249603033065796,1.0,0.0,0.8330684304237366,0.0,0.5312162637710571,1.0,0.9747588634490967,0.02524113655090332
6,3740,0.28343382477760315,0.21978190541267395,0.13380056619644165,0.03179161250591278,0.2721354166666667,0.604544460773468,0.9065515858495338,0.030529513888888887,1.0,0.0,0.8052793560606061,0.620791903409091,0.4682421875,0.6484765625,5.208333333333334e-05,0.020716145833333335,0.9060561060905457,0.030282944440841675,0.6244022846221924,1.0,0.0,0.8293482065200806,0.0,0.5307419300079346,1.0,0.9745715856552124,0.025428414344787598
6,3750,0.2835167348384857,0.219659686088562,0.13367509841918945,0.03198287636041641,0.2746484375,0.6059513092041016,0.9064325717371753,0.030342881944444452,1.0,0.0,0.8218513257575757,0.6232776988636364,0.467265625,0.6492838541666667,1.3020833333333334e-05,0.021080729166666666,0.9060624837875366,0.03024470806121826,0.6236920356750488,1.0,0.0,0.8246133327484131,0.0,0.5301382541656494,1.0,0.9744023680686951,0.02559763193130493
6,3760,0.28355270624160767,0.21956084668636322,0.13361400365829468,0.03199483081698418,0.2729947916666667,0.5945768356323242,0.9063877743533534,0.03022569444444445,1.0,0.0,0.8194839015151515,0.6229225852272727,0.4685416666666667,0.6497786458333333,5.208333333333334e-05,0.021028645833333335,0.9060758948326111,0.030206266790628433,0.6232861280441284,1.0,0.0,0.8219077587127686,0.0,0.5297932028770447,1.0,0.9742575883865356,0.025742411613464355
6,3770,0.28368112444877625,0.21983873844146729,0.1335880160331726,0.032093774527311325,0.2747526041666667,0.5945098996162415,0.9062613300176768,0.030390625000000004,1.0,0.0,0.8052793560606061,0.620791903409091,0.46936197916666667,0.6491927083333333,2.604166666666667e-05,0.020716145833333335,0.9061038494110107,0.030169062316417694,0.622732400894165,1.0,0.0,0.8182156682014465,0.0,0.5293225646018982,1.0,0.9741288423538208,0.0258711576461792
6,3780,0.28366386890411377,0.2195412665605545,0.13324648141860962,0.03216167911887169,0.27055989583333334,0.6188191175460815,0.9058395983622625,0.030078125000000008,1.0,0.0,0.7632575757575757,0.6144886363636364,0.46716145833333333,0.6496875,2.604166666666667e-05,0.019791666666666666,0.906089186668396,0.03013620153069496,0.6222377419471741,1.0,0.0,0.8149181604385376,0.0,0.5289021134376526,1.0,0.9740127921104431,0.025987207889556885
6,3790,0.28350943326950073,0.21950238943099976,0.13313116133213043,0.032236892729997635,0.2735286458333333,0.6057136058807373,0.905588017681725,0.030190972222222223,1.0,0.0,0.7904829545454545,0.6185724431818181,0.46747395833333333,0.6494270833333333,1.3020833333333334e-05,0.020390625,0.9061038494110107,0.03009631298482418,0.6215063333511353,1.0,0.0,0.8100423812866211,0.0,0.5282803773880005,1.0,0.9739116430282593,0.026088356971740723
6,3800,0.28383323550224304,0.21964654326438904,0.13343475759029388,0.03228724002838135,0.2720442708333333,0.5919218063354492,0.9061408584647708,0.030112847222222225,1.0,0.0,0.7881155303030303,0.6182173295454545,0.4703776041666667,0.6495442708333333,2.604166666666667e-05,0.020338541666666668,0.9060952663421631,0.030057664960622787,0.6211004853248596,1.0,0.0,0.8073368072509766,0.0,0.5279354453086853,1.0,0.9738253951072693,0.026174604892730713
6,3810,0.28422749042510986,0.21968577802181244,0.13328610360622406,0.03233559802174568,0.2735546875,0.593066930770874,0.9060021374062595,0.029887152777777783,1.0,0.0,0.8141571969696969,0.6221235795454545,0.4804557291666667,0.6502994791666666,6.510416666666667e-05,0.020911458333333334,0.9060862064361572,0.030030589550733566,0.6202423572540283,1.0,0.0,0.8016154766082764,0.0,0.5272060036659241,1.0,0.9737592339515686,0.026240766048431396
6,3820,0.283923476934433,0.2194840908050537,0.13315609097480774,0.032482292503118515,0.270234375,0.5865164399147034,0.9058016472800166,0.02984809027777778,1.0,0.0,0.814749053030303,0.6222123579545454,0.4885026041666667,0.6491015625,9.114583333333334e-05,0.020924479166666666,0.9060521125793457,0.029993798583745956,0.6198533773422241,1.0,0.0,0.7990226149559021,0.0,0.526875376701355,1.0,0.9737140536308289,0.026285946369171143
6,3830,0.28411224484443665,0.21956877410411835,0.13302282989025116,0.03251805156469345,0.2726953125,0.5943217277526855,0.905595659771536,0.02980902777777779,1.0,0.0,0.8046874999999999,0.620703125,0.4919791666666667,0.6488541666666666,3.90625e-05,0.020703125,0.9060448408126831,0.02995019033551216,0.619430661201477,1.0,0.0,0.7962042689323425,0.0,0.5265160799026489,1.0,0.9736797213554382,0.026320278644561768
6,3840,0.28426823019981384,0.21960259974002838,0.1333986073732376,0.03271425887942314,0.27200520833333336,0.6037158966064453,0.9061664867299235,0.029939236111111114,1.0,0.0,0.7987689393939393,0.6198153409090909,0.490703125,0.6492447916666667,3.90625e-05,0.020572916666666666,0.9060357809066772,0.029907822608947754,0.6190586090087891,1.0,0.0,0.7937240600585938,0.0,0.5261998176574707,1.0,0.9736534357070923,0.026346564292907715
6,3850,0.28438660502433777,0.21965014934539795,0.13313709199428558,0.032755665481090546,0.27438802083333336,0.5883699059486389,0.905806387520244,0.02977430555555556,1.0,0.0,0.7952178030303031,0.6192826704545454,0.48983072916666665,0.6493098958333333,6.510416666666667e-05,0.020494791666666668,0.9059934616088867,0.029851190745830536,0.6187162399291992,1.0,0.0,0.7914412021636963,0.0,0.5259088277816772,1.0,0.9736340045928955,0.026365995407104492
6,3860,0.28445252776145935,0.21954159438610077,0.13324306905269623,0.032860469073057175,0.2741015625,0.5927220582962036,0.9059922437280672,0.029761284722222225,1.0,0.0,0.824810606060606,0.6237215909090909,0.492421875,0.6503645833333334,0.0,0.021145833333333332,0.9059811234474182,0.029816262423992157,0.6181496977806091,1.0,0.0,0.7876645922660828,0.0,0.5254272818565369,1.0,0.97362220287323,0.02637779712677002
6,3870,0.28453558683395386,0.2196989506483078,0.13343463838100433,0.032957520335912704,0.27338541666666666,0.5966479182243347,0.9063424796426398,0.029709201388888898,1.0,0.0,0.8135653409090908,0.6220348011363637,0.4920963541666667,0.6506510416666667,3.90625e-05,0.0208984375,0.9059937000274658,0.029773686081171036,0.6179002523422241,1.0,0.0,0.7860018014907837,0.0,0.525215208530426,1.0,0.9736089706420898,0.026391029357910156
6,3880,0.28452569246292114,0.21973513066768646,0.13316915929317474,0.033015139400959015,0.2743229166666667,0.5965611338615417,0.9058389538679367,0.02981770833333333,1.0,0.0,0.805871212121212,0.6208806818181818,0.4813671875,0.6498567708333334,5.208333333333334e-05,0.020729166666666667,0.9059860706329346,0.02973172999918461,0.6174436807632446,1.0,0.0,0.782957911491394,0.0,0.5248271226882935,1.0,0.9736026525497437,0.026397347450256348
6,3890,0.284443736076355,0.21974556148052216,0.13316242396831512,0.0331321582198143,0.27307291666666667,0.5842990875244141,0.9059208715980889,0.029631076388888896,1.0,0.0,0.7881155303030303,0.6182173295454545,0.46986979166666665,0.6517057291666667,6.510416666666667e-05,0.020338541666666668,0.9060189723968506,0.029701970517635345,0.6175494194030762,1.0,0.0,0.7836625576019287,0.0,0.5249170064926147,1.0,0.973602831363678,0.02639716863632202
6,3900,0.2844472825527191,0.21956752240657806,0.13322661817073822,0.03313297778367996,0.27536458333333336,0.6122530698776245,0.9060012961350954,0.029687500000000006,1.0,0.0,0.7987689393939393,0.6198153409090909,0.46848958333333335,0.651171875,2.604166666666667e-05,0.020572916666666666,0.9060522317886353,0.029664766043424606,0.6172112226486206,1.0,0.0,0.7814078330993652,0.0,0.524629533290863,1.0,0.973609447479248,0.026390552520751953
6,3910,0.2848057150840759,0.21987803280353546,0.13333545625209808,0.033255673944950104,0.27358072916666665,0.5956196188926697,0.9061833135185079,0.029691840277777784,1.0,0.0,0.747277462121212,0.6120916193181818,0.4679817708333333,0.6514453125,3.90625e-05,0.019440104166666666,0.9060965776443481,0.029636863619089127,0.6168941259384155,1.0,0.0,0.7792940735816956,0.0,0.5243600010871887,1.0,0.9736223220825195,0.02637767791748047
6,3920,0.2849190831184387,0.21991097927093506,0.1328801065683365,0.033549126237630844,0.2746484375,0.5934111475944519,0.9055277391070994,0.029461805555555554,1.0,0.0,0.7952178030303031,0.6192826704545454,0.4705989583333333,0.6521223958333333,3.90625e-05,0.020494791666666668,0.9061101675033569,0.02960958331823349,0.616437554359436,1.0,0.0,0.7762502431869507,0.0,0.5239719152450562,1.0,0.9736348390579224,0.026365160942077637
6,3930,0.2849844992160797,0.2200179249048233,0.13330259919166565,0.03375864773988724,0.27434895833333334,0.5976559519767761,0.9061667717623915,0.029613715277777782,1.0,0.0,0.7531960227272726,0.6129794034090909,0.46822916666666664,0.6522005208333334,7.8125e-05,0.0195703125,0.9061415791511536,0.029572172090411186,0.6159725189208984,1.0,0.0,0.7731500267982483,0.0,0.5235766768455505,1.0,0.973647952079773,0.02635204792022705
6,3940,0.28510406613349915,0.2201436311006546,0.1333092451095581,0.033920131623744965,0.27076822916666665,0.5985187888145447,0.90620406036703,0.029561631944444444,1.0,0.0,0.7200520833333333,0.6080078125,0.4704817708333333,0.6524348958333334,6.510416666666667e-05,0.018841145833333333,0.906203031539917,0.029548404738307,0.6156343221664429,1.0,0.0,0.7708953619003296,0.0,0.5232892036437988,1.0,0.9736614227294922,0.026338577270507812
6,3950,0.2850513458251953,0.21999262273311615,0.13292373716831207,0.034039370715618134,0.2759505208333333,0.5985366702079773,0.9056623393959469,0.02934027777777778,1.0,0.0,0.7573390151515151,0.6136008522727272,0.47143229166666667,0.65265625,1.3020833333333334e-05,0.019661458333333333,0.9062409400939941,0.029506243765354156,0.6154060363769531,1.0,0.0,0.7693734169006348,0.0,0.5230951309204102,1.0,0.9736752510070801,0.026324748992919922
6,3960,0.28520676493644714,0.220267191529274,0.13330481946468353,0.03420419618487358,0.271953125,0.5862793326377869,0.9061726992863874,0.029609375000000007,1.0,0.0,0.7425426136363636,0.6113813920454545,0.4707161458333333,0.6528385416666667,5.208333333333334e-05,0.0193359375,0.9062914848327637,0.0294709000736475,0.6149029731750488,1.0,0.0,0.7660195827484131,0.0,0.5226675271987915,1.0,0.9736894369125366,0.02631056308746338
6,3970,0.2856298089027405,0.22028622031211853,0.13350561261177063,0.03434400632977486,0.2750390625,0.5984671115875244,0.9066513919626547,0.029331597222222228,1.0,0.0,0.7845643939393939,0.6176846590909091,0.473984375,0.6525390625,1.3020833333333334e-05,0.020260416666666666,0.9063272476196289,0.029442379251122475,0.614230751991272,1.0,0.0,0.7615383863449097,0.0,0.5220961570739746,1.0,0.9737038612365723,0.026296138763427734
6,3980,0.28549468517303467,0.22021551430225372,0.1332331895828247,0.0344361886382103,0.27493489583333336,0.6027794480323792,0.9061013926807633,0.029509548611111117,1.0,0.0,0.7413589015151515,0.6112038352272727,0.47391927083333335,0.6536197916666666,0.00010416666666666667,0.019309895833333333,0.9063709378242493,0.02940579690039158,0.6139179468154907,1.0,0.0,0.7594528198242188,0.0,0.5218302607536316,1.0,0.9737186431884766,0.026281356811523438
6,3990,0.28574031591415405,0.22053760290145874,0.13347089290618896,0.034489814192056656,0.2754296875,0.5956903100013733,0.906531871648935,0.02945312500000001,1.0,0.0,0.7780539772727273,0.6167080965909091,0.47130208333333334,0.6531640625,6.510416666666667e-05,0.0201171875,0.9064263105392456,0.02936074137687683,0.613858699798584,1.0,0.0,0.7590582370758057,0.0,0.5217798948287964,1.0,0.9737337827682495,0.02626621723175049
6,4000,0.28581690788269043,0.22046762704849243,0.13331300020217896,0.0345836877822876,0.2753125,0.5948655009269714,0.9062863700002688,0.029409722222222226,1.0,0.0,0.7431344696969696,0.6114701704545454,0.4717578125,0.6539583333333333,3.90625e-05,0.019348958333333333,0.906493067741394,0.02931857667863369,0.6137192249298096,1.0,0.0,0.7581281661987305,0.0,0.5216613411903381,1.0,0.9737492799758911,0.026250720024108887
6,4010,0.28593820333480835,0.22051456570625305,0.1338118016719818,0.03455039858818054,0.2746354166666667,0.6076250672340393,0.9070719018145504,0.02952690972222223,1.0,0.0,0.7437263257575758,0.6115589488636364,0.4707161458333333,0.6541796875,1.3020833333333334e-05,0.019361979166666668,0.9065622091293335,0.02928716130554676,0.6133345365524292,1.0,0.0,0.7555634379386902,0.0,0.5213343501091003,1.0,0.9737651348114014,0.026234865188598633
6,4020,0.2861361801624298,0.22062423825263977,0.1332850307226181,0.034783121198415756,0.27436197916666666,0.6086821556091309,0.9062867800904135,0.029314236111111114,1.0,0.0,0.7502367424242423,0.6125355113636364,0.47295572916666667,0.653828125,3.90625e-05,0.019505208333333333,0.9066224098205566,0.029236525297164917,0.6135669946670532,1.0,0.0,0.7571135759353638,0.0,0.5215319395065308,1.0,0.9737815856933594,0.026218414306640625
6,4030,0.28631627559661865,0.220652773976326,0.13331401348114014,0.03487246856093407,0.27598958333333334,0.6018846035003662,0.9064616958911602,0.029062500000000005,1.0,0.0,0.7496448863636364,0.6124467329545454,0.47203125,0.6538541666666666,3.90625e-05,0.0194921875,0.9067140817642212,0.02919188141822815,0.6135501265525818,1.0,0.0,0.7570008635520935,0.0,0.5215176343917847,1.0,0.9737986922264099,0.026201307773590088
6,4040,0.2861388921737671,0.22076566517353058,0.13363763689994812,0.03509104996919632,0.2767578125,0.6021966338157654,0.9068856683755532,0.029309895833333335,1.0,0.0,0.7573390151515151,0.6136008522727272,0.47161458333333334,0.6535546875,3.90625e-05,0.019661458333333333,0.9067846536636353,0.029151372611522675,0.6134867072105408,1.0,0.0,0.7565780878067017,0.0,0.5214636921882629,1.0,0.9738163352012634,0.026183664798736572
6,4050,0.2863885164260864,0.22077293694019318,0.13360771536827087,0.03509951010346413,0.27671875,0.5971561074256897,0.9069630701317748,0.029053819444444448,1.0,0.0,0.7668087121212122,0.6150213068181818,0.4702864583333333,0.6545572916666667,2.604166666666667e-05,0.019869791666666668,0.9068591594696045,0.029107555747032166,0.6138756275177002,1.0,0.0,0.7591709494590759,0.0,0.521794319152832,1.0,0.9738345146179199,0.026165485382080078
6,4060,0.2866004407405853,0.2208528071641922,0.13354532420635223,0.035217463970184326,0.27653645833333335,0.6079343557357788,0.9068683357829722,0.029032118055555556,1.0,0.0,0.7247869318181818,0.6087180397727272,0.4725520833333333,0.65390625,3.90625e-05,0.0189453125,0.9069725275039673,0.02907366119325161,0.6139602065086365,1.0,0.0,0.7597346305847168,0.0,0.5218662023544312,1.0,0.973853588104248,0.026146411895751953
6,4070,0.28660428524017334,0.22095142304897308,0.1335097700357437,0.035311613231897354,0.2752994791666667,0.5912730097770691,0.9067430630198909,0.029162326388888896,1.0,0.0,0.7307054924242424,0.6096058238636364,0.47423177083333334,0.6542057291666666,5.208333333333334e-05,0.019075520833333335,0.9070700407028198,0.02902901917695999,0.6139940023422241,1.0,0.0,0.7599601149559021,0.0,0.5218949317932129,1.0,0.9738731384277344,0.026126861572265625
6,4080,0.28683358430862427,0.2210855782032013,0.13374994695186615,0.035463619977235794,0.2754296875,0.5935069918632507,0.9072601933458931,0.028940972222222222,1.0,0.0,0.7697679924242424,0.6154651988636364,0.4861067708333333,0.6535807291666667,5.208333333333334e-05,0.019934895833333334,0.9071356654167175,0.028993675485253334,0.6139264106750488,1.0,0.0,0.7595091462135315,0.0,0.5218374729156494,1.0,0.9738931059837341,0.02610689401626587
6,4090,0.28689083456993103,0.22097058594226837,0.13357600569725037,0.03549084812402725,0.2773828125,0.6024982929229736,0.9070005534449195,0.02887152777777778,1.0,0.0,0.7975852272727272,0.6196377840909091,0.495234375,0.6526171875,2.604166666666667e-05,0.020546875,0.9072245359420776,0.028946347534656525,0.6140785813331604,1.0,0.0,0.7605237364768982,0.0,0.521966814994812,1.0,0.9739136695861816,0.02608633041381836
6,4100,0.28707942366600037,0.22103843092918396,0.13372954726219177,0.03563714399933815,0.27682291666666664,0.594829797744751,0.9073233270441365,0.02874565972222223,1.0,0.0,0.7685842803030303,0.6152876420454545,0.4951302083333333,0.6538671875,6.510416666666667e-05,0.019908854166666667,0.9072932600975037,0.02890314906835556,0.613879919052124,1.0,0.0,0.7591991424560547,0.0,0.5217979550361633,1.0,0.9739344120025635,0.026065587997436523
6,4110,0.2870594561100006,0.2212527096271515,0.13388964533805847,0.03563878685235977,0.276796875,0.6022844314575195,0.9074532032216716,0.029027777777777788,1.0,0.0,0.7449100378787877,0.6117365056818181,0.49557291666666664,0.6527604166666666,2.604166666666667e-05,0.019388020833333332,0.9073759317398071,0.028866568580269814,0.6139052510261536,1.0,0.0,0.7593682408332825,0.0,0.5218194723129272,1.0,0.973955512046814,0.026044487953186035
6,4120,0.2873784899711609,0.2212062031030655,0.13376836478710175,0.035667672753334045,0.277109375,0.5920082330703735,0.9074476119901381,0.028628472222222225,1.0,0.0,0.7798295454545454,0.6169744318181818,0.4975130208333333,0.6539453125,5.208333333333334e-05,0.02015625,0.9074335098266602,0.028818000108003616,0.6138460636138916,1.0,0.0,0.7589736580848694,0.0,0.5217691659927368,1.0,0.9739770293235779,0.02602297067642212
6,4130,0.2874917984008789,0.22118088603019714,0.13374079763889313,0.0357024259865284,0.27736979166666664,0.6048072576522827,0.907453043226503,0.02852430555555556,1.0,0.0,0.7928503787878788,0.6189275568181818,0.49493489583333333,0.6537630208333334,5.208333333333334e-05,0.020442708333333334,0.9075280427932739,0.028768189251422882,0.6140109300613403,1.0,0.0,0.7600728273391724,0.0,0.5219092965126038,1.0,0.9739989638328552,0.026001036167144775
6,4140,0.2875610291957855,0.2213369607925415,0.13392683863639832,0.03576759994029999,0.276640625,0.5997188091278076,0.9076485241987766,0.028763020833333344,1.0,0.0,0.7443181818181818,0.6116477272727272,0.49485677083333335,0.653359375,7.8125e-05,0.019375,0.9076193571090698,0.028745247051119804,0.6142603158950806,1.0,0.0,0.7617356777191162,0.0,0.5221213102340698,1.0,0.9740211963653564,0.025978803634643555
6,4150,0.2875516712665558,0.2214008867740631,0.13396263122558594,0.035862065851688385,0.2778125,0.5945478677749634,0.9077698601616753,0.028641493055555564,1.0,0.0,0.7745028409090908,0.6161754261363637,0.4964453125,0.6537109375,3.90625e-05,0.0200390625,0.9076929092407227,0.028704944998025894,0.6143702268600464,1.0,0.0,0.7624684572219849,0.0,0.5222147107124329,1.0,0.9740435481071472,0.025956451892852783
6,4160,0.2878120541572571,0.22145427763462067,0.13412010669708252,0.0359872542321682,0.27610677083333335,0.5909286737442017,0.9080428675301054,0.028628472222222225,1.0,0.0,0.7691761363636362,0.6153764204545454,0.49592447916666665,0.65453125,2.604166666666667e-05,0.019921875,0.9077540636062622,0.028683863580226898,0.6140785813331604,1.0,0.0,0.760523796081543,0.0,0.521966814994812,1.0,0.9740662574768066,0.02593374252319336
6,4170,0.28798264265060425,0.22149372100830078,0.134237602353096,0.036144427955150604,0.2775,0.5936529040336609,0.908220004943701,0.02867187500000001,1.0,0.0,0.747277462121212,0.6120916193181818,0.49385416666666665,0.6543098958333333,3.90625e-05,0.019440104166666666,0.9078232049942017,0.028656993061304092,0.614112377166748,1.0,0.0,0.7607492208480835,0.0,0.5219955444335938,1.0,0.9740892648696899,0.02591073513031006
6,4180,0.28792428970336914,0.22153891623020172,0.13410082459449768,0.036244697868824005,0.2776692708333333,0.6001150608062744,0.9080297675295773,0.028589409722222233,1.0,0.0,0.775094696969697,0.6162642045454545,0.4943489583333333,0.6545963541666666,2.604166666666667e-05,0.020052083333333335,0.9079070687294006,0.028620410710573196,0.6141757965087891,1.0,0.0,0.7611719369888306,0.0,0.5220494270324707,1.0,0.9741127490997314,0.025887250900268555
6,4190,0.28790631890296936,0.2215578854084015,0.1340419054031372,0.03626513481140137,0.2770703125,0.6075704097747803,0.9079669504899244,0.028515625000000003,1.0,0.0,0.7626657196969697,0.6143998579545454,0.49454427083333335,0.6551041666666667,3.90625e-05,0.019778645833333334,0.9079691171646118,0.02860015630722046,0.61417156457901,1.0,0.0,0.7611438035964966,0.0,0.5220458507537842,1.0,0.9741366505622864,0.025863349437713623
6,4200,0.28804805874824524,0.2215641438961029,0.13405534625053406,0.03642910718917847,0.27662760416666665,0.5930882096290588,0.9079745055671431,0.02854600694444445,1.0,0.0,0.7502367424242423,0.6125355113636364,0.4964192708333333,0.65375,3.90625e-05,0.019505208333333333,0.9080365896224976,0.028580935671925545,0.6137192249298096,1.0,0.0,0.7581281661987305,0.0,0.5216613411903381,1.0,0.9741608500480652,0.025839149951934814
6,4210,0.2881094813346863,0.22177773714065552,0.13411223888397217,0.03657212108373642,0.2757161458333333,0.5970464944839478,0.9080230423527904,0.028641493055555564,1.0,0.0,0.7466856060606061,0.612002840909091,0.4945572916666667,0.6544921875,2.604166666666667e-05,0.019427083333333334,0.9081014394760132,0.02857060357928276,0.6134359836578369,1.0,0.0,0.7562398910522461,0.0,0.5214205980300903,1.0,0.9741852283477783,0.02581477165222168
6,4220,0.2883053123950958,0.22187507152557373,0.13422563672065735,0.036715202033519745,0.27694010416666665,0.5897763967514038,0.9082822206896595,0.028506944444444456,1.0,0.0,0.7354403409090909,0.6103160511363637,0.494921875,0.653984375,6.510416666666667e-05,0.0191796875,0.9081869125366211,0.028545387089252472,0.613503634929657,1.0,0.0,0.7566908001899719,0.0,0.5214781165122986,1.0,0.9742100238800049,0.025789976119995117
6,4230,0.2884405553340912,0.22171801328659058,0.13414904475212097,0.03689612075686455,0.2785286458333333,0.5939726829528809,0.9082719611510253,0.028268229166666672,1.0,0.0,0.7733191287878787,0.6159978693181818,0.49376302083333334,0.6547916666666667,7.8125e-05,0.020013020833333332,0.9082728624343872,0.028538154438138008,0.6132076978683472,1.0,0.0,0.7547179460525513,0.0,0.5212265849113464,1.0,0.974234938621521,0.025765061378479004
6,4240,0.2882937490940094,0.22168290615081787,0.134304478764534,0.03689393401145935,0.27739583333333334,0.6076439619064331,0.908378753325878,0.028580729166666676,1.0,0.0,0.7845643939393939,0.6176846590909091,0.49580729166666665,0.6552604166666667,6.510416666666667e-05,0.020260416666666666,0.9083738327026367,0.02853505313396454,0.6128441095352173,1.0,0.0,0.7522941827774048,0.0,0.520917534828186,1.0,0.9742597341537476,0.02574026584625244
6,4250,0.2885385751724243,0.22169435024261475,0.13430051505565643,0.03711111843585968,0.27924479166666666,0.6105477809906006,0.9084306392608544,0.02846354166666667,1.0,0.0,0.7727272727272727,0.615909090909091,0.494609375,0.6546223958333334,5.208333333333334e-05,0.02,0.9084643721580505,0.028508184477686882,0.6129878759384155,1.0,0.0,0.753252387046814,0.0,0.5210397243499756,1.0,0.9742845296859741,0.02571547031402588
6,4260,0.28831374645233154,0.22176295518875122,0.13423503935337067,0.037367623299360275,0.27751302083333335,0.5966489315032959,0.9082460495039947,0.028611111111111115,1.0,0.0,0.7259706439393939,0.6088955965909091,0.49376302083333334,0.6538671875,2.604166666666667e-05,0.018971354166666666,0.9085687398910522,0.02849392592906952,0.6127722263336182,1.0,0.0,0.7518150210380554,0.0,0.5208563804626465,1.0,0.9743093252182007,0.025690674781799316
6,4270,0.2884584665298462,0.22173753380775452,0.13423672318458557,0.03739873692393303,0.2781119791666667,0.5903687477111816,0.9083205136478456,0.028467881944444454,1.0,0.0,0.7295217803030303,0.6094282670454545,0.4928255208333333,0.6547005208333333,3.90625e-05,0.019049479166666668,0.9086613655090332,0.028485450893640518,0.6125820279121399,1.0,0.0,0.7505467534065247,0.0,0.5206947326660156,1.0,0.9743338823318481,0.025666117668151855
6,4280,0.2886757254600525,0.221958726644516,0.13432380557060242,0.03758438676595688,0.27697916666666667,0.5847582221031189,0.9085047762006777,0.02839409722222222,1.0,0.0,0.7395833333333334,0.6109375,0.49407552083333334,0.6546744791666667,5.208333333333334e-05,0.019270833333333334,0.90874183177948,0.02847449481487274,0.6128314733505249,1.0,0.0,0.7522096037864685,0.0,0.5209067463874817,1.0,0.9743581414222717,0.02564185857772827
6,4290,0.28874197602272034,0.22197292745113373,0.13439466059207916,0.03761889040470123,0.2791015625,0.5934544801712036,0.9085639208096723,0.028515625000000003,1.0,0.0,0.7691761363636362,0.6153764204545454,0.4942317708333333,0.6545963541666666,3.90625e-05,0.019921875,0.9088435769081116,0.028464367613196373,0.6125651001930237,1.0,0.0,0.7504340410232544,0.0,0.5206803679466248,1.0,0.9743824005126953,0.025617599487304688
6,4300,0.28877660632133484,0.22196142375469208,0.13429361581802368,0.03775098919868469,0.27860677083333335,0.5862905979156494,0.9084167934890486,0.028467881944444454,1.0,0.0,0.7342566287878788,0.6101384943181818,0.4938151041666667,0.6543880208333334,0.00010416666666666667,0.019153645833333333,0.9089227914810181,0.028452172875404358,0.6126666069030762,1.0,0.0,0.7511104941368103,0.0,0.5207666158676147,1.0,0.974406361579895,0.02559363842010498
6,4310,0.28878459334373474,0.22204074263572693,0.13446994125843048,0.03788977488875389,0.2786328125,0.5964948534965515,0.9086848084437542,0.028528645833333338,1.0,0.0,0.7289299242424242,0.6093394886363637,0.4953385416666667,0.6544791666666666,6.510416666666667e-05,0.019036458333333332,0.9090338945388794,0.02844121865928173,0.6127934455871582,1.0,0.0,0.7519559860229492,0.0,0.5208744406700134,1.0,0.9744304418563843,0.025569558143615723
6,4320,0.2888501286506653,0.22212758660316467,0.13479365408420563,0.03799246624112129,0.27740885416666666,0.5964850187301636,0.9092478211211342,0.0284982638888889,1.0,0.0,0.7543797348484848,0.6131569602272727,0.49248697916666667,0.6550651041666666,9.114583333333334e-05,0.019596354166666666,0.909137487411499,0.02843274548649788,0.6128779649734497,1.0,0.0,0.7525196671485901,0.0,0.5209462642669678,1.0,0.974454402923584,0.025545597076416016
6,4330,0.28909727931022644,0.22228756546974182,0.13478989899158478,0.037997450679540634,0.27794270833333334,0.6048958897590637,0.909252317043451,0.02847656250000001,1.0,0.0,0.7383996212121212,0.6107599431818181,0.4926302083333333,0.6543098958333333,3.90625e-05,0.019244791666666667,0.9092427492141724,0.028423860669136047,0.6130005717277527,1.0,0.0,0.7533369660377502,0.0,0.5210505127906799,1.0,0.9744782447814941,0.02552175521850586
6,4340,0.2893528342247009,0.22236965596675873,0.13497528433799744,0.03806598111987114,0.2800520833333333,0.60155189037323,0.9095747266467819,0.028459201388888897,1.0,0.0,0.7419507575757575,0.6112926136363637,0.49407552083333334,0.6545963541666666,3.90625e-05,0.019322916666666665,0.909334123134613,0.02842303365468979,0.6128779649734497,1.0,0.0,0.7525196671485901,0.0,0.5209462642669678,1.0,0.9745017290115356,0.025498270988464355
6,4350,0.28935888409614563,0.22230511903762817,0.1348833590745926,0.03824727609753609,0.2803125,0.5984364151954651,0.9095493691497378,0.028198784722222228,1.0,0.0,0.7644412878787878,0.6146661931818181,0.49592447916666665,0.6545442708333333,5.208333333333334e-05,0.019817708333333333,0.9094108939170837,0.028412284329533577,0.6129920482635498,1.0,0.0,0.7532806396484375,0.0,0.5210432410240173,1.0,0.974524974822998,0.025475025177001953
6,4360,0.28925397992134094,0.22238457202911377,0.13516923785209656,0.03822797164320946,0.27932291666666664,0.5902146697044373,0.9099615494206421,0.028342013888888892,1.0,0.0,0.7443181818181818,0.6116477272727272,0.4953385416666667,0.6545442708333333,6.510416666666667e-05,0.019375,0.9095191955566406,0.02840670570731163,0.6129117608070374,1.0,0.0,0.7527451515197754,0.0,0.5209749937057495,1.0,0.97454833984375,0.02545166015625
6,4370,0.2895098924636841,0.22254027426242828,0.1352170705795288,0.03832503780722618,0.28197916666666667,0.5990619659423828,0.9099882436409975,0.02845052083333334,1.0,0.0,0.7425426136363636,0.6113813920454545,0.49029947916666666,0.6551041666666667,5.208333333333334e-05,0.0193359375,0.9096400141716003,0.02839203178882599,0.6132626533508301,1.0,0.0,0.7550843954086304,0.0,0.5212732553482056,1.0,0.9745717644691467,0.02542823553085327
6,4380,0.2895284593105316,0.22255845367908478,0.13516755402088165,0.03841830790042877,0.2811458333333333,0.5918563604354858,0.9099087866656801,0.028441840277777783,1.0,0.0,0.7821969696969696,0.6173295454545454,0.49647135416666666,0.6544661458333333,9.114583333333334e-05,0.02020833333333333,0.9097516536712646,0.02837032824754715,0.6134655475616455,1.0,0.0,0.7564371824264526,0.0,0.5214457511901855,1.0,0.9745950698852539,0.025404930114746094
6,4390,0.2898451089859009,0.222625270485878,0.13530021905899048,0.03838685527443886,0.2785416666666667,0.5986937880516052,0.9101658488135052,0.02837673611111112,1.0,0.0,0.737807765151515,0.6106711647727272,0.49518229166666666,0.6547786458333333,3.90625e-05,0.01923177083333333,0.9098681211471558,0.0283597894012928,0.6136515736579895,1.0,0.0,0.7576772570610046,0.0,0.5216038227081299,1.0,0.9746156930923462,0.02538430690765381
6,4400,0.28983667492866516,0.22250553965568542,0.13494989275932312,0.03849221020936966,0.27889322916666665,0.609971284866333,0.9096315826717606,0.028259548611111115,1.0,0.0,0.7768702651515151,0.6165305397727272,0.49221354166666664,0.6552213541666667,6.510416666666667e-05,0.020091145833333334,0.9099811911582947,0.028344495221972466,0.613376796245575,1.0,0.0,0.755845308303833,0.0,0.5213702917098999,1.0,0.9746339321136475,0.02536606788635254
6,4410,0.29010412096977234,0.22279761731624603,0.1353660225868225,0.038614317774772644,0.2809244791666667,0.6079850196838379,0.9103075905742808,0.028315972222222232,1.0,0.0,0.7679924242424243,0.6151988636363637,0.49678385416666665,0.6553515625,9.114583333333334e-05,0.019895833333333335,0.9101095199584961,0.02833808772265911,0.6133683919906616,1.0,0.0,0.7557889223098755,0.0,0.5213631391525269,1.0,0.9746501445770264,0.025349855422973633
6,4420,0.2904123067855835,0.22290962934494019,0.1353449672460556,0.03870820254087448,0.2814713541666667,0.6085096597671509,0.9101981737369146,0.02846354166666667,1.0,0.0,0.7585227272727273,0.6137784090909091,0.4949088541666667,0.6555208333333333,9.114583333333334e-05,0.0196875,0.9102377891540527,0.028319694101810455,0.6134191155433655,1.0,0.0,0.756127119064331,0.0,0.5214062333106995,1.0,0.9746559262275696,0.02534407377243042
6,4430,0.2903997302055359,0.2228924036026001,0.1354769617319107,0.038854073733091354,0.2798828125,0.6247262358665466,0.9104931636040027,0.0283203125,1.0,0.0,0.7526041666666666,0.612890625,0.4962239583333333,0.6541145833333334,7.8125e-05,0.019557291666666667,0.9103313684463501,0.028302539139986038,0.6135205626487732,1.0,0.0,0.7568035125732422,0.0,0.5214924812316895,1.0,0.9746606349945068,0.025339365005493164
6,4440,0.29035571217536926,0.22286467254161835,0.13527816534042358,0.0388350673019886,0.2811328125,0.6056972742080688,0.9101914611637083,0.02825086805555556,1.0,0.0,0.756155303030303,0.6134232954545454,0.4951302083333333,0.6556640625,6.510416666666667e-05,0.019635416666666666,0.910412609577179,0.028284970670938492,0.6135755181312561,1.0,0.0,0.7571699619293213,0.0,0.5215392112731934,1.0,0.9746559858322144,0.025344014167785645
6,4450,0.2904164493083954,0.22304685413837433,0.13518986105918884,0.038992296904325485,0.28247395833333333,0.5918894410133362,0.9099899398159776,0.028355034722222228,1.0,0.0,0.8005445075757575,0.6200816761363637,0.4948958333333333,0.6547135416666666,7.8125e-05,0.020611979166666666,0.9105000495910645,0.028269056230783463,0.6137530207633972,1.0,0.0,0.7583536505699158,0.0,0.5216900706291199,1.0,0.9746723175048828,0.025327682495117188
6,4460,0.2907709777355194,0.22303825616836548,0.13561061024665833,0.0390310101211071,0.28029947916666664,0.619503378868103,0.9107063171802422,0.02834635416666667,1.0,0.0,0.7614820075757576,0.6142223011363637,0.49486979166666667,0.6552083333333333,5.208333333333334e-05,0.019752604166666667,0.9106013774871826,0.0282738097012043,0.61362624168396,1.0,0.0,0.7575081586837769,0.0,0.521582305431366,1.0,0.974700927734375,0.025299072265625
6,4470,0.2906472980976105,0.22332768142223358,0.13564229011535645,0.03913091495633125,0.280078125,0.5942851901054382,0.9107816306546204,0.028302951388888886,1.0,0.0,0.775094696969697,0.6162642045454545,0.492578125,0.6543880208333334,7.8125e-05,0.020052083333333335,0.9106708765029907,0.028267402201890945,0.6134486794471741,1.0,0.0,0.7563244104385376,0.0,0.5214313864707947,1.0,0.974697470664978,0.025302529335021973
6,4480,0.29092854261398315,0.2232685089111328,0.13548855483531952,0.03916362300515175,0.2810546875,0.6187513470649719,0.9106668625631904,0.028012152777777785,1.0,0.0,0.7579308712121212,0.6136896306818181,0.49006510416666665,0.6547786458333333,2.604166666666667e-05,0.019674479166666668,0.9107345938682556,0.02825210802257061,0.6136219501495361,1.0,0.0,0.7574799060821533,0.0,0.5215786695480347,1.0,0.9747223258018494,0.025277674198150635
6,4490,0.2908482253551483,0.22324460744857788,0.13570350408554077,0.03924185782670975,0.2816666666666667,0.6078305244445801,0.9109503276939066,0.02817274305555556,1.0,0.0,0.765625,0.61484375,0.49236979166666667,0.6544791666666666,6.510416666666667e-05,0.01984375,0.9108113050460815,0.02824363484978676,0.6131485104560852,1.0,0.0,0.7543233633041382,0.0,0.5211762189865112,1.0,0.9747439622879028,0.025256037712097168
6,4500,0.2908625602722168,0.22355130314826965,0.13570275902748108,0.03928122669458389,0.281640625,0.5959318280220032,0.9109382161319765,0.028194444444444453,1.0,0.0,0.7307054924242424,0.6096058238636364,0.4930598958333333,0.6545182291666667,6.510416666666667e-05,0.019075520833333335,0.9108766317367554,0.028233300894498825,0.6134105920791626,1.0,0.0,0.7560707330703735,0.0,0.5213990211486816,1.0,0.9747940301895142,0.02520596981048584
6,4510,0.2911628484725952,0.2236577719449997,0.13584601879119873,0.03942445293068886,0.28053385416666665,0.6175515651702881,0.9111112112876697,0.028333333333333335,1.0,0.0,0.7330729166666666,0.6099609375,0.4929557291666667,0.6544270833333333,0.00010416666666666667,0.019127604166666666,0.9109731316566467,0.028231646865606308,0.6131147146224976,1.0,0.0,0.7540979385375977,0.0,0.5211475491523743,1.0,0.9748724699020386,0.025127530097961426
6,4520,0.29151684045791626,0.2236064076423645,0.13594813644886017,0.03946403041481972,0.28143229166666667,0.6233741044998169,0.9113795118963616,0.02814236111111112,1.0,0.0,0.7360321969696969,0.6104048295454545,0.49213541666666666,0.6543619791666667,0.00015625,0.019192708333333332,0.9110419154167175,0.028222139924764633,0.6129667162895203,1.0,0.0,0.7531114816665649,0.0,0.5210217237472534,1.0,0.9749486446380615,0.025051355361938477
6,4530,0.2913593053817749,0.22368651628494263,0.13584721088409424,0.03948885574936867,0.2821484375,0.6082099676132202,0.9112108849256466,0.028138020833333333,1.0,0.0,0.7685842803030303,0.6152876420454545,0.4945572916666667,0.6551822916666666,7.8125e-05,0.019908854166666667,0.9111049771308899,0.028206638991832733,0.6126454472541809,1.0,0.0,0.7509695291519165,0.0,0.5207486152648926,1.0,0.9750522971153259,0.024947702884674072
6,4540,0.2914069592952728,0.22369107604026794,0.13568954169750214,0.039667416363954544,0.28192708333333333,0.6115946173667908,0.9109592511205592,0.028107638888888894,1.0,0.0,0.7460937499999999,0.6119140625,0.49493489583333333,0.6553385416666667,0.0001171875,0.0194140625,0.9111511707305908,0.028199199587106705,0.6124763488769531,1.0,0.0,0.7498422265052795,0.0,0.5206049084663391,1.0,0.9751842617988586,0.024815738201141357
6,4550,0.29139700531959534,0.223896324634552,0.1359616369009018,0.03970371186733246,0.28055989583333335,0.5922198295593262,0.9114110393707568,0.028125000000000008,1.0,0.0,0.7668087121212122,0.6150213068181818,0.491953125,0.6543880208333334,0.0001171875,0.019869791666666668,0.911210298538208,0.02818659134209156,0.6124720573425293,1.0,0.0,0.7498140335083008,0.0,0.5206012725830078,1.0,0.9751160144805908,0.02488398551940918
6,4560,0.29173192381858826,0.22400128841400146,0.13616997003555298,0.03977036848664284,0.2797265625,0.6151894927024841,0.9116767975815342,0.028298611111111118,1.0,0.0,0.7466856060606061,0.612002840909091,0.49147135416666665,0.6548046875,0.0001171875,0.019427083333333334,0.9113049507141113,0.028166336938738823,0.6122733950614929,1.0,0.0,0.7484893798828125,0.0,0.5204324126243591,1.0,0.9752807021141052,0.024719297885894775
6,4570,0.29160186648368835,0.22401326894760132,0.1359921395778656,0.03985648602247238,0.28024739583333336,0.5938439965248108,0.9114214266467299,0.028207465277777784,1.0,0.0,0.7194602272727273,0.6079190340909091,0.49299479166666665,0.6547526041666667,0.00010416666666666667,0.018828125,0.9113837480545044,0.02815249003469944,0.6122437715530396,1.0,0.0,0.748292088508606,0.0,0.5204071998596191,1.0,0.9648144245147705,0.03518557548522949
6,4580,0.29157960414886475,0.2237517237663269,0.13591255247592926,0.03998195752501488,0.28095052083333333,0.6101124882698059,0.9113258032819144,0.028129340277777776,1.0,0.0,0.7668087121212122,0.6150213068181818,0.492421875,0.6549739583333334,5.208333333333334e-05,0.019869791666666668,0.9114418029785156,0.028139470145106316,0.61174076795578,1.0,0.0,0.7449382543563843,0.0,0.5199796557426453,1.0,0.9613664746284485,0.038633525371551514
6,4590,0.2918492555618286,0.22400173544883728,0.1360667645931244,0.04004356637597084,0.2793359375,0.6191928386688232,0.9115195033285353,0.028263888888888894,1.0,0.0,0.7159090909090908,0.6073863636363637,0.4912109375,0.6551692708333333,0.00010416666666666667,0.01875,0.9111340641975403,0.028230614960193634,0.6117280721664429,1.0,0.0,0.7448537349700928,0.0,0.5199688673019409,1.0,0.9578986167907715,0.042101383209228516
6,4600,0.2918109595775604,0.22391150891780853,0.13604699075222015,0.040185462683439255,0.281875,0.6187089681625366,0.9115381232387998,0.028159722222222225,1.0,0.0,0.7745028409090908,0.6161754261363637,0.49233072916666665,0.6553515625,0.0001171875,0.0200390625,0.9108448028564453,0.028321554884314537,0.6115039587020874,1.0,0.0,0.7433599233627319,0.0,0.5197783708572388,1.0,0.9548827409744263,0.04511725902557373
6,4610,0.2918742001056671,0.22413082420825958,0.13613657653331757,0.040143679827451706,0.2806119791666667,0.605399489402771,0.9116571778619391,0.028224826388888898,1.0,0.0,0.7354403409090909,0.6103160511363637,0.49149739583333335,0.6554036458333333,6.510416666666667e-05,0.0191796875,0.9106208086013794,0.028384383767843246,0.6108994483947754,1.0,0.0,0.7393296957015991,0.0,0.5192645192146301,1.0,0.9524866938591003,0.04751330614089966
6,4620,0.2918333411216736,0.2240685522556305,0.13616064190864563,0.04021190479397774,0.2795703125,0.6108280420303345,0.9117521573539473,0.02811631944444445,1.0,0.0,0.747277462121212,0.6120916193181818,0.4918619791666667,0.655859375,2.604166666666667e-05,0.019440104166666666,0.9090341329574585,0.028526579961180687,0.6116223931312561,1.0,0.0,0.7441490888595581,0.0,0.5198790431022644,1.0,0.9517999291419983,0.04820007085800171
6,4630,0.2920476198196411,0.22423379123210907,0.13603174686431885,0.04033365100622177,0.2797265625,0.6101315021514893,0.9115231765844882,0.028138020833333333,1.0,0.0,0.7135416666666667,0.60703125,0.4897916666666667,0.6560677083333334,7.8125e-05,0.018697916666666668,0.9090397357940674,0.02874462679028511,0.611301064491272,1.0,0.0,0.7420071363449097,0.0,0.5196059346199036,1.0,0.9513877630233765,0.048612236976623535
6,4640,0.29177558422088623,0.22405897080898285,0.13600386679172516,0.040501467883586884,0.2798828125,0.5929802060127258,0.9114629740898426,0.028164062500000003,1.0,0.0,0.7289299242424242,0.6093394886363637,0.4928515625,0.6561067708333334,9.114583333333334e-05,0.019036458333333332,0.9076609015464783,0.028925884515047073,0.6106162071228027,1.0,0.0,0.73744136095047,0.0,0.5190237760543823,1.0,0.9492127895355225,0.05078721046447754
6,4650,0.2918376624584198,0.2241705060005188,0.13593436777591705,0.04048866778612137,0.28045572916666667,0.6029712557792664,0.9114343360652271,0.027986111111111114,1.0,0.0,0.7555634469696969,0.6133345170454545,0.49361979166666664,0.6553385416666667,0.00010416666666666667,0.019622395833333334,0.9112179279327393,0.02895357832312584,0.6116942167282104,1.0,0.0,0.7446281909942627,0.0,0.5199400782585144,1.0,0.9445748925209045,0.05542510747909546
6,4660,0.2922573685646057,0.2241859883069992,0.13623841106891632,0.04061063006520271,0.28346354166666665,0.6084386706352234,0.91197708267432,0.02792968750000001,1.0,0.0,0.7727272727272727,0.615909090909091,0.4934895833333333,0.6563151041666667,7.8125e-05,0.02,0.9136759042739868,0.02981487847864628,0.6081980466842651,1.0,0.0,0.7213203310966492,0.0,0.5169683694839478,1.0,0.9407154321670532,0.05928456783294678
6,4670,0.2923336625099182,0.224233940243721,0.13650204241275787,0.04066408798098564,0.2800390625,0.6031689047813416,0.9123602939976586,0.028055555555555556,1.0,0.0,0.7573390151515151,0.6136008522727272,0.4939453125,0.6558463541666667,9.114583333333334e-05,0.019661458333333333,0.9107640981674194,0.035419248044490814,0.5996870398521423,0.9932087063789368,0.0,0.687218189239502,0.0,0.5097339749336243,1.0,0.9338589906692505,0.06614100933074951
6,4680,0.2923469543457031,0.22426332533359528,0.1362820565700531,0.040659476071596146,0.2811588541666667,0.6062349677085876,0.9120010310971839,0.0280295138888889,1.0,0.0,0.7046638257575757,0.6056995738636364,0.4949088541666667,0.6566015625,9.114583333333334e-05,0.018502604166666665,0.9149821400642395,0.034076035022735596,0.6001055240631104,0.9932087063789368,0.0,0.6900083422660828,0.0,0.5100896954536438,1.0,0.9289883375167847,0.07101166248321533
6,4690,0.2934975326061249,0.22357498109340668,0.13223552703857422,0.03886780887842178,0.274453125,0.5843934416770935,0.9042047073494675,0.02992621527777778,1.0,0.0,0.756155303030303,0.6134232954545454,0.5221354166666666,0.6630208333333333,0.00010416666666666667,0.019635416666666666,0.9156332015991211,0.036810923367738724,0.5992220044136047,0.993208646774292,0.0,0.6841179728507996,0.0,0.5093387365341187,1.0,0.9192395210266113,0.08076047897338867
6,4700,0.29335257411003113,0.2236006110906601,0.13267791271209717,0.04015040397644043,0.2781640625,0.6068732142448425,0.904875235027737,0.030082465277777776,1.0,0.0,0.7342566287878788,0.6101384943181818,0.5100130208333333,0.660234375,5.208333333333334e-05,0.019153645833333333,0.9198466539382935,0.035465024411678314,0.5965670943260193,0.9932087063789368,0.0,0.6664186716079712,0.0,0.5070820450782776,1.0,0.9117729663848877,0.0882270336151123
6,4710,0.28168100118637085,0.20955274999141693,0.1333134025335312,0.019858267158269882,0.25203125,0.6124036908149719,0.9062349675353775,0.029513888888888895,1.0,0.0,0.6460700757575757,0.5969105113636364,0.544453125,0.6751953125,7.8125e-05,0.017213541666666665,0.9240590333938599,0.034124087542295456,0.593256950378418,0.993208646774292,0.0,0.6443508863449097,0.0,0.5042684078216553,1.0,0.9044419527053833,0.0955580472946167
6,4720,0.2716091275215149,0.2099238634109497,0.11703898012638092,0.02011479251086712,0.23453125,0.608016848564148,0.8777908595301147,0.03131944444444445,1.0,0.0,0.834280303030303,0.6251420454545454,0.5072786458333334,0.6597005208333333,2.604166666666667e-05,0.021354166666666667,0.9248219728469849,0.036693595349788666,0.5948901772499084,0.9932087063789368,0.005511826369911432,0.642378032207489,0.0,0.5056566596031189,1.0,0.8914704322814941,0.10852956771850586
6,4730,0.28279927372932434,0.21266141533851624,0.1373702436685562,0.02039407566189766,0.23190104166666667,0.5651305913925171,0.9114966583557619,0.032721354166666675,1.0,0.0,0.6910511363636364,0.6036576704545454,0.4644010416666667,0.6570703125,0.00015625,0.018203125,0.9289464950561523,0.035451874136924744,0.5947253108024597,0.993208646774292,0.005511826369911432,0.641278862953186,0.0,0.505516529083252,1.0,0.8819552659988403,0.11804473400115967
6,4740,0.27280935645103455,0.21113164722919464,0.11986269056797028,0.018512031063437462,0.2288671875,0.5779036283493042,0.882256946431266,0.03194444444444444,1.0,0.0,0.6727035984848484,0.6009055397727272,0.4360807291666667,0.6579817708333333,0.0004427083333333333,0.017799479166666667,0.9331597089767456,0.03411196917295456,0.5931417942047119,0.9932087063789368,0.008210631087422371,0.6244250535964966,0.0,0.5041705369949341,1.0,0.8751188516616821,0.12488114833831787
6,4750,0.37613168358802795,0.30971217155456543,0.20186935365200043,0.011398270726203918,0.19727864583333332,0.5927049517631531,0.9856553819444444,0.028689236111111113,1.0,0.0,0.8970170454545454,0.6345525568181818,0.33740885416666666,0.5288541666666666,0.00029947916666666664,0.022734375,0.9358574151992798,0.03466825559735298,0.5950780510902405,0.993208646774292,0.008210631087422371,0.6373331546783447,0.0,0.5058163404464722,0.9823952317237854,0.8645881414413452,0.13541185855865479
6,4760,0.3166881799697876,0.18151508271694183,0.19623005390167236,0.01294542197138071,0.24263020833333335,0.6254446506500244,0.9630301654338836,0.046212293207645444,1.0,0.0,0.27734375,0.5416015625,0.6780338541666666,0.8227604166666667,0.0116015625,0.0091015625,0.9389172196388245,0.03465108945965767,0.5927528738975525,0.9932087063789368,0.008210631087422371,0.6218321919441223,0.0,0.5038399696350098,1.0,0.8541786074638367,0.14582139253616333
6,4770,0.7538597583770752,0.32889947295188904,0.13543125987052917,0.00890914723277092,0.0828515625,0.26023533940315247,0.8505282219197567,0.1459903875510221,0.8573811848958336,0.0,0.03053977272727271,0.4332715583570077,0.058567708333333336,0.31579427083333333,0.012604166666666666,0.003671875,0.9414591789245605,0.035195644944906235,0.5895483493804932,0.993208646774292,0.008210631087422371,0.6004689931869507,1.0,1.0,0.127149760723114,0.8303978443145752,0.1696021556854248
6,4780,0.47292473912239075,0.31589552760124207,0.30252543091773987,0.010411486960947514,0.18859375,0.41083911061286926,0.9999999999999999,0.0,1.0,0.0,0.7780539772727273,0.6167080965909091,0.05462239583333333,0.5944010416666666,0.05287760416666667,0.0201171875,0.9445769190788269,0.03505921736359596,0.5885950922966003,0.9932087063789368,0.009484975598752499,0.5911402702331543,0.5144942402839661,0.5144942402839661,0.7011350393295288,0.8066166043281555,0.19338339567184448
6,4790,0.43533411622047424,0.3122982084751129,0.31763142347335815,0.006218906491994858,0.15438802083333333,0.4302244186401367,0.924999011404469,0.08556200566411341,1.0,0.0,0.6431107954545454,0.5964666193181818,0.5240494791666667,0.09700520833333333,0.0536328125,0.0171484375,0.9462630748748779,0.03657020255923271,0.5791341066360474,0.9700676202774048,0.009484974667429924,0.6052038669586182,0.3354468047618866,0.4922640025615692,0.6990199089050293,0.7828350067138672,0.2171649932861328
6,4800,0.36242371797561646,0.26635825634002686,0.2692279517650604,0.009350631386041641,0.150546875,0.41542062163352966,0.9999999999999999,0.0,1.0,0.0,0.3442234848484848,0.5516335227272727,0.6093098958333333,0.004192708333333333,0.11826822916666667,0.010572916666666666,0.950225830078125,0.03582572564482689,0.5798612236976624,0.9700676202774048,0.009484974667429924,0.6100514531135559,0.2641335725784302,0.49288204312324524,0.7340123057365417,0.7590554356575012,0.24094456434249878
6,4810,0.4579121470451355,0.2914605736732483,0.26476821303367615,0.009060095064342022,0.19140625,0.41877996921539307,0.9999999999999999,0.0,1.0,0.0,0.3110795454545454,0.5466619318181818,0.58,0.05100260416666667,0.09294270833333333,0.00984375,0.9537352919578552,0.03555269166827202,0.5588968992233276,0.9244017601013184,0.009484974667429924,0.6225085854530334,0.255533367395401,0.47506237030029297,0.7830842137336731,0.7352779507637024,0.2647220492362976
6,4820,0.353951096534729,0.24010667204856873,0.2545270621776581,0.006304347421973944,0.179609375,0.3563731610774994,0.9276776137602766,0.08218452981786756,1.0,0.1157483552631579,0.6940104166666666,0.6446134868421053,0.5645703125,0.0023177083333333335,0.243984375,0.018268229166666667,0.9578247666358948,0.034898340702056885,0.5458090901374817,0.905040979385376,0.009484974667429924,0.5997925996780396,0.0,0.4639377295970917,0.921141505241394,0.7115018963813782,0.2884981036186218
6,4830,0.30088940262794495,0.19918392598628998,0.2405640333890915,0.013716459274291992,0.2034765625,0.42570608854293823,0.9983678519725799,0.0020401850342750827,1.0,0.0,0.7241950757575757,0.6086292613636364,0.7479557291666666,0.03923177083333333,0.0526953125,0.018932291666666667,0.9604073166847229,0.03708522766828537,0.523183286190033,0.857421875,0.009484974667429924,0.6076840162277222,0.05176495760679245,0.4447058141231537,0.942871630191803,0.687735915184021,0.312264084815979
6,4840,0.4050636887550354,0.26326289772987366,0.2603512108325958,0.009154138155281544,0.18389322916666667,0.34403249621391296,0.9999999999999999,0.0,1.0,0.05667489035087715,0.3596117424242424,0.5737779729864434,0.4647526041666667,0.006354166666666667,0.22153645833333332,0.010911458333333334,0.9646217823028564,0.0355270691215992,0.501580536365509,0.8098028898239136,0.009484974667429924,0.6223958730697632,0.11812232434749603,0.42634347081184387,0.7959549427032471,0.663970410823822,0.336029589176178
6,4850,0.27717867493629456,0.18409930169582367,0.22872619330883026,0.008996904827654362,0.19342447916666666,0.3730533719062805,0.9681155621823742,0.03984611077097858,1.0,0.0,1.0,0.65,0.801015625,0.027981770833333332,0.08203125,0.04265625,0.9675084948539734,0.036789920181035995,0.4804292321205139,0.7621837854385376,0.010400349274277687,0.6379814147949219,0.4048740863800049,0.408364862203598,0.5928399562835693,0.6402137875556946,0.3597862124443054
6,4860,0.4809414744377136,0.3056904673576355,0.3001615107059479,0.00809388142079115,0.17967447916666668,0.33172765374183655,0.9756895015334209,0.02762556643929423,1.0,0.0,0.43004261363636354,0.5645063920454545,0.4459505208333333,0.010208333333333333,0.16229166666666667,0.0124609375,0.96631920337677,0.03704880177974701,0.45898517966270447,0.7145647406578064,0.015057172626256943,0.6428853273391724,0.3970891237258911,0.3970891237258911,0.6573740839958191,0.6164355278015137,0.38356447219848633
6,4870,0.43057918548583984,0.3023777902126312,0.30932533740997314,0.007708815857768059,0.14954427083333333,0.3514930307865143,0.9653584742328015,0.039365370189998194,1.0,0.0,0.32410037878787873,0.5486150568181818,0.583671875,0.026393229166666667,0.146953125,0.010130208333333333,0.92046058177948,0.03484821692109108,0.433194637298584,0.6669456958770752,0.015057174488902092,0.62967848777771,0.3911738097667694,0.3911738097667694,0.43415504693984985,0.5926443338394165,0.4073556661605835
6,4880,0.41031378507614136,0.28359827399253845,0.28549718856811523,0.008173748850822449,0.16962239583333333,0.3436906933784485,0.9778322862415779,0.02519058381638875,1.0,0.026761239035087706,0.5614346590909091,0.5935816325259171,0.4668359375,0.03509114583333333,0.21016927083333334,0.0153515625,0.8799592852592468,0.027896294370293617,0.41256266832351685,0.626118004322052,0.015057173557579517,0.62822425365448,0.21351322531700134,0.3506782650947571,0.6158852577209473,0.5688846111297607,0.43111538887023926
6,4890,0.27198541164398193,0.2419625073671341,0.2617238163948059,0.0070398664101958275,0.13067708333333333,0.23927579820156097,0.9474110500296441,0.059760170420858905,0.5140380859375001,0.0,1.0,0.40701904296875,0.18420572916666667,0.08028645833333334,0.08669270833333333,0.0374609375,0.8323402404785156,0.027896294370293617,0.38319557905197144,0.5784989595413208,0.015057174488902092,0.5911740064620972,0.6633544564247131,0.6633544564247131,0.23972535133361816,0.5450958609580994,0.45490413904190063
6,4900,0.44018757343292236,0.31724900007247925,0.3174481987953186,0.008531215600669384,0.15225260416666667,0.24275031685829163,0.9874228575789347,0.01429220729666511,1.0,0.0,0.8579545454545453,0.6286931818181818,0.08330729166666667,0.3797526041666667,0.17141927083333333,0.021875,0.788292646408081,0.023821912705898285,0.35479241609573364,0.5308799147605896,0.015057173557579517,0.5605497360229492,0.7073759436607361,0.7073759436607361,0.4481161832809448,0.5213098526000977,0.47869014739990234
6,4910,0.3395215570926666,0.21555182337760925,0.23741303384304047,0.008201361633837223,0.15587239583333334,0.16352753341197968,0.978573117005389,0.024348730675694402,0.041015625,0.0,0.9958570075757576,0.16988636363636364,0.05842447916666667,0.054700520833333335,0.11575520833333333,0.024908854166666668,0.7406736016273499,0.023821912705898285,0.3285241723060608,0.4832608699798584,0.015057174488902092,0.5441581010818481,0.3944576382637024,0.3944576382637024,0.4830784797668457,0.49749481678009033,0.5025051832199097
6,4920,0.5054597854614258,0.3072732388973236,0.31777116656303406,0.009548794478178024,0.11045572916666667,0.16790829598903656,0.9921137152777777,0.01577256944444445,0.5934244791666669,0.0,0.16903409090909088,0.32206735321969704,0.10209635416666667,0.18779947916666667,0.124140625,0.00671875,0.6930545568466187,0.023821912705898285,0.3024926483631134,0.4356418251991272,0.015057173557579517,0.5293447971343994,0.9048140645027161,0.9048140645027161,0.044413745403289795,0.47365087270736694,0.5263491272926331
6,4930,0.3238223195075989,0.2283284068107605,0.20721125602722168,0.006466395687311888,0.14930989583333334,0.18439774215221405,0.9320252501473921,0.07724403392341805,0.0,0.0,1.0,0.15,0.03125,0.03595052083333333,0.07444010416666667,0.034856770833333335,0.6488794088363647,0.01990836299955845,0.2717967629432678,0.388022780418396,0.009545348584651947,0.4962967038154602,0.742260754108429,0.742260754108429,0.34917086362838745,0.4498085379600525,0.5501914620399475
6,4940,0.36617311835289,0.20110566914081573,0.22802314162254333,0.009843996725976467,0.16721354166666666,0.14855337142944336,0.9999999999999999,0.0,0.0,0.0,1.0,0.15,0.021510416666666667,0.05786458333333333,0.13313802083333334,0.025729166666666668,0.6013380885124207,0.01981121115386486,0.24281442165374756,0.3404037356376648,0.009545347653329372,0.4618111848831177,0.3584612011909485,0.3584612011909485,0.592619001865387,0.4259380102157593,0.5740619897842407
6,4950,0.3898720443248749,0.17661426961421967,0.17388369143009186,0.017368661239743233,0.2036328125,0.14120972156524658,0.9428778631870564,0.058464325964450864,0.0,0.01922286184210524,1.0,0.15672800164473683,0.015833333333333335,0.03203125,0.2073046875,0.034231770833333335,0.5537190437316895,0.01981121301651001,0.2154916524887085,0.2927846908569336,0.006846543401479721,0.4446868300437927,0.7398048639297485,0.7398048639297485,0.3172847628593445,0.4020385444164276,0.59796142578125
6,4960,0.3894593417644501,0.18634968996047974,0.1728975623846054,0.023563768714666367,0.24958333333333332,0.13992927968502045,0.9606798701102915,0.03412577509880066,0.0,0.09779331140350873,1.0,0.18422765899122806,0.029791666666666668,0.044661458333333334,0.23716145833333332,0.03696614583333333,0.5076183080673218,0.017913779243826866,0.18453927338123322,0.2451656460762024,0.006846543401479721,0.3970677852630615,0.6992974281311035,0.6992974281311035,0.34615451097488403,0.37833863496780396,0.621661365032196
