video,frame,brightness,contrast,center_contrast,sharpness,edge_density,saturation,visibility_score,no_vision_score,brown_deposit_score,light_deposit_score,dark_structure_score,dirt_deposit_score,brown_fraction,yellow_fraction,light_deposit_fraction,dark_structure_fraction,visibility_score_smooth,no_vision_score_smooth,dirt_deposit_score_smooth,brown_deposit_score_smooth,light_deposit_score_smooth,dark_structure_score_smooth,feature_anomaly_score,anomaly_score,pipe_similarity_score,inspection_active_score,handling_score
5,0,0.3785661458969116,0.2980897128582001,0.31944525241851807,0.04243335872888565,0.212265625,0.24801099300384521,0.9933203124999999,0.013359375,0.4636637369791667,0.0037006578947368367,1.0,0.3831270987527412,0.24197916666666666,0.006393229166666667,0.20140625,0.035703125,0.4940943121910095,0.038635917007923126,0.268012136220932,0.4190712869167328,0.008620183914899826,0.3697296380996704,0.9187907576560974,0.9187907576560974,0.14708250761032104,0.39786773920059204,0.602132260799408
5,10,0.3932526111602783,0.29362261295318604,0.32417944073677063,0.0439157672226429,0.23037760416666667,0.2507328391075134,0.9959136284722221,0.008172743055555562,0.48042805989583337,0.1279468201754386,1.0,0.4349954170093202,0.24610677083333332,0.0076302083333333335,0.24861979166666667,0.03826822916666667,0.5397166013717651,0.04262938350439072,0.2969818115234375,0.4666903018951416,0.008620183914899826,0.40413057804107666,0.8762995004653931,0.8762995004653931,0.1559852957725525,0.4216833710670471,0.5783166289329529
5,20,0.32528889179229736,0.256989061832428,0.2383304387331009,0.023592935875058174,0.20302083333333334,0.2854240834712982,0.9918836805555555,0.016232638888888894,0.4880777994791667,0.049376370614035034,1.0,0.41132062945449555,0.2369140625,0.019270833333333334,0.21876302083333332,0.0296875,0.5853347182273865,0.04663132503628731,0.32601067423820496,0.5143093466758728,0.008620183914899826,0.438926100730896,0.5022942423820496,0.5022942423820496,0.2694556713104248,0.4455012083053589,0.5544987916946411
5,30,0.1029137596487999,0.18971951305866241,0.26734459400177,0.0064735617488622665,0.07813802083333334,0.6606142520904541,0.8105649565915428,0.30032660017935886,0.3683268229166667,0.0,1.0,0.33416341145833334,0.11561197916666667,0.10225260416666666,0.0121875,0.036640625,0.6309378147125244,0.050663236528635025,0.35509446263313293,0.561928391456604,0.008620183914899826,0.47408798336982727,1.0,1.0,0.0,0.4693143963813782,0.5306856036186218
5,40,0.3683865964412689,0.22135029733181,0.21754902601242065,0.022676875814795494,0.2525911458333333,0.5494415163993835,0.9999999999999999,0.0,1.0,0.0,0.32114109848484845,0.5481711647727273,0.3919401041666667,0.781640625,0.028515625,0.010065104166666667,0.6766036748886108,0.054569486528635025,0.38556915521621704,0.60954749584198,0.008620183914899826,0.5185222625732422,0.0,0.3277337849140167,1.0,0.49311864376068115,0.5068813562393188
5,50,0.4729706346988678,0.27682584524154663,0.24978236854076385,0.046997666358947754,0.2696223958333333,0.6817846894264221,0.9999999999999999,0.0,1.0,0.0,0.22821969696969693,0.5342329545454545,0.5849088541666667,0.6542447916666667,0.005572916666666667,0.008020833333333333,0.7230018973350525,0.0570112019777298,0.4124208092689514,0.6571664810180664,0.008620183914899826,0.538803219795227,0.12059949338436127,0.35055768489837646,0.9633505940437317,0.5169208645820618,0.48307913541793823
5,60,0.6566012501716614,0.3312550187110901,0.2826278507709503,0.012827698141336441,0.1284765625,0.5590071082115173,0.9701063368055555,0.05978732638888889,1.0,0.0,0.10097064393939392,0.5151455965909091,0.3458333333333333,0.366796875,0.0057942708333333336,0.005221354166666667,0.7674844264984131,0.05748987942934036,0.4386932849884033,0.7047855257987976,0.008620183914899826,0.5552229881286621,0.5590375661849976,0.5590375661849976,0.1927366852760315,0.5407270193099976,0.45927298069000244
5,70,0.2283819615840912,0.2784182131290436,0.09156395494937897,0.006461450830101967,0.08334635416666666,0.6581491827964783,0.7348856637913138,0.1720866320429617,1.0,0.0,0.7330729166666666,0.6099609375,0.27096354166666664,0.3324739583333333,0.0012630208333333332,0.019127604166666666,0.8124600648880005,0.058009468019008636,0.46523213386535645,0.7524046301841736,0.008620183914899826,0.573418378829956,0.438270628452301,0.438270628452301,0.5296343564987183,0.5645453929901123,0.4354546070098877
5,80,0.25913205742836,0.28342416882514954,0.2664257884025574,0.01713477075099945,0.18865885416666667,0.555666446685791,0.9608832465277777,0.07823350694444446,1.0,0.0,0.8171164772727273,0.6225674715909091,0.3238932291666667,0.4227213541666667,0.0006901041666666667,0.0209765625,0.8575302958488464,0.058558620512485504,0.4914834499359131,0.8000236749649048,0.008620183914899826,0.5896972417831421,0.4359074532985687,0.4359074532985687,0.6015280485153198,0.5883666276931763,0.41163337230682373
5,90,0.25400760769844055,0.2819249629974365,0.2654252052307129,0.017080798745155334,0.187265625,0.5312554836273193,0.9592881944444444,0.08142361111111113,1.0,0.0,0.7650331439393939,0.6147549715909091,0.3029557291666667,0.4189583333333333,0.0005729166666666667,0.01983072916666667,0.9025628566741943,0.059104666113853455,0.5179884433746338,0.847642719745636,0.008620183914899826,0.607667088508606,0.36832964420318604,0.4402901828289032,0.6969873309135437,0.612186074256897,0.387813925743103
5,100,0.25457319617271423,0.2824145257472992,0.2664496898651123,0.01709873415529728,0.18822916666666667,0.5333089232444763,0.9591341145833332,0.08173177083333334,1.0,0.0,0.7987689393939393,0.6198153409090909,0.2964453125,0.41920572916666665,0.0008203125,0.020572916666666666,0.947582483291626,0.05964120477437973,0.544658362865448,0.8952617645263672,0.008620183914899826,0.6267361640930176,0.4081273674964905,0.4629596173763275,0.6357772946357727,0.6360073089599609,0.36399269104003906
5,110,0.2507568895816803,0.2822635769844055,0.26566752791404724,0.016384772956371307,0.18545572916666667,0.5531918406486511,0.9580685763888888,0.08386284722222223,1.0,0.0,0.7224195075757576,0.6083629261363637,0.2836328125,0.41192708333333333,0.0007161458333333333,0.018893229166666668,0.9452915191650391,0.05954820290207863,0.5527924299240112,0.92080157995224,0.008443961851298809,0.5962414741516113,0.32595759630203247,0.4698735773563385,0.6923644542694092,0.6598311066627502,0.34016889333724976
5,120,0.25125256180763245,0.2818969786167145,0.26769760251045227,0.016689706593751907,0.18619791666666666,0.5215732455253601,0.9579796006944443,0.0840407986111111,1.0,0.0,0.7307054924242424,0.6096058238636364,0.28447916666666667,0.415859375,0.0005598958333333334,0.019075520833333335,0.9428864121437073,0.059699077159166336,0.5585790872573853,0.945543110370636,0.0023512558545917273,0.5665640830993652,0.3317142128944397,0.4747922420501709,0.6973694562911987,0.6836479902267456,0.3163520097732544
5,130,0.24887444078922272,0.28021636605262756,0.2485431730747223,0.015436115674674511,0.1818359375,0.5672974586486816,0.9576649305555555,0.08467013888888891,1.0,0.0,0.7383996212121212,0.6107599431818181,0.27875,0.41571614583333333,0.0009505208333333334,0.019244791666666667,0.9406523704528809,0.059458501636981964,0.5649563074111938,0.9699203968048096,0.0,0.5333074331283569,0.32599806785583496,0.48021286725997925,0.7203136682510376,0.7074565291404724,0.2925434708595276
5,140,0.2526751160621643,0.2736661732196808,0.25173524022102356,0.017033690586686134,0.19360677083333333,0.6702396869659424,0.9589843749999999,0.08203125000000001,1.0,0.0,0.9331202651515151,0.6399680397727272,0.3097005208333333,0.43571614583333335,0.0024088541666666668,0.023528645833333334,0.9463610053062439,0.0454162061214447,0.5753204822540283,1.0,0.0,0.5021362900733948,0.4783216714859009,0.489022433757782,0.38498377799987793,0.731261134147644,0.26873886585235596
5,150,0.2789931297302246,0.26203420758247375,0.21443967521190643,0.017995862290263176,0.19528645833333333,0.7325341701507568,0.9743619791666666,0.051276041666666675,1.0,0.0,0.4258996212121211,0.5638849431818181,0.4552083333333333,0.47260416666666666,1.3020833333333334e-05,0.012369791666666666,0.9429516196250916,0.0454162061214447,0.5753415822982788,1.0,0.0,0.5022772550582886,0.0,0.489040344953537,1.0,0.7550647854804993,0.24493521451950073
5,160,0.369713693857193,0.2332972139120102,0.1440490037202835,0.028586946427822113,0.27102864583333336,0.7102550864219666,0.9341338107830439,0.010052083333333333,1.0,0.0,0.3448153409090909,0.5517223011363637,0.7152473958333333,0.7332161458333334,0.0,0.0105859375,0.9375035762786865,0.0454162061214447,0.576022207736969,1.0,0.0,0.5068148374557495,0.0,0.4896188974380493,1.0,0.7788749933242798,0.22112500667572021
5,170,0.3722032308578491,0.23565907776355743,0.15042099356651306,0.026554308831691742,0.2727734375,0.6601232886314392,0.9444874907151246,0.010911458333333339,1.0,0.0,0.3821022727272727,0.557315340909091,0.7059765625,0.7313541666666666,0.0,0.01140625,0.9292073845863342,0.04597502574324608,0.5773792266845703,1.0,0.0,0.5158617496490479,0.0,0.4907723665237427,1.0,0.8027033805847168,0.1972966194152832
5,180,0.3685632348060608,0.23364107310771942,0.15177886188030243,0.025267641991376877,0.27513020833333335,0.7009268999099731,0.9464750918465802,0.011532118055555561,1.0,0.0,0.34185606060606055,0.5512784090909091,0.710625,0.7281901041666666,1.3020833333333334e-05,0.010520833333333333,0.9322448968887329,0.04197119176387787,0.5747666358947754,1.0,0.0,0.4984442889690399,0.0,0.48855164647102356,1.0,0.82657790184021,0.17342209815979004
5,190,0.36806556582450867,0.23330776393413544,0.15129168331623077,0.02552802674472332,0.27557291666666667,0.6983172297477722,0.9456831878984077,0.011467013888888888,1.0,0.0,0.37736742424242425,0.5566051136363637,0.7114322916666667,0.728125,1.3020833333333334e-05,0.011302083333333334,0.9250629544258118,0.04269513860344887,0.5718115568161011,1.0,0.0,0.47874391078948975,0.0,0.4860398471355438,1.0,0.8504992723464966,0.14950072765350342
5,200,0.36815959215164185,0.23325331509113312,0.1510733813047409,0.02574983611702919,0.27434895833333334,0.6729671955108643,0.945413580114006,0.011267361111111117,1.0,0.0,0.4004498106060606,0.5600674715909091,0.7109375,0.7291666666666666,0.0,0.011809895833333334,0.9226458668708801,0.03881782293319702,0.569499135017395,1.0,0.0,0.46332746744155884,0.0,0.48407426476478577,1.0,0.8744750022888184,0.12552499771118164
5,210,0.36777642369270325,0.23421593010425568,0.15099290013313293,0.024989111348986626,0.27390625,0.7031997442245483,0.9452079367637634,0.01140625,1.0,0.0,0.3596117424242424,0.5539417613636364,0.7099088541666667,0.726875,1.3020833333333334e-05,0.010911458333333334,0.9197319746017456,0.034925833344459534,0.5661846995353699,1.0,0.0,0.44123151898384094,0.0,0.48125702142715454,1.0,0.8876401782035828,0.11235982179641724
5,220,0.36758992075920105,0.2352997213602066,0.15109166502952576,0.025260495021939278,0.2706640625,0.7335807085037231,0.9454076294409922,0.011341145833333337,1.0,0.0,0.3767755681818181,0.5565163352272727,0.7085677083333334,0.7254947916666666,0.0,0.0112890625,0.9185020923614502,0.030932363122701645,0.5632550120353699,1.0,0.0,0.42170026898384094,0.0,0.4787667691707611,1.0,0.9004298448562622,0.09957015514373779
5,230,0.36763909459114075,0.2386198788881302,0.15078477561473846,0.02783672884106636,0.2694921875,0.742159903049469,0.9449685732625488,0.011180555555555555,1.0,0.0,0.30160984848484845,0.5452414772727273,0.7034505208333334,0.7241276041666667,0.0,0.009635416666666667,0.9161325097084045,0.026930421590805054,0.5597884654998779,1.0,0.0,0.39858970046043396,0.0,0.4758202135562897,1.0,0.911564826965332,0.08843517303466797
5,240,0.37520989775657654,0.23283718526363373,0.14050710201263428,0.033367305994033813,0.2796875,0.6961178183555603,0.9304466809166803,0.005438368055555559,1.0,0.0,0.34540719696969696,0.5518110795454545,0.725546875,0.7415755208333333,0.00014322916666666667,0.010598958333333333,0.9134503602981567,0.02387112006545067,0.5563557147979736,1.0,0.0,0.3757046163082123,0.0,0.4729023575782776,1.0,0.9257280230522156,0.07427197694778442
5,250,0.38076624274253845,0.21340687572956085,0.13769285380840302,0.017684616148471832,0.25158854166666667,0.720200777053833,0.9284032910603742,0.0,1.0,0.0,0.32410037878787873,0.5486150568181818,0.7822786458333333,0.7939453125,9.114583333333334e-05,0.010130208333333333,0.9115456938743591,0.01996487006545067,0.551253080368042,1.0,0.0,0.3416869640350342,0.0,0.4685651361942291,1.0,0.9274430871009827,0.07255691289901733
5,260,0.37573567032814026,0.20438557863235474,0.11239421367645264,0.011645294725894928,0.2086328125,0.7011522650718689,0.8855902077601506,0.0,1.0,0.0,0.32350852272727265,0.5485262784090909,0.8013020833333333,0.808515625,1.3020833333333334e-05,0.0101171875,0.911220908164978,0.017523154616355896,0.5500566363334656,1.0,0.0,0.3337109684944153,0.0,0.4675481617450714,1.0,0.9293349981307983,0.07066500186920166
5,270,0.37902408838272095,0.1953374147415161,0.09602859616279602,0.0070363921113312244,0.1547265625,0.6918441653251648,0.7958872139687331,0.07152255731294067,1.0,0.0,0.2909564393939394,0.543643465909091,0.7898697916666667,0.8335416666666666,3.90625e-05,0.009401041666666667,0.9130244851112366,0.017044484615325928,0.5498833060264587,1.0,0.0,0.33255547285079956,0.0,0.46740081906318665,1.0,0.9403459429740906,0.059654057025909424
5,280,0.3543345630168915,0.191925048828125,0.10584276169538498,0.0067755477502942085,0.16259114583333334,0.6923965215682983,0.7986728066214365,0.08800604407925434,1.0,0.0,0.3673058712121211,0.5550958806818181,0.7772526041666666,0.8136067708333333,3.90625e-05,0.011080729166666666,0.9133118391036987,0.016575321555137634,0.5492068529129028,1.0,0.0,0.3280460834503174,0.0,0.46682584285736084,1.0,0.9469670057296753,0.05303299427032471
5,290,0.3486824929714203,0.19205185770988464,0.1154111847281456,0.006587032228708267,0.15940104166666666,0.6448975801467896,0.8100614067805864,0.093436446313451,1.0,0.0,0.40340909090909094,0.5605113636363637,0.7700390625,0.8104166666666667,0.0014713541666666666,0.011875,0.912832498550415,0.01607598178088665,0.5493844747543335,1.0,0.0,0.32922980189323425,0.0,0.4669768214225769,1.0,0.9524387121200562,0.04756128787994385
5,300,0.3498551547527313,0.20124685764312744,0.12594962120056152,0.009108513593673706,0.20828125,0.633884072303772,0.9085301281855657,0.0,1.0,0.0,0.44128787878787873,0.5661931818181818,0.7540494791666666,0.7997526041666667,0.002109375,0.012708333333333334,0.9128932952880859,0.015529933385550976,0.5495831370353699,1.0,0.0,0.33055442571640015,0.0,0.4671456813812256,1.0,0.9564802646636963,0.04351973533630371
5,310,0.3623088598251343,0.20827530324459076,0.11969346553087234,0.01052602007985115,0.22192708333333333,0.7012007832527161,0.8979427878214762,0.0,1.0,0.0,0.33475378787878785,0.5502130681818181,0.7849609375,0.8057682291666667,0.0009635416666666667,0.010364583333333333,0.913138747215271,0.015095078386366367,0.549426794052124,1.0,0.0,0.3295116424560547,0.0,0.46701279282569885,1.0,0.9609944820404053,0.03900551795959473
5,320,0.3902360796928406,0.2191639095544815,0.13996008038520813,0.010502376593649387,0.2055859375,0.7570026516914368,0.9322401360365061,0.0,1.0,0.0,0.31226325757575757,0.5468394886363637,0.7720052083333333,0.7973177083333334,0.0003125,0.009869791666666667,0.9117867946624756,0.014551924541592598,0.5488983392715454,1.0,0.0,0.32598868012428284,0.0,0.4665636122226715,1.0,0.9648311138153076,0.03516888618469238
5,330,0.37838003039360046,0.20853500068187714,0.12576545774936676,0.010161031037569046,0.20790364583333334,0.7085421681404114,0.9082184669604668,0.0,1.0,0.0,0.24538352272727268,0.5368075284090909,0.7852473958333334,0.8226432291666667,0.0003385416666666667,0.0083984375,0.9102013111114502,0.014011870138347149,0.5486488342285156,1.0,0.0,0.3243258595466614,0.0,0.4663515090942383,1.0,0.9686293601989746,0.03137063980102539
5,340,0.3813456594944,0.19183006882667542,0.13135704398155212,0.01656014658510685,0.23006510416666667,0.7076165676116943,0.9013412890067466,0.020424827933311476,1.0,0.0,0.2578125,0.538671875,0.81734375,0.8373046875,0.0002734375,0.008671875,0.9093590378761292,0.013479461893439293,0.5484501719474792,1.0,0.0,0.3230012059211731,0.0,0.4661826491355896,1.0,0.9721714854240417,0.027828514575958252
5,350,0.3686709702014923,0.2107909768819809,0.13212795555591583,0.012498506344854832,0.21295572916666666,0.7132392525672913,0.9189857709407806,0.0,1.0,0.0,0.21874999999999997,0.5328125,0.7916015625,0.8028255208333334,7.8125e-05,0.0078125,0.9090818166732788,0.01322049181908369,0.5482515096664429,1.0,0.0,0.3216766119003296,0.0,0.4660137891769409,1.0,0.979737401008606,0.020262598991394043
5,360,0.4094998240470886,0.23331120610237122,0.16082006692886353,0.02781553938984871,0.2584635416666667,0.7462932467460632,0.967541651725769,0.0,1.0,0.0,0.258404356060606,0.5387606534090909,0.7372265625,0.7514713541666667,2.604166666666667e-05,0.008684895833333333,0.91023188829422,0.013390175998210907,0.5480486154556274,1.0,0.0,0.32032376527786255,0.0,0.4658413231372833,1.0,0.9798258543014526,0.020174145698547363
5,370,0.4018934369087219,0.23125526309013367,0.1634596437215805,0.02510126121342182,0.2536328125,0.770616352558136,0.9720086278365209,0.0,1.0,0.0,0.3205492424242424,0.5480823863636364,0.7355338541666666,0.7511848958333334,0.0,0.010052083333333333,0.9132872819900513,0.013588175177574158,0.5476765632629395,1.0,0.0,0.31784361600875854,0.0,0.4655250906944275,1.0,0.9799461960792542,0.02005380392074585
5,380,0.3777604103088379,0.2223174273967743,0.15107616782188416,0.02537047117948532,0.24345052083333332,0.7692047953605652,0.9505224624250688,0.0010590277777777768,1.0,0.0,0.287405303030303,0.5431107954545454,0.7535546875,0.7625,0.0,0.009322916666666667,0.9195623397827148,0.010363804176449776,0.5483867526054382,1.0,0.0,0.32257845997810364,0.0,0.46612876653671265,1.0,0.9801172018051147,0.019882798194885254
5,390,0.3710910677909851,0.21677201986312866,0.1427323818206787,0.022228483110666275,0.2507682291666667,0.7565284371376038,0.9364087196089264,0.0010460069444444462,1.0,0.0,0.3667140151515151,0.5550071022727272,0.7570572916666667,0.7653255208333334,6.510416666666667e-05,0.011067708333333334,0.9256598949432373,0.006355952471494675,0.5481796264648438,1.0,0.0,0.3211974799633026,0.0,0.46595269441604614,1.0,0.9802722930908203,0.019727706909179688
5,400,0.3744785487651825,0.2180502712726593,0.14865842461585999,0.024167263880372047,0.2588802083333333,0.7362175583839417,0.9469604108883783,0.0,1.0,0.0,0.40518465909090906,0.5607776988636364,0.7559114583333333,0.7610026041666667,2.604166666666667e-05,0.0119140625,0.9328482151031494,0.0020880624651908875,0.5477441549301147,1.0,0.0,0.31829455494880676,0.0,0.46558254957199097,1.0,0.9804825782775879,0.01951742172241211
5,410,0.37280118465423584,0.2368958592414856,0.15142092108726501,0.02803376130759716,0.2483203125,0.6394729018211365,0.9505676965835765,0.0021354166666666674,1.0,0.0,0.37855113636363624,0.5567826704545454,0.7188802083333333,0.734375,2.604166666666667e-05,0.011328125,0.9327825307846069,0.0021980158053338528,0.5476257801055908,1.0,0.0,0.317505419254303,0.0,0.4654819369316101,1.0,0.9806950092315674,0.019304990768432617
5,420,0.3732852339744568,0.22692617774009705,0.13084544241428375,0.0225484911352396,0.25494791666666666,0.7373294830322266,0.916815364085711,0.0,1.0,0.0,0.2856297348484848,0.5428444602272727,0.7503125,0.767421875,1.3020833333333334e-05,0.009283854166666666,0.9330271482467651,0.002246585674583912,0.5479302406311035,1.0,0.0,0.31953465938568115,0.0,0.46574071049690247,1.0,0.9809283018112183,0.01907169818878174
5,430,0.3635644018650055,0.21144501864910126,0.12806639075279236,0.02514362707734108,0.2556510416666667,0.7191842794418335,0.9121123535816485,0.0,1.0,0.0,0.34185606060606055,0.5512784090909091,0.7713802083333333,0.7796354166666667,0.0,0.010520833333333333,0.9326621294021606,0.0023168567568063736,0.548010528087616,1.0,0.0,0.32007014751434326,0.0,0.4658089578151703,1.0,0.9811747074127197,0.018825292587280273
5,440,0.3889584541320801,0.21957191824913025,0.13703058660030365,0.021861525252461433,0.25221354166666665,0.7370126247406006,0.9272825311697447,0.0,1.0,0.0,0.2737926136363636,0.5410688920454545,0.7660807291666667,0.7826432291666666,1.3020833333333334e-05,0.0090234375,0.934403657913208,0.0024146162904798985,0.5485051870346069,1.0,0.0,0.3233675956726074,0.0,0.4662294089794159,1.0,0.981436014175415,0.01856398582458496
5,450,0.3932192325592041,0.22535672783851624,0.13545973598957062,0.023311147466301918,0.25647135416666667,0.6839424967765808,0.9246241685977349,0.0,1.0,0.0,0.3175899621212121,0.5476384943181818,0.7597005208333333,0.78359375,3.90625e-05,0.009986979166666667,0.9366393685340881,0.0014918155502527952,0.5487672686576843,1.0,0.0,0.32511499524116516,0.0,0.4664521813392639,1.0,0.9817108511924744,0.018289148807525635
5,460,0.3812723755836487,0.22663593292236328,0.15301696956157684,0.02863983064889908,0.27173177083333333,0.7190121412277222,0.9525547259995061,0.0035633680555555536,1.0,0.0,0.2956912878787878,0.5443536931818181,0.7540885416666666,0.753203125,5.208333333333334e-05,0.009505208333333333,0.9377845525741577,0.0015329447342082858,0.5495493412017822,1.0,0.0,0.33032897114753723,0.0,0.46711695194244385,1.0,0.9819913506507874,0.018008649349212646
5,470,0.3813183307647705,0.22572538256645203,0.1515376716852188,0.02695320174098015,0.267421875,0.7562695145606995,0.9497539897963532,0.004157986111111114,1.0,0.0,0.2714251893939394,0.540713778409091,0.7453125,0.757421875,1.3020833333333334e-05,0.008971354166666667,0.9364410638809204,0.0017036623321473598,0.5501707792282104,1.0,0.0,0.3344719409942627,0.0,0.46764516830444336,1.0,0.9822753667831421,0.01772463321685791
5,480,0.36565011739730835,0.21788421273231506,0.13838163018226624,0.025376519188284874,0.263125,0.703476071357727,0.9276635306716985,0.003810763888888893,1.0,0.0,0.39038825757575757,0.5585582386363637,0.7633072916666667,0.776328125,0.0,0.011588541666666667,0.9351187944412231,0.001863839221186936,0.5501369833946228,1.0,0.0,0.3342464566230774,0.0,0.4676164388656616,1.0,0.9825560450553894,0.017443954944610596
5,490,0.36286666989326477,0.21441245079040527,0.13783442974090576,0.02323518879711628,0.253828125,0.747636079788208,0.9267223081833278,0.003841145833333337,1.0,0.0,0.3383049242424242,0.5507457386363637,0.7602083333333334,0.7654166666666666,0.0,0.010442708333333333,0.9354058504104614,0.0021794396452605724,0.5502257347106934,1.0,0.0,0.334838330745697,0.0,0.46769189834594727,1.0,0.9828466176986694,0.017153382301330566
5,500,0.3645683825016022,0.2217140793800354,0.1580895334482193,0.025125417858362198,0.25731770833333334,0.7246537804603577,0.9610153669679267,0.003810763888888893,1.0,0.0,0.34244791666666663,0.5513671875,0.7511328125,0.7539192708333333,5.208333333333334e-05,0.010533854166666667,0.9366350173950195,0.0023315558210015297,0.54967200756073,1.0,0.0,0.3311462998390198,0.0,0.4672212302684784,1.0,0.9831458926200867,0.01685410737991333
5,510,0.35331541299819946,0.21584072709083557,0.12581607699394226,0.026230275630950928,0.27251302083333334,0.6452617645263672,0.9071496164085519,0.002309027777777778,1.0,0.0,0.4247159090909091,0.5637073863636364,0.7509244791666667,0.7691796875,5.208333333333334e-05,0.01234375,0.9366090297698975,0.0025014467537403107,0.5491266250610352,1.0,0.0,0.3275105953216553,0.0,0.4667576551437378,1.0,0.9834485650062561,0.016551434993743896
5,520,0.36965158581733704,0.2193891406059265,0.1230306550860405,0.03244606778025627,0.28067708333333335,0.6672775745391846,0.9030803567374872,0.0010199652777777755,1.0,0.0,0.37736742424242425,0.5566051136363637,0.7562630208333333,0.7686328125,7.8125e-05,0.011302083333333334,0.9364548921585083,0.0026116070803254843,0.5487165451049805,1.0,0.0,0.324776828289032,0.0,0.4664090871810913,1.0,0.983753502368927,0.016246497631072998
5,530,0.3793261647224426,0.22139738500118256,0.13586746156215668,0.030466735363006592,0.27546875,0.7443752884864807,0.9245763184983506,0.001475694444444444,1.0,0.0,0.32350852272727265,0.5485262784090909,0.7537630208333334,0.7684244791666667,5.208333333333334e-05,0.0101171875,0.937782883644104,0.0027959656435996294,0.5488898754119873,1.0,0.0,0.3259323239326477,0.0,0.4665564000606537,1.0,0.9840713739395142,0.01592862606048584
5,540,0.37920084595680237,0.21956124901771545,0.14798258244991302,0.0299542173743248,0.2683984375,0.7473989725112915,0.9447902022977162,0.0020529513888888906,1.0,0.0,0.31463068181818177,0.5471946022727273,0.7589973958333334,0.7728515625,0.0,0.009921875,0.9396250247955322,0.0030557624995708466,0.5486488938331604,1.0,0.0,0.3243258595466614,0.0,0.46635156869888306,1.0,0.9844039082527161,0.015596091747283936
5,550,0.37757277488708496,0.23873630166053772,0.1497536152601242,0.028793474659323692,0.263203125,0.6796404719352722,0.9482908069679878,0.0010460069444444462,1.0,0.0,0.29450757575757575,0.5441761363636364,0.7213671875,0.7526041666666666,3.90625e-05,0.009479166666666667,0.9402722120285034,0.003239294048398733,0.54917311668396,1.0,0.0,0.32782062888145447,0.0,0.4667971730232239,1.0,0.9847413301467896,0.01525866985321045
5,560,0.3806154429912567,0.22178299725055695,0.1465935856103897,0.02576446905732155,0.2794270833333333,0.7015238404273987,0.9430342103171553,0.0008637152777777788,1.0,0.0,0.32824337121212116,0.5492365056818181,0.751484375,0.77421875,1.3020833333333334e-05,0.010221354166666667,0.9406630992889404,0.0034445272758603096,0.5495451092720032,1.0,0.0,0.33030077815055847,0.0,0.46711334586143494,1.0,0.98508220911026,0.01491779088973999
5,570,0.3703073561191559,0.22500401735305786,0.14520849287509918,0.03412794694304466,0.26915364583333334,0.7051153182983398,0.9393295301433302,0.0035850694444444497,1.0,0.0,0.34540719696969696,0.5518110795454545,0.7451302083333333,0.7623697916666666,0.0,0.010598958333333333,0.9404727220535278,0.0034852430690079927,0.5497522354125977,1.0,0.0,0.3316817879676819,0.0,0.46728941798210144,1.0,0.985419750213623,0.014580249786376953
5,580,0.3719954788684845,0.22087621688842773,0.1480441689491272,0.028183571994304657,0.25897135416666667,0.6909605860710144,0.9442390436596341,0.0033637152777777814,1.0,0.0,0.3158143939393939,0.5473721590909091,0.75046875,0.7710546875,1.3020833333333334e-05,0.009947916666666667,0.9402462840080261,0.0034780092537403107,0.5503103137016296,1.0,0.0,0.3354020118713379,0.0,0.4677637815475464,1.0,0.985740065574646,0.014259934425354004
5,590,0.3764968514442444,0.22792276740074158,0.15659749507904053,0.022426104173064232,0.26510416666666664,0.7165234088897705,0.9565524449307695,0.007686631944444449,1.0,0.0,0.2998342803030303,0.5449751420454545,0.743125,0.7575911458333333,0.0,0.009596354166666666,0.9422780871391296,0.003455687779933214,0.550031304359436,1.0,0.0,0.3335418701171875,0.0,0.4675266146659851,1.0,0.9860158562660217,0.013984143733978271
5,600,0.38421252369880676,0.22864243388175964,0.15892799198627472,0.029893366619944572,0.2797395833333333,0.6718834638595581,0.9622194530515589,0.004240451388888891,1.0,0.0,0.28918087121212116,0.5433771306818181,0.7408463541666667,0.76625,2.604166666666667e-05,0.009361979166666666,0.9438256025314331,0.003400710877031088,0.5499551892280579,1.0,0.0,0.33303457498550415,0.0,0.4674619138240814,1.0,0.9862378835678101,0.013762116432189941
5,610,0.38010385632514954,0.22651726007461548,0.14938952028751373,0.028202030807733536,0.29053385416666666,0.7070468068122864,0.9464137955506643,0.003567708333333336,1.0,0.0,0.32883522727272724,0.5493252840909091,0.7484244791666667,0.769140625,2.604166666666667e-05,0.010234375,0.9433370232582092,0.003436259925365448,0.5497395992279053,1.0,0.0,0.3315972089767456,0.0,0.4672786593437195,1.0,0.9864025115966797,0.013597488403320312
5,620,0.3787018060684204,0.22776919603347778,0.1501925140619278,0.026944704353809357,0.28290364583333333,0.6654081344604492,0.9473321698975359,0.004448784722222229,1.0,0.0,0.32114109848484845,0.5481711647727273,0.7434375,0.7691536458333333,0.0,0.010065104166666667,0.9454655647277832,0.0035943700931966305,0.5491266250610352,1.0,0.0,0.3275105953216553,0.0,0.4667576551437378,1.0,0.9865685701370239,0.013431429862976074
5,630,0.37782925367355347,0.23028887808322906,0.1484682559967041,0.027631819248199463,0.2792578125,0.712367832660675,0.9447028231824565,0.0038715277777777823,1.0,0.0,0.30989583333333326,0.546484375,0.7328125,0.7653255208333334,5.208333333333334e-05,0.009817708333333333,0.9480823278427124,0.003881861688569188,0.5488179922103882,1.0,0.0,0.3254531919956207,0.0,0.4664953052997589,1.0,0.9867339730262756,0.013266026973724365
5,640,0.3721885085105896,0.22713157534599304,0.15253832936286926,0.028510665521025658,0.27625,0.7299376130104065,0.9507985389538299,0.005455729166666673,1.0,0.0,0.30812026515151514,0.5462180397727273,0.7288020833333333,0.7579036458333334,1.3020833333333334e-05,0.009778645833333334,0.949851930141449,0.004070973955094814,0.5489659309387207,1.0,0.0,0.32643961906433105,0.0,0.4666210412979126,1.0,0.9869009256362915,0.013099074363708496
5,650,0.37772777676582336,0.22759562730789185,0.14619964361190796,0.026911946013569832,0.2709375,0.6602920889854431,0.9408723135483572,0.0038541666666666685,1.0,0.0,0.3471827651515151,0.5520774147727272,0.7317447916666666,0.7663671875,1.3020833333333334e-05,0.010638020833333333,0.9506725072860718,0.0042377645149827,0.5491561889648438,1.0,0.0,0.3277078866958618,0.0,0.4667827785015106,1.0,0.9870579838752747,0.012942016124725342
5,660,0.37557491660118103,0.22659464180469513,0.14158351719379425,0.027177827432751656,0.28303385416666665,0.6309708952903748,0.9328325427189852,0.004309895833333337,1.0,0.0,0.3696732954545454,0.5554509943181818,0.7360286458333334,0.7657942708333333,1.3020833333333334e-05,0.0111328125,0.9513238668441772,0.004430183209478855,0.549841046333313,1.0,0.0,0.3322736322879791,0.0,0.4673649072647095,1.0,0.9871997833251953,0.012800216674804688
5,670,0.3727600574493408,0.22570139169692993,0.15090739727020264,0.029653294011950493,0.271953125,0.6908971071243286,0.9485571632222232,0.004418402777777784,1.0,0.0,0.3246922348484848,0.5487038352272727,0.7328515625,0.765703125,3.90625e-05,0.010143229166666667,0.9526390433311462,0.004638517275452614,0.550086259841919,1.0,0.0,0.3339082896709442,0.0,0.467573344707489,1.0,0.9873324632644653,0.012667536735534668
5,680,0.37212935090065,0.22655168175697327,0.14868386089801788,0.029460258781909943,0.27372395833333335,0.6571502685546875,0.9450004187098935,0.004006076388888891,1.0,0.0,0.3495501893939394,0.552432528409091,0.7315234375,0.7654166666666666,1.3020833333333334e-05,0.010690104166666667,0.9541282653808594,0.004711888264864683,0.5501580834388733,1.0,0.0,0.3343874216079712,0.0,0.467634379863739,1.0,0.9874773025512695,0.012522697448730469
5,690,0.3812040090560913,0.22701124846935272,0.16345596313476562,0.023776711896061897,0.2762630208333333,0.6671789288520813,0.9703313922066974,0.003342013888888894,1.0,0.0,0.3513257575757575,0.5526988636363637,0.7490755208333333,0.7706380208333333,0.0,0.010729166666666666,0.9562521576881409,0.0047794729471206665,0.5504540205001831,1.0,0.0,0.33636027574539185,0.0,0.46788594126701355,1.0,0.9876260757446289,0.012373924255371094
5,700,0.3733777105808258,0.21787098050117493,0.15669631958007812,0.024571262300014496,0.2628255208333333,0.7181383371353149,0.9592196863940639,0.0026866319444444437,1.0,0.0,0.3276515151515151,0.5491477272727272,0.7545963541666667,0.7762760416666666,2.604166666666667e-05,0.010208333333333333,0.9573603272438049,0.004697213880717754,0.5508133769035339,1.0,0.0,0.33875587582588196,0.0,0.46819138526916504,1.0,0.987770676612854,0.012229323387145996
5,710,0.3732667565345764,0.22071707248687744,0.1522468775510788,0.02780912071466446,0.26819010416666667,0.7212550640106201,0.9507545315607999,0.004557291666666667,1.0,0.0,0.31226325757575757,0.5468394886363637,0.7458203125,0.7673307291666667,5.208333333333334e-05,0.009869791666666667,0.9582523107528687,0.0048340363427996635,0.5512022972106934,1.0,0.0,0.3413487672805786,0.0,0.46852195262908936,1.0,0.9878920316696167,0.0121079683303833
5,720,0.37468206882476807,0.2247779220342636,0.15321046113967896,0.03406547009944916,0.2775651041666667,0.7248913645744324,0.9518491871744139,0.0056293402777777835,1.0,0.0,0.3388967803030303,0.5508345170454545,0.7279036458333333,0.7652734375,0.00014322916666666667,0.010455729166666667,0.9590846300125122,0.004937789402902126,0.5509909391403198,1.0,0.0,0.33993959426879883,0.0,0.46834230422973633,1.0,0.9880070090293884,0.011992990970611572
5,730,0.3740922808647156,0.22645282745361328,0.15728609263896942,0.03487381711602211,0.28044270833333335,0.6917051076889038,0.9580324340172302,0.00705729166666667,1.0,0.0,0.33416193181818177,0.5501242897727273,0.7287109375,0.7609895833333333,6.510416666666667e-05,0.0103515625,0.9600746631622314,0.004977472126483917,0.551358699798584,1.0,0.0,0.3423915505409241,0.0,0.46865490078926086,1.0,0.9881296157836914,0.011870384216308594
5,740,0.37759220600128174,0.22658739984035492,0.1589997112751007,0.03585393354296684,0.2776953125,0.6450443267822266,0.9617375255446148,0.005447048611111116,1.0,0.0,0.3442234848484848,0.5516335227272727,0.7246223958333333,0.7632552083333334,0.00018229166666666667,0.010572916666666666,0.9611630439758301,0.00504112895578146,0.551798403263092,1.0,0.0,0.3453226685523987,0.0,0.46902865171432495,1.0,0.9882487654685974,0.011751234531402588
5,750,0.38033631443977356,0.22837568819522858,0.1592002958059311,0.03512382507324219,0.2765885416666667,0.6919518113136292,0.9620227228168748,0.005555555555555555,1.0,0.0,0.3412642045454545,0.5511896306818181,0.7265364583333334,0.7620703125,5.208333333333334e-05,0.0105078125,0.9613181948661804,0.005026455037295818,0.5519759654998779,1.0,0.0,0.34650635719299316,0.0,0.46917957067489624,1.0,0.9883407354354858,0.01165926456451416
5,760,0.3801220655441284,0.2269739955663681,0.15903015434741974,0.0349741093814373,0.2826692708333333,0.6870321035385132,0.9619691661178557,0.005086805555555556,1.0,0.0,0.39038825757575757,0.5585582386363637,0.7382682291666667,0.7648958333333333,0.000234375,0.011588541666666667,0.9617128372192383,0.0050458828918635845,0.5521450042724609,1.0,0.0,0.3476337194442749,0.0,0.4693232774734497,1.0,0.9883987903594971,0.01160120964050293
5,770,0.3788439929485321,0.22760993242263794,0.16420666873455048,0.033109188079833984,0.2785416666666667,0.651725172996521,0.9706534663734273,0.005238715277777778,1.0,0.0,0.36257102272727265,0.5543856534090909,0.7321354166666667,0.7634765625,9.114583333333334e-05,0.0109765625,0.962248682975769,0.005051463842391968,0.5519251823425293,1.0,0.0,0.3461681604385376,0.0,0.46913641691207886,1.0,0.9883947968482971,0.01160520315170288
5,780,0.3786126971244812,0.2272239476442337,0.16414432227611542,0.03400978818535805,0.2813802083333333,0.6949296593666077,0.9706043805933405,0.005125868055555557,1.0,0.0,0.35546874999999994,0.5533203125,0.7388411458333334,0.7640234375,0.00018229166666666667,0.0108203125,0.9624255895614624,0.005108300596475601,0.5520942807197571,1.0,0.0,0.34729552268981934,0.0,0.4692801535129547,1.0,0.9883281588554382,0.011671841144561768
5,790,0.37336602807044983,0.22488276660442352,0.17481867969036102,0.02718222700059414,0.2717578125,0.6227301955223083,0.9888401187281323,0.004782986111111109,1.0,0.0,0.35724431818181807,0.5535866477272727,0.7472916666666667,0.7643359375,0.000703125,0.010859375,0.9627182483673096,0.0051531498320400715,0.5520858764648438,1.0,0.0,0.3472391366958618,0.0,0.46927300095558167,1.0,0.9881947040557861,0.011805295944213867
5,800,0.3781258165836334,0.22717563807964325,0.169838085770607,0.030628807842731476,0.28260416666666666,0.6857409477233887,0.9798233136865828,0.005959201388888891,1.0,0.0,0.35014204545454547,0.5525213068181818,0.7443098958333333,0.768515625,0.0,0.010703125,0.961611270904541,0.005227968096733093,0.551853358745575,1.0,0.0,0.345689058303833,0.0,0.46907538175582886,1.0,0.9880064725875854,0.01199352741241455
5,810,0.37895438075065613,0.2288663685321808,0.1708459109067917,0.0307368952780962,0.27813802083333333,0.6965625286102295,0.9809516069726048,0.007113715277777786,1.0,0.0,0.34363162878787873,0.5515447443181818,0.7376822916666667,0.7643229166666666,1.3020833333333334e-05,0.010559895833333333,0.961144208908081,0.005292658694088459,0.5524410009384155,1.0,0.0,0.34960657358169556,0.0,0.46957486867904663,1.0,0.9877771139144897,0.012222886085510254
5,820,0.3784579932689667,0.22490504384040833,0.16036085784435272,0.027337880805134773,0.2533723958333333,0.7036536931991577,0.963891264770785,0.005746527777777779,1.0,0.0,0.2992424242424242,0.5448863636363637,0.729609375,0.7686848958333333,0.0,0.009583333333333333,0.96128249168396,0.005402198992669582,0.5529271364212036,1.0,0.0,0.352847695350647,0.0,0.469988077878952,1.0,0.9875007271766663,0.01249927282333374
5,830,0.3779532313346863,0.22891023755073547,0.1627243608236313,0.022939197719097137,0.258125,0.6296623349189758,0.9681232439045213,0.005282118055555554,1.0,0.0,0.3726325757575757,0.5558948863636364,0.7309375,0.7705338541666666,5.208333333333334e-05,0.011197916666666667,0.9614720344543457,0.005529720801860094,0.5530201196670532,1.0,0.0,0.353467732667923,0.0,0.4700671136379242,1.0,0.9871313571929932,0.012868642807006836
5,840,0.3771984875202179,0.22739796340465546,0.16236893832683563,0.025329172611236572,0.2668229166666667,0.6018889546394348,0.9675586520402859,0.005208333333333334,1.0,0.0,0.37144886363636354,0.5557173295454545,0.7310286458333334,0.7701692708333333,5.208333333333334e-05,0.011171875,0.9613522887229919,0.005580150987952948,0.5528129935264587,1.0,0.0,0.35208672285079956,0.0,0.4698910713195801,1.0,0.9866504073143005,0.013349592685699463
5,850,0.3735962212085724,0.22251053154468536,0.1543731689453125,0.021455412730574608,0.267265625,0.6909667253494263,0.9540577319544605,0.005147569444444444,1.0,0.0,0.3329782196969697,0.5499467329545454,0.735390625,0.7771354166666666,0.0,0.010325520833333334,0.9614586234092712,0.005660755559802055,0.5527961254119873,1.0,0.0,0.3519740104675293,0.0,0.4698767066001892,1.0,0.9860740900039673,0.013925909996032715
5,860,0.37405475974082947,0.2222384214401245,0.15121664106845856,0.027165018022060394,0.27411458333333333,0.6633201837539673,0.9491586238808102,0.004262152777777778,1.0,0.0,0.3708570075757575,0.5556285511363637,0.7345572916666666,0.7787109375,3.90625e-05,0.011158854166666666,0.9615574479103088,0.0056702629663050175,0.552829921245575,1.0,0.0,0.3521994650363922,0.0,0.46990543603897095,1.0,0.9774601459503174,0.022539854049682617
5,870,0.3743559718132019,0.22303497791290283,0.14826729893684387,0.024647235870361328,0.2740625,0.641330361366272,0.9440849642264536,0.0044270833333333315,1.0,0.0,0.3388967803030303,0.5508345170454545,0.740546875,0.7785677083333333,1.3020833333333334e-05,0.010455729166666667,0.9612026214599609,0.005684317089617252,0.5525128841400146,1.0,0.0,0.35008570551872253,0.0,0.4696359634399414,1.0,0.968742311000824,0.031257688999176025
5,880,0.3724069595336914,0.224617138504982,0.15345577895641327,0.026544803753495216,0.27654947916666667,0.6713261008262634,0.952273020958289,0.00561197916666667,1.0,0.0,0.34836647727272724,0.5522549715909091,0.7310546875,0.7697005208333333,1.3020833333333334e-05,0.0106640625,0.961826741695404,0.0057616159319877625,0.5521323680877686,1.0,0.0,0.347549170255661,0.0,0.46931251883506775,1.0,0.9604133367538452,0.039586663246154785
5,890,0.3740895986557007,0.2232416719198227,0.15259340405464172,0.025140447542071342,0.2742838541666667,0.6899393200874329,0.9511456485283681,0.004947916666666673,1.0,0.0,0.34836647727272724,0.5522549715909091,0.7337760416666667,0.7749479166666666,0.00029947916666666664,0.0106640625,0.9611071348190308,0.0058608222752809525,0.5519506335258484,1.0,0.0,0.3463372588157654,0.0,0.4691580533981323,1.0,0.9524456262588501,0.0475543737411499
5,900,0.3733651041984558,0.2203630805015564,0.15018382668495178,0.0231681726872921,0.2707161458333333,0.6325893402099609,0.9470852633215423,0.004913194444444446,1.0,0.0,0.31877367424242425,0.5478160511363637,0.7440234375,0.7785416666666667,0.0,0.010013020833333334,0.9606651067733765,0.006034432910382748,0.5518364906311035,1.0,0.0,0.34557634592056274,0.0,0.469061017036438,1.0,0.9451414346694946,0.05485856533050537
5,910,0.3748495578765869,0.21955439448356628,0.15130209922790527,0.022754188627004623,0.27489583333333334,0.6368552446365356,0.9494117523258568,0.004045138888888892,1.0,0.0,0.4099195075757575,0.5614879261363637,0.747890625,0.7772005208333334,0.0,0.012018229166666667,0.9580809473991394,0.006173941772431135,0.5519548058509827,1.0,0.0,0.34636545181274414,0.0,0.46916159987449646,1.0,0.9394490718841553,0.06055092811584473
5,920,0.3738503158092499,0.2193775177001953,0.15464280545711517,0.02021796628832817,0.2591276041666667,0.6686112880706787,0.9536590051752889,0.006857638888888889,1.0,0.0,0.3803267045454546,0.5570490056818181,0.745078125,0.7763932291666666,0.0,0.0113671875,0.9568770527839661,0.006059441715478897,0.551980197429657,1.0,0.0,0.3465345501899719,0.0,0.46918317675590515,1.0,0.9329420924186707,0.06705790758132935
5,930,0.3639311194419861,0.22841012477874756,0.15635322034358978,0.01882288046181202,0.241953125,0.5965684652328491,0.9558287270558187,0.008307291666666671,1.0,0.0,0.3519176136363636,0.5527876420454545,0.714765625,0.7677213541666666,1.3020833333333334e-05,0.0107421875,0.9580263495445251,0.006263227667659521,0.5532188415527344,1.0,0.0,0.35479235649108887,0.0,0.47023603320121765,1.0,0.9242280721664429,0.07577192783355713
5,940,0.3627350926399231,0.22599132359027863,0.15611283481121063,0.018658218905329704,0.24916666666666668,0.6741988062858582,0.9555174068813649,0.008116319444444447,1.0,0.0,0.30516098484848486,0.5457741477272727,0.7169921875,0.7727864583333334,0.0,0.009713541666666667,0.9590295553207397,0.0070411707274615765,0.5548802614212036,1.0,0.0,0.3658685088157654,0.0,0.471648246049881,1.0,0.9145638346672058,0.08543616533279419
5,950,0.36334624886512756,0.22858792543411255,0.1608193814754486,0.018502162769436836,0.24731770833333333,0.6610520482063293,0.9639706132554601,0.007139756944444447,1.0,0.0,0.34185606060606055,0.5512784090909091,0.714140625,0.76765625,0.0,0.010520833333333333,0.9573701620101929,0.00972800888121128,0.5593699216842651,1.0,0.0,0.39579951763153076,0.0,0.47546443343162537,1.0,0.9040662050247192,0.09593379497528076
5,960,0.37611228227615356,0.21839015185832977,0.16048581898212433,0.015980064868927002,0.2520442708333333,0.6891096234321594,0.9640983971876975,0.005755208333333336,1.0,0.0,0.34599905303030304,0.5518998579545454,0.7563802083333333,0.7803385416666667,7.8125e-05,0.010611979166666667,0.9540591835975647,0.013906039297580719,0.5641343593597412,1.0,0.0,0.4275624752044678,0.0,0.4795142114162445,1.0,0.8914536237716675,0.10854637622833252
5,970,0.367396742105484,0.21686117351055145,0.15471355617046356,0.017184171825647354,0.24506510416666666,0.6085559129714966,0.9545165843739467,0.005381944444444444,1.0,0.0,0.34599905303030304,0.5518998579545454,0.74875,0.7717057291666667,1.3020833333333334e-05,0.010611979166666667,0.946698784828186,0.020147468894720078,0.5686282515525818,1.0,0.0,0.4575216770172119,0.0,0.4833340346813202,1.0,0.8791425824165344,0.12085741758346558
5,980,0.34394875168800354,0.20457293093204498,0.17243169248104095,0.01303138118237257,0.22634114583333334,0.6239944696426392,0.9837611053845822,0.006861979166666671,1.0,0.0,0.3093039772727272,0.5463955965909091,0.74859375,0.7840104166666667,7.8125e-05,0.0098046875,0.9394199252128601,0.028176303952932358,0.5733503699302673,1.0,0.0,0.4890027642250061,0.0,0.4873478412628174,1.0,0.8664802312850952,0.13351976871490479
5,990,0.3653065860271454,0.22530198097229004,0.1558304727077484,0.014652373269200325,0.2299609375,0.6969762444496155,0.9554931223494374,0.007209201388888892,1.0,0.0,0.33001893939393934,0.5495028409090909,0.7306510416666666,0.7692447916666667,0.0,0.010260416666666666,0.9313803315162659,0.036021552979946136,0.5780049562454224,1.0,0.0,0.5200329422950745,0.0,0.4913042187690735,1.0,0.854289174079895,0.14571082592010498
5,1000,0.3741196095943451,0.22505424916744232,0.17041034996509552,0.014300634153187275,0.21962239583333334,0.6689724922180176,0.9795569517571703,0.008428819444444449,1.0,0.0,0.3412642045454545,0.5511896306818181,0.7455338541666666,0.7705729166666667,0.0,0.0105078125,0.9265733957290649,0.04137032479047775,0.5826594829559326,1.0,0.0,0.5510631203651428,0.0,0.4952605664730072,1.0,0.8427165150642395,0.1572834849357605
5,1010,0.37634772062301636,0.23393988609313965,0.13863679766654968,0.01954437978565693,0.23098958333333333,0.6790447235107422,0.9255562900681782,0.00888888888888889,1.0,0.0,0.3667140151515151,0.5550071022727272,0.7183333333333334,0.7490494791666666,1.3020833333333334e-05,0.011067708333333334,0.9231407046318054,0.045745112001895905,0.5875253677368164,1.0,0.0,0.5835024118423462,0.0,0.49939656257629395,1.0,0.8312231302261353,0.16877686977386475
5,1020,0.38115447759628296,0.21393819153308868,0.155196413397789,0.02099176123738289,0.253046875,0.6754645109176636,0.955670098901814,0.0047092013888888895,1.0,0.0,0.3471827651515151,0.5520774147727272,0.7585286458333333,0.7810286458333333,0.0,0.010638020833333333,0.9174867868423462,0.05213103070855141,0.5917402505874634,1.0,0.0,0.6116015315055847,0.0,0.5029792189598083,1.0,0.8180309534072876,0.1819690465927124
5,1030,0.3757767677307129,0.22138017416000366,0.17588627338409424,0.023252364248037338,0.24790364583333332,0.7179746627807617,0.9880252879705185,0.010026041666666673,1.0,0.0,0.47265624999999994,0.5708984375,0.7231901041666666,0.75546875,0.0,0.0133984375,0.9075833559036255,0.06031644344329834,0.5961664915084839,1.0,0.0,0.6411097645759583,0.0,0.5067415237426758,1.0,0.8060606718063354,0.19393932819366455
5,1040,0.36101409792900085,0.23335152864456177,0.21089813113212585,0.02233770489692688,0.23787760416666667,0.6404810547828674,0.9891905381944444,0.02161892361111111,1.0,0.0,0.6052320075757576,0.5907848011363637,0.6690755208333333,0.7153515625,0.0004557291666666667,0.016315104166666667,0.8956497311592102,0.07001861929893494,0.6007956266403198,1.0,0.0,0.6719708442687988,0.0,0.5106763243675232,1.0,0.7944508790969849,0.20554912090301514
5,1050,0.2845664322376251,0.2547614574432373,0.15844841301441193,0.024291107431054115,0.2009375,0.6263763904571533,0.9327121113406287,0.061631944444444454,1.0,0.0,1.0,0.65,0.38864583333333336,0.5369661458333334,0.00015625,0.026627604166666666,0.8850361108779907,0.07830266654491425,0.605758786201477,1.0,0.0,0.7050584554672241,0.0,0.514894962310791,1.0,0.7839525938034058,0.21604740619659424
5,1060,0.24265213310718536,0.16792017221450806,0.15342643857002258,0.01128116250038147,0.2237109375,0.4160233438014984,0.8845263860368321,0.09288620140817433,1.0,0.0,1.0,0.65,0.002916666666666667,0.5296223958333334,0.027395833333333335,0.04510416666666667,0.8738597631454468,0.08692387491464615,0.6104598045349121,1.0,0.0,0.7363985776901245,0.6505105495452881,0.6505105495452881,0.3620256185531616,0.7700929641723633,0.22990703582763672
5,1070,0.23079238831996918,0.15212558209896088,0.12251169979572296,0.008607244119048119,0.20763020833333334,0.4953499734401703,0.7945899811409427,0.1353321844157649,1.0,0.0,1.0,0.65,0.005234375,0.5329817708333333,0.012135416666666666,0.047903645833333335,0.8633220195770264,0.09508142620325089,0.6151312589645386,1.0,0.0,0.7675415277481079,0.7866970300674438,0.7866970300674438,0.3782351016998291,0.7598291635513306,0.24017083644866943
5,1080,0.2268051654100418,0.14630118012428284,0.14026616513729095,0.0077278343960642815,0.1921484375,0.4944954514503479,0.7912292135648052,0.1730325863946502,1.0,0.0,1.0,0.65,0.004596354166666667,0.5470833333333334,0.018919270833333335,0.04829427083333333,0.8524256944656372,0.10380031168460846,0.6198026537895203,1.0,0.0,0.7986844778060913,0.8568788170814514,0.8568788170814514,0.4244043231010437,0.7458666563034058,0.25413334369659424
5,1090,0.24309544265270233,0.14892102777957916,0.1345858871936798,0.0076005952432751656,0.20420572916666666,0.44178223609924316,0.7834423974494661,0.17036220971949215,1.0,0.0,1.0,0.65,0.004466145833333333,0.5900390625,0.016145833333333335,0.04770833333333333,0.8395411968231201,0.11319664865732193,0.6247361898422241,1.0,0.0,0.8315746784210205,0.7449268698692322,0.7449268698692322,0.46017134189605713,0.7374187111854553,0.2625812888145447
5,1100,0.2714047133922577,0.15309114754199982,0.14691877365112305,0.009580729529261589,0.23240885416666668,0.43629059195518494,0.8501986812628232,0.11727213114500046,1.0,0.0,1.0,0.65,0.004635416666666667,0.6379947916666666,0.0196484375,0.04436197916666667,0.8301938772201538,0.12036793678998947,0.6295217871665955,1.0,0.0,0.8634785413742065,0.5535348653793335,0.5535348653793335,0.5171033143997192,0.7236067652702332,0.27639323472976685
5,1110,0.28902366757392883,0.16128650307655334,0.15188860893249512,0.010124430991709232,0.22751302083333333,0.45550596714019775,0.8749998828080984,0.09678374230861667,1.0,0.0,1.0,0.65,0.004609375,0.6652213541666666,0.019283854166666666,0.03928385416666667,0.8183610439300537,0.12773971259593964,0.6342270374298096,1.0,0.0,0.8948469161987305,0.38819676637649536,0.539093017578125,0.6481274366378784,0.7097141742706299,0.2902858257293701
5,1120,0.28510066866874695,0.1447402387857437,0.14525379240512848,0.01099204272031784,0.23591145833333332,0.45875489711761475,0.8306792031801663,0.13814940303564072,1.0,0.0,1.0,0.65,0.004427083333333333,0.6670182291666666,0.02080729166666667,0.03731770833333333,0.8060777187347412,0.1391942948102951,0.6387504935264587,1.0,0.0,0.9250034093856812,0.5465179085731506,0.5465179085731506,0.6085668206214905,0.6961932182312012,0.30380678176879883
5,1130,0.26993316411972046,0.12849949300289154,0.11422467976808548,0.009184608235955238,0.2185546875,0.469735324382782,0.7456869056133123,0.17875126749277115,1.0,0.0,1.0,0.65,0.0047786458333333335,0.667578125,0.0114453125,0.03490885416666667,0.7914415597915649,0.15053534507751465,0.6434135437011719,1.0,0.0,0.956089973449707,0.7646674513816833,0.7646674513816833,0.45561355352401733,0.6901254057884216,0.30987459421157837
5,1140,0.26463067531585693,0.1154070496559143,0.10608327388763428,0.008981279097497463,0.21484375,0.46641722321510315,0.7052219870057496,0.21205313508285253,1.0,0.0,1.0,0.65,0.004322916666666667,0.6764192708333333,0.0077734375,0.0375,0.7767059803009033,0.16076603531837463,0.6471802592277527,1.0,0.0,0.9812015295028687,0.9021308422088623,0.9021308422088623,0.4021417498588562,0.6876266002655029,0.31237339973449707
5,1150,0.25754815340042114,0.1271674931049347,0.10808449983596802,0.009859246201813221,0.22091145833333334,0.4692423641681671,0.7326318320861229,0.18208126723766327,1.0,0.0,1.0,0.65,0.005416666666666667,0.6436458333333334,0.008216145833333334,0.038984375,0.7613413333892822,0.16957531869411469,0.6500000357627869,1.0,0.0,1.0,0.8443354964256287,0.8443354964256287,0.3307197093963623,0.6870013475418091,0.3129986524581909
5,1160,0.24135035276412964,0.12472598254680634,0.10898201912641525,0.010299799032509327,0.22444010416666665,0.4629649221897125,0.7292676897690845,0.1881850436329842,1.0,0.0,1.0,0.65,0.005625,0.5989322916666666,0.011888020833333334,0.045494791666666666,0.7497653365135193,0.1771005392074585,0.6500000357627869,1.0,0.0,1.0,0.9543027877807617,0.9543027877807617,0.16737669706344604,0.6865020394325256,0.31349796056747437
5,1170,0.2336021363735199,0.12917447090148926,0.1117243766784668,0.009380614385008812,0.21713541666666666,0.4821056127548218,0.7428055792588454,0.17706382274627686,1.0,0.0,1.0,0.65,0.005703125,0.5938541666666667,0.009505208333333333,0.046848958333333336,0.7445724606513977,0.18030452728271484,0.6500000357627869,1.0,0.0,1.0,0.9605494737625122,0.9605494737625122,0.19058483839035034,0.6847749352455139,0.3152250647544861
5,1180,0.2362653613090515,0.12728111445903778,0.107324980199337,0.008780857548117638,0.23048177083333332,0.46121683716773987,0.7256943022349315,0.18847838616589221,1.0,0.0,1.0,0.65,0.004713541666666667,0.6097265625,0.009622395833333333,0.04837239583333333,0.7440761923789978,0.181980162858963,0.6500000357627869,1.0,0.0,1.0,0.9614092707633972,0.9614092707633972,0.16473603248596191,0.6845512986183167,0.31544870138168335
5,1190,0.21637484431266785,0.129867821931839,0.10840687900781631,0.00805356539785862,0.21485677083333332,0.4789330065250397,0.7131859066299605,0.20418515865032263,1.0,0.0,1.0,0.65,0.006744791666666666,0.5533463541666667,0.0085546875,0.056640625,0.7444607615470886,0.1802600920200348,0.6500000357627869,1.0,0.0,1.0,1.0,1.0,0.2000507116317749,0.684457004070282,0.315542995929718
5,1200,0.20807625353336334,0.13930834829807281,0.11226914077997208,0.008848360739648342,0.20776041666666667,0.4830889403820038,0.7591998756040266,0.1578062704918265,1.0,0.0,1.0,0.65,0.0066015625,0.504453125,0.0066536458333333335,0.060208333333333336,0.7442044019699097,0.18050366640090942,0.6500000357627869,1.0,0.0,1.0,1.0,1.0,0.24057942628860474,0.6844955682754517,0.31550443172454834
5,1210,0.20909957587718964,0.13730065524578094,0.09815496951341629,0.008846141397953033,0.21927083333333333,0.47672906517982483,0.7310679846085035,0.1632360479235649,1.0,0.0,1.0,0.65,0.006549479166666667,0.5070182291666666,0.0070703125,0.061263020833333334,0.7383750677108765,0.18697933852672577,0.6473764777183533,0.9947529435157776,0.0,1.0,1.0,1.0,0.25295644998550415,0.6846573352813721,0.31534266471862793
5,1220,0.19303785264492035,0.1285673975944519,0.10191455483436584,0.00710478937253356,0.19139322916666668,0.460791677236557,0.6676066229490563,0.2494352344935381,1.0,0.0,1.0,0.65,0.0059635416666666665,0.4804296875,0.0089453125,0.05604166666666666,0.736965537071228,0.19120043516159058,0.6473764777183533,0.9947529435157776,0.0,1.0,1.0,1.0,0.12466210126876831,0.6849506497383118,0.31504935026168823
5,1230,0.21188150346279144,0.13114634156227112,0.08809097111225128,0.00700825359672308,0.20341145833333332,0.45031946897506714,0.6483107175041057,0.24287114263731777,1.0,0.0,1.0,0.65,0.004361979166666667,0.58890625,0.006080729166666667,0.0470703125,0.7440477609634399,0.18626363575458527,0.6473764777183533,0.9947530031204224,0.0,1.0,1.0,1.0,0.21750539541244507,0.6853479146957397,0.31465208530426025
5,1240,0.20542126893997192,0.13265681266784668,0.09531024843454361,0.007691490463912487,0.19192708333333333,0.42471182346343994,0.6785766920890626,0.22487047535879662,1.0,0.0,1.0,0.65,0.004127604166666667,0.5240755208333333,0.005377604166666667,0.048880208333333335,0.7556850910186768,0.17869722843170166,0.6455332636833191,0.9947529435157776,0.0,0.9877119660377502,1.0,1.0,0.2381269335746765,0.685822069644928,0.314177930355072
5,1250,0.22355911135673523,0.1382422000169754,0.08020538091659546,0.007709016092121601,0.20985677083333334,0.4321529269218445,0.6665349233544057,0.20661400849721456,1.0,0.0,1.0,0.65,0.002890625,0.5933333333333334,0.0048828125,0.03921875,0.7692529559135437,0.16953778266906738,0.6418764591217041,0.9947530031204224,0.0,0.9633331298828125,0.9413946270942688,0.9413946270942688,0.314380407333374,0.6863888502120972,0.31361114978790283
5,1260,0.19961169362068176,0.13789819180965424,0.09824018180370331,0.007652212865650654,0.1961328125,0.45829659700393677,0.6896154856240411,0.219661563867274,1.0,0.0,1.0,0.65,0.004583333333333333,0.46111979166666667,0.0036197916666666666,0.05217447916666667,0.7815129160881042,0.16181093454360962,0.6363552808761597,0.9947529435157776,0.0,0.926525354385376,1.0,1.0,0.03148853778839111,0.6870397329330444,0.31296026706695557
5,1270,0.22337906062602997,0.1573910266160965,0.12105616927146912,0.007901061326265335,0.2183984375,0.4337005615234375,0.7754756199780518,0.1601698904841896,1.0,0.0,1.0,0.65,0.004856770833333334,0.5161328125,0.011979166666666667,0.050416666666666665,0.7939221262931824,0.153815358877182,0.6300308704376221,0.9947530031204224,0.0,0.8843626379966736,0.7843438386917114,0.7843438386917114,0.29693615436553955,0.6957190632820129,0.30428093671798706
5,1280,0.1971251517534256,0.14554445445537567,0.12755835056304932,0.008915220387279987,0.20057291666666666,0.4609033167362213,0.7841684896958813,0.1705204831518051,1.0,0.0,1.0,0.65,0.0071484375,0.4438932291666667,0.0144921875,0.054114583333333334,0.8041244745254517,0.14620178937911987,0.6234062910079956,0.9947529435157776,0.0,0.8401989340782166,1.0,1.0,0.0,0.7044895887374878,0.2955104112625122
5,1290,0.2231944054365158,0.15351682901382446,0.12245918065309525,0.00901294406503439,0.22825520833333332,0.42684707045555115,0.7993053243251946,0.13691105246543883,1.0,0.0,1.0,0.65,0.0065234375,0.5451692708333333,0.010963541666666667,0.045703125,0.8140402436256409,0.13801200687885284,0.617390513420105,0.9947530031204224,0.0,0.8000935912132263,0.8173442482948303,0.8173442482948303,0.43704211711883545,0.7128661274909973,0.2871338725090027
5,1300,0.18571360409259796,0.14376729726791382,0.12561938166618347,0.00938701443374157,0.20399739583333334,0.4555060863494873,0.7780579391503946,0.1754775901635488,1.0,0.0,1.0,0.65,0.009401041666666667,0.4132942708333333,0.007786458333333334,0.06260416666666667,0.8257670998573303,0.12912431359291077,0.6113239526748657,0.9947529435157776,0.0,0.7596501111984253,1.0,1.0,0.0,0.7208845615386963,0.2791154384613037
5,1310,0.16686999797821045,0.13228952884674072,0.13169433176517487,0.007873199880123138,0.178203125,0.49196135997772217,0.7277842428347755,0.25326091646340476,0.889811197916667,0.0,1.0,0.5949055989583335,0.011575520833333333,0.3731640625,0.0044921875,0.058333333333333334,0.8348240852355957,0.12233227491378784,0.6053123474121094,0.9947530031204224,0.0,0.7195729613304138,1.0,1.0,0.0,0.7282406091690063,0.27175939083099365
5,1320,0.18975403904914856,0.1524682641029358,0.17162665724754333,0.00795832835137844,0.18493489583333333,0.47468531131744385,0.8453992628607,0.18542703143505224,1.0,0.0,1.0,0.65,0.012369791666666666,0.4436848958333333,0.012526041666666666,0.04736979166666667,0.8454498648643494,0.11522836238145828,0.5992332100868225,0.9947529435157776,0.0,0.6790449619293213,1.0,1.0,0.0,0.7339942455291748,0.2660057544708252
5,1330,0.2427990734577179,0.1955236941576004,0.20346076786518097,0.010733201168477535,0.212578125,0.4375140368938446,0.9794045931763119,0.034476354883776816,1.0,0.0,1.0,0.65,0.012552083333333333,0.5729036458333333,0.03376302083333333,0.03540364583333333,0.8592100143432617,0.1040230318903923,0.5933146476745605,0.9947530031204224,0.0,0.6395878791809082,0.6053147912025452,0.6053147912025452,0.570865273475647,0.7405645847320557,0.25943541526794434
5,1340,0.2828417122364044,0.22480925917625427,0.21962597966194153,0.014441976323723793,0.20591145833333332,0.46667027473449707,0.9900716145833333,0.019856770833333336,1.0,0.0,0.7419507575757575,0.6112926136363637,0.02078125,0.6317057291666667,0.020598958333333334,0.019322916666666665,0.8737855553627014,0.09317222982645035,0.5873960256576538,0.9947529435157776,0.0,0.6001307964324951,0.26805198192596436,0.49928662180900574,0.8545955419540405,0.7493425011634827,0.25065749883651733
5,1350,0.30027836561203003,0.2411581128835678,0.2566322684288025,0.013661429286003113,0.21653645833333332,0.46369364857673645,0.9901475694444444,0.01970486111111111,1.0,0.0,0.48804450757575757,0.5732066761363637,0.0373828125,0.6724869791666667,0.006106770833333333,0.013736979166666666,0.886951744556427,0.08319203555583954,0.5817692279815674,0.9947530031204224,0.0,0.5626183748245239,0.0,0.49450385570526123,1.0,0.7590796947479248,0.2409203052520752
5,1360,0.34098929166793823,0.269330233335495,0.2587660253047943,0.014950788579881191,0.21475260416666667,0.5089048147201538,0.9900911458333332,0.019817708333333336,1.0,0.0,0.22703598484848486,0.5340553977272727,0.0821484375,0.6658072916666666,0.0007291666666666667,0.007994791666666667,0.9012067317962646,0.07403159886598587,0.5760493278503418,0.9947529435157776,0.0,0.5244859457015991,0.0,0.489641934633255,1.0,0.7696585655212402,0.23034143447875977
5,1370,0.45786452293395996,0.32634666562080383,0.22122247517108917,0.02004886232316494,0.2091796875,0.6135861277580261,0.9898611111111111,0.020277777777777783,1.0,0.0,0.11458333333333331,0.5171875,0.2969661458333333,0.5599479166666667,0.0002734375,0.005520833333333333,0.9144688844680786,0.06421822309494019,0.5705831050872803,0.9947530031204224,0.0,0.48804453015327454,0.0,0.48499566316604614,0.8882319331169128,0.7823523879051208,0.21764761209487915
5,1380,0.38409745693206787,0.25270265340805054,0.1596982181072235,0.028483569622039795,0.2463671875,0.6601809859275818,0.9570537286130791,0.017178819444444448,1.0,0.0,0.07256155303030304,0.5108842329545454,0.6878645833333333,0.7101432291666666,1.3020833333333334e-05,0.004596354166666667,0.9248499870300293,0.057212162762880325,0.564909815788269,0.9947529435157776,0.0,0.45022207498550415,0.0,0.48017334938049316,1.0,0.7947441339492798,0.20525586605072021
5,1390,0.34466975927352905,0.22880837321281433,0.14582917094230652,0.02203642763197422,0.2417578125,0.6521230340003967,0.9339259153553563,0.016493055555555563,1.0,0.0,0.15778882575757575,0.5236683238636364,0.72125,0.7363802083333333,0.0,0.006471354166666667,0.9325650334358215,0.04966980963945389,0.559709906578064,0.9947530031204224,0.0,0.41555625200271606,0.0,0.47575342655181885,1.0,0.8074617385864258,0.19253826141357422
5,1400,0.3475692570209503,0.22759228944778442,0.16122214496135712,0.02017885446548462,0.233828125,0.6356936097145081,0.959450390084177,0.017543402777777783,1.0,0.0,0.150686553030303,0.5226029829545454,0.7233203125,0.7378255208333333,3.90625e-05,0.006315104166666667,0.9407898187637329,0.043747954070568085,0.5545691847801208,0.9947529435157776,0.0,0.3812849521636963,0.0,0.47138381004333496,1.0,0.8196868300437927,0.18031316995620728
5,1410,0.3720284104347229,0.24601081013679504,0.15458151698112488,0.021484673023223877,0.2339453125,0.6158414483070374,0.9493973001048095,0.015173611111111117,1.0,0.0,0.1583806818181818,0.5237571022727273,0.7019401041666666,0.7307161458333333,6.510416666666667e-05,0.006484375,0.9509373903274536,0.0359552837908268,0.5492002367973328,0.9947530031204224,0.0,0.34549176692962646,0.0,0.46682021021842957,1.0,0.8312797546386719,0.16872024536132812
5,1420,0.37513870000839233,0.2335980236530304,0.15709376335144043,0.015438088215887547,0.22395833333333334,0.6629456877708435,0.9542086897956,0.014053819444444449,1.0,0.0,0.14891098484848483,0.5223366477272727,0.7312630208333334,0.7559505208333334,1.3020833333333334e-05,0.006276041666666667,0.9626094102859497,0.02416330575942993,0.546661913394928,1.0,0.0,0.3110795319080353,0.0,0.46466264128685,1.0,0.8427734971046448,0.15722650289535522
5,1430,0.3611736595630646,0.2293335199356079,0.1585097461938858,0.013995829038321972,0.21364583333333334,0.6663351058959961,0.9565702462298238,0.014123263888888897,1.0,0.0,0.17140151515151514,0.5257102272727273,0.7120052083333334,0.7358984375,0.0,0.0067708333333333336,0.9679960608482361,0.015530208125710487,0.5413182973861694,1.0,0.0,0.27545544505119324,0.0,0.4601205587387085,1.0,0.8559662103652954,0.1440337896347046
5,1440,0.35522499680519104,0.23031313717365265,0.15748584270477295,0.013327542692422867,0.21063802083333333,0.6718159317970276,0.954396948284573,0.015004340277777778,1.0,0.0,0.17140151515151514,0.5257102272727273,0.7055078125,0.7348567708333333,0.0,0.0067708333333333336,0.9667765498161316,0.01390728447586298,0.5360211730003357,1.0,0.0,0.240141361951828,0.0,0.4556180238723755,1.0,0.8679491281509399,0.13205087184906006
5,1450,0.34911513328552246,0.22559285163879395,0.15796449780464172,0.011792340315878391,0.19690104166666667,0.6501888036727905,0.9550659209642655,0.015286458333333336,1.0,0.0,0.21223958333333331,0.5318359375,0.70546875,0.7258333333333333,0.0,0.0076692708333333335,0.9657899737358093,0.012961722910404205,0.5322375297546387,1.0,0.0,0.21491703391075134,0.0,0.45240190625190735,1.0,0.8795538544654846,0.12044614553451538
5,1460,0.3599729537963867,0.23136885464191437,0.1640521138906479,0.01254302728921175,0.21380208333333334,0.6632886528968811,0.965888873827763,0.014244791666666673,1.0,0.0,0.19921874999999997,0.5298828125,0.6974869791666667,0.7317578125,0.0,0.0073828125,0.9652699828147888,0.012023396790027618,0.5304155349731445,1.0,0.0,0.20276989042758942,0.0,0.45085322856903076,1.0,0.8900274038314819,0.10997259616851807
5,1470,0.35055550932884216,0.22373294830322266,0.16517463326454163,0.012051768600940704,0.21822916666666667,0.6520041227340698,0.9681205532489678,0.013580729166666666,1.0,0.0,0.2347301136363636,0.5352095170454545,0.7223567708333334,0.7527473958333334,2.604166666666667e-05,0.0081640625,0.9641336798667908,0.011079696007072926,0.5304281711578369,1.0,0.0,0.2028544396162033,0.0,0.45086395740509033,1.0,0.8982235193252563,0.10177648067474365
5,1480,0.34833383560180664,0.23783089220523834,0.1880575269460678,0.012593373656272888,0.22485677083333333,0.6598815321922302,0.9934787326388888,0.013042534722222221,1.0,0.0,0.20572916666666666,0.530859375,0.6933333333333334,0.7456901041666667,2.604166666666667e-05,0.007526041666666667,0.9622367024421692,0.010114087723195553,0.5311172604560852,1.0,0.0,0.20744837820529938,0.0,0.4514496922492981,1.0,0.9064129590988159,0.09358704090118408
5,1490,0.3294670879840851,0.22588971257209778,0.15178465843200684,0.011540595442056656,0.20356770833333335,0.6578624248504639,0.9461854222289516,0.012131076388888894,1.0,0.0,0.2720170454545454,0.5408025568181818,0.6846744791666667,0.7248828125,0.0001953125,0.008984375,0.9624615907669067,0.009708698838949203,0.5319458246231079,1.0,0.0,0.21297235786914825,0.0,0.4521539509296417,1.0,0.9180914759635925,0.08190852403640747
5,1500,0.3648197650909424,0.23172062635421753,0.16717861592769623,0.01593758910894394,0.22385416666666666,0.6584467887878418,0.9720262314417423,0.012552083333333337,1.0,0.0,0.2803030303030303,0.5420454545454545,0.7120572916666666,0.7363151041666667,0.00010416666666666667,0.009166666666666667,0.9641394019126892,0.00892331451177597,0.5319881439208984,1.0,0.0,0.2132541984319687,0.0,0.45218992233276367,1.0,0.9237273335456848,0.07627266645431519
5,1510,0.3844415545463562,0.23628196120262146,0.17826947569847107,0.014971744269132614,0.21680989583333332,0.6537071466445923,0.9911556218016861,0.011831597222222223,1.0,0.0,0.24834280303030298,0.5372514204545454,0.7223177083333333,0.7433463541666666,0.0,0.008463541666666666,0.9660703539848328,0.008087914437055588,0.5321825742721558,1.0,0.0,0.21455064415931702,0.0,0.45235520601272583,1.0,0.934036374092102,0.06596362590789795
5,1520,0.38425540924072266,0.23059439659118652,0.16564755141735077,0.01775355264544487,0.22291666666666668,0.6543920040130615,0.9728965707212431,0.0056293402777777835,1.0,0.0,0.27734375,0.5416015625,0.7487239583333334,0.7716145833333333,0.0,0.0091015625,0.9684799909591675,0.007365361787378788,0.5327913761138916,1.0,0.0,0.21860907971858978,0.0,0.45287269353866577,1.0,0.9452012777328491,0.05479872226715088
5,1530,0.3798276484012604,0.2318464070558548,0.15670959651470184,0.014754068106412888,0.215,0.6924251317977905,0.9585194988026577,0.004131944444444443,1.0,0.0,0.25189393939393934,0.5377840909090909,0.7293619791666667,0.76484375,0.0,0.008541666666666666,0.9693963527679443,0.0066961320117115974,0.5336368680000305,1.0,0.0,0.2242458015680313,0.0,0.45359134674072266,1.0,0.9523513317108154,0.04764866828918457
5,1540,0.3743588626384735,0.22090095281600952,0.15281379222869873,0.013742610812187195,0.21938802083333334,0.6910906434059143,0.9537950888250627,0.00039496527777777945,1.0,0.0,0.258404356060606,0.5387606534090909,0.7560807291666667,0.7822916666666667,0.0,0.008684895833333333,0.9699973464012146,0.006023596040904522,0.5348120927810669,1.0,0.0,0.2320808619260788,0.0,0.4545902907848358,1.0,0.9583249688148499,0.041675031185150146
5,1550,0.37328821420669556,0.2169230878353119,0.16189055144786835,0.01620335318148136,0.23424479166666667,0.6621640920639038,0.9693532409117772,0.0,1.0,0.0,0.21223958333333331,0.5318359375,0.7772526041666666,0.8027604166666666,1.3020833333333334e-05,0.0076692708333333335,0.9721689224243164,0.005309103522449732,0.5355265736579895,1.0,0.0,0.23684388399124146,0.0,0.45519760251045227,1.0,0.960715651512146,0.039284348487854004
5,1560,0.3904821276664734,0.23670557141304016,0.16772611439228058,0.016884950920939445,0.24752604166666667,0.6653262376785278,0.9792288089715516,0.0,1.0,0.0,0.23295454545454544,0.5349431818181818,0.744609375,0.7889973958333333,2.604166666666667e-05,0.008125,0.9743086099624634,0.0045811766758561134,0.5360212326049805,1.0,0.0,0.240141361951828,0.0,0.4556180536746979,1.0,0.9611878991127014,0.038812100887298584
5,1570,0.39116498827934265,0.21051716804504395,0.16004332900047302,0.01724945940077305,0.247890625,0.6685737371444702,0.9662271721546466,0.0,1.0,0.0,0.228811553030303,0.5343217329545454,0.7940104166666667,0.8312239583333333,1.3020833333333334e-05,0.008033854166666667,0.9749665260314941,0.00583572406321764,0.5363087058067322,1.0,0.0,0.24205785989761353,0.0,0.4558624029159546,1.0,0.9614551067352295,0.03854489326477051
5,1580,0.38907623291015625,0.2072046548128128,0.1504695564508438,0.017230408266186714,0.24856770833333333,0.6665751338005066,0.9500254032245049,0.0,1.0,0.0,0.21105587121212122,0.5316583806818181,0.7972526041666667,0.8328255208333334,0.0,0.007643229166666667,0.9755696058273315,0.006630866788327694,0.539470911026001,1.0,0.0,0.26313918828964233,0.0,0.45855027437210083,1.0,0.962895929813385,0.03710407018661499
5,1590,0.3860602080821991,0.19653373956680298,0.16151022911071777,0.015380412340164185,0.24716145833333333,0.658085823059082,0.9617770976286667,0.00866565108299257,1.0,0.0,0.1885653409090909,0.5282848011363637,0.8234375,0.8519270833333333,3.90625e-05,0.0071484375,0.9732527136802673,0.009883762337267399,0.5450723767280579,1.0,0.0,0.30048251152038574,0.0,0.4633115231990814,1.0,0.9627732038497925,0.03722679615020752
5,1600,0.4061967432498932,0.2054668515920639,0.16177576780319214,0.013566592708230019,0.23897135416666668,0.6842681765556335,0.9691589916669404,0.0,1.0,0.0,0.16370738636363633,0.5245561079545454,0.8231119791666667,0.8520572916666667,0.00010416666666666667,0.0066015625,0.9718847274780273,0.014801903627812862,0.5482303500175476,1.0,0.0,0.3215356469154358,0.0,0.46599581837654114,1.0,0.9624596834182739,0.037540316581726074
5,1610,0.4091396927833557,0.20775562524795532,0.1841842085123062,0.015974294394254684,0.24859375,0.6902808547019958,0.9999999999999999,0.0,1.0,0.0,0.1779119318181818,0.5266867897727273,0.82953125,0.8528645833333334,3.90625e-05,0.0069140625,0.9711061716079712,0.017823021858930588,0.5508514642715454,1.0,0.0,0.33900952339172363,0.0,0.4682237505912781,1.0,0.9619879126548767,0.03801208734512329
5,1620,0.41159820556640625,0.2123260796070099,0.19475200772285461,0.016187435016036034,0.24243489583333333,0.6919922232627869,0.9999999999999999,0.0,1.0,0.0,0.24360795454545453,0.5365411931818181,0.8116015625,0.838515625,0.00010416666666666667,0.008359375,0.9683864712715149,0.02201158180832863,0.5527369379997253,1.0,0.0,0.3515794277191162,0.0,0.4698264002799988,1.0,0.9613527655601501,0.038647234439849854
5,1630,0.38695028424263,0.2261902391910553,0.16431190073490143,0.015051234513521194,0.22627604166666668,0.7159411311149597,0.973450908935987,0.0,1.0,0.0,0.26728219696969696,0.5400923295454545,0.7374609375,0.7873958333333333,2.604166666666667e-05,0.008880208333333334,0.9686459898948669,0.0238057691603899,0.5571335554122925,1.0,0.0,0.3808903694152832,0.0,0.4735635221004486,1.0,0.9604921936988831,0.03950780630111694
5,1640,0.35641399025917053,0.21063444018363953,0.16179588437080383,0.026381205767393112,0.25016927083333335,0.7015931010246277,0.9691930350890526,0.0,1.0,0.0,0.3359375,0.550390625,0.7558072916666667,0.7598697916666667,0.0033072916666666667,0.010390625,0.9706212282180786,0.023609008640050888,0.557780385017395,1.0,0.0,0.38520246744155884,0.0,0.4741133451461792,1.0,0.9594250917434692,0.04057490825653076
5,1650,0.3687363266944885,0.21707236766815186,0.1990356296300888,0.015314158983528614,0.229140625,0.6399275064468384,0.9999999999999999,0.0,1.0,0.0,0.2714251893939394,0.540713778409091,0.6640494791666667,0.81796875,0.008776041666666666,0.008971354166666667,0.9687398672103882,0.025774236768484116,0.5567445755004883,1.0,0.0,0.37829750776290894,0.0,0.4732328951358795,1.0,0.9582074880599976,0.04179251194000244
5,1660,0.4275195300579071,0.26171398162841797,0.26335757970809937,0.02822345495223999,0.24217447916666668,0.5888758301734924,0.9999999999999999,0.0,1.0,0.0,0.28148674242424243,0.5422230113636364,0.5238932291666667,0.7735286458333334,0.0051171875,0.009192708333333334,0.9658150672912598,0.026875946670770645,0.5561062693595886,1.0,0.0,0.3740417957305908,0.0,0.4726903438568115,1.0,0.9452223181724548,0.054777681827545166
5,1670,0.5237615704536438,0.3418896198272705,0.3229218125343323,0.013950757682323456,0.1418359375,0.5110564231872559,0.979704861111111,0.040590277777777795,1.0,0.0,0.2394649621212121,0.5359197443181818,0.44690104166666667,0.5613411458333334,0.00890625,0.008268229166666667,0.9640753865242004,0.026875946670770645,0.5551508665084839,1.0,0.0,0.36767226457595825,0.30973097681999207,0.4718782603740692,0.5385266542434692,0.9312607645988464,0.06873923540115356
5,1680,0.35937368869781494,0.31463325023651123,0.26592910289764404,0.008648194372653961,0.1312109375,0.6172847747802734,0.9807848367426131,0.030278732710414438,1.0,0.0,0.6774384469696969,0.6016157670454545,0.32829427083333335,0.48265625,0.00036458333333333335,0.017903645833333332,0.963985800743103,0.026875946670770645,0.5546139478683472,1.0,0.0,0.36409294605255127,0.1560962200164795,0.47142186760902405,0.8329228162765503,0.9170824289321899,0.08291757106781006
5,1690,0.3057191073894501,0.29040902853012085,0.2432369589805603,0.007748530711978674,0.14251302083333334,0.6254653930664062,0.9448246023505119,0.08135333618628703,1.0,0.0,0.989938446969697,0.6484907670454545,0.31994791666666667,0.4624609375,0.0001953125,0.024778645833333335,0.9621303677558899,0.026875946670770645,0.5546097159385681,1.0,0.0,0.3640647530555725,0.11084817349910736,0.47141826152801514,0.8164889216423035,0.9028099775314331,0.0971900224685669
5,1700,0.3015221655368805,0.2909552752971649,0.25004062056541443,0.006856193765997887,0.12846354166666665,0.6450844407081604,0.9174572057137644,0.11541202949193434,1.0,0.0,0.7141335227272727,0.607120028409091,0.3030859375,0.4649739583333333,0.0006770833333333334,0.0187109375,0.9606037139892578,0.02646329626441002,0.5548083782196045,1.0,0.0,0.3653894066810608,0.205148383975029,0.4715871214866638,0.7741657495498657,0.8884332180023193,0.11156678199768066
5,1710,0.29594263434410095,0.2899303436279297,0.2466692179441452,0.008453990332782269,0.13697916666666668,0.6533781886100769,0.9556764809811502,0.07599559452899587,1.0,0.0,0.6472537878787878,0.5970880681818181,0.3131380208333333,0.4534635416666667,0.00046875,0.017239583333333332,0.9590598940849304,0.02646329626441002,0.55503249168396,1.0,0.0,0.36688312888145447,0.18551968038082123,0.47177761793136597,0.717900276184082,0.874122142791748,0.12587785720825195
5,1720,0.2930612564086914,0.2884403467178345,0.2469211220741272,0.007613556459546089,0.12330729166666667,0.6597719788551331,0.9340418835860604,0.09979132152467884,1.0,0.0,0.5123106060606061,0.576846590909091,0.31427083333333333,0.45229166666666665,7.8125e-05,0.014270833333333333,0.9558252096176147,0.02646329626441002,0.5554425716400146,1.0,0.0,0.36961692571640015,0.010298863053321838,0.47212618589401245,0.7828422784805298,0.8599415421485901,0.1400584578514099
5,1730,0.2727769613265991,0.2450408637523651,0.2609941363334656,0.010021126829087734,0.14641927083333334,0.653520405292511,0.9783463541666666,0.043307291666666664,1.0,0.0,0.892874053030303,0.6339311079545454,0.39838541666666666,0.4940234375,0.0016145833333333333,0.022643229166666667,0.9527847170829773,0.02646329626441002,0.5555228590965271,1.0,0.0,0.37015241384506226,0.27906662225723267,0.4721944332122803,0.4842911958694458,0.8453148603439331,0.1546851396560669
5,1740,0.3620161712169647,0.2244592159986496,0.20440532267093658,0.020919084548950195,0.237109375,0.6747444868087769,0.9999999999999999,0.0,1.0,0.0,0.34244791666666663,0.5513671875,0.6817838541666666,0.7689713541666666,0.00765625,0.010533854166666667,0.9496073722839355,0.026494711637496948,0.5553706884384155,1.0,0.0,0.36913782358169556,0.0,0.4720650911331177,1.0,0.8306052684783936,0.16939473152160645
5,1750,0.3982759714126587,0.18165411055088043,0.15103262662887573,0.015717612579464912,0.2532552083333333,0.7654613852500916,0.9142865123198581,0.04586472362279895,1.0,0.0,0.11339962121212122,0.5170099431818181,0.8538671875,0.8602473958333333,0.0004296875,0.005494791666666667,0.9489151239395142,0.02784164436161518,0.5562119483947754,1.0,0.0,0.3747463524341583,0.0,0.47278016805648804,1.0,0.8159081935882568,0.18409180641174316
5,1760,0.39484378695487976,0.19074563682079315,0.1365336924791336,0.014404460787773132,0.23446614583333333,0.7700609564781189,0.9079329070678123,0.02313590794801716,1.0,0.0,0.12286931818181816,0.5184303977272727,0.8413151041666667,0.855234375,0.0,0.005703125,0.9446454644203186,0.033790722489356995,0.5614160895347595,1.0,0.0,0.40944039821624756,0.0,0.47720369696617126,1.0,0.801267147064209,0.19873285293579102
5,1770,0.41303110122680664,0.2112787514925003,0.14613795280456543,0.021861085668206215,0.250859375,0.7824080586433411,0.9426949970538799,0.0,1.0,0.0,0.09919507575757575,0.5148792613636364,0.7956380208333333,0.789453125,1.3020833333333334e-05,0.005182291666666667,0.9323927164077759,0.04244837537407875,0.5617420673370361,0.990387499332428,0.0,0.4436553120613098,0.0,0.47748076915740967,1.0,0.7865130305290222,0.21348696947097778
5,1780,0.414667010307312,0.22351416945457458,0.15893152356147766,0.02223459631204605,0.256328125,0.7737550139427185,0.9643456552578852,0.0,1.0,0.0,0.15364583333333331,0.523046875,0.7681640625,0.7576692708333334,3.90625e-05,0.006380208333333333,0.9214527606964111,0.04978316277265549,0.5601524710655212,0.97634357213974,0.0,0.4798712730407715,0.0,0.4761296212673187,1.0,0.7718523740768433,0.22814762592315674
5,1790,0.38737064599990845,0.2053195983171463,0.12744513154029846,0.022964216768741608,0.2607421875,0.7643327116966248,0.9110609918374281,0.0,1.0,0.0,0.21046401515151514,0.5315696022727273,0.8077864583333333,0.7950520833333333,1.3020833333333334e-05,0.0076302083333333335,0.9062469005584717,0.061025384813547134,0.551791787147522,0.9550142288208008,0.0,0.4952313303947449,0.0,0.4690230190753937,1.0,0.7702358961105347,0.22976410388946533
5,1800,0.38308048248291016,0.21507136523723602,0.13846923410892487,0.022416146472096443,0.24962239583333334,0.7633907794952393,0.9297171654151036,0.0,1.0,0.0,0.21638257575757572,0.5324573863636364,0.7697786458333333,0.7698828125,2.604166666666667e-05,0.007760416666666666,0.8900871276855469,0.07201020419597626,0.5408066511154175,0.9329001307487488,0.0,0.49571046233177185,0.0,0.45968565344810486,1.0,0.7687350511550903,0.23126494884490967
5,1810,0.41739100217819214,0.21672232449054718,0.14261797070503235,0.019277531653642654,0.24819010416666668,0.7765295505523682,0.9367381042700548,0.0,1.0,0.0,0.19507575757575757,0.5292613636363637,0.7751692708333333,0.7986848958333334,0.0,0.007291666666666667,0.8778378963470459,0.07978294044733047,0.5325635671615601,0.9123302698135376,0.0,0.5093231797218323,0.0,0.4526790380477905,1.0,0.7673882842063904,0.23261171579360962
5,1820,0.4081454873085022,0.22974622249603271,0.13986051082611084,0.02162238210439682,0.2483984375,0.7587738633155823,0.9320716337057261,0.0,1.0,0.0,0.23532196969696967,0.5352982954545454,0.7358854166666666,0.7743359375,0.0,0.008177083333333333,0.8666843175888062,0.08575665205717087,0.5250376462936401,0.8922390937805176,0.0,0.5261206030845642,0.0,0.4462819993495941,1.0,0.7655462026596069,0.23445379734039307
5,1830,0.36769622564315796,0.20744699239730835,0.1422710418701172,0.021027415990829468,0.23109375,0.71635901927948,0.9361509939340446,0.0,1.0,0.0,0.2548532196969696,0.5382279829545454,0.7923567708333333,0.7890755208333333,5.208333333333334e-05,0.008606770833333333,0.8504279851913452,0.09654456377029419,0.5169980525970459,0.8691929578781128,0.0,0.5493438839912415,0.0,0.43944835662841797,1.0,0.7644060850143433,0.23559391498565674
5,1840,0.3650970160961151,0.2190834879875183,0.1250784546136856,0.018148289993405342,0.23815104166666667,0.7054598927497864,0.9067259851582029,0.0006597222222222237,1.0,0.0,0.24597537878787876,0.5368963068181818,0.7591145833333334,0.7735416666666667,3.90625e-05,0.008411458333333333,0.8310729265213013,0.11072481423616409,0.5049874782562256,0.8436415195465088,0.0,0.5544451475143433,0.0,0.4292393624782562,1.0,0.7634249329566956,0.23657506704330444
5,1850,0.28677138686180115,0.23580364882946014,0.16156253218650818,0.011762448586523533,0.17907552083333333,0.6693929433822632,0.9546553362536635,0.028285590277777786,1.0,0.0,0.453716856060606,0.568057528409091,0.49440104166666665,0.5862369791666666,0.0003125,0.012981770833333333,0.8116936683654785,0.12543842196464539,0.49813511967658997,0.8205430507659912,0.0,0.5857571363449097,0.0,0.42341485619544983,1.0,0.7619936466217041,0.2380063533782959
5,1860,0.19197262823581696,0.17221598327159882,0.1865706741809845,0.008451137691736221,0.15686197916666667,0.5684167742729187,0.9103379028357141,0.12493062794693117,1.0,0.0,1.0,0.65,0.048528645833333335,0.4655859375,0.0028515625,0.030833333333333334,0.7968970537185669,0.13658687472343445,0.4939815402030945,0.7995702624320984,0.0,0.6279761791229248,0.8317964673042297,0.8317964673042297,0.05303847789764404,0.7612994909286499,0.2387005090713501
5,1870,0.16692963242530823,0.15753506124019623,0.1055949330329895,0.008254542015492916,0.16536458333333334,0.536622941493988,0.7426932595659662,0.1818107314203894,0.7981363932291667,0.0,1.0,0.5490681966145834,0.013971354166666667,0.34143229166666667,0.009427083333333334,0.055052083333333335,0.7809913158416748,0.15074250102043152,0.4898901581764221,0.7788569927215576,0.0,0.6697443723678589,1.0,1.0,0.0,0.7607598304748535,0.23924016952514648
5,1880,0.16176824271678925,0.15055793523788452,0.11166538298130035,0.009481574408710003,0.19809895833333332,0.4962926208972931,0.7499648599441235,0.19462078690528872,0.7050781250000001,0.0,1.0,0.5025390625,0.009453125,0.316171875,0.008229166666666666,0.07423177083333334,0.7656102776527405,0.16434350609779358,0.48455825448036194,0.7553246021270752,0.0,0.7126398086547852,1.0,1.0,0.0,0.7659364938735962,0.2340635061264038
5,1890,0.14139717817306519,0.1424085795879364,0.09021927416324615,0.008117370307445526,0.13916666666666666,0.5432076454162598,0.6614615221189563,0.2663654234318875,0.5520833333333334,0.0,1.0,0.42604166666666665,0.009869791666666667,0.266796875,0.006471354166666667,0.061119791666666666,0.7670190930366516,0.1649215817451477,0.4856489896774292,0.7553246021270752,0.0,0.7199112176895142,1.0,1.0,0.0,0.7676557302474976,0.23234426975250244
5,1900,0.13587899506092072,0.13335715234279633,0.07896441221237183,0.007485351525247097,0.1305078125,0.5322437286376953,0.6054695260052896,0.3120345582445544,0.5356038411458335,0.0,1.0,0.41780192057291676,0.009752604166666666,0.261640625,0.005182291666666667,0.0547265625,0.7704025506973267,0.1649215817451477,0.4856785535812378,0.7553246021270752,0.0,0.7201085090637207,1.0,1.0,0.0,0.7695344686508179,0.23046553134918213
5,1910,0.14274679124355316,0.13932174444198608,0.09642156213521957,0.007834085263311863,0.1358984375,0.5173947811126709,0.6602236315751226,0.27863938933606874,0.5680338541666669,0.0,1.0,0.4340169270833334,0.009934895833333334,0.2718359375,0.007942708333333333,0.052096354166666664,0.770051896572113,0.16525733470916748,0.4859364628791809,0.7553246021270752,0.0,0.7218276262283325,1.0,1.0,0.0,0.7718693017959595,0.22813069820404053
5,1920,0.14960309863090515,0.15287740528583527,0.09580443054437637,0.00928336102515459,0.16432291666666668,0.5164308547973633,0.7214514243348031,0.2014436395631896,0.5780843098958336,0.0,1.0,0.43904215494791676,0.012552083333333333,0.27243489583333336,0.005859375,0.07059895833333334,0.7654156684875488,0.1698060929775238,0.4850063920021057,0.7553246021270752,0.0,0.7156272530555725,1.0,1.0,0.0,0.7748551368713379,0.2251448631286621
5,1930,0.13348324596881866,0.12229490280151367,0.07981561869382858,0.007588629610836506,0.1430859375,0.5111044645309448,0.5926584021938464,0.3263374669205771,0.5160319010416667,0.0,1.0,0.4080159505208334,0.0095703125,0.25555989583333333,0.0045703125,0.0637890625,0.7637686133384705,0.17194803059101105,0.48449060320854187,0.7553246021270752,0.0,0.7121888399124146,1.0,1.0,0.0,0.7770993709564209,0.2229006290435791
5,1940,0.12903109192848206,0.11789797246456146,0.0748911127448082,0.007436743006110191,0.14171875,0.5208297967910767,0.5718897835311105,0.34109242637588727,0.4634195963541667,0.0,1.0,0.38170979817708334,0.010416666666666666,0.23787760416666667,0.0025,0.060390625,0.7619781494140625,0.17406530678272247,0.48335766792297363,0.7553246021270752,0.0,0.7046356201171875,1.0,1.0,0.0,0.7830214500427246,0.2169785499572754
5,1950,0.13680444657802582,0.12018647789955139,0.07419250160455704,0.007830257527530193,0.15208333333333332,0.5372784733772278,0.5930362464834221,0.3089857480093473,0.5149332682291667,0.0,1.0,0.4074666341145834,0.012213541666666666,0.25256510416666667,0.0066796875,0.06657552083333333,0.7609476447105408,0.1768692135810852,0.4819582998752594,0.7553246021270752,0.0,0.6953068971633911,1.0,1.0,0.0,0.7826933860778809,0.21730661392211914
5,1960,0.14156492054462433,0.12698715925216675,0.06808971613645554,0.007937916554510593,0.14622395833333332,0.5462415218353271,0.6035580403432452,0.2799821391643143,0.5595703125,0.0,1.0,0.42978515625,0.010442708333333333,0.26861979166666666,0.0028385416666666667,0.0662109375,0.7575480341911316,0.17710815370082855,0.4787580966949463,0.7553246021270752,0.0,0.6739718914031982,1.0,1.0,0.0,0.7823975086212158,0.21760249137878418
5,1970,0.1389772742986679,0.11897740513086319,0.070197694003582,0.007334066089242697,0.17274739583333334,0.5131941437721252,0.5739110895079456,0.3204044468504021,0.5650227864583335,0.0,1.0,0.43251139322916676,0.011171875,0.2696354166666667,0.00828125,0.07889322916666666,0.7574224472045898,0.17252424359321594,0.4737146496772766,0.7553246021270752,0.0,0.6403487920761108,1.0,1.0,0.0,0.7821642160415649,0.21783578395843506
5,1980,0.13836535811424255,0.12216352671384811,0.07917787879705429,0.008266663178801537,0.16565104166666667,0.5555734038352966,0.6196941743363359,0.285620888129967,0.5058186848958334,0.0,1.0,0.40290934244791665,0.0126953125,0.24916666666666668,0.007083333333333333,0.06803385416666667,0.7633894681930542,0.1664435863494873,0.4726911187171936,0.764937162399292,0.0,0.6014835834503174,1.0,1.0,0.0,0.7820404171943665,0.21795958280563354
5,1990,0.5289290547370911,0.3420330584049225,0.22287090122699738,0.018026428297162056,0.18380208333333334,0.7176899313926697,0.9939301215277777,0.012139756944444451,1.0,0.0,0.3063446969696969,0.5459517045454545,0.28686197916666667,0.416953125,3.90625e-05,0.009739583333333333,0.7706761360168457,0.1571759283542633,0.473807156085968,0.77898108959198,0.0,0.5621110796928406,0.0,0.402736097574234,1.0,0.7820387482643127,0.21796125173568726
5,2000,0.45048463344573975,0.2314826101064682,0.16943080723285675,0.020541585981845856,0.25421875,0.7815463542938232,0.9821136737786805,0.0,1.0,0.0,0.21460700757575754,0.5321910511363637,0.7311328125,0.7905598958333333,5.208333333333334e-05,0.007721354166666666,0.7813326120376587,0.14541900157928467,0.4792550802230835,0.8003103733062744,0.0,0.5273324847221375,0.0,0.4073668420314789,1.0,0.7821691036224365,0.21783089637756348
5,2010,0.3954560458660126,0.1971796602010727,0.1374511867761612,0.009313748218119144,0.17514322916666666,0.7044321894645691,0.9223536364848796,0.007050849497318301,1.0,0.0,0.2524857954545454,0.5378728693181818,0.8207552083333334,0.839921875,0.00013020833333333333,0.0085546875,0.7973206043243408,0.13056018948554993,0.4841568171977997,0.8224245309829712,0.0,0.4862971305847168,0.0,0.41153329610824585,1.0,0.7824501395225525,0.2175498604774475
5,2020,0.4560917615890503,0.16474904119968414,0.13059350848197937,0.008757393807172775,0.21592447916666666,0.6393601894378662,0.8393781501166592,0.09552392726991232,1.0,0.0,0.06486742424242423,0.5097301136363637,0.7998958333333334,0.9453255208333333,0.00037760416666666666,0.004427083333333333,0.8083720207214355,0.11762258410453796,0.488933265209198,0.8429943323135376,0.0,0.4495738744735718,0.0,0.41559329628944397,0.9672224521636963,0.7828366756439209,0.2171633243560791
5,2030,0.41859737038612366,0.1820078045129776,0.14068494737148285,0.020316779613494873,0.2907421875,0.7034163475036621,0.8974824430392337,0.04498048871755602,1.0,0.0,0.1631155303030303,0.5244673295454545,0.8572135416666666,0.9044921875,0.0004557291666666667,0.006588541666666667,0.8162775039672852,0.1091880202293396,0.493368923664093,0.8630855679512024,0.0,0.4121742248535156,0.0,0.4193635880947113,1.0,0.7833225727081299,0.21667742729187012
5,2040,0.4555198550224304,0.1822149008512497,0.14107242226600647,0.014052505604922771,0.2431640625,0.7298828959465027,0.8985523624603565,0.0444627478718758,1.0,0.0,0.09623579545454546,0.5144353693181818,0.8565755208333333,0.923515625,9.114583333333334e-05,0.0051171875,0.8356747031211853,0.09364814311265945,0.4989987909793854,0.8861316442489624,0.0,0.3728862404823303,0.0,0.4241489768028259,1.0,0.7839587926864624,0.2160412073135376
5,2050,0.42472460865974426,0.1761832982301712,0.140242338180542,0.012435471639037132,0.23559895833333333,0.73708176612854,0.8850843995351058,0.05954175442457199,1.0,0.0,0.05007102272727273,0.507510653409091,0.8458984375,0.9148046875,0.00036458333333333335,0.0041015625,0.8530956506729126,0.077405646443367,0.5064013004302979,0.9116830825805664,0.0,0.33706486225128174,0.0,0.43044111132621765,0.9563998579978943,0.7847477197647095,0.21525228023529053
5,2060,0.4163926839828491,0.18667860329151154,0.12676292657852173,0.015846678987145424,0.22971354166666666,0.7462328672409058,0.883263697715906,0.033303491771221175,1.0,0.0,0.005681818181818186,0.5008522727272727,0.8658854166666666,0.8755729166666667,0.0001171875,0.003125,0.869658350944519,0.06269864737987518,0.5131057500839233,0.934781551361084,0.0,0.3047664165496826,0.0,0.43613991141319275,1.0,0.7856123447418213,0.2143876552581787
5,2070,0.4171958863735199,0.18853257596492767,0.1390122026205063,0.015964215621352196,0.26479166666666665,0.7293586134910583,0.9077011871337891,0.02866856008768083,1.0,0.0,0.29391571969696967,0.5440873579545454,0.8391015625,0.8714973958333333,0.00029947916666666664,0.009466145833333333,0.8864190578460693,0.04961935058236122,0.518569827079773,0.9557543992996216,0.0,0.271284282207489,0.0,0.44078436493873596,1.0,0.7982410192489624,0.2017589807510376
5,2080,0.408494770526886,0.17835329473018646,0.1275828629732132,0.016598999500274658,0.24537760416666668,0.7272529602050781,0.8680006652611952,0.05411676317453387,1.0,0.0,0.18383049242424238,0.5275745738636364,0.8588541666666667,0.884609375,0.0,0.007044270833333333,0.8980795741081238,0.03766866773366928,0.5252653360366821,0.9764676094055176,0.0,0.2468772530555725,0.0,0.4464755356311798,1.0,0.8118298649787903,0.18817013502120972
5,2090,0.40666744112968445,0.21072149276733398,0.1226726844906807,0.013995721004903316,0.21928385416666665,0.7405411005020142,0.9029845429842288,0.0,1.0,0.0,0.17317708333333331,0.5259765625,0.782265625,0.8327213541666667,0.0004427083333333333,0.006809895833333334,0.911332905292511,0.025774314999580383,0.5328505039215088,1.0,0.0,0.21900364756584167,0.0,0.4529229402542114,1.0,0.8256897926330566,0.17431020736694336
5,2100,0.43106627464294434,0.1922120749950409,0.12139487266540527,0.010274211876094341,0.21641927083333334,0.7485880851745605,0.8852462421930752,0.019469812512397794,1.0,0.0,0.26964962121212116,0.5404474431818181,0.8202473958333333,0.866953125,3.90625e-05,0.008932291666666667,0.9038981199264526,0.028544476255774498,0.5333578586578369,1.0,0.0,0.2223856896162033,0.0,0.4533541798591614,1.0,0.8396773338317871,0.1603226661682129
5,2110,0.4193773865699768,0.20691333711147308,0.14526554942131042,0.012890865094959736,0.228828125,0.7472249865531921,0.9412186220976023,0.0,1.0,0.0,0.13825757575757575,0.5207386363636364,0.8201171875,0.8389322916666667,0.0,0.0060416666666666665,0.8946722745895386,0.03352995961904526,0.5338778495788574,1.0,0.0,0.22585228085517883,0.0,0.4537961781024933,1.0,0.8538111448287964,0.1461888551712036
5,2120,0.3826848864555359,0.19722023606300354,0.11964628845453262,0.009052002802491188,0.18549479166666666,0.7027888894081116,0.8923034218182929,0.006949409842491183,1.0,0.0,0.228811553030303,0.5343217329545454,0.8214973958333334,0.8266015625,3.90625e-05,0.008033854166666667,0.8888034224510193,0.037133194506168365,0.5349178314208984,1.0,0.0,0.2327854335308075,0.0,0.4546801745891571,1.0,0.8679299354553223,0.13207006454467773
5,2130,0.38368910551071167,0.19027291238307953,0.12499815225601196,0.011455342173576355,0.220625,0.7141783833503723,0.8874657747378715,0.024317719042301216,1.0,0.0,0.21460700757575754,0.5321910511363637,0.8337369791666667,0.8331901041666666,1.3020833333333334e-05,0.007721354166666666,0.8921941518783569,0.03306496888399124,0.5373444557189941,1.0,0.0,0.24896284937858582,0.0,0.4567427933216095,1.0,0.8819615840911865,0.11803841590881348
5,2140,0.3990752696990967,0.2280203402042389,0.200953409075737,0.012691509909927845,0.22358072916666666,0.7250019311904907,0.9999999999999999,0.0,1.0,0.0,0.17495265151515152,0.5262428977272727,0.7755989583333334,0.779375,0.00010416666666666667,0.006848958333333334,0.8945614099502563,0.03136863932013512,0.5392045378684998,1.0,0.0,0.2613636255264282,0.0,0.4583238661289215,1.0,0.8964391946792603,0.10356080532073975
5,2150,0.3981410562992096,0.21853581070899963,0.14320418238639832,0.015573660843074322,0.228359375,0.7472524046897888,0.9377301548077509,0.0,1.0,0.0,0.247750946969697,0.5371626420454545,0.76046875,0.7823828125,0.00018229166666666667,0.008450520833333334,0.8970866799354553,0.029717015102505684,0.5411238670349121,1.0,0.0,0.2741590142250061,0.0,0.4599553048610687,1.0,0.9109979867935181,0.08900201320648193
5,2160,0.386793315410614,0.21819302439689636,0.14509111642837524,0.014107405208051205,0.21688802083333333,0.7442431449890137,0.9408539833574213,0.00013888888888889211,1.0,0.0,0.32173295454545453,0.5482599431818181,0.7602083333333334,0.7777604166666666,1.3020833333333334e-05,0.010078125,0.900274932384491,0.027530666440725327,0.543377161026001,1.0,0.0,0.2891808748245239,0.0,0.46187061071395874,1.0,0.9133483171463013,0.08665168285369873
5,2170,0.36515283584594727,0.21074344217777252,0.15529383718967438,0.014768668450415134,0.21817708333333333,0.7326408624649048,0.9555311504897909,0.0053168402777777814,1.0,0.0,0.29687499999999994,0.54453125,0.7551822916666666,0.75796875,0.0,0.00953125,0.9034562110900879,0.026488767936825752,0.5459728837013245,1.0,0.0,0.3064856231212616,0.0,0.464076966047287,1.0,0.9187102317810059,0.08128976821899414
5,2180,0.3642473518848419,0.2161787748336792,0.10902566462755203,0.006722364574670792,0.2081640625,0.6402928829193115,0.8187822943937041,0.06944010443076853,1.0,0.0,0.4874526515151514,0.5731178977272727,0.62453125,0.7884114583333334,0.0010286458333333332,0.013723958333333333,0.9054145216941833,0.025744672864675522,0.5460151433944702,1.0,0.0,0.30676746368408203,0.0,0.46411287784576416,1.0,0.9205383658409119,0.07946163415908813
5,2190,0.37293487787246704,0.21077720820903778,0.13829712569713593,0.007835427299141884,0.20180989583333334,0.720663845539093,0.8980141708938212,0.0358394666589534,1.0,0.0,0.4146543560606061,0.562198153409091,0.7480729166666666,0.7871223958333333,0.0005078125,0.012122395833333334,0.9108283519744873,0.02391296997666359,0.5471270084381104,1.0,0.0,0.31417977809906006,0.0,0.46505796909332275,1.0,0.9219982028007507,0.07800179719924927
5,2200,0.36805450916290283,0.2058199793100357,0.12067659944295883,0.006699706893414259,0.18196614583333334,0.7106752991676331,0.8378002261617374,0.0703131790625734,1.0,0.0,0.37736742424242425,0.5566051136363637,0.7477994791666667,0.79828125,7.8125e-05,0.011302083333333334,0.9130830764770508,0.024646271020174026,0.5485516786575317,1.0,0.0,0.3236776292324066,0.0,0.466268926858902,1.0,0.9119515419006348,0.08804845809936523
5,2210,0.3899885416030884,0.2198583334684372,0.10938796401023865,0.005566000007092953,0.10608072916666667,0.6439884901046753,0.7883710011982449,0.10469512173497095,1.0,0.0,0.287405303030303,0.5431107954545454,0.6682552083333333,0.8141536458333334,0.00046875,0.009322916666666667,0.9171538352966309,0.024470418691635132,0.5493802428245544,1.0,0.0,0.3292016088962555,0.0,0.466973215341568,1.0,0.9001995325088501,0.0998004674911499
5,2220,0.3552456200122833,0.1974727213382721,0.10400533676147461,0.006494061555713415,0.19444010416666666,0.6284795999526978,0.7991065946569419,0.08271875898013027,1.0,0.0,0.3980823863636363,0.5597123579545454,0.7474609375,0.7912109375,0.00022135416666666666,0.0117578125,0.9194856286048889,0.025405025109648705,0.5508133172988892,1.0,0.0,0.33875584602355957,0.0,0.46819132566452026,1.0,0.8877891898155212,0.11221081018447876
5,2230,0.34201526641845703,0.214482381939888,0.13014467060565948,0.02088380791246891,0.2640885416666667,0.7461488842964172,0.9105838696467572,0.010091145833333336,1.0,0.0,0.40459280303030304,0.5606889204545454,0.7380338541666667,0.7437239583333334,2.604166666666667e-05,0.011901041666666667,0.9227218627929688,0.02664652094244957,0.551921010017395,1.0,0.0,0.34613996744155884,0.0,0.4691328704357147,1.0,0.8756270408630371,0.12437295913696289
5,2240,0.3627622425556183,0.22244350612163544,0.15156196057796478,0.016826042905449867,0.24763020833333332,0.707660973072052,0.947195267687496,0.009357638888888891,1.0,0.0,0.42353219696969696,0.5635298295454545,0.7366145833333333,0.7455338541666666,0.0,0.012317708333333333,0.9271206855773926,0.02740859054028988,0.5526312589645386,1.0,0.0,0.35087481141090393,0.0,0.46973657608032227,1.0,0.8625988364219666,0.13740116357803345
5,2250,0.36507537961006165,0.22690348327159882,0.15427866578102112,0.026773763820528984,0.27229166666666665,0.716154932975769,0.9515822653281382,0.009778645833333332,1.0,0.0,0.36493844696969696,0.5547407670454545,0.7200651041666667,0.7307942708333334,0.0,0.011028645833333333,0.9271206855773926,0.027408592402935028,0.5521492958068848,1.0,0.0,0.34766191244125366,0.0,0.469326913356781,1.0,0.8490231037139893,0.15097689628601074
5,2260,0.3653354346752167,0.228171244263649,0.15568558871746063,0.028314001858234406,0.276640625,0.7103639245033264,0.9520382986415146,0.013628472222222228,1.0,0.0,0.3655303030303029,0.5548295454545454,0.7149479166666667,0.7295833333333334,0.0,0.011041666666666667,0.9199874401092529,0.04166748747229576,0.5448319911956787,0.9746191501617432,0.0,0.38348329067230225,0.0,0.4631071984767914,1.0,0.8360588550567627,0.1639411449432373
5,2270,0.36607640981674194,0.22814364731311798,0.15387077629566193,0.028437811881303787,0.2787109375,0.6796640753746033,0.9500695081755646,0.011423611111111114,1.0,0.0,0.3690814393939394,0.555362215909091,0.71765625,0.7311588541666667,0.0,0.011119791666666667,0.920261561870575,0.045297734439373016,0.549676775932312,0.9746191501617432,0.0,0.41578173637390137,0.0,0.4672252833843231,1.0,0.8126163482666016,0.18738365173339844
5,2280,0.36327651143074036,0.23042136430740356,0.15361462533473969,0.016139758750796318,0.238828125,0.6742250323295593,0.9488265601284482,0.013042534722222221,1.0,0.0,0.2998342803030303,0.5449751420454545,0.723828125,0.7325911458333333,0.0,0.009596354166666666,0.9195880889892578,0.05062656104564667,0.5249414443969727,0.9270000457763672,0.0,0.40960949659347534,0.0,0.44620025157928467,1.0,0.789039671421051,0.21096032857894897
5,2290,0.33644530177116394,0.2357131987810135,0.17380546033382416,0.021520812064409256,0.24013020833333334,0.7526325583457947,0.9816914120392922,0.01565104166666667,1.0,0.0,0.33948863636363635,0.5509232954545454,0.6879557291666667,0.6928776041666667,1.3020833333333334e-05,0.01046875,0.9272082448005676,0.049338534474372864,0.5005781650543213,0.879381000995636,0.0,0.4059174656867981,0.0,0.42549145221710205,1.0,0.7653850317001343,0.23461496829986572
5,2300,0.33240166306495667,0.23519867658615112,0.15520153939723969,0.025217827409505844,0.24907552083333334,0.6584699749946594,0.9503337215867816,0.01539930555555556,1.0,0.0,0.3726325757575757,0.5558948863636364,0.6831901041666667,0.6979947916666667,0.0,0.011197916666666667,0.9312045574188232,0.04935208708047867,0.4803619980812073,0.8317619562149048,0.0,0.429873526096344,0.0,0.4083077013492584,1.0,0.7415983080863953,0.25840169191360474
5,2310,0.33899587392807007,0.24023674428462982,0.16736659407615662,0.025676021352410316,0.26109375,0.7412083148956299,0.9707319351139231,0.015776909722222225,1.0,0.0,0.385653409090909,0.5578480113636364,0.6739713541666666,0.6926171875,0.0,0.011484375,0.9379352331161499,0.04799003526568413,0.46099984645843506,0.7841429114341736,0.0,0.45952266454696655,0.0,0.3918498754501343,1.0,0.7178636789321899,0.28213632106781006
5,2320,0.3567050099372864,0.26385989785194397,0.19366472959518433,0.01989966630935669,0.23697916666666666,0.6710095405578613,0.9901866319444443,0.01962673611111112,1.0,0.0,0.3388967803030303,0.5508345170454545,0.607109375,0.649765625,3.90625e-05,0.010455729166666667,0.9470246434211731,0.044981032609939575,0.44228029251098633,0.7365238666534424,0.0,0.49345576763153076,0.0,0.3759382665157318,1.0,0.694197416305542,0.305802583694458
5,2330,0.31004953384399414,0.23781713843345642,0.16627638041973114,0.021884968504309654,0.23467447916666667,0.6062930226325989,0.9602649963513399,0.03302083333333333,1.0,0.0,0.3838778409090909,0.5575816761363637,0.6351041666666667,0.6451302083333333,1.3020833333333334e-05,0.0114453125,0.9556106328964233,0.04300261288881302,0.4227701723575592,0.6889047622680664,0.0,0.5221185088157654,0.0,0.3593546450138092,1.0,0.6705758571624756,0.3294241428375244
5,2340,0.36784839630126953,0.31522324681282043,0.2212505042552948,0.022636864334344864,0.21404947916666667,0.6852197647094727,0.9798394097222222,0.04032118055555556,1.0,0.0,0.3140388257575757,0.5471058238636364,0.4447265625,0.5081640625,0.00013020833333333333,0.009908854166666667,0.9588806629180908,0.044497936964035034,0.4032135605812073,0.64128577709198,0.0,0.5504712462425232,0.0,0.3427315354347229,1.0,0.6469235420227051,0.3530764579772949
5,2350,0.43040579557418823,0.2845538854598999,0.2893550395965576,0.010931017808616161,0.180703125,0.5821548700332642,0.9999999999999999,0.0,1.0,0.0,0.10748106060606058,0.5161221590909091,0.182109375,0.6936979166666667,0.015755208333333333,0.005364583333333333,0.960407555103302,0.04602757841348648,0.3835216760635376,0.593666672706604,0.0,0.5779221057891846,0.03259405493736267,0.32599344849586487,1.0,0.6232527494430542,0.3767472505569458
5,2360,0.15320506691932678,0.21786415576934814,0.22111207246780396,0.00361828925088048,0.08571614583333333,0.663806676864624,0.7879325169104792,0.2994367902848092,0.4670003255208334,0.0,1.0,0.3835001627604167,0.05221354166666667,0.1972265625,0.0157421875,0.030794270833333335,0.9617366790771484,0.04751484841108322,0.3642483055591583,0.5460476875305176,0.0,0.6081631183624268,0.9453579187393188,0.9453579187393188,0.0,0.5995625257492065,0.40043747425079346
5,2370,0.2076181173324585,0.1797298640012741,0.217626690864563,0.016577811911702156,0.21579427083333333,0.6467449069023132,0.9466103356414372,0.07637412471903698,1.0,0.0,1.0,0.65,0.37005208333333334,0.401484375,0.030677083333333334,0.0461328125,0.9164015054702759,0.04686587303876877,0.3378278613090515,0.498428612947464,0.0,0.5907569527626038,0.4917801022529602,0.4917801022529602,0.2755979299545288,0.5758475065231323,0.4241524934768677
5,2380,0.6483210921287537,0.40963175892829895,0.23748382925987244,0.022517129778862,0.11385416666666667,0.2105257362127304,0.9413888888888888,0.11722222222222223,0.0,0.0,0.1672585227272727,0.025088778409090906,0.0244921875,0.005885416666666666,0.11779947916666667,0.0066796875,0.8711601495742798,0.04632188752293587,0.3113820254802704,0.4508095681667328,0.0,0.5731816291809082,1.0,1.0,0.0,0.5521105527877808,0.44788944721221924
5,2390,0.5070585012435913,0.3901557922363281,0.2966524362564087,0.0392230749130249,0.17278645833333334,0.20084074139595032,0.9788042534722221,0.04239149305555556,0.0,0.0,0.4099195075757575,0.06148792613636363,0.06791666666666667,0.019127604166666666,0.19216145833333334,0.012018229166666667,0.8259779214859009,0.04570081830024719,0.28543081879615784,0.4031904935836792,0.0,0.5589038133621216,1.0,1.0,0.0,0.5283598303794861,0.4716401696205139
5,2400,0.37637990713119507,0.3313981592655182,0.3162441551685333,0.03344660624861717,0.18123697916666667,0.24873408675193787,0.9819379340277777,0.03612413194444444,0.0,0.0,0.9177320075757575,0.1376598011363636,0.06322916666666667,0.015455729166666666,0.16623697916666666,0.023190104166666666,0.7792307138442993,0.044955529272556305,0.25919637084007263,0.355571448802948,0.0,0.5427376627922058,0.9044309854507446,0.9044309854507446,0.1494477391242981,0.5045716762542725,0.49542832374572754
5,2410,0.346784383058548,0.31714779138565063,0.31010547280311584,0.032182399183511734,0.18438802083333333,0.2152044177055359,0.9791449652777777,0.041710069444444456,0.0,0.0,1.0,0.15,0.0635546875,0.0144921875,0.144375,0.0311328125,0.7339767217636108,0.04422222822904587,0.23272518813610077,0.3079524040222168,0.0,0.5249932408332825,1.0,1.0,0.039776742458343506,0.4807715117931366,0.519228458404541
5,2420,0.34841397404670715,0.31837770342826843,0.3107759654521942,0.032038092613220215,0.18342447916666665,0.20907266438007355,0.9792469618055555,0.041506076388888896,0.0,0.0,1.0,0.15,0.06390625,0.013919270833333334,0.14401041666666667,0.0316015625,0.6877514123916626,0.043470948934555054,0.2061609923839569,0.2603333592414856,0.0,0.5066287517547607,1.0,1.0,0.01972043514251709,0.45694610476493835,0.5430538654327393
5,2430,0.34916794300079346,0.3188997507095337,0.3110284209251404,0.03217048570513725,0.18317708333333332,0.2097236067056656,0.9794140625,0.041171875,0.0,0.0,1.0,0.15,0.060833333333333336,0.014114583333333333,0.14434895833333333,0.031861979166666665,0.6405996680259705,0.04253634065389633,0.17993077635765076,0.2127143144607544,0.0,0.4904908537864685,1.0,1.0,0.02184957265853882,0.43310877680778503,0.5668911933898926
5,2440,0.34867051243782043,0.318391889333725,0.3108765780925751,0.031816501170396805,0.18453125,0.2118314653635025,0.9792534722222221,0.04149305555555556,0.0,0.0,1.0,0.15,0.061796875,0.013736979166666666,0.143671875,0.0322265625,0.5948727130889893,0.04096392169594765,0.15337927639484406,0.165095254778862,0.0,0.47221094369888306,1.0,1.0,0.028744101524353027,0.4092547297477722,0.5907452702522278
5,2450,0.34834083914756775,0.3181431293487549,0.3107353448867798,0.03159285709261894,0.18278645833333335,0.2090362012386322,0.9792599826388888,0.041480034722222225,0.0,0.0,1.0,0.15,0.06391927083333333,0.014049479166666667,0.14329427083333332,0.031614583333333335,0.5482137203216553,0.039043866097927094,0.1273266077041626,0.1174762099981308,0.0,0.4572567343711853,1.0,1.0,0.01960122585296631,0.3853757083415985,0.6146242618560791
5,2460,0.3495568335056305,0.31854286789894104,0.31365466117858887,0.032718475908041,0.18481770833333333,0.22067347168922424,0.9794943576388888,0.04101128472222222,0.0,0.0,1.0,0.15,0.05963541666666667,0.013346354166666666,0.14643229166666666,0.0316015625,0.5005946159362793,0.039043862372636795,0.10274937003850937,0.069857157766819,0.0,0.4521385729312897,1.0,1.0,0.057665228843688965,0.3614967167377472,0.6385033130645752
